timestamp_s,resp_phase,subject_id,session_id,presence,label,breath_rpm,range_m,quality,signal_source,device_id
0.0000,0.020000,S001,S001_NORMAL_D06,1,NORMAL_D06,24.00,0.7462,,MR60BHA2_breath_phase,safenest-node-01
0.1000,0.030000,S001,S001_NORMAL_D06,1,NORMAL_D06,24.00,0.7462,,MR60BHA2_breath_phase,safenest-node-01
0.2000,0.050000,S001,S001_NORMAL_D06,1,NORMAL_D06,24.00,0.7462,,MR60BHA2_breath_phase,safenest-node-01
0.3000,0.060000,S001,S001_NORMAL_D06,1,NORMAL_D06,24.00,0.7462,,MR60BHA2_breath_phase,safenest-node-01
0.4000,0.080000,S001,S001_NORMAL_D06,1,NORMAL_D06,24.00,0.7462,,MR60BHA2_breath_phase,safenest-node-01
0.5000,0.080000,S001,S001_NORMAL_D06,1,NORMAL_D06,24.00,0.7462,,MR60BHA2_breath_phase,safenest-node-01
0.6000,0.100000,S001,S001_NORMAL_D06,1,NORMAL_D06,24.00,0.7462,,MR60BHA2_breath_phase,safenest-node-01
0.7000,0.120000,S001,S001_NORMAL_D06,1,NORMAL_D06,24.00,0.7462,,MR60BHA2_breath_phase,safenest-node-01
0.8000,0.130000,S001,S001_NORMAL_D06,1,NORMAL_D06,24.00,0.7462,,MR60BHA2_breath_phase,safenest-node-01
0.9000,0.150000,S001,S001_NORMAL_D06,1,NORMAL_D06,24.00,0.7462,,MR60BHA2_breath_phase,safenest-node-01
1.0000,0.160000,S001,S001_NORMAL_D06,1,NORMAL_D06,24.00,0.7462,,MR60BHA2_breath_phase,safenest-node-01
1.1000,0.190000,S001,S001_NORMAL_D06,1,NORMAL_D06,24.00,0.7462,,MR60BHA2_breath_phase,safenest-node-01
1.2000,0.220000,S001,S001_NORMAL_D06,1,NORMAL_D06,24.00,0.7462,,MR60BHA2_breath_phase,safenest-node-01
1.3010,0.230000,S001,S001_NORMAL_D06,1,NORMAL_D06,24.00,0.7462,,MR60BHA2_breath_phase,safenest-node-01
1.4010,0.250000,S001,S001_NORMAL_D06,1,NORMAL_D06,24.00,0.7462,,MR60BHA2_breath_phase,safenest-node-01
1.5010,0.270000,S001,S001_NORMAL_D06,1,NORMAL_D06,24.00,0.7462,,MR60BHA2_breath_phase,safenest-node-01
1.6010,0.290000,S001,S001_NORMAL_D06,1,NORMAL_D06,24.00,0.7462,,MR60BHA2_breath_phase,safenest-node-01
1.7010,0.300000,S001,S001_NORMAL_D06,1,NORMAL_D06,24.00,0.7462,,MR60BHA2_breath_phase,safenest-node-01
1.8020,0.310000,S001,S001_NORMAL_D06,1,NORMAL_D06,24.00,0.7462,,MR60BHA2_breath_phase,safenest-node-01
1.9020,0.310000,S001,S001_NORMAL_D06,1,NORMAL_D06,24.00,0.7462,,MR60BHA2_breath_phase,safenest-node-01
2.0020,0.300000,S001,S001_NORMAL_D06,1,NORMAL_D06,24.00,0.7462,,MR60BHA2_breath_phase,safenest-node-01
2.1020,0.280000,S001,S001_NORMAL_D06,1,NORMAL_D06,24.00,0.7462,,MR60BHA2_breath_phase,safenest-node-01
2.2020,0.250000,S001,S001_NORMAL_D06,1,NORMAL_D06,24.00,0.7462,,MR60BHA2_breath_phase,safenest-node-01
2.3020,0.190000,S001,S001_NORMAL_D06,1,NORMAL_D06,24.00,0.7462,,MR60BHA2_breath_phase,safenest-node-01
2.4020,0.160000,S001,S001_NORMAL_D06,1,NORMAL_D06,24.00,0.7462,,MR60BHA2_breath_phase,safenest-node-01
2.5020,0.090000,S001,S001_NORMAL_D06,1,NORMAL_D06,24.00,0.7462,,MR60BHA2_breath_phase,safenest-node-01
2.6020,0.060000,S001,S001_NORMAL_D06,1,NORMAL_D06,24.00,0.7462,,MR60BHA2_breath_phase,safenest-node-01
2.7020,-0.020000,S001,S001_NORMAL_D06,1,NORMAL_D06,24.00,0.7462,,MR60BHA2_breath_phase,safenest-node-01
2.8020,-0.080000,S001,S001_NORMAL_D06,1,NORMAL_D06,24.00,0.7462,,MR60BHA2_breath_phase,safenest-node-01
2.9020,-0.110000,S001,S001_NORMAL_D06,1,NORMAL_D06,24.00,0.7462,,MR60BHA2_breath_phase,safenest-node-01
3.0020,-0.160000,S001,S001_NORMAL_D06,1,NORMAL_D06,24.00,0.7462,,MR60BHA2_breath_phase,safenest-node-01
3.1020,-0.180000,S001,S001_NORMAL_D06,1,NORMAL_D06,24.00,0.7462,,MR60BHA2_breath_phase,safenest-node-01
3.2020,-0.210000,S001,S001_NORMAL_D06,1,NORMAL_D06,23.00,0.7462,,MR60BHA2_breath_phase,safenest-node-01
3.3020,-0.220000,S001,S001_NORMAL_D06,1,NORMAL_D06,23.00,0.7462,,MR60BHA2_breath_phase,safenest-node-01
3.4020,-0.220000,S001,S001_NORMAL_D06,1,NORMAL_D06,23.00,0.7462,,MR60BHA2_breath_phase,safenest-node-01
3.5020,-0.220000,S001,S001_NORMAL_D06,1,NORMAL_D06,23.00,0.7462,,MR60BHA2_breath_phase,safenest-node-01
3.6020,-0.210000,S001,S001_NORMAL_D06,1,NORMAL_D06,23.00,0.7462,,MR60BHA2_breath_phase,safenest-node-01
3.7020,-0.190000,S001,S001_NORMAL_D06,1,NORMAL_D06,23.00,0.7462,,MR60BHA2_breath_phase,safenest-node-01
3.8020,-0.160000,S001,S001_NORMAL_D06,1,NORMAL_D06,23.00,0.7462,,MR60BHA2_breath_phase,safenest-node-01
3.9020,-0.140000,S001,S001_NORMAL_D06,1,NORMAL_D06,23.00,0.7462,,MR60BHA2_breath_phase,safenest-node-01
4.0020,-0.100000,S001,S001_NORMAL_D06,1,NORMAL_D06,23.00,0.7462,,MR60BHA2_breath_phase,safenest-node-01
4.1020,-0.080000,S001,S001_NORMAL_D06,1,NORMAL_D06,21.00,0.7462,,MR60BHA2_breath_phase,safenest-node-01
4.2020,-0.030000,S001,S001_NORMAL_D06,1,NORMAL_D06,20.00,0.7462,,MR60BHA2_breath_phase,safenest-node-01
4.3020,0.020000,S001,S001_NORMAL_D06,1,NORMAL_D06,19.00,0.7462,,MR60BHA2_breath_phase,safenest-node-01
4.4030,0.040000,S001,S001_NORMAL_D06,1,NORMAL_D06,19.00,0.7462,,MR60BHA2_breath_phase,safenest-node-01
4.5030,0.080000,S001,S001_NORMAL_D06,1,NORMAL_D06,18.00,0.7462,,MR60BHA2_breath_phase,safenest-node-01
4.6030,0.100000,S001,S001_NORMAL_D06,1,NORMAL_D06,17.00,0.7462,,MR60BHA2_breath_phase,safenest-node-01
4.7030,0.120000,S001,S001_NORMAL_D06,1,NORMAL_D06,17.00,0.7462,,MR60BHA2_breath_phase,safenest-node-01
4.8030,0.120000,S001,S001_NORMAL_D06,1,NORMAL_D06,16.00,0.7462,,MR60BHA2_breath_phase,safenest-node-01
4.9040,0.100000,S001,S001_NORMAL_D06,1,NORMAL_D06,15.00,0.7462,,MR60BHA2_breath_phase,safenest-node-01
5.0040,0.080000,S001,S001_NORMAL_D06,1,NORMAL_D06,15.00,0.7462,,MR60BHA2_breath_phase,safenest-node-01
5.1040,0.060000,S001,S001_NORMAL_D06,1,NORMAL_D06,14.00,0.7462,,MR60BHA2_breath_phase,safenest-node-01
5.2040,-0.010000,S001,S001_NORMAL_D06,1,NORMAL_D06,13.00,0.7462,,MR60BHA2_breath_phase,safenest-node-01
5.3040,-0.100000,S001,S001_NORMAL_D06,1,NORMAL_D06,13.00,0.7462,,MR60BHA2_breath_phase,safenest-node-01
5.4050,-0.200000,S001,S001_NORMAL_D06,1,NORMAL_D06,12.00,0.7462,,MR60BHA2_breath_phase,safenest-node-01
5.5050,-0.250000,S001,S001_NORMAL_D06,1,NORMAL_D06,12.00,0.7462,,MR60BHA2_breath_phase,safenest-node-01
5.6050,-0.350000,S001,S001_NORMAL_D06,1,NORMAL_D06,12.00,0.7462,,MR60BHA2_breath_phase,safenest-node-01
5.7050,-0.390000,S001,S001_NORMAL_D06,1,NORMAL_D06,11.00,0.7462,,MR60BHA2_breath_phase,safenest-node-01
5.8050,-0.460000,S001,S001_NORMAL_D06,1,NORMAL_D06,10.00,0.7462,,MR60BHA2_breath_phase,safenest-node-01
5.9050,-0.500000,S001,S001_NORMAL_D06,1,NORMAL_D06,11.00,0.7462,,MR60BHA2_breath_phase,safenest-node-01
6.0050,-0.500000,S001,S001_NORMAL_D06,1,NORMAL_D06,11.00,0.7462,,MR60BHA2_breath_phase,safenest-node-01
6.1050,-0.470000,S001,S001_NORMAL_D06,1,NORMAL_D06,12.00,0.7462,,MR60BHA2_breath_phase,safenest-node-01
6.2050,-0.450000,S001,S001_NORMAL_D06,1,NORMAL_D06,13.00,0.7462,,MR60BHA2_breath_phase,safenest-node-01
6.3050,-0.360000,S001,S001_NORMAL_D06,1,NORMAL_D06,12.00,0.7462,,MR60BHA2_breath_phase,safenest-node-01
6.4050,-0.240000,S001,S001_NORMAL_D06,1,NORMAL_D06,13.00,0.7462,,MR60BHA2_breath_phase,safenest-node-01
6.5050,-0.160000,S001,S001_NORMAL_D06,1,NORMAL_D06,13.00,0.7462,,MR60BHA2_breath_phase,safenest-node-01
6.6050,0.000000,S001,S001_NORMAL_D06,1,NORMAL_D06,12.00,0.7462,,MR60BHA2_breath_phase,safenest-node-01
6.7050,0.090000,S001,S001_NORMAL_D06,1,NORMAL_D06,12.00,0.7462,,MR60BHA2_breath_phase,safenest-node-01
6.8050,0.250000,S001,S001_NORMAL_D06,1,NORMAL_D06,11.00,0.7462,,MR60BHA2_breath_phase,safenest-node-01
6.9050,0.410000,S001,S001_NORMAL_D06,1,NORMAL_D06,11.00,0.7462,,MR60BHA2_breath_phase,safenest-node-01
7.0050,0.470000,S001,S001_NORMAL_D06,1,NORMAL_D06,11.00,0.7462,,MR60BHA2_breath_phase,safenest-node-01
7.1050,0.580000,S001,S001_NORMAL_D06,1,NORMAL_D06,12.00,0.7462,,MR60BHA2_breath_phase,safenest-node-01
7.2050,0.620000,S001,S001_NORMAL_D06,1,NORMAL_D06,12.00,0.7462,,MR60BHA2_breath_phase,safenest-node-01
7.3050,0.660000,S001,S001_NORMAL_D06,1,NORMAL_D06,13.00,0.7462,,MR60BHA2_breath_phase,safenest-node-01
7.4050,0.650000,S001,S001_NORMAL_D06,1,NORMAL_D06,14.00,0.7462,,MR60BHA2_breath_phase,safenest-node-01
7.5050,0.630000,S001,S001_NORMAL_D06,1,NORMAL_D06,14.00,0.7462,,MR60BHA2_breath_phase,safenest-node-01
7.6050,0.550000,S001,S001_NORMAL_D06,1,NORMAL_D06,15.00,0.7462,,MR60BHA2_breath_phase,safenest-node-01
7.7050,0.490000,S001,S001_NORMAL_D06,1,NORMAL_D06,15.00,0.7462,,MR60BHA2_breath_phase,safenest-node-01
7.8050,0.350000,S001,S001_NORMAL_D06,1,NORMAL_D06,16.00,0.7462,,MR60BHA2_breath_phase,safenest-node-01
7.9050,0.180000,S001,S001_NORMAL_D06,1,NORMAL_D06,16.00,0.7462,,MR60BHA2_breath_phase,safenest-node-01
8.0060,0.010000,S001,S001_NORMAL_D06,1,NORMAL_D06,16.00,0.7462,,MR60BHA2_breath_phase,safenest-node-01
8.1060,-0.080000,S001,S001_NORMAL_D06,1,NORMAL_D06,16.00,0.7462,,MR60BHA2_breath_phase,safenest-node-01
8.2060,-0.160000,S001,S001_NORMAL_D06,1,NORMAL_D06,17.00,0.7462,,MR60BHA2_breath_phase,safenest-node-01
8.3060,-0.300000,S001,S001_NORMAL_D06,1,NORMAL_D06,17.00,0.7462,,MR60BHA2_breath_phase,safenest-node-01
8.4060,-0.410000,S001,S001_NORMAL_D06,1,NORMAL_D06,18.00,0.7462,,MR60BHA2_breath_phase,safenest-node-01
8.5060,-0.480000,S001,S001_NORMAL_D06,1,NORMAL_D06,18.00,0.7462,,MR60BHA2_breath_phase,safenest-node-01
8.6060,-0.500000,S001,S001_NORMAL_D06,1,NORMAL_D06,18.00,0.7462,,MR60BHA2_breath_phase,safenest-node-01
8.7070,-0.510000,S001,S001_NORMAL_D06,1,NORMAL_D06,19.00,0.6888,,MR60BHA2_breath_phase,safenest-node-01
8.8070,-0.510000,S001,S001_NORMAL_D06,1,NORMAL_D06,19.00,0.6888,,MR60BHA2_breath_phase,safenest-node-01
8.9070,-0.480000,S001,S001_NORMAL_D06,1,NORMAL_D06,20.00,0.6888,,MR60BHA2_breath_phase,safenest-node-01
9.0080,-0.430000,S001,S001_NORMAL_D06,1,NORMAL_D06,20.00,0.6888,,MR60BHA2_breath_phase,safenest-node-01
9.1080,-0.400000,S001,S001_NORMAL_D06,1,NORMAL_D06,20.00,0.6888,,MR60BHA2_breath_phase,safenest-node-01
9.2080,-0.310000,S001,S001_NORMAL_D06,1,NORMAL_D06,21.00,0.6888,,MR60BHA2_breath_phase,safenest-node-01
9.3080,-0.260000,S001,S001_NORMAL_D06,1,NORMAL_D06,21.00,0.6888,,MR60BHA2_breath_phase,safenest-node-01
9.4080,-0.140000,S001,S001_NORMAL_D06,1,NORMAL_D06,21.00,0.7462,,MR60BHA2_breath_phase,safenest-node-01
9.5080,-0.010000,S001,S001_NORMAL_D06,1,NORMAL_D06,22.00,0.7462,,MR60BHA2_breath_phase,safenest-node-01
9.6080,0.060000,S001,S001_NORMAL_D06,1,NORMAL_D06,22.00,0.7462,,MR60BHA2_breath_phase,safenest-node-01
9.7080,0.190000,S001,S001_NORMAL_D06,1,NORMAL_D06,22.00,0.7462,,MR60BHA2_breath_phase,safenest-node-01
9.8080,0.260000,S001,S001_NORMAL_D06,1,NORMAL_D06,22.00,0.7462,,MR60BHA2_breath_phase,safenest-node-01
9.9080,0.380000,S001,S001_NORMAL_D06,1,NORMAL_D06,23.00,0.7462,,MR60BHA2_breath_phase,safenest-node-01
10.0080,0.490000,S001,S001_NORMAL_D06,1,NORMAL_D06,23.00,0.7462,,MR60BHA2_breath_phase,safenest-node-01
10.1080,0.530000,S001,S001_NORMAL_D06,1,NORMAL_D06,23.00,0.7462,,MR60BHA2_breath_phase,safenest-node-01
10.2080,0.580000,S001,S001_NORMAL_D06,1,NORMAL_D06,23.00,0.7462,,MR60BHA2_breath_phase,safenest-node-01
10.3080,0.590000,S001,S001_NORMAL_D06,1,NORMAL_D06,23.00,0.7462,,MR60BHA2_breath_phase,safenest-node-01
10.4080,0.580000,S001,S001_NORMAL_D06,1,NORMAL_D06,24.00,0.7462,,MR60BHA2_breath_phase,safenest-node-01
10.5080,0.520000,S001,S001_NORMAL_D06,1,NORMAL_D06,24.00,0.7462,,MR60BHA2_breath_phase,safenest-node-01
10.6080,0.470000,S001,S001_NORMAL_D06,1,NORMAL_D06,24.00,0.7462,,MR60BHA2_breath_phase,safenest-node-01
10.7080,0.350000,S001,S001_NORMAL_D06,1,NORMAL_D06,24.00,0.7462,,MR60BHA2_breath_phase,safenest-node-01
10.8080,0.280000,S001,S001_NORMAL_D06,1,NORMAL_D06,24.00,0.7462,,MR60BHA2_breath_phase,safenest-node-01
10.9080,0.120000,S001,S001_NORMAL_D06,1,NORMAL_D06,24.00,0.7462,,MR60BHA2_breath_phase,safenest-node-01
11.0080,-0.050000,S001,S001_NORMAL_D06,1,NORMAL_D06,25.00,0.7462,,MR60BHA2_breath_phase,safenest-node-01
11.1080,-0.130000,S001,S001_NORMAL_D06,1,NORMAL_D06,25.00,0.7462,,MR60BHA2_breath_phase,safenest-node-01
11.2080,-0.270000,S001,S001_NORMAL_D06,1,NORMAL_D06,25.00,0.7462,,MR60BHA2_breath_phase,safenest-node-01
11.3080,-0.330000,S001,S001_NORMAL_D06,1,NORMAL_D06,25.00,0.7462,,MR60BHA2_breath_phase,safenest-node-01
11.4080,-0.430000,S001,S001_NORMAL_D06,1,NORMAL_D06,25.00,0.7462,,MR60BHA2_breath_phase,safenest-node-01
11.5080,-0.480000,S001,S001_NORMAL_D06,1,NORMAL_D06,25.00,0.7462,,MR60BHA2_breath_phase,safenest-node-01
11.6080,-0.490000,S001,S001_NORMAL_D06,1,NORMAL_D06,25.00,0.7462,,MR60BHA2_breath_phase,safenest-node-01
11.7080,-0.480000,S001,S001_NORMAL_D06,1,NORMAL_D06,25.00,0.7462,,MR60BHA2_breath_phase,safenest-node-01
11.8080,-0.430000,S001,S001_NORMAL_D06,1,NORMAL_D06,26.00,0.7462,,MR60BHA2_breath_phase,safenest-node-01
11.9080,-0.390000,S001,S001_NORMAL_D06,1,NORMAL_D06,26.00,0.7462,,MR60BHA2_breath_phase,safenest-node-01
12.0080,-0.300000,S001,S001_NORMAL_D06,1,NORMAL_D06,26.00,0.7462,,MR60BHA2_breath_phase,safenest-node-01
12.1090,-0.190000,S001,S001_NORMAL_D06,1,NORMAL_D06,26.00,0.7462,,MR60BHA2_breath_phase,safenest-node-01
12.2090,-0.140000,S001,S001_NORMAL_D06,1,NORMAL_D06,26.00,0.7462,,MR60BHA2_breath_phase,safenest-node-01
12.3090,-0.020000,S001,S001_NORMAL_D06,1,NORMAL_D06,26.00,0.7462,,MR60BHA2_breath_phase,safenest-node-01
12.4090,0.030000,S001,S001_NORMAL_D06,1,NORMAL_D06,26.00,0.7462,,MR60BHA2_breath_phase,safenest-node-01
12.5090,0.130000,S001,S001_NORMAL_D06,1,NORMAL_D06,26.00,0.7462,,MR60BHA2_breath_phase,safenest-node-01
12.6090,0.220000,S001,S001_NORMAL_D06,1,NORMAL_D06,26.00,0.7462,,MR60BHA2_breath_phase,safenest-node-01
12.7090,0.260000,S001,S001_NORMAL_D06,1,NORMAL_D06,26.00,0.7462,,MR60BHA2_breath_phase,safenest-node-01
12.8090,0.320000,S001,S001_NORMAL_D06,1,NORMAL_D06,26.00,0.7462,,MR60BHA2_breath_phase,safenest-node-01
12.9090,0.340000,S001,S001_NORMAL_D06,1,NORMAL_D06,25.00,0.7462,,MR60BHA2_breath_phase,safenest-node-01
13.0090,0.370000,S001,S001_NORMAL_D06,1,NORMAL_D06,25.00,0.7462,,MR60BHA2_breath_phase,safenest-node-01
13.1090,0.370000,S001,S001_NORMAL_D06,1,NORMAL_D06,25.00,0.7462,,MR60BHA2_breath_phase,safenest-node-01
13.2090,0.350000,S001,S001_NORMAL_D06,1,NORMAL_D06,25.00,0.7462,,MR60BHA2_breath_phase,safenest-node-01
13.3090,0.310000,S001,S001_NORMAL_D06,1,NORMAL_D06,25.00,0.7462,,MR60BHA2_breath_phase,safenest-node-01
13.4090,0.280000,S001,S001_NORMAL_D06,1,NORMAL_D06,25.00,0.7462,,MR60BHA2_breath_phase,safenest-node-01
13.5090,0.210000,S001,S001_NORMAL_D06,1,NORMAL_D06,25.00,0.7462,,MR60BHA2_breath_phase,safenest-node-01
13.6090,0.110000,S001,S001_NORMAL_D06,1,NORMAL_D06,25.00,0.7462,,MR60BHA2_breath_phase,safenest-node-01
13.7090,0.060000,S001,S001_NORMAL_D06,1,NORMAL_D06,25.00,0.7462,,MR60BHA2_breath_phase,safenest-node-01
13.8090,-0.040000,S001,S001_NORMAL_D06,1,NORMAL_D06,25.00,0.7462,,MR60BHA2_breath_phase,safenest-node-01
13.9090,-0.100000,S001,S001_NORMAL_D06,1,NORMAL_D06,25.00,0.7462,,MR60BHA2_breath_phase,safenest-node-01
14.0090,-0.200000,S001,S001_NORMAL_D06,1,NORMAL_D06,25.00,0.7462,,MR60BHA2_breath_phase,safenest-node-01
14.1090,-0.290000,S001,S001_NORMAL_D06,1,NORMAL_D06,25.00,0.7462,,MR60BHA2_breath_phase,safenest-node-01
14.2100,-0.330000,S001,S001_NORMAL_D06,1,NORMAL_D06,25.00,0.7462,,MR60BHA2_breath_phase,safenest-node-01
14.3100,-0.400000,S001,S001_NORMAL_D06,1,NORMAL_D06,25.00,0.7462,,MR60BHA2_breath_phase,safenest-node-01
14.4100,-0.420000,S001,S001_NORMAL_D06,1,NORMAL_D06,25.00,0.7462,,MR60BHA2_breath_phase,safenest-node-01
14.5100,-0.450000,S001,S001_NORMAL_D06,1,NORMAL_D06,26.00,0.7462,,MR60BHA2_breath_phase,safenest-node-01
14.6100,-0.450000,S001,S001_NORMAL_D06,1,NORMAL_D06,26.00,0.7462,,MR60BHA2_breath_phase,safenest-node-01
14.7100,-0.430000,S001,S001_NORMAL_D06,1,NORMAL_D06,26.00,0.7462,,MR60BHA2_breath_phase,safenest-node-01
14.8100,-0.410000,S001,S001_NORMAL_D06,1,NORMAL_D06,26.00,0.7462,,MR60BHA2_breath_phase,safenest-node-01
14.9110,-0.340000,S001,S001_NORMAL_D06,1,NORMAL_D06,26.00,0.7462,,MR60BHA2_breath_phase,safenest-node-01
15.0110,-0.300000,S001,S001_NORMAL_D06,1,NORMAL_D06,26.00,0.7462,,MR60BHA2_breath_phase,safenest-node-01
15.1110,-0.210000,S001,S001_NORMAL_D06,1,NORMAL_D06,26.00,0.7462,,MR60BHA2_breath_phase,safenest-node-01
15.2110,-0.090000,S001,S001_NORMAL_D06,1,NORMAL_D06,26.00,0.7462,,MR60BHA2_breath_phase,safenest-node-01
15.3110,-0.040000,S001,S001_NORMAL_D06,1,NORMAL_D06,26.00,0.7462,,MR60BHA2_breath_phase,safenest-node-01
15.4110,0.080000,S001,S001_NORMAL_D06,1,NORMAL_D06,26.00,0.7462,,MR60BHA2_breath_phase,safenest-node-01
15.5110,0.140000,S001,S001_NORMAL_D06,1,NORMAL_D06,26.00,0.7462,,MR60BHA2_breath_phase,safenest-node-01
15.6110,0.250000,S001,S001_NORMAL_D06,1,NORMAL_D06,26.00,0.7462,,MR60BHA2_breath_phase,safenest-node-01
15.7110,0.350000,S001,S001_NORMAL_D06,1,NORMAL_D06,27.00,0.7462,,MR60BHA2_breath_phase,safenest-node-01
15.8110,0.380000,S001,S001_NORMAL_D06,1,NORMAL_D06,27.00,0.7462,,MR60BHA2_breath_phase,safenest-node-01
15.9110,0.440000,S001,S001_NORMAL_D06,1,NORMAL_D06,26.00,0.7462,,MR60BHA2_breath_phase,safenest-node-01
16.0110,0.460000,S001,S001_NORMAL_D06,1,NORMAL_D06,26.00,0.7462,,MR60BHA2_breath_phase,safenest-node-01
16.1110,0.460000,S001,S001_NORMAL_D06,1,NORMAL_D06,26.00,0.7462,,MR60BHA2_breath_phase,safenest-node-01
16.2110,0.430000,S001,S001_NORMAL_D06,1,NORMAL_D06,26.00,0.7462,,MR60BHA2_breath_phase,safenest-node-01
16.3110,0.410000,S001,S001_NORMAL_D06,1,NORMAL_D06,26.00,0.7462,,MR60BHA2_breath_phase,safenest-node-01
16.4110,0.330000,S001,S001_NORMAL_D06,1,NORMAL_D06,26.00,0.7462,,MR60BHA2_breath_phase,safenest-node-01
16.5110,0.280000,S001,S001_NORMAL_D06,1,NORMAL_D06,26.00,0.7462,,MR60BHA2_breath_phase,safenest-node-01
16.6110,0.160000,S001,S001_NORMAL_D06,1,NORMAL_D06,26.00,0.7462,,MR60BHA2_breath_phase,safenest-node-01
16.7110,0.020000,S001,S001_NORMAL_D06,1,NORMAL_D06,26.00,0.7462,,MR60BHA2_breath_phase,safenest-node-01
16.8110,-0.060000,S001,S001_NORMAL_D06,1,NORMAL_D06,26.00,0.7462,,MR60BHA2_breath_phase,safenest-node-01
16.9110,-0.210000,S001,S001_NORMAL_D06,1,NORMAL_D06,25.00,0.7462,,MR60BHA2_breath_phase,safenest-node-01
17.0110,-0.280000,S001,S001_NORMAL_D06,1,NORMAL_D06,25.00,0.7462,,MR60BHA2_breath_phase,safenest-node-01
17.1110,-0.420000,S001,S001_NORMAL_D06,1,NORMAL_D06,25.00,0.7462,,MR60BHA2_breath_phase,safenest-node-01
17.2110,-0.520000,S001,S001_NORMAL_D06,1,NORMAL_D06,26.00,0.7462,,MR60BHA2_breath_phase,safenest-node-01
17.3120,-0.560000,S001,S001_NORMAL_D06,1,NORMAL_D06,26.00,0.7462,,MR60BHA2_breath_phase,safenest-node-01
17.4120,-0.600000,S001,S001_NORMAL_D06,1,NORMAL_D06,26.00,0.7462,,MR60BHA2_breath_phase,safenest-node-01
17.5120,-0.600000,S001,S001_NORMAL_D06,1,NORMAL_D06,26.00,0.7462,,MR60BHA2_breath_phase,safenest-node-01
17.6120,-0.570000,S001,S001_NORMAL_D06,1,NORMAL_D06,26.00,0.7462,,MR60BHA2_breath_phase,safenest-node-01
17.7120,-0.480000,S001,S001_NORMAL_D06,1,NORMAL_D06,26.00,0.7462,,MR60BHA2_breath_phase,safenest-node-01
17.8120,-0.430000,S001,S001_NORMAL_D06,1,NORMAL_D06,26.00,0.7462,,MR60BHA2_breath_phase,safenest-node-01
17.9120,-0.290000,S001,S001_NORMAL_D06,1,NORMAL_D06,26.00,0.7462,,MR60BHA2_breath_phase,safenest-node-01
18.0130,-0.120000,S001,S001_NORMAL_D06,1,NORMAL_D06,26.00,0.7462,,MR60BHA2_breath_phase,safenest-node-01
18.1130,-0.040000,S001,S001_NORMAL_D06,1,NORMAL_D06,26.00,0.7462,,MR60BHA2_breath_phase,safenest-node-01
18.2130,0.140000,S001,S001_NORMAL_D06,1,NORMAL_D06,26.00,0.7462,,MR60BHA2_breath_phase,safenest-node-01
18.3140,0.300000,S001,S001_NORMAL_D06,1,NORMAL_D06,27.00,0.7462,,MR60BHA2_breath_phase,safenest-node-01
18.4140,0.380000,S001,S001_NORMAL_D06,1,NORMAL_D06,27.00,0.7462,,MR60BHA2_breath_phase,safenest-node-01
18.5140,0.510000,S001,S001_NORMAL_D06,1,NORMAL_D06,27.00,0.7462,,MR60BHA2_breath_phase,safenest-node-01
18.6140,0.560000,S001,S001_NORMAL_D06,1,NORMAL_D06,27.00,0.7462,,MR60BHA2_breath_phase,safenest-node-01
18.7140,0.640000,S001,S001_NORMAL_D06,1,NORMAL_D06,27.00,0.7462,,MR60BHA2_breath_phase,safenest-node-01
18.8140,0.690000,S001,S001_NORMAL_D06,1,NORMAL_D06,26.00,0.7462,,MR60BHA2_breath_phase,safenest-node-01
18.9140,0.700000,S001,S001_NORMAL_D06,1,NORMAL_D06,26.00,0.7462,,MR60BHA2_breath_phase,safenest-node-01
19.0140,0.690000,S001,S001_NORMAL_D06,1,NORMAL_D06,26.00,0.7462,,MR60BHA2_breath_phase,safenest-node-01
19.1140,0.670000,S001,S001_NORMAL_D06,1,NORMAL_D06,26.00,0.7462,,MR60BHA2_breath_phase,safenest-node-01
19.2140,0.600000,S001,S001_NORMAL_D06,1,NORMAL_D06,26.00,0.7462,,MR60BHA2_breath_phase,safenest-node-01
19.3140,0.500000,S001,S001_NORMAL_D06,1,NORMAL_D06,26.00,0.7462,,MR60BHA2_breath_phase,safenest-node-01
19.4140,0.440000,S001,S001_NORMAL_D06,1,NORMAL_D06,26.00,0.7462,,MR60BHA2_breath_phase,safenest-node-01
19.5140,0.300000,S001,S001_NORMAL_D06,1,NORMAL_D06,26.00,0.7462,,MR60BHA2_breath_phase,safenest-node-01
19.6140,0.230000,S001,S001_NORMAL_D06,1,NORMAL_D06,26.00,0.7462,,MR60BHA2_breath_phase,safenest-node-01
19.7140,0.090000,S001,S001_NORMAL_D06,1,NORMAL_D06,25.00,0.7462,,MR60BHA2_breath_phase,safenest-node-01
19.8140,-0.050000,S001,S001_NORMAL_D06,1,NORMAL_D06,25.00,0.7462,,MR60BHA2_breath_phase,safenest-node-01
19.9150,-0.120000,S001,S001_NORMAL_D06,1,NORMAL_D06,25.00,0.7462,,MR60BHA2_breath_phase,safenest-node-01
20.0150,-0.240000,S001,S001_NORMAL_D06,1,NORMAL_D06,25.00,0.7462,,MR60BHA2_breath_phase,safenest-node-01
20.1150,-0.290000,S001,S001_NORMAL_D06,1,NORMAL_D06,25.00,0.7462,,MR60BHA2_breath_phase,safenest-node-01
20.2150,-0.370000,S001,S001_NORMAL_D06,1,NORMAL_D06,25.00,0.7462,,MR60BHA2_breath_phase,safenest-node-01
20.3150,-0.410000,S001,S001_NORMAL_D06,1,NORMAL_D06,25.00,0.7462,,MR60BHA2_breath_phase,safenest-node-01
20.4150,-0.430000,S001,S001_NORMAL_D06,1,NORMAL_D06,25.00,0.7462,,MR60BHA2_breath_phase,safenest-node-01
20.5150,-0.430000,S001,S001_NORMAL_D06,1,NORMAL_D06,25.00,0.7462,,MR60BHA2_breath_phase,safenest-node-01
20.6150,-0.420000,S001,S001_NORMAL_D06,1,NORMAL_D06,25.00,0.7462,,MR60BHA2_breath_phase,safenest-node-01
20.7150,-0.380000,S001,S001_NORMAL_D06,1,NORMAL_D06,25.00,0.7462,,MR60BHA2_breath_phase,safenest-node-01
20.8150,-0.320000,S001,S001_NORMAL_D06,1,NORMAL_D06,25.00,0.7462,,MR60BHA2_breath_phase,safenest-node-01
20.9150,-0.240000,S001,S001_NORMAL_D06,1,NORMAL_D06,25.00,0.7462,,MR60BHA2_breath_phase,safenest-node-01
21.0150,-0.200000,S001,S001_NORMAL_D06,1,NORMAL_D06,25.00,0.7462,,MR60BHA2_breath_phase,safenest-node-01
21.1150,-0.110000,S001,S001_NORMAL_D06,1,NORMAL_D06,25.00,0.7462,,MR60BHA2_breath_phase,safenest-node-01
21.2150,-0.070000,S001,S001_NORMAL_D06,1,NORMAL_D06,25.00,0.7462,,MR60BHA2_breath_phase,safenest-node-01
21.3150,0.010000,S001,S001_NORMAL_D06,1,NORMAL_D06,24.00,0.7462,,MR60BHA2_breath_phase,safenest-node-01
21.4150,0.090000,S001,S001_NORMAL_D06,1,NORMAL_D06,24.00,0.7462,,MR60BHA2_breath_phase,safenest-node-01
21.5150,0.120000,S001,S001_NORMAL_D06,1,NORMAL_D06,24.00,0.7462,,MR60BHA2_breath_phase,safenest-node-01
21.6150,0.170000,S001,S001_NORMAL_D06,1,NORMAL_D06,24.00,0.7462,,MR60BHA2_breath_phase,safenest-node-01
21.7150,0.190000,S001,S001_NORMAL_D06,1,NORMAL_D06,24.00,0.7462,,MR60BHA2_breath_phase,safenest-node-01
21.8150,0.220000,S001,S001_NORMAL_D06,1,NORMAL_D06,24.00,0.7462,,MR60BHA2_breath_phase,safenest-node-01
21.9150,0.220000,S001,S001_NORMAL_D06,1,NORMAL_D06,24.00,0.7462,,MR60BHA2_breath_phase,safenest-node-01
22.0150,0.220000,S001,S001_NORMAL_D06,1,NORMAL_D06,24.00,0.7462,,MR60BHA2_breath_phase,safenest-node-01
22.1150,0.190000,S001,S001_NORMAL_D06,1,NORMAL_D06,24.00,0.7462,,MR60BHA2_breath_phase,safenest-node-01
22.2150,0.170000,S001,S001_NORMAL_D06,1,NORMAL_D06,24.00,0.7462,,MR60BHA2_breath_phase,safenest-node-01
22.3150,0.120000,S001,S001_NORMAL_D06,1,NORMAL_D06,24.00,0.7462,,MR60BHA2_breath_phase,safenest-node-01
22.4150,0.060000,S001,S001_NORMAL_D06,1,NORMAL_D06,24.00,0.7462,,MR60BHA2_breath_phase,safenest-node-01
22.5150,0.020000,S001,S001_NORMAL_D06,1,NORMAL_D06,24.00,0.7462,,MR60BHA2_breath_phase,safenest-node-01
22.6150,-0.050000,S001,S001_NORMAL_D06,1,NORMAL_D06,24.00,0.7462,,MR60BHA2_breath_phase,safenest-node-01
22.7150,-0.090000,S001,S001_NORMAL_D06,1,NORMAL_D06,24.00,0.7462,,MR60BHA2_breath_phase,safenest-node-01
22.8150,-0.160000,S001,S001_NORMAL_D06,1,NORMAL_D06,24.00,0.7462,,MR60BHA2_breath_phase,safenest-node-01
22.9150,-0.220000,S001,S001_NORMAL_D06,1,NORMAL_D06,24.00,0.7462,,MR60BHA2_breath_phase,safenest-node-01
23.0160,-0.240000,S001,S001_NORMAL_D06,1,NORMAL_D06,24.00,0.7462,,MR60BHA2_breath_phase,safenest-node-01
23.1160,-0.280000,S001,S001_NORMAL_D06,1,NORMAL_D06,24.00,0.7462,,MR60BHA2_breath_phase,safenest-node-01
23.2160,-0.290000,S001,S001_NORMAL_D06,1,NORMAL_D06,24.00,0.7462,,MR60BHA2_breath_phase,safenest-node-01
23.3160,-0.290000,S001,S001_NORMAL_D06,1,NORMAL_D06,24.00,0.7462,,MR60BHA2_breath_phase,safenest-node-01
23.4160,-0.270000,S001,S001_NORMAL_D06,1,NORMAL_D06,24.00,0.7462,,MR60BHA2_breath_phase,safenest-node-01
23.5160,-0.260000,S001,S001_NORMAL_D06,1,NORMAL_D06,24.00,0.7462,,MR60BHA2_breath_phase,safenest-node-01
23.6160,-0.210000,S001,S001_NORMAL_D06,1,NORMAL_D06,24.00,0.7462,,MR60BHA2_breath_phase,safenest-node-01
23.7160,-0.180000,S001,S001_NORMAL_D06,1,NORMAL_D06,24.00,0.7462,,MR60BHA2_breath_phase,safenest-node-01
23.8160,-0.110000,S001,S001_NORMAL_D06,1,NORMAL_D06,24.00,0.7462,,MR60BHA2_breath_phase,safenest-node-01
23.9160,-0.040000,S001,S001_NORMAL_D06,1,NORMAL_D06,24.00,0.7462,,MR60BHA2_breath_phase,safenest-node-01
24.0160,0.030000,S001,S001_NORMAL_D06,1,NORMAL_D06,24.00,0.7462,,MR60BHA2_breath_phase,safenest-node-01
24.1160,0.060000,S001,S001_NORMAL_D06,1,NORMAL_D06,24.00,0.7462,,MR60BHA2_breath_phase,safenest-node-01
24.2160,0.110000,S001,S001_NORMAL_D06,1,NORMAL_D06,24.00,0.7462,,MR60BHA2_breath_phase,safenest-node-01
24.3160,0.130000,S001,S001_NORMAL_D06,1,NORMAL_D06,24.00,0.7462,,MR60BHA2_breath_phase,safenest-node-01
24.4160,0.150000,S001,S001_NORMAL_D06,1,NORMAL_D06,24.00,0.7462,,MR60BHA2_breath_phase,safenest-node-01
24.5160,0.160000,S001,S001_NORMAL_D06,1,NORMAL_D06,24.00,0.7462,,MR60BHA2_breath_phase,safenest-node-01
24.6160,0.150000,S001,S001_NORMAL_D06,1,NORMAL_D06,24.00,0.7462,,MR60BHA2_breath_phase,safenest-node-01
24.7160,0.130000,S001,S001_NORMAL_D06,1,NORMAL_D06,24.00,0.7462,,MR60BHA2_breath_phase,safenest-node-01
24.8160,0.110000,S001,S001_NORMAL_D06,1,NORMAL_D06,24.00,0.7462,,MR60BHA2_breath_phase,safenest-node-01
24.9160,0.070000,S001,S001_NORMAL_D06,1,NORMAL_D06,24.00,0.7462,,MR60BHA2_breath_phase,safenest-node-01
25.0160,0.020000,S001,S001_NORMAL_D06,1,NORMAL_D06,24.00,0.7462,,MR60BHA2_breath_phase,safenest-node-01
25.1160,-0.010000,S001,S001_NORMAL_D06,1,NORMAL_D06,24.00,0.7462,,MR60BHA2_breath_phase,safenest-node-01
25.2160,-0.060000,S001,S001_NORMAL_D06,1,NORMAL_D06,24.00,0.7462,,MR60BHA2_breath_phase,safenest-node-01
25.3160,-0.090000,S001,S001_NORMAL_D06,1,NORMAL_D06,24.00,0.7462,,MR60BHA2_breath_phase,safenest-node-01
25.4160,-0.140000,S001,S001_NORMAL_D06,1,NORMAL_D06,24.00,0.7462,,MR60BHA2_breath_phase,safenest-node-01
25.5160,-0.170000,S001,S001_NORMAL_D06,1,NORMAL_D06,24.00,0.7462,,MR60BHA2_breath_phase,safenest-node-01
25.6160,-0.180000,S001,S001_NORMAL_D06,1,NORMAL_D06,24.00,0.7462,,MR60BHA2_breath_phase,safenest-node-01
25.7160,-0.190000,S001,S001_NORMAL_D06,1,NORMAL_D06,24.00,0.7462,,MR60BHA2_breath_phase,safenest-node-01
25.8160,-0.190000,S001,S001_NORMAL_D06,1,NORMAL_D06,24.00,0.7462,,MR60BHA2_breath_phase,safenest-node-01
25.9160,-0.190000,S001,S001_NORMAL_D06,1,NORMAL_D06,25.00,0.7462,,MR60BHA2_breath_phase,safenest-node-01
26.0160,-0.160000,S001,S001_NORMAL_D06,1,NORMAL_D06,25.00,0.7462,,MR60BHA2_breath_phase,safenest-node-01
26.1160,-0.150000,S001,S001_NORMAL_D06,1,NORMAL_D06,25.00,0.7462,,MR60BHA2_breath_phase,safenest-node-01
26.2160,-0.110000,S001,S001_NORMAL_D06,1,NORMAL_D06,25.00,0.7462,,MR60BHA2_breath_phase,safenest-node-01
26.3160,-0.090000,S001,S001_NORMAL_D06,1,NORMAL_D06,25.00,0.7462,,MR60BHA2_breath_phase,safenest-node-01
26.4160,-0.040000,S001,S001_NORMAL_D06,1,NORMAL_D06,25.00,0.7462,,MR60BHA2_breath_phase,safenest-node-01
26.5160,0.010000,S001,S001_NORMAL_D06,1,NORMAL_D06,25.00,0.7462,,MR60BHA2_breath_phase,safenest-node-01
26.6160,0.040000,S001,S001_NORMAL_D06,1,NORMAL_D06,25.00,0.7462,,MR60BHA2_breath_phase,safenest-node-01
26.7160,0.090000,S001,S001_NORMAL_D06,1,NORMAL_D06,26.00,0.7462,,MR60BHA2_breath_phase,safenest-node-01
26.8160,0.120000,S001,S001_NORMAL_D06,1,NORMAL_D06,26.00,0.7462,,MR60BHA2_breath_phase,safenest-node-01
26.9160,0.170000,S001,S001_NORMAL_D06,1,NORMAL_D06,26.00,0.7462,,MR60BHA2_breath_phase,safenest-node-01
27.0160,0.210000,S001,S001_NORMAL_D06,1,NORMAL_D06,26.00,0.7462,,MR60BHA2_breath_phase,safenest-node-01
27.1170,0.230000,S001,S001_NORMAL_D06,1,NORMAL_D06,26.00,0.7462,,MR60BHA2_breath_phase,safenest-node-01
27.2170,0.240000,S001,S001_NORMAL_D06,1,NORMAL_D06,26.00,0.7462,,MR60BHA2_breath_phase,safenest-node-01
27.3170,0.260000,S001,S001_NORMAL_D06,1,NORMAL_D06,26.00,0.7462,,MR60BHA2_breath_phase,safenest-node-01
27.4170,0.260000,S001,S001_NORMAL_D06,1,NORMAL_D06,26.00,0.7462,,MR60BHA2_breath_phase,safenest-node-01
27.5170,0.250000,S001,S001_NORMAL_D06,1,NORMAL_D06,26.00,0.7462,,MR60BHA2_breath_phase,safenest-node-01
27.6170,0.230000,S001,S001_NORMAL_D06,1,NORMAL_D06,26.00,0.7462,,MR60BHA2_breath_phase,safenest-node-01
27.7170,0.210000,S001,S001_NORMAL_D06,1,NORMAL_D06,26.00,0.7462,,MR60BHA2_breath_phase,safenest-node-01
27.8170,0.170000,S001,S001_NORMAL_D06,1,NORMAL_D06,27.00,0.7462,,MR60BHA2_breath_phase,safenest-node-01
27.9170,0.140000,S001,S001_NORMAL_D06,1,NORMAL_D06,27.00,0.7462,,MR60BHA2_breath_phase,safenest-node-01
28.0170,0.090000,S001,S001_NORMAL_D06,1,NORMAL_D06,27.00,0.7462,,MR60BHA2_breath_phase,safenest-node-01
28.1170,0.030000,S001,S001_NORMAL_D06,1,NORMAL_D06,27.00,0.7462,,MR60BHA2_breath_phase,safenest-node-01
28.2170,-0.000000,S001,S001_NORMAL_D06,1,NORMAL_D06,27.00,0.7462,,MR60BHA2_breath_phase,safenest-node-01
28.3170,-0.060000,S001,S001_NORMAL_D06,1,NORMAL_D06,27.00,0.7462,,MR60BHA2_breath_phase,safenest-node-01
28.4170,-0.090000,S001,S001_NORMAL_D06,1,NORMAL_D06,27.00,0.7462,,MR60BHA2_breath_phase,safenest-node-01
28.5170,-0.140000,S001,S001_NORMAL_D06,1,NORMAL_D06,27.00,0.7462,,MR60BHA2_breath_phase,safenest-node-01
28.6170,-0.180000,S001,S001_NORMAL_D06,1,NORMAL_D06,27.00,0.7462,,MR60BHA2_breath_phase,safenest-node-01
28.7170,-0.190000,S001,S001_NORMAL_D06,1,NORMAL_D06,27.00,0.7462,,MR60BHA2_breath_phase,safenest-node-01
28.8170,-0.210000,S001,S001_NORMAL_D06,1,NORMAL_D06,27.00,0.7462,,MR60BHA2_breath_phase,safenest-node-01
28.9170,-0.210000,S001,S001_NORMAL_D06,1,NORMAL_D06,27.00,0.7462,,MR60BHA2_breath_phase,safenest-node-01
29.0170,-0.200000,S001,S001_NORMAL_D06,1,NORMAL_D06,27.00,0.7462,,MR60BHA2_breath_phase,safenest-node-01
29.1170,-0.170000,S001,S001_NORMAL_D06,1,NORMAL_D06,27.00,0.7462,,MR60BHA2_breath_phase,safenest-node-01
29.2180,-0.150000,S001,S001_NORMAL_D06,1,NORMAL_D06,27.00,0.7462,,MR60BHA2_breath_phase,safenest-node-01
29.3180,-0.090000,S001,S001_NORMAL_D06,1,NORMAL_D06,27.00,0.7462,,MR60BHA2_breath_phase,safenest-node-01
29.4180,-0.060000,S001,S001_NORMAL_D06,1,NORMAL_D06,27.00,0.7462,,MR60BHA2_breath_phase,safenest-node-01
29.5180,0.020000,S001,S001_NORMAL_D06,1,NORMAL_D06,27.00,0.7462,,MR60BHA2_breath_phase,safenest-node-01
29.6180,0.100000,S001,S001_NORMAL_D06,1,NORMAL_D06,27.00,0.7462,,MR60BHA2_breath_phase,safenest-node-01
29.7180,0.140000,S001,S001_NORMAL_D06,1,NORMAL_D06,27.00,0.7462,,MR60BHA2_breath_phase,safenest-node-01
29.8180,0.220000,S001,S001_NORMAL_D06,1,NORMAL_D06,27.00,0.7462,,MR60BHA2_breath_phase,safenest-node-01
29.9180,0.260000,S001,S001_NORMAL_D06,1,NORMAL_D06,27.00,0.7462,,MR60BHA2_breath_phase,safenest-node-01
30.0180,0.310000,S001,S001_NORMAL_D06,1,NORMAL_D06,27.00,0.7462,,MR60BHA2_breath_phase,safenest-node-01
30.1180,0.350000,S001,S001_NORMAL_D06,1,NORMAL_D06,28.00,0.7462,,MR60BHA2_breath_phase,safenest-node-01
30.2190,0.360000,S001,S001_NORMAL_D06,1,NORMAL_D06,28.00,0.7462,,MR60BHA2_breath_phase,safenest-node-01
30.3190,0.360000,S001,S001_NORMAL_D06,1,NORMAL_D06,28.00,0.7462,,MR60BHA2_breath_phase,safenest-node-01
30.4190,0.330000,S001,S001_NORMAL_D06,1,NORMAL_D06,28.00,0.7462,,MR60BHA2_breath_phase,safenest-node-01
30.5190,0.300000,S001,S001_NORMAL_D06,1,NORMAL_D06,28.00,0.7462,,MR60BHA2_breath_phase,safenest-node-01
30.6190,0.230000,S001,S001_NORMAL_D06,1,NORMAL_D06,28.00,0.7462,,MR60BHA2_breath_phase,safenest-node-01
30.7200,0.140000,S001,S001_NORMAL_D06,1,NORMAL_D06,28.00,0.7462,,MR60BHA2_breath_phase,safenest-node-01
30.8200,0.090000,S001,S001_NORMAL_D06,1,NORMAL_D06,28.00,0.7462,,MR60BHA2_breath_phase,safenest-node-01
30.9200,-0.020000,S001,S001_NORMAL_D06,1,NORMAL_D06,28.00,0.7462,,MR60BHA2_breath_phase,safenest-node-01
31.0200,-0.080000,S001,S001_NORMAL_D06,1,NORMAL_D06,28.00,0.7462,,MR60BHA2_breath_phase,safenest-node-01
31.1200,-0.190000,S001,S001_NORMAL_D06,1,NORMAL_D06,28.00,0.7462,,MR60BHA2_breath_phase,safenest-node-01
31.2200,-0.290000,S001,S001_NORMAL_D06,1,NORMAL_D06,28.00,0.7462,,MR60BHA2_breath_phase,safenest-node-01
31.3200,-0.330000,S001,S001_NORMAL_D06,1,NORMAL_D06,28.00,0.7462,,MR60BHA2_breath_phase,safenest-node-01
31.4200,-0.400000,S001,S001_NORMAL_D06,1,NORMAL_D06,28.00,0.7462,,MR60BHA2_breath_phase,safenest-node-01
31.5200,-0.420000,S001,S001_NORMAL_D06,1,NORMAL_D06,28.00,0.7462,,MR60BHA2_breath_phase,safenest-node-01
31.6200,-0.440000,S001,S001_NORMAL_D06,1,NORMAL_D06,28.00,0.7462,,MR60BHA2_breath_phase,safenest-node-01
31.7200,-0.430000,S001,S001_NORMAL_D06,1,NORMAL_D06,28.00,0.7462,,MR60BHA2_breath_phase,safenest-node-01
31.8200,-0.410000,S001,S001_NORMAL_D06,1,NORMAL_D06,28.00,0.7462,,MR60BHA2_breath_phase,safenest-node-01
31.9200,-0.360000,S001,S001_NORMAL_D06,1,NORMAL_D06,28.00,0.7462,,MR60BHA2_breath_phase,safenest-node-01
32.0200,-0.330000,S001,S001_NORMAL_D06,1,NORMAL_D06,28.00,0.7462,,MR60BHA2_breath_phase,safenest-node-01
32.1200,-0.250000,S001,S001_NORMAL_D06,1,NORMAL_D06,28.00,0.7462,,MR60BHA2_breath_phase,safenest-node-01
32.2200,-0.150000,S001,S001_NORMAL_D06,1,NORMAL_D06,28.00,0.7462,,MR60BHA2_breath_phase,safenest-node-01
32.3210,-0.100000,S001,S001_NORMAL_D06,1,NORMAL_D06,28.00,0.7462,,MR60BHA2_breath_phase,safenest-node-01
32.4210,0.000000,S001,S001_NORMAL_D06,1,NORMAL_D06,28.00,0.7462,,MR60BHA2_breath_phase,safenest-node-01
32.5210,0.060000,S001,S001_NORMAL_D06,1,NORMAL_D06,28.00,0.7462,,MR60BHA2_breath_phase,safenest-node-01
32.6210,0.160000,S001,S001_NORMAL_D06,1,NORMAL_D06,27.00,0.7462,,MR60BHA2_breath_phase,safenest-node-01
32.7210,0.240000,S001,S001_NORMAL_D06,1,NORMAL_D06,27.00,0.7462,,MR60BHA2_breath_phase,safenest-node-01
32.8210,0.280000,S001,S001_NORMAL_D06,1,NORMAL_D06,27.00,0.7462,,MR60BHA2_breath_phase,safenest-node-01
32.9210,0.330000,S001,S001_NORMAL_D06,1,NORMAL_D06,27.00,0.7462,,MR60BHA2_breath_phase,safenest-node-01
33.0210,0.350000,S001,S001_NORMAL_D06,1,NORMAL_D06,27.00,0.7462,,MR60BHA2_breath_phase,safenest-node-01
33.1210,0.360000,S001,S001_NORMAL_D06,1,NORMAL_D06,27.00,0.7462,,MR60BHA2_breath_phase,safenest-node-01
33.2210,0.350000,S001,S001_NORMAL_D06,1,NORMAL_D06,27.00,0.7462,,MR60BHA2_breath_phase,safenest-node-01
33.3210,0.340000,S001,S001_NORMAL_D06,1,NORMAL_D06,27.00,0.7462,,MR60BHA2_breath_phase,safenest-node-01
33.4210,0.300000,S001,S001_NORMAL_D06,1,NORMAL_D06,26.00,0.7462,,MR60BHA2_breath_phase,safenest-node-01
33.5210,0.270000,S001,S001_NORMAL_D06,1,NORMAL_D06,26.00,0.7462,,MR60BHA2_breath_phase,safenest-node-01
33.6210,0.210000,S001,S001_NORMAL_D06,1,NORMAL_D06,26.00,0.7462,,MR60BHA2_breath_phase,safenest-node-01
33.7210,0.150000,S001,S001_NORMAL_D06,1,NORMAL_D06,26.00,0.7462,,MR60BHA2_breath_phase,safenest-node-01
33.8210,0.120000,S001,S001_NORMAL_D06,1,NORMAL_D06,26.00,0.7462,,MR60BHA2_breath_phase,safenest-node-01
33.9210,0.070000,S001,S001_NORMAL_D06,1,NORMAL_D06,26.00,0.7462,,MR60BHA2_breath_phase,safenest-node-01
34.0210,0.050000,S001,S001_NORMAL_D06,1,NORMAL_D06,26.00,0.7462,,MR60BHA2_breath_phase,safenest-node-01
34.1210,0.030000,S001,S001_NORMAL_D06,1,NORMAL_D06,26.00,0.7462,,MR60BHA2_breath_phase,safenest-node-01
34.2210,0.020000,S001,S001_NORMAL_D06,1,NORMAL_D06,25.00,0.7462,,MR60BHA2_breath_phase,safenest-node-01
34.3210,0.030000,S001,S001_NORMAL_D06,1,NORMAL_D06,25.00,0.7462,,MR60BHA2_breath_phase,safenest-node-01
34.4210,0.040000,S001,S001_NORMAL_D06,1,NORMAL_D06,25.00,0.7462,,MR60BHA2_breath_phase,safenest-node-01
34.5210,0.060000,S001,S001_NORMAL_D06,1,NORMAL_D06,25.00,0.7462,,MR60BHA2_breath_phase,safenest-node-01
34.6210,0.070000,S001,S001_NORMAL_D06,1,NORMAL_D06,25.00,0.7462,,MR60BHA2_breath_phase,safenest-node-01
34.7210,0.080000,S001,S001_NORMAL_D06,1,NORMAL_D06,25.00,0.7462,,MR60BHA2_breath_phase,safenest-node-01
34.8210,0.080000,S001,S001_NORMAL_D06,1,NORMAL_D06,25.00,0.7462,,MR60BHA2_breath_phase,safenest-node-01
34.9210,0.060000,S001,S001_NORMAL_D06,1,NORMAL_D06,25.00,0.7462,,MR60BHA2_breath_phase,safenest-node-01
35.0210,0.020000,S001,S001_NORMAL_D06,1,NORMAL_D06,25.00,0.7462,,MR60BHA2_breath_phase,safenest-node-01
35.1210,-0.010000,S001,S001_NORMAL_D06,1,NORMAL_D06,25.00,0.7462,,MR60BHA2_breath_phase,safenest-node-01
35.2210,-0.080000,S001,S001_NORMAL_D06,1,NORMAL_D06,25.00,0.7462,,MR60BHA2_breath_phase,safenest-node-01
35.3210,-0.170000,S001,S001_NORMAL_D06,1,NORMAL_D06,26.00,0.7462,,MR60BHA2_breath_phase,safenest-node-01
35.4210,-0.220000,S001,S001_NORMAL_D06,1,NORMAL_D06,26.00,0.7462,,MR60BHA2_breath_phase,safenest-node-01
35.5210,-0.330000,S001,S001_NORMAL_D06,1,NORMAL_D06,25.00,0.7462,,MR60BHA2_breath_phase,safenest-node-01
35.6210,-0.380000,S001,S001_NORMAL_D06,1,NORMAL_D06,25.00,0.7462,,MR60BHA2_breath_phase,safenest-node-01
35.7210,-0.470000,S001,S001_NORMAL_D06,1,NORMAL_D06,25.00,0.7462,,MR60BHA2_breath_phase,safenest-node-01
35.8210,-0.550000,S001,S001_NORMAL_D06,1,NORMAL_D06,25.00,0.7462,,MR60BHA2_breath_phase,safenest-node-01
35.9220,-0.590000,S001,S001_NORMAL_D06,1,NORMAL_D06,25.00,0.7462,,MR60BHA2_breath_phase,safenest-node-01
36.0220,-0.630000,S001,S001_NORMAL_D06,1,NORMAL_D06,25.00,0.7462,,MR60BHA2_breath_phase,safenest-node-01
36.1220,-0.640000,S001,S001_NORMAL_D06,1,NORMAL_D06,25.00,0.7462,,MR60BHA2_breath_phase,safenest-node-01
36.2220,-0.640000,S001,S001_NORMAL_D06,1,NORMAL_D06,24.00,0.7462,,MR60BHA2_breath_phase,safenest-node-01
36.3220,-0.620000,S001,S001_NORMAL_D06,1,NORMAL_D06,24.00,0.7462,,MR60BHA2_breath_phase,safenest-node-01
36.4230,-0.590000,S001,S001_NORMAL_D06,1,NORMAL_D06,24.00,0.7462,,MR60BHA2_breath_phase,safenest-node-01
36.5230,-0.520000,S001,S001_NORMAL_D06,1,NORMAL_D06,24.00,0.7462,,MR60BHA2_breath_phase,safenest-node-01
36.6230,-0.470000,S001,S001_NORMAL_D06,1,NORMAL_D06,23.00,0.7462,,MR60BHA2_breath_phase,safenest-node-01
36.7230,-0.360000,S001,S001_NORMAL_D06,1,NORMAL_D06,23.00,0.7462,,MR60BHA2_breath_phase,safenest-node-01
36.8230,-0.240000,S001,S001_NORMAL_D06,1,NORMAL_D06,23.00,0.7462,,MR60BHA2_breath_phase,safenest-node-01
36.9240,-0.100000,S001,S001_NORMAL_D06,1,NORMAL_D06,23.00,0.7462,,MR60BHA2_breath_phase,safenest-node-01
37.0240,-0.030000,S001,S001_NORMAL_D06,1,NORMAL_D06,23.00,0.7462,,MR60BHA2_breath_phase,safenest-node-01
37.1240,0.110000,S001,S001_NORMAL_D06,1,NORMAL_D06,23.00,0.7462,,MR60BHA2_breath_phase,safenest-node-01
37.2240,0.170000,S001,S001_NORMAL_D06,1,NORMAL_D06,22.00,0.7462,,MR60BHA2_breath_phase,safenest-node-01
37.3240,0.300000,S001,S001_NORMAL_D06,1,NORMAL_D06,22.00,0.7462,,MR60BHA2_breath_phase,safenest-node-01
37.4240,0.400000,S001,S001_NORMAL_D06,1,NORMAL_D06,22.00,0.7462,,MR60BHA2_breath_phase,safenest-node-01
37.5240,0.450000,S001,S001_NORMAL_D06,1,NORMAL_D06,22.00,0.7462,,MR60BHA2_breath_phase,safenest-node-01
37.6240,0.530000,S001,S001_NORMAL_D06,1,NORMAL_D06,22.00,0.7462,,MR60BHA2_breath_phase,safenest-node-01
37.7240,0.560000,S001,S001_NORMAL_D06,1,NORMAL_D06,22.00,0.7462,,MR60BHA2_breath_phase,safenest-node-01
37.8240,0.600000,S001,S001_NORMAL_D06,1,NORMAL_D06,22.00,0.7462,,MR60BHA2_breath_phase,safenest-node-01
37.9240,0.620000,S001,S001_NORMAL_D06,1,NORMAL_D06,21.00,0.7462,,MR60BHA2_breath_phase,safenest-node-01
38.0240,0.610000,S001,S001_NORMAL_D06,1,NORMAL_D06,21.00,0.7462,,MR60BHA2_breath_phase,safenest-node-01
38.1240,0.580000,S001,S001_NORMAL_D06,1,NORMAL_D06,21.00,0.7462,,MR60BHA2_breath_phase,safenest-node-01
38.2240,0.550000,S001,S001_NORMAL_D06,1,NORMAL_D06,21.00,0.7462,,MR60BHA2_breath_phase,safenest-node-01
38.3240,0.480000,S001,S001_NORMAL_D06,1,NORMAL_D06,21.00,0.7462,,MR60BHA2_breath_phase,safenest-node-01
38.4240,0.400000,S001,S001_NORMAL_D06,1,NORMAL_D06,21.00,0.7462,,MR60BHA2_breath_phase,safenest-node-01
38.5240,0.350000,S001,S001_NORMAL_D06,1,NORMAL_D06,21.00,0.7462,,MR60BHA2_breath_phase,safenest-node-01
38.6240,0.240000,S001,S001_NORMAL_D06,1,NORMAL_D06,21.00,0.7462,,MR60BHA2_breath_phase,safenest-node-01
38.7240,0.190000,S001,S001_NORMAL_D06,1,NORMAL_D06,20.00,0.7462,,MR60BHA2_breath_phase,safenest-node-01
38.8240,0.070000,S001,S001_NORMAL_D06,1,NORMAL_D06,20.00,0.7462,,MR60BHA2_breath_phase,safenest-node-01
38.9240,-0.030000,S001,S001_NORMAL_D06,1,NORMAL_D06,20.00,0.7462,,MR60BHA2_breath_phase,safenest-node-01
39.0240,-0.080000,S001,S001_NORMAL_D06,1,NORMAL_D06,20.00,0.7462,,MR60BHA2_breath_phase,safenest-node-01
39.1240,-0.170000,S001,S001_NORMAL_D06,1,NORMAL_D06,20.00,0.7462,,MR60BHA2_breath_phase,safenest-node-01
39.2240,-0.200000,S001,S001_NORMAL_D06,1,NORMAL_D06,20.00,0.7462,,MR60BHA2_breath_phase,safenest-node-01
39.3240,-0.250000,S001,S001_NORMAL_D06,1,NORMAL_D06,20.00,0.7462,,MR60BHA2_breath_phase,safenest-node-01
39.4240,-0.270000,S001,S001_NORMAL_D06,1,NORMAL_D06,19.00,0.7462,,MR60BHA2_breath_phase,safenest-node-01
39.5250,-0.250000,S001,S001_NORMAL_D06,1,NORMAL_D06,19.00,0.7462,,MR60BHA2_breath_phase,safenest-node-01
39.6250,-0.230000,S001,S001_NORMAL_D06,1,NORMAL_D06,19.00,0.7462,,MR60BHA2_breath_phase,safenest-node-01
39.7250,-0.170000,S001,S001_NORMAL_D06,1,NORMAL_D06,19.00,0.7462,,MR60BHA2_breath_phase,safenest-node-01
39.8250,-0.130000,S001,S001_NORMAL_D06,1,NORMAL_D06,19.00,0.7462,,MR60BHA2_breath_phase,safenest-node-01
39.9250,-0.040000,S001,S001_NORMAL_D06,1,NORMAL_D06,19.00,0.7462,,MR60BHA2_breath_phase,safenest-node-01
40.0250,0.050000,S001,S001_NORMAL_D06,1,NORMAL_D06,19.00,0.7462,,MR60BHA2_breath_phase,safenest-node-01
40.1250,0.100000,S001,S001_NORMAL_D06,1,NORMAL_D06,19.00,0.7462,,MR60BHA2_breath_phase,safenest-node-01
40.2250,0.180000,S001,S001_NORMAL_D06,1,NORMAL_D06,19.00,0.7462,,MR60BHA2_breath_phase,safenest-node-01
40.3250,0.220000,S001,S001_NORMAL_D06,1,NORMAL_D06,19.00,0.7462,,MR60BHA2_breath_phase,safenest-node-01
40.4250,0.270000,S001,S001_NORMAL_D06,1,NORMAL_D06,19.00,0.7462,,MR60BHA2_breath_phase,safenest-node-01
40.5250,0.290000,S001,S001_NORMAL_D06,1,NORMAL_D06,19.00,0.7462,,MR60BHA2_breath_phase,safenest-node-01
40.6250,0.280000,S001,S001_NORMAL_D06,1,NORMAL_D06,19.00,0.7462,,MR60BHA2_breath_phase,safenest-node-01
40.7250,0.250000,S001,S001_NORMAL_D06,1,NORMAL_D06,19.00,0.7462,,MR60BHA2_breath_phase,safenest-node-01
40.8250,0.210000,S001,S001_NORMAL_D06,1,NORMAL_D06,19.00,0.7462,,MR60BHA2_breath_phase,safenest-node-01
40.9250,0.120000,S001,S001_NORMAL_D06,1,NORMAL_D06,19.00,0.7462,,MR60BHA2_breath_phase,safenest-node-01
41.0250,-0.010000,S001,S001_NORMAL_D06,1,NORMAL_D06,19.00,0.7462,,MR60BHA2_breath_phase,safenest-node-01
41.1250,-0.070000,S001,S001_NORMAL_D06,1,NORMAL_D06,19.00,0.7462,,MR60BHA2_breath_phase,safenest-node-01
41.2250,-0.220000,S001,S001_NORMAL_D06,1,NORMAL_D06,19.00,0.7462,,MR60BHA2_breath_phase,safenest-node-01
41.3250,-0.300000,S001,S001_NORMAL_D06,1,NORMAL_D06,19.00,0.7462,,MR60BHA2_breath_phase,safenest-node-01
41.4250,-0.440000,S001,S001_NORMAL_D06,1,NORMAL_D06,20.00,0.7462,,MR60BHA2_breath_phase,safenest-node-01
41.5250,-0.550000,S001,S001_NORMAL_D06,1,NORMAL_D06,20.00,0.7462,,MR60BHA2_breath_phase,safenest-node-01
41.6260,-0.600000,S001,S001_NORMAL_D06,1,NORMAL_D06,20.00,0.7462,,MR60BHA2_breath_phase,safenest-node-01
41.7260,-0.660000,S001,S001_NORMAL_D06,1,NORMAL_D06,20.00,0.7462,,MR60BHA2_breath_phase,safenest-node-01
41.8260,-0.670000,S001,S001_NORMAL_D06,1,NORMAL_D06,20.00,0.7462,,MR60BHA2_breath_phase,safenest-node-01
41.9260,-0.650000,S001,S001_NORMAL_D06,1,NORMAL_D06,21.00,0.7462,,MR60BHA2_breath_phase,safenest-node-01
42.0260,-0.570000,S001,S001_NORMAL_D06,1,NORMAL_D06,21.00,0.7462,,MR60BHA2_breath_phase,safenest-node-01
42.1260,-0.520000,S001,S001_NORMAL_D06,1,NORMAL_D06,21.00,0.7462,,MR60BHA2_breath_phase,safenest-node-01
42.2260,-0.380000,S001,S001_NORMAL_D06,1,NORMAL_D06,21.00,0.7462,,MR60BHA2_breath_phase,safenest-node-01
42.3260,-0.290000,S001,S001_NORMAL_D06,1,NORMAL_D06,22.00,0.7462,,MR60BHA2_breath_phase,safenest-node-01
42.4260,-0.100000,S001,S001_NORMAL_D06,1,NORMAL_D06,22.00,0.7462,,MR60BHA2_breath_phase,safenest-node-01
42.5260,0.110000,S001,S001_NORMAL_D06,1,NORMAL_D06,22.00,0.7462,,MR60BHA2_breath_phase,safenest-node-01
42.6260,0.220000,S001,S001_NORMAL_D06,1,NORMAL_D06,22.00,0.7462,,MR60BHA2_breath_phase,safenest-node-01
42.7260,0.430000,S001,S001_NORMAL_D06,1,NORMAL_D06,23.00,0.7462,,MR60BHA2_breath_phase,safenest-node-01
42.8270,0.620000,S001,S001_NORMAL_D06,1,NORMAL_D06,23.00,0.7462,,MR60BHA2_breath_phase,safenest-node-01
42.9270,0.710000,S001,S001_NORMAL_D06,1,NORMAL_D06,23.00,0.7462,,MR60BHA2_breath_phase,safenest-node-01
43.0270,0.860000,S001,S001_NORMAL_D06,1,NORMAL_D06,23.00,0.7462,,MR60BHA2_breath_phase,safenest-node-01
43.1270,0.980000,S001,S001_NORMAL_D06,1,NORMAL_D06,24.00,0.7462,,MR60BHA2_breath_phase,safenest-node-01
43.2270,1.020000,S001,S001_NORMAL_D06,1,NORMAL_D06,24.00,0.7462,,MR60BHA2_breath_phase,safenest-node-01
43.3270,1.070000,S001,S001_NORMAL_D06,1,NORMAL_D06,24.00,0.7462,,MR60BHA2_breath_phase,safenest-node-01
43.4270,1.080000,S001,S001_NORMAL_D06,1,NORMAL_D06,24.00,0.7462,,MR60BHA2_breath_phase,safenest-node-01
43.5270,1.050000,S001,S001_NORMAL_D06,1,NORMAL_D06,24.00,0.7462,,MR60BHA2_breath_phase,safenest-node-01
43.6270,0.960000,S001,S001_NORMAL_D06,1,NORMAL_D06,25.00,0.7462,,MR60BHA2_breath_phase,safenest-node-01
43.7270,0.890000,S001,S001_NORMAL_D06,1,NORMAL_D06,25.00,0.7462,,MR60BHA2_breath_phase,safenest-node-01
43.8270,0.720000,S001,S001_NORMAL_D06,1,NORMAL_D06,25.00,0.7462,,MR60BHA2_breath_phase,safenest-node-01
43.9270,0.620000,S001,S001_NORMAL_D06,1,NORMAL_D06,25.00,0.7462,,MR60BHA2_breath_phase,safenest-node-01
44.0270,0.390000,S001,S001_NORMAL_D06,1,NORMAL_D06,25.00,0.7462,,MR60BHA2_breath_phase,safenest-node-01
44.1270,0.150000,S001,S001_NORMAL_D06,1,NORMAL_D06,25.00,0.7462,,MR60BHA2_breath_phase,safenest-node-01
44.2270,0.030000,S001,S001_NORMAL_D06,1,NORMAL_D06,25.00,0.7462,,MR60BHA2_breath_phase,safenest-node-01
44.3270,-0.210000,S001,S001_NORMAL_D06,1,NORMAL_D06,25.00,0.7462,,MR60BHA2_breath_phase,safenest-node-01
44.4270,-0.320000,S001,S001_NORMAL_D06,1,NORMAL_D06,25.00,0.7462,,MR60BHA2_breath_phase,safenest-node-01
44.5270,-0.510000,S001,S001_NORMAL_D06,1,NORMAL_D06,26.00,0.7462,,MR60BHA2_breath_phase,safenest-node-01
44.6270,-0.660000,S001,S001_NORMAL_D06,1,NORMAL_D06,26.00,0.7462,,MR60BHA2_breath_phase,safenest-node-01
44.7270,-0.720000,S001,S001_NORMAL_D06,1,NORMAL_D06,26.00,0.7462,,MR60BHA2_breath_phase,safenest-node-01
44.8270,-0.770000,S001,S001_NORMAL_D06,1,NORMAL_D06,26.00,0.7462,,MR60BHA2_breath_phase,safenest-node-01
44.9270,-0.780000,S001,S001_NORMAL_D06,1,NORMAL_D06,26.00,0.7462,,MR60BHA2_breath_phase,safenest-node-01
45.0270,-0.730000,S001,S001_NORMAL_D06,1,NORMAL_D06,26.00,0.6888,,MR60BHA2_breath_phase,safenest-node-01
45.1270,-0.640000,S001,S001_NORMAL_D06,1,NORMAL_D06,26.00,0.6888,,MR60BHA2_breath_phase,safenest-node-01
45.2270,-0.570000,S001,S001_NORMAL_D06,1,NORMAL_D06,26.00,0.6888,,MR60BHA2_breath_phase,safenest-node-01
45.3270,-0.420000,S001,S001_NORMAL_D06,1,NORMAL_D06,26.00,0.6888,,MR60BHA2_breath_phase,safenest-node-01
45.4270,-0.350000,S001,S001_NORMAL_D06,1,NORMAL_D06,26.00,0.6888,,MR60BHA2_breath_phase,safenest-node-01
45.5270,-0.190000,S001,S001_NORMAL_D06,1,NORMAL_D06,26.00,0.6888,,MR60BHA2_breath_phase,safenest-node-01
45.6270,-0.060000,S001,S001_NORMAL_D06,1,NORMAL_D06,27.00,0.6888,,MR60BHA2_breath_phase,safenest-node-01
45.7280,-0.010000,S001,S001_NORMAL_D06,1,NORMAL_D06,27.00,0.6888,,MR60BHA2_breath_phase,safenest-node-01
45.8280,0.060000,S001,S001_NORMAL_D06,1,NORMAL_D06,27.00,0.7462,,MR60BHA2_breath_phase,safenest-node-01
45.9280,0.080000,S001,S001_NORMAL_D06,1,NORMAL_D06,27.00,0.7462,,MR60BHA2_breath_phase,safenest-node-01
46.0280,0.080000,S001,S001_NORMAL_D06,1,NORMAL_D06,27.00,0.7462,,MR60BHA2_breath_phase,safenest-node-01
46.1280,0.030000,S001,S001_NORMAL_D06,1,NORMAL_D06,27.00,0.7462,,MR60BHA2_breath_phase,safenest-node-01
46.2280,-0.010000,S001,S001_NORMAL_D06,1,NORMAL_D06,27.00,0.7462,,MR60BHA2_breath_phase,safenest-node-01
46.3280,-0.110000,S001,S001_NORMAL_D06,1,NORMAL_D06,27.00,0.7462,,MR60BHA2_breath_phase,safenest-node-01
46.4280,-0.170000,S001,S001_NORMAL_D06,1,NORMAL_D06,26.00,0.7462,,MR60BHA2_breath_phase,safenest-node-01
46.5280,-0.290000,S001,S001_NORMAL_D06,1,NORMAL_D06,26.00,0.7462,,MR60BHA2_breath_phase,safenest-node-01
46.6280,-0.430000,S001,S001_NORMAL_D06,1,NORMAL_D06,26.00,0.7462,,MR60BHA2_breath_phase,safenest-node-01
46.7280,-0.550000,S001,S001_NORMAL_D06,1,NORMAL_D06,26.00,0.7462,,MR60BHA2_breath_phase,safenest-node-01
46.8280,-0.600000,S001,S001_NORMAL_D06,1,NORMAL_D06,26.00,0.7462,,MR60BHA2_breath_phase,safenest-node-01
46.9280,-0.690000,S001,S001_NORMAL_D06,1,NORMAL_D06,26.00,0.7462,,MR60BHA2_breath_phase,safenest-node-01
47.0280,-0.720000,S001,S001_NORMAL_D06,1,NORMAL_D06,26.00,0.7462,,MR60BHA2_breath_phase,safenest-node-01
47.1280,-0.760000,S001,S001_NORMAL_D06,1,NORMAL_D06,26.00,0.7462,,MR60BHA2_breath_phase,safenest-node-01
47.2290,-0.750000,S001,S001_NORMAL_D06,1,NORMAL_D06,26.00,0.7462,,MR60BHA2_breath_phase,safenest-node-01
47.3290,-0.720000,S001,S001_NORMAL_D06,1,NORMAL_D06,26.00,0.7462,,MR60BHA2_breath_phase,safenest-node-01
47.4290,-0.650000,S001,S001_NORMAL_D06,1,NORMAL_D06,27.00,0.7462,,MR60BHA2_breath_phase,safenest-node-01
47.5290,-0.590000,S001,S001_NORMAL_D06,1,NORMAL_D06,27.00,0.7462,,MR60BHA2_breath_phase,safenest-node-01
47.6290,-0.460000,S001,S001_NORMAL_D06,1,NORMAL_D06,27.00,0.7462,,MR60BHA2_breath_phase,safenest-node-01
47.7290,-0.300000,S001,S001_NORMAL_D06,1,NORMAL_D06,27.00,0.7462,,MR60BHA2_breath_phase,safenest-node-01
47.8290,-0.210000,S001,S001_NORMAL_D06,1,NORMAL_D06,27.00,0.7462,,MR60BHA2_breath_phase,safenest-node-01
47.9290,-0.040000,S001,S001_NORMAL_D06,1,NORMAL_D06,27.00,0.7462,,MR60BHA2_breath_phase,safenest-node-01
48.0290,0.050000,S001,S001_NORMAL_D06,1,NORMAL_D06,27.00,0.7462,,MR60BHA2_breath_phase,safenest-node-01
48.1290,0.200000,S001,S001_NORMAL_D06,1,NORMAL_D06,27.00,0.7462,,MR60BHA2_breath_phase,safenest-node-01
48.2290,0.330000,S001,S001_NORMAL_D06,1,NORMAL_D06,27.00,0.7462,,MR60BHA2_breath_phase,safenest-node-01
48.3290,0.380000,S001,S001_NORMAL_D06,1,NORMAL_D06,27.00,0.7462,,MR60BHA2_breath_phase,safenest-node-01
48.4290,0.460000,S001,S001_NORMAL_D06,1,NORMAL_D06,27.00,0.7462,,MR60BHA2_breath_phase,safenest-node-01
48.5290,0.480000,S001,S001_NORMAL_D06,1,NORMAL_D06,27.00,0.7462,,MR60BHA2_breath_phase,safenest-node-01
48.6290,0.490000,S001,S001_NORMAL_D06,1,NORMAL_D06,27.00,0.7462,,MR60BHA2_breath_phase,safenest-node-01
48.7290,0.460000,S001,S001_NORMAL_D06,1,NORMAL_D06,27.00,0.7462,,MR60BHA2_breath_phase,safenest-node-01
48.8290,0.430000,S001,S001_NORMAL_D06,1,NORMAL_D06,27.00,0.7462,,MR60BHA2_breath_phase,safenest-node-01
48.9290,0.360000,S001,S001_NORMAL_D06,1,NORMAL_D06,27.00,0.7462,,MR60BHA2_breath_phase,safenest-node-01
49.0290,0.310000,S001,S001_NORMAL_D06,1,NORMAL_D06,27.00,0.7462,,MR60BHA2_breath_phase,safenest-node-01
49.1290,0.220000,S001,S001_NORMAL_D06,1,NORMAL_D06,27.00,0.7462,,MR60BHA2_breath_phase,safenest-node-01
49.2290,0.120000,S001,S001_NORMAL_D06,1,NORMAL_D06,27.00,0.7462,,MR60BHA2_breath_phase,safenest-node-01
49.3300,0.070000,S001,S001_NORMAL_D06,1,NORMAL_D06,27.00,0.7462,,MR60BHA2_breath_phase,safenest-node-01
49.4300,-0.010000,S001,S001_NORMAL_D06,1,NORMAL_D06,27.00,0.7462,,MR60BHA2_breath_phase,safenest-node-01
49.5300,-0.040000,S001,S001_NORMAL_D06,1,NORMAL_D06,27.00,0.7462,,MR60BHA2_breath_phase,safenest-node-01
49.6300,-0.090000,S001,S001_NORMAL_D06,1,NORMAL_D06,27.00,0.7462,,MR60BHA2_breath_phase,safenest-node-01
49.7300,-0.120000,S001,S001_NORMAL_D06,1,NORMAL_D06,28.00,0.7462,,MR60BHA2_breath_phase,safenest-node-01
49.8300,-0.120000,S001,S001_NORMAL_D06,1,NORMAL_D06,28.00,0.7462,,MR60BHA2_breath_phase,safenest-node-01
49.9300,-0.090000,S001,S001_NORMAL_D06,1,NORMAL_D06,28.00,0.7462,,MR60BHA2_breath_phase,safenest-node-01
50.0300,-0.070000,S001,S001_NORMAL_D06,1,NORMAL_D06,28.00,0.7462,,MR60BHA2_breath_phase,safenest-node-01
50.1300,-0.000000,S001,S001_NORMAL_D06,1,NORMAL_D06,28.00,0.7462,,MR60BHA2_breath_phase,safenest-node-01
50.2300,0.090000,S001,S001_NORMAL_D06,1,NORMAL_D06,28.00,0.7462,,MR60BHA2_breath_phase,safenest-node-01
50.3300,0.200000,S001,S001_NORMAL_D06,1,NORMAL_D06,28.00,0.7462,,MR60BHA2_breath_phase,safenest-node-01
50.4300,0.250000,S001,S001_NORMAL_D06,1,NORMAL_D06,28.00,0.7462,,MR60BHA2_breath_phase,safenest-node-01
50.5300,0.370000,S001,S001_NORMAL_D06,1,NORMAL_D06,28.00,0.7462,,MR60BHA2_breath_phase,safenest-node-01
50.6300,0.430000,S001,S001_NORMAL_D06,1,NORMAL_D06,28.00,0.7462,,MR60BHA2_breath_phase,safenest-node-01
50.7300,0.530000,S001,S001_NORMAL_D06,1,NORMAL_D06,28.00,0.7462,,MR60BHA2_breath_phase,safenest-node-01
50.8300,0.610000,S001,S001_NORMAL_D06,1,NORMAL_D06,28.00,0.7462,,MR60BHA2_breath_phase,safenest-node-01
50.9300,0.630000,S001,S001_NORMAL_D06,1,NORMAL_D06,28.00,0.7462,,MR60BHA2_breath_phase,safenest-node-01
51.0300,0.660000,S001,S001_NORMAL_D06,1,NORMAL_D06,28.00,0.7462,,MR60BHA2_breath_phase,safenest-node-01
51.1300,0.660000,S001,S001_NORMAL_D06,1,NORMAL_D06,28.00,0.7462,,MR60BHA2_breath_phase,safenest-node-01
51.2300,0.620000,S001,S001_NORMAL_D06,1,NORMAL_D06,28.00,0.7462,,MR60BHA2_breath_phase,safenest-node-01
51.3300,0.550000,S001,S001_NORMAL_D06,1,NORMAL_D06,28.00,0.7462,,MR60BHA2_breath_phase,safenest-node-01
51.4300,0.500000,S001,S001_NORMAL_D06,1,NORMAL_D06,28.00,0.7462,,MR60BHA2_breath_phase,safenest-node-01
51.5300,0.380000,S001,S001_NORMAL_D06,1,NORMAL_D06,29.00,0.7462,,MR60BHA2_breath_phase,safenest-node-01
51.6300,0.320000,S001,S001_NORMAL_D06,1,NORMAL_D06,29.00,0.7462,,MR60BHA2_breath_phase,safenest-node-01
51.7300,0.180000,S001,S001_NORMAL_D06,1,NORMAL_D06,29.00,0.7462,,MR60BHA2_breath_phase,safenest-node-01
51.8300,0.040000,S001,S001_NORMAL_D06,1,NORMAL_D06,29.00,0.7462,,MR60BHA2_breath_phase,safenest-node-01
51.9300,-0.020000,S001,S001_NORMAL_D06,1,NORMAL_D06,29.00,0.7462,,MR60BHA2_breath_phase,safenest-node-01
52.0300,-0.140000,S001,S001_NORMAL_D06,1,NORMAL_D06,29.00,0.7462,,MR60BHA2_breath_phase,safenest-node-01
52.1300,-0.180000,S001,S001_NORMAL_D06,1,NORMAL_D06,29.00,0.7462,,MR60BHA2_breath_phase,safenest-node-01
52.2300,-0.250000,S001,S001_NORMAL_D06,1,NORMAL_D06,29.00,0.7462,,MR60BHA2_breath_phase,safenest-node-01
52.3300,-0.300000,S001,S001_NORMAL_D06,1,NORMAL_D06,29.00,0.7462,,MR60BHA2_breath_phase,safenest-node-01
52.4300,-0.300000,S001,S001_NORMAL_D06,1,NORMAL_D06,29.00,0.7462,,MR60BHA2_breath_phase,safenest-node-01
52.5300,-0.300000,S001,S001_NORMAL_D06,1,NORMAL_D06,29.00,0.7462,,MR60BHA2_breath_phase,safenest-node-01
52.6300,-0.290000,S001,S001_NORMAL_D06,1,NORMAL_D06,29.00,0.7462,,MR60BHA2_breath_phase,safenest-node-01
52.7300,-0.240000,S001,S001_NORMAL_D06,1,NORMAL_D06,29.00,0.7462,,MR60BHA2_breath_phase,safenest-node-01
52.8300,-0.160000,S001,S001_NORMAL_D06,1,NORMAL_D06,29.00,0.7462,,MR60BHA2_breath_phase,safenest-node-01
52.9310,-0.120000,S001,S001_NORMAL_D06,1,NORMAL_D06,29.00,0.7462,,MR60BHA2_breath_phase,safenest-node-01
53.0310,-0.010000,S001,S001_NORMAL_D06,1,NORMAL_D06,29.00,0.7462,,MR60BHA2_breath_phase,safenest-node-01
53.1310,0.050000,S001,S001_NORMAL_D06,1,NORMAL_D06,29.00,0.7462,,MR60BHA2_breath_phase,safenest-node-01
53.2310,0.160000,S001,S001_NORMAL_D06,1,NORMAL_D06,29.00,0.7462,,MR60BHA2_breath_phase,safenest-node-01
53.3310,0.260000,S001,S001_NORMAL_D06,1,NORMAL_D06,29.00,0.7462,,MR60BHA2_breath_phase,safenest-node-01
53.4310,0.320000,S001,S001_NORMAL_D06,1,NORMAL_D06,28.00,0.7462,,MR60BHA2_breath_phase,safenest-node-01
53.5310,0.340000,S001,S001_NORMAL_D06,1,NORMAL_D06,28.00,0.7462,,MR60BHA2_breath_phase,safenest-node-01
53.6310,0.340000,S001,S001_NORMAL_D06,1,NORMAL_D06,28.00,0.7462,,MR60BHA2_breath_phase,safenest-node-01
53.7310,0.320000,S001,S001_NORMAL_D06,1,NORMAL_D06,28.00,0.7462,,MR60BHA2_breath_phase,safenest-node-01
53.8310,0.240000,S001,S001_NORMAL_D06,1,NORMAL_D06,28.00,0.7462,,MR60BHA2_breath_phase,safenest-node-01
53.9310,0.130000,S001,S001_NORMAL_D06,1,NORMAL_D06,28.00,0.7462,,MR60BHA2_breath_phase,safenest-node-01
54.0310,0.060000,S001,S001_NORMAL_D06,1,NORMAL_D06,28.00,0.7462,,MR60BHA2_breath_phase,safenest-node-01
54.1310,-0.080000,S001,S001_NORMAL_D06,1,NORMAL_D06,28.00,0.7462,,MR60BHA2_breath_phase,safenest-node-01
54.2310,-0.150000,S001,S001_NORMAL_D06,1,NORMAL_D06,28.00,0.7462,,MR60BHA2_breath_phase,safenest-node-01
54.3310,-0.290000,S001,S001_NORMAL_D06,1,NORMAL_D06,28.00,0.7462,,MR60BHA2_breath_phase,safenest-node-01
54.4310,-0.410000,S001,S001_NORMAL_D06,1,NORMAL_D06,28.00,0.7462,,MR60BHA2_breath_phase,safenest-node-01
54.5310,-0.460000,S001,S001_NORMAL_D06,1,NORMAL_D06,28.00,0.7462,,MR60BHA2_breath_phase,safenest-node-01
54.6310,-0.530000,S001,S001_NORMAL_D06,1,NORMAL_D06,28.00,0.7462,,MR60BHA2_breath_phase,safenest-node-01
54.7310,-0.550000,S001,S001_NORMAL_D06,1,NORMAL_D06,28.00,0.7462,,MR60BHA2_breath_phase,safenest-node-01
54.8310,-0.560000,S001,S001_NORMAL_D06,1,NORMAL_D06,28.00,0.7462,,MR60BHA2_breath_phase,safenest-node-01
54.9310,-0.540000,S001,S001_NORMAL_D06,1,NORMAL_D06,28.00,0.7462,,MR60BHA2_breath_phase,safenest-node-01
55.0310,-0.520000,S001,S001_NORMAL_D06,1,NORMAL_D06,28.00,0.7462,,MR60BHA2_breath_phase,safenest-node-01
55.1310,-0.440000,S001,S001_NORMAL_D06,1,NORMAL_D06,28.00,0.7462,,MR60BHA2_breath_phase,safenest-node-01
55.2310,-0.400000,S001,S001_NORMAL_D06,1,NORMAL_D06,28.00,0.7462,,MR60BHA2_breath_phase,safenest-node-01
55.3310,-0.290000,S001,S001_NORMAL_D06,1,NORMAL_D06,28.00,0.7462,,MR60BHA2_breath_phase,safenest-node-01
55.4310,-0.180000,S001,S001_NORMAL_D06,1,NORMAL_D06,28.00,0.7462,,MR60BHA2_breath_phase,safenest-node-01
55.5310,-0.120000,S001,S001_NORMAL_D06,1,NORMAL_D06,28.00,0.7462,,MR60BHA2_breath_phase,safenest-node-01
55.6310,0.000000,S001,S001_NORMAL_D06,1,NORMAL_D06,28.00,0.7462,,MR60BHA2_breath_phase,safenest-node-01
55.7310,0.060000,S001,S001_NORMAL_D06,1,NORMAL_D06,28.00,0.7462,,MR60BHA2_breath_phase,safenest-node-01
55.8310,0.160000,S001,S001_NORMAL_D06,1,NORMAL_D06,28.00,0.7462,,MR60BHA2_breath_phase,safenest-node-01
55.9310,0.250000,S001,S001_NORMAL_D06,1,NORMAL_D06,28.00,0.7462,,MR60BHA2_breath_phase,safenest-node-01
56.0310,0.280000,S001,S001_NORMAL_D06,1,NORMAL_D06,28.00,0.7462,,MR60BHA2_breath_phase,safenest-node-01
56.1310,0.330000,S001,S001_NORMAL_D06,1,NORMAL_D06,28.00,0.7462,,MR60BHA2_breath_phase,safenest-node-01
56.2310,0.350000,S001,S001_NORMAL_D06,1,NORMAL_D06,28.00,0.7462,,MR60BHA2_breath_phase,safenest-node-01
56.3310,0.350000,S001,S001_NORMAL_D06,1,NORMAL_D06,28.00,0.7462,,MR60BHA2_breath_phase,safenest-node-01
56.4310,0.320000,S001,S001_NORMAL_D06,1,NORMAL_D06,28.00,0.7462,,MR60BHA2_breath_phase,safenest-node-01
56.5310,0.300000,S001,S001_NORMAL_D06,1,NORMAL_D06,28.00,0.7462,,MR60BHA2_breath_phase,safenest-node-01
56.6310,0.230000,S001,S001_NORMAL_D06,1,NORMAL_D06,28.00,0.7462,,MR60BHA2_breath_phase,safenest-node-01
56.7310,0.190000,S001,S001_NORMAL_D06,1,NORMAL_D06,28.00,0.7462,,MR60BHA2_breath_phase,safenest-node-01
56.8310,0.100000,S001,S001_NORMAL_D06,1,NORMAL_D06,28.00,0.7462,,MR60BHA2_breath_phase,safenest-node-01
56.9320,0.010000,S001,S001_NORMAL_D06,1,NORMAL_D06,28.00,0.7462,,MR60BHA2_breath_phase,safenest-node-01
57.0320,-0.040000,S001,S001_NORMAL_D06,1,NORMAL_D06,28.00,0.7462,,MR60BHA2_breath_phase,safenest-node-01
57.1320,-0.120000,S001,S001_NORMAL_D06,1,NORMAL_D06,28.00,0.7462,,MR60BHA2_breath_phase,safenest-node-01
57.2320,-0.160000,S001,S001_NORMAL_D06,1,NORMAL_D06,28.00,0.7462,,MR60BHA2_breath_phase,safenest-node-01
57.3320,-0.230000,S001,S001_NORMAL_D06,1,NORMAL_D06,28.00,0.7462,,MR60BHA2_breath_phase,safenest-node-01
57.4320,-0.250000,S001,S001_NORMAL_D06,1,NORMAL_D06,28.00,0.7462,,MR60BHA2_breath_phase,safenest-node-01
57.5320,-0.290000,S001,S001_NORMAL_D06,1,NORMAL_D06,28.00,0.7462,,MR60BHA2_breath_phase,safenest-node-01
57.6320,-0.310000,S001,S001_NORMAL_D06,1,NORMAL_D06,28.00,0.7462,,MR60BHA2_breath_phase,safenest-node-01
57.7320,-0.320000,S001,S001_NORMAL_D06,1,NORMAL_D06,28.00,0.7462,,MR60BHA2_breath_phase,safenest-node-01
57.8320,-0.320000,S001,S001_NORMAL_D06,1,NORMAL_D06,28.00,0.7462,,MR60BHA2_breath_phase,safenest-node-01
57.9320,-0.320000,S001,S001_NORMAL_D06,1,NORMAL_D06,28.00,0.7462,,MR60BHA2_breath_phase,safenest-node-01
58.0320,-0.300000,S001,S001_NORMAL_D06,1,NORMAL_D06,28.00,0.7462,,MR60BHA2_breath_phase,safenest-node-01
58.1320,-0.290000,S001,S001_NORMAL_D06,1,NORMAL_D06,28.00,0.7462,,MR60BHA2_breath_phase,safenest-node-01
58.2320,-0.270000,S001,S001_NORMAL_D06,1,NORMAL_D06,28.00,0.7462,,MR60BHA2_breath_phase,safenest-node-01
58.3320,-0.240000,S001,S001_NORMAL_D06,1,NORMAL_D06,28.00,0.7462,,MR60BHA2_breath_phase,safenest-node-01
58.4320,-0.220000,S001,S001_NORMAL_D06,1,NORMAL_D06,28.00,0.7462,,MR60BHA2_breath_phase,safenest-node-01
58.5320,-0.180000,S001,S001_NORMAL_D06,1,NORMAL_D06,28.00,0.7462,,MR60BHA2_breath_phase,safenest-node-01
58.6320,-0.160000,S001,S001_NORMAL_D06,1,NORMAL_D06,28.00,0.7462,,MR60BHA2_breath_phase,safenest-node-01
58.7320,-0.120000,S001,S001_NORMAL_D06,1,NORMAL_D06,28.00,0.7462,,MR60BHA2_breath_phase,safenest-node-01
58.8320,-0.080000,S001,S001_NORMAL_D06,1,NORMAL_D06,28.00,0.7462,,MR60BHA2_breath_phase,safenest-node-01
58.9320,-0.060000,S001,S001_NORMAL_D06,1,NORMAL_D06,28.00,0.7462,,MR60BHA2_breath_phase,safenest-node-01
59.0320,-0.010000,S001,S001_NORMAL_D06,1,NORMAL_D06,28.00,0.7462,,MR60BHA2_breath_phase,safenest-node-01
59.1320,0.010000,S001,S001_NORMAL_D06,1,NORMAL_D06,28.00,0.7462,,MR60BHA2_breath_phase,safenest-node-01
59.2320,0.070000,S001,S001_NORMAL_D06,1,NORMAL_D06,28.00,0.7462,,MR60BHA2_breath_phase,safenest-node-01
59.3320,0.130000,S001,S001_NORMAL_D06,1,NORMAL_D06,28.00,0.7462,,MR60BHA2_breath_phase,safenest-node-01
59.4320,0.160000,S001,S001_NORMAL_D06,1,NORMAL_D06,28.00,0.7462,,MR60BHA2_breath_phase,safenest-node-01
59.5320,0.220000,S001,S001_NORMAL_D06,1,NORMAL_D06,28.00,0.7462,,MR60BHA2_breath_phase,safenest-node-01
59.6320,0.250000,S001,S001_NORMAL_D06,1,NORMAL_D06,28.00,0.7462,,MR60BHA2_breath_phase,safenest-node-01
59.7320,0.300000,S001,S001_NORMAL_D06,1,NORMAL_D06,28.00,0.7462,,MR60BHA2_breath_phase,safenest-node-01
59.8320,0.340000,S001,S001_NORMAL_D06,1,NORMAL_D06,27.00,0.7462,,MR60BHA2_breath_phase,safenest-node-01
59.9320,0.360000,S001,S001_NORMAL_D06,1,NORMAL_D06,27.00,0.7462,,MR60BHA2_breath_phase,safenest-node-01
60.0320,0.360000,S001,S001_NORMAL_D06,1,NORMAL_D06,27.00,0.7462,,MR60BHA2_breath_phase,safenest-node-01
60.1320,0.360000,S001,S001_NORMAL_D06,1,NORMAL_D06,27.00,0.7462,,MR60BHA2_breath_phase,safenest-node-01
60.2320,0.330000,S001,S001_NORMAL_D06,1,NORMAL_D06,27.00,0.7462,,MR60BHA2_breath_phase,safenest-node-01
60.3330,0.280000,S001,S001_NORMAL_D06,1,NORMAL_D06,27.00,0.7462,,MR60BHA2_breath_phase,safenest-node-01
60.4330,0.250000,S001,S001_NORMAL_D06,1,NORMAL_D06,27.00,0.7462,,MR60BHA2_breath_phase,safenest-node-01
60.5330,0.170000,S001,S001_NORMAL_D06,1,NORMAL_D06,27.00,0.7462,,MR60BHA2_breath_phase,safenest-node-01
60.6330,0.130000,S001,S001_NORMAL_D06,1,NORMAL_D06,26.00,0.7462,,MR60BHA2_breath_phase,safenest-node-01
60.7330,0.050000,S001,S001_NORMAL_D06,1,NORMAL_D06,26.00,0.7462,,MR60BHA2_breath_phase,safenest-node-01
60.8330,-0.030000,S001,S001_NORMAL_D06,1,NORMAL_D06,26.00,0.6888,,MR60BHA2_breath_phase,safenest-node-01
60.9330,-0.070000,S001,S001_NORMAL_D06,1,NORMAL_D06,26.00,0.6888,,MR60BHA2_breath_phase,safenest-node-01
61.0330,-0.130000,S001,S001_NORMAL_D06,1,NORMAL_D06,26.00,0.6888,,MR60BHA2_breath_phase,safenest-node-01
61.1330,-0.150000,S001,S001_NORMAL_D06,1,NORMAL_D06,26.00,0.6888,,MR60BHA2_breath_phase,safenest-node-01
61.2330,-0.180000,S001,S001_NORMAL_D06,1,NORMAL_D06,26.00,0.6888,,MR60BHA2_breath_phase,safenest-node-01
61.3340,-0.190000,S001,S001_NORMAL_D06,1,NORMAL_D06,26.00,0.6888,,MR60BHA2_breath_phase,safenest-node-01
61.4340,-0.190000,S001,S001_NORMAL_D06,1,NORMAL_D06,26.00,0.6888,,MR60BHA2_breath_phase,safenest-node-01
61.5340,-0.160000,S001,S001_NORMAL_D06,1,NORMAL_D06,26.00,0.6888,,MR60BHA2_breath_phase,safenest-node-01
61.6340,-0.150000,S001,S001_NORMAL_D06,1,NORMAL_D06,25.00,0.6888,,MR60BHA2_breath_phase,safenest-node-01
61.7340,-0.100000,S001,S001_NORMAL_D06,1,NORMAL_D06,25.00,0.6888,,MR60BHA2_breath_phase,safenest-node-01
61.8340,-0.030000,S001,S001_NORMAL_D06,1,NORMAL_D06,25.00,0.6888,,MR60BHA2_breath_phase,safenest-node-01
61.9340,0.000000,S001,S001_NORMAL_D06,1,NORMAL_D06,25.00,0.6888,,MR60BHA2_breath_phase,safenest-node-01
62.0340,0.040000,S001,S001_NORMAL_D06,1,NORMAL_D06,25.00,0.6888,,MR60BHA2_breath_phase,safenest-node-01
62.1340,0.120000,S001,S001_NORMAL_D06,1,NORMAL_D06,25.00,0.6888,,MR60BHA2_breath_phase,safenest-node-01
62.2340,0.190000,S001,S001_NORMAL_D06,1,NORMAL_D06,25.00,0.6888,,MR60BHA2_breath_phase,safenest-node-01
62.3350,0.220000,S001,S001_NORMAL_D06,1,NORMAL_D06,25.00,0.6888,,MR60BHA2_breath_phase,safenest-node-01
62.4350,0.280000,S001,S001_NORMAL_D06,1,NORMAL_D06,25.00,0.6888,,MR60BHA2_breath_phase,safenest-node-01
62.5350,0.300000,S001,S001_NORMAL_D06,1,NORMAL_D06,25.00,0.6888,,MR60BHA2_breath_phase,safenest-node-01
62.6350,0.330000,S001,S001_NORMAL_D06,1,NORMAL_D06,25.00,0.6888,,MR60BHA2_breath_phase,safenest-node-01
62.7350,0.330000,S001,S001_NORMAL_D06,1,NORMAL_D06,25.00,0.6888,,MR60BHA2_breath_phase,safenest-node-01
62.8360,0.310000,S001,S001_NORMAL_D06,1,NORMAL_D06,25.00,0.6888,,MR60BHA2_breath_phase,safenest-node-01
62.9360,0.300000,S001,S001_NORMAL_D06,1,NORMAL_D06,25.00,0.6888,,MR60BHA2_breath_phase,safenest-node-01
63.0360,0.270000,S001,S001_NORMAL_D06,1,NORMAL_D06,25.00,0.6888,,MR60BHA2_breath_phase,safenest-node-01
63.1360,0.210000,S001,S001_NORMAL_D06,1,NORMAL_D06,25.00,0.6888,,MR60BHA2_breath_phase,safenest-node-01
63.2360,0.130000,S001,S001_NORMAL_D06,1,NORMAL_D06,24.00,0.6888,,MR60BHA2_breath_phase,safenest-node-01
63.3360,0.080000,S001,S001_NORMAL_D06,1,NORMAL_D06,24.00,0.6888,,MR60BHA2_breath_phase,safenest-node-01
63.4360,-0.010000,S001,S001_NORMAL_D06,1,NORMAL_D06,24.00,0.6888,,MR60BHA2_breath_phase,safenest-node-01
63.5360,-0.050000,S001,S001_NORMAL_D06,1,NORMAL_D06,24.00,0.6888,,MR60BHA2_breath_phase,safenest-node-01
63.6360,-0.140000,S001,S001_NORMAL_D06,1,NORMAL_D06,24.00,0.6888,,MR60BHA2_breath_phase,safenest-node-01
63.7360,-0.210000,S001,S001_NORMAL_D06,1,NORMAL_D06,24.00,0.6888,,MR60BHA2_breath_phase,safenest-node-01
63.8370,-0.240000,S001,S001_NORMAL_D06,1,NORMAL_D06,24.00,0.6888,,MR60BHA2_breath_phase,safenest-node-01
63.9370,-0.290000,S001,S001_NORMAL_D06,1,NORMAL_D06,24.00,0.6888,,MR60BHA2_breath_phase,safenest-node-01
64.0370,-0.320000,S001,S001_NORMAL_D06,1,NORMAL_D06,24.00,0.6888,,MR60BHA2_breath_phase,safenest-node-01
64.1370,-0.360000,S001,S001_NORMAL_D06,1,NORMAL_D06,24.00,0.6888,,MR60BHA2_breath_phase,safenest-node-01
64.2370,-0.390000,S001,S001_NORMAL_D06,1,NORMAL_D06,24.00,0.6888,,MR60BHA2_breath_phase,safenest-node-01
64.3370,-0.400000,S001,S001_NORMAL_D06,1,NORMAL_D06,24.00,0.6888,,MR60BHA2_breath_phase,safenest-node-01
64.4370,-0.420000,S001,S001_NORMAL_D06,1,NORMAL_D06,24.00,0.6888,,MR60BHA2_breath_phase,safenest-node-01
64.5370,-0.420000,S001,S001_NORMAL_D06,1,NORMAL_D06,24.00,0.7462,,MR60BHA2_breath_phase,safenest-node-01
64.6370,-0.430000,S001,S001_NORMAL_D06,1,NORMAL_D06,24.00,0.7462,,MR60BHA2_breath_phase,safenest-node-01
64.7370,-0.410000,S001,S001_NORMAL_D06,1,NORMAL_D06,24.00,0.7462,,MR60BHA2_breath_phase,safenest-node-01
64.8370,-0.390000,S001,S001_NORMAL_D06,1,NORMAL_D06,24.00,0.7462,,MR60BHA2_breath_phase,safenest-node-01
64.9370,-0.330000,S001,S001_NORMAL_D06,1,NORMAL_D06,24.00,0.7462,,MR60BHA2_breath_phase,safenest-node-01
65.0370,-0.290000,S001,S001_NORMAL_D06,1,NORMAL_D06,24.00,0.7462,,MR60BHA2_breath_phase,safenest-node-01
65.1370,-0.190000,S001,S001_NORMAL_D06,1,NORMAL_D06,24.00,0.7462,,MR60BHA2_breath_phase,safenest-node-01
65.2370,-0.060000,S001,S001_NORMAL_D06,1,NORMAL_D06,24.00,0.7462,,MR60BHA2_breath_phase,safenest-node-01
65.3370,0.010000,S001,S001_NORMAL_D06,1,NORMAL_D06,24.00,0.7462,,MR60BHA2_breath_phase,safenest-node-01
65.4370,0.150000,S001,S001_NORMAL_D06,1,NORMAL_D06,24.00,0.7462,,MR60BHA2_breath_phase,safenest-node-01
65.5370,0.220000,S001,S001_NORMAL_D06,1,NORMAL_D06,24.00,0.7462,,MR60BHA2_breath_phase,safenest-node-01
65.6370,0.350000,S001,S001_NORMAL_D06,1,NORMAL_D06,24.00,0.7462,,MR60BHA2_breath_phase,safenest-node-01
65.7370,0.470000,S001,S001_NORMAL_D06,1,NORMAL_D06,24.00,0.7462,,MR60BHA2_breath_phase,safenest-node-01
65.8370,0.510000,S001,S001_NORMAL_D06,1,NORMAL_D06,24.00,0.7462,,MR60BHA2_breath_phase,safenest-node-01
65.9370,0.570000,S001,S001_NORMAL_D06,1,NORMAL_D06,24.00,0.7462,,MR60BHA2_breath_phase,safenest-node-01
66.0370,0.580000,S001,S001_NORMAL_D06,1,NORMAL_D06,24.00,0.7462,,MR60BHA2_breath_phase,safenest-node-01
66.1370,0.560000,S001,S001_NORMAL_D06,1,NORMAL_D06,24.00,0.7462,,MR60BHA2_breath_phase,safenest-node-01
66.2370,0.490000,S001,S001_NORMAL_D06,1,NORMAL_D06,24.00,0.7462,,MR60BHA2_breath_phase,safenest-node-01
66.3370,0.440000,S001,S001_NORMAL_D06,1,NORMAL_D06,24.00,0.7462,,MR60BHA2_breath_phase,safenest-node-01
66.4380,0.310000,S001,S001_NORMAL_D06,1,NORMAL_D06,24.00,0.7462,,MR60BHA2_breath_phase,safenest-node-01
66.5380,0.230000,S001,S001_NORMAL_D06,1,NORMAL_D06,24.00,0.7462,,MR60BHA2_breath_phase,safenest-node-01
66.6380,0.050000,S001,S001_NORMAL_D06,1,NORMAL_D06,24.00,0.7462,,MR60BHA2_breath_phase,safenest-node-01
66.7390,-0.140000,S001,S001_NORMAL_D06,1,NORMAL_D06,24.00,0.7462,,MR60BHA2_breath_phase,safenest-node-01
66.8390,-0.240000,S001,S001_NORMAL_D06,1,NORMAL_D06,24.00,0.7462,,MR60BHA2_breath_phase,safenest-node-01
66.9390,-0.330000,S001,S001_NORMAL_D06,1,NORMAL_D06,24.00,0.7462,,MR60BHA2_breath_phase,safenest-node-01
67.0390,-0.480000,S001,S001_NORMAL_D06,1,NORMAL_D06,24.00,0.7462,,MR60BHA2_breath_phase,safenest-node-01
67.1390,-0.590000,S001,S001_NORMAL_D06,1,NORMAL_D06,24.00,0.7462,,MR60BHA2_breath_phase,safenest-node-01
67.2390,-0.650000,S001,S001_NORMAL_D06,1,NORMAL_D06,24.00,0.7462,,MR60BHA2_breath_phase,safenest-node-01
67.3390,-0.650000,S001,S001_NORMAL_D06,1,NORMAL_D06,24.00,0.7462,,MR60BHA2_breath_phase,safenest-node-01
67.4390,-0.640000,S001,S001_NORMAL_D06,1,NORMAL_D06,24.00,0.7462,,MR60BHA2_breath_phase,safenest-node-01
67.5390,-0.590000,S001,S001_NORMAL_D06,1,NORMAL_D06,24.00,0.7462,,MR60BHA2_breath_phase,safenest-node-01
67.6390,-0.480000,S001,S001_NORMAL_D06,1,NORMAL_D06,24.00,0.7462,,MR60BHA2_breath_phase,safenest-node-01
67.7410,-0.410000,S001,S001_NORMAL_D06,1,NORMAL_D06,24.00,0.7462,,MR60BHA2_breath_phase,safenest-node-01
67.8410,-0.250000,S001,S001_NORMAL_D06,1,NORMAL_D06,24.00,0.7462,,MR60BHA2_breath_phase,safenest-node-01
67.9410,-0.160000,S001,S001_NORMAL_D06,1,NORMAL_D06,24.00,0.7462,,MR60BHA2_breath_phase,safenest-node-01
68.0410,0.030000,S001,S001_NORMAL_D06,1,NORMAL_D06,24.00,0.7462,,MR60BHA2_breath_phase,safenest-node-01
68.1410,0.220000,S001,S001_NORMAL_D06,1,NORMAL_D06,24.00,0.7462,,MR60BHA2_breath_phase,safenest-node-01
68.2410,0.320000,S001,S001_NORMAL_D06,1,NORMAL_D06,24.00,0.7462,,MR60BHA2_breath_phase,safenest-node-01
68.3410,0.490000,S001,S001_NORMAL_D06,1,NORMAL_D06,24.00,0.7462,,MR60BHA2_breath_phase,safenest-node-01
68.4410,0.570000,S001,S001_NORMAL_D06,1,NORMAL_D06,24.00,0.7462,,MR60BHA2_breath_phase,safenest-node-01
68.5410,0.680000,S001,S001_NORMAL_D06,1,NORMAL_D06,24.00,0.7462,,MR60BHA2_breath_phase,safenest-node-01
68.6410,0.750000,S001,S001_NORMAL_D06,1,NORMAL_D06,24.00,0.7462,,MR60BHA2_breath_phase,safenest-node-01
68.7410,0.760000,S001,S001_NORMAL_D06,1,NORMAL_D06,24.00,0.7462,,MR60BHA2_breath_phase,safenest-node-01
68.8410,0.740000,S001,S001_NORMAL_D06,1,NORMAL_D06,24.00,0.7462,,MR60BHA2_breath_phase,safenest-node-01
68.9410,0.710000,S001,S001_NORMAL_D06,1,NORMAL_D06,24.00,0.7462,,MR60BHA2_breath_phase,safenest-node-01
69.0410,0.610000,S001,S001_NORMAL_D06,1,NORMAL_D06,24.00,0.7462,,MR60BHA2_breath_phase,safenest-node-01
69.1410,0.480000,S001,S001_NORMAL_D06,1,NORMAL_D06,24.00,0.7462,,MR60BHA2_breath_phase,safenest-node-01
69.2410,0.400000,S001,S001_NORMAL_D06,1,NORMAL_D06,24.00,0.7462,,MR60BHA2_breath_phase,safenest-node-01
69.3410,0.240000,S001,S001_NORMAL_D06,1,NORMAL_D06,24.00,0.7462,,MR60BHA2_breath_phase,safenest-node-01
69.4410,0.160000,S001,S001_NORMAL_D06,1,NORMAL_D06,24.00,0.7462,,MR60BHA2_breath_phase,safenest-node-01
69.5410,-0.010000,S001,S001_NORMAL_D06,1,NORMAL_D06,24.00,0.7462,,MR60BHA2_breath_phase,safenest-node-01
69.6410,-0.160000,S001,S001_NORMAL_D06,1,NORMAL_D06,24.00,0.7462,,MR60BHA2_breath_phase,safenest-node-01
69.7410,-0.220000,S001,S001_NORMAL_D06,1,NORMAL_D06,24.00,0.7462,,MR60BHA2_breath_phase,safenest-node-01
69.8410,-0.330000,S001,S001_NORMAL_D06,1,NORMAL_D06,24.00,0.7462,,MR60BHA2_breath_phase,safenest-node-01
69.9410,-0.370000,S001,S001_NORMAL_D06,1,NORMAL_D06,24.00,0.7462,,MR60BHA2_breath_phase,safenest-node-01
70.0410,-0.430000,S001,S001_NORMAL_D06,1,NORMAL_D06,24.00,0.7462,,MR60BHA2_breath_phase,safenest-node-01
70.1410,-0.450000,S001,S001_NORMAL_D06,1,NORMAL_D06,23.00,0.7462,,MR60BHA2_breath_phase,safenest-node-01
70.2410,-0.440000,S001,S001_NORMAL_D06,1,NORMAL_D06,23.00,0.7462,,MR60BHA2_breath_phase,safenest-node-01
70.3410,-0.390000,S001,S001_NORMAL_D06,1,NORMAL_D06,23.00,0.7462,,MR60BHA2_breath_phase,safenest-node-01
70.4410,-0.350000,S001,S001_NORMAL_D06,1,NORMAL_D06,24.00,0.7462,,MR60BHA2_breath_phase,safenest-node-01
70.5410,-0.240000,S001,S001_NORMAL_D06,1,NORMAL_D06,24.00,0.7462,,MR60BHA2_breath_phase,safenest-node-01
70.6420,-0.100000,S001,S001_NORMAL_D06,1,NORMAL_D06,24.00,0.7462,,MR60BHA2_breath_phase,safenest-node-01
70.7420,-0.020000,S001,S001_NORMAL_D06,1,NORMAL_D06,24.00,0.7462,,MR60BHA2_breath_phase,safenest-node-01
70.8420,0.130000,S001,S001_NORMAL_D06,1,NORMAL_D06,24.00,0.7462,,MR60BHA2_breath_phase,safenest-node-01
70.9420,0.200000,S001,S001_NORMAL_D06,1,NORMAL_D06,25.00,0.7462,,MR60BHA2_breath_phase,safenest-node-01
71.0420,0.320000,S001,S001_NORMAL_D06,1,NORMAL_D06,25.00,0.7462,,MR60BHA2_breath_phase,safenest-node-01
71.1420,0.400000,S001,S001_NORMAL_D06,1,NORMAL_D06,25.00,0.7462,,MR60BHA2_breath_phase,safenest-node-01
71.2420,0.430000,S001,S001_NORMAL_D06,1,NORMAL_D06,25.00,0.7462,,MR60BHA2_breath_phase,safenest-node-01
71.3420,0.440000,S001,S001_NORMAL_D06,1,NORMAL_D06,25.00,0.7462,,MR60BHA2_breath_phase,safenest-node-01
71.4420,0.440000,S001,S001_NORMAL_D06,1,NORMAL_D06,25.00,0.7462,,MR60BHA2_breath_phase,safenest-node-01
71.5420,0.390000,S001,S001_NORMAL_D06,1,NORMAL_D06,25.00,0.7462,,MR60BHA2_breath_phase,safenest-node-01
71.6420,0.310000,S001,S001_NORMAL_D06,1,NORMAL_D06,25.00,0.7462,,MR60BHA2_breath_phase,safenest-node-01
71.7420,0.260000,S001,S001_NORMAL_D06,1,NORMAL_D06,25.00,0.7462,,MR60BHA2_breath_phase,safenest-node-01
71.8420,0.140000,S001,S001_NORMAL_D06,1,NORMAL_D06,26.00,0.7462,,MR60BHA2_breath_phase,safenest-node-01
71.9420,0.080000,S001,S001_NORMAL_D06,1,NORMAL_D06,26.00,0.7462,,MR60BHA2_breath_phase,safenest-node-01
72.0420,-0.050000,S001,S001_NORMAL_D06,1,NORMAL_D06,26.00,0.7462,,MR60BHA2_breath_phase,safenest-node-01
72.1420,-0.180000,S001,S001_NORMAL_D06,1,NORMAL_D06,26.00,0.7462,,MR60BHA2_breath_phase,safenest-node-01
72.2420,-0.250000,S001,S001_NORMAL_D06,1,NORMAL_D06,26.00,0.7462,,MR60BHA2_breath_phase,safenest-node-01
72.3420,-0.370000,S001,S001_NORMAL_D06,1,NORMAL_D06,26.00,0.7462,,MR60BHA2_breath_phase,safenest-node-01
72.4420,-0.430000,S001,S001_NORMAL_D06,1,NORMAL_D06,26.00,0.7462,,MR60BHA2_breath_phase,safenest-node-01
72.5420,-0.540000,S001,S001_NORMAL_D06,1,NORMAL_D06,26.00,0.7462,,MR60BHA2_breath_phase,safenest-node-01
72.6420,-0.620000,S001,S001_NORMAL_D06,1,NORMAL_D06,26.00,0.7462,,MR60BHA2_breath_phase,safenest-node-01
72.7420,-0.650000,S001,S001_NORMAL_D06,1,NORMAL_D06,26.00,0.7462,,MR60BHA2_breath_phase,safenest-node-01
72.8420,-0.680000,S001,S001_NORMAL_D06,1,NORMAL_D06,26.00,0.7462,,MR60BHA2_breath_phase,safenest-node-01
72.9420,-0.680000,S001,S001_NORMAL_D06,1,NORMAL_D06,27.00,0.7462,,MR60BHA2_breath_phase,safenest-node-01
73.0420,-0.660000,S001,S001_NORMAL_D06,1,NORMAL_D06,27.00,0.7462,,MR60BHA2_breath_phase,safenest-node-01
73.1420,-0.590000,S001,S001_NORMAL_D06,1,NORMAL_D06,27.00,0.7462,,MR60BHA2_breath_phase,safenest-node-01
73.2420,-0.550000,S001,S001_NORMAL_D06,1,NORMAL_D06,27.00,0.7462,,MR60BHA2_breath_phase,safenest-node-01
73.3420,-0.450000,S001,S001_NORMAL_D06,1,NORMAL_D06,27.00,0.7462,,MR60BHA2_breath_phase,safenest-node-01
73.4420,-0.390000,S001,S001_NORMAL_D06,1,NORMAL_D06,27.00,0.7462,,MR60BHA2_breath_phase,safenest-node-01
73.5420,-0.270000,S001,S001_NORMAL_D06,1,NORMAL_D06,27.00,0.7462,,MR60BHA2_breath_phase,safenest-node-01
73.6420,-0.150000,S001,S001_NORMAL_D06,1,NORMAL_D06,27.00,0.7462,,MR60BHA2_breath_phase,safenest-node-01
73.7420,-0.090000,S001,S001_NORMAL_D06,1,NORMAL_D06,27.00,0.7462,,MR60BHA2_breath_phase,safenest-node-01
73.8420,0.010000,S001,S001_NORMAL_D06,1,NORMAL_D06,27.00,0.7462,,MR60BHA2_breath_phase,safenest-node-01
73.9430,0.070000,S001,S001_NORMAL_D06,1,NORMAL_D06,27.00,0.7462,,MR60BHA2_breath_phase,safenest-node-01
74.0430,0.100000,S001,S001_NORMAL_D06,1,NORMAL_D06,27.00,0.7462,,MR60BHA2_breath_phase,safenest-node-01
74.1430,0.120000,S001,S001_NORMAL_D06,1,NORMAL_D06,27.00,0.7462,,MR60BHA2_breath_phase,safenest-node-01
74.2430,0.100000,S001,S001_NORMAL_D06,1,NORMAL_D06,27.00,0.6888,,MR60BHA2_breath_phase,safenest-node-01
74.3430,0.090000,S001,S001_NORMAL_D06,1,NORMAL_D06,27.00,0.6888,,MR60BHA2_breath_phase,safenest-node-01
74.4430,0.030000,S001,S001_NORMAL_D06,1,NORMAL_D06,27.00,0.6888,,MR60BHA2_breath_phase,safenest-node-01
74.5430,0.000000,S001,S001_NORMAL_D06,1,NORMAL_D06,27.00,0.6888,,MR60BHA2_breath_phase,safenest-node-01
74.6430,-0.070000,S001,S001_NORMAL_D06,1,NORMAL_D06,27.00,0.6888,,MR60BHA2_breath_phase,safenest-node-01
74.7430,-0.140000,S001,S001_NORMAL_D06,1,NORMAL_D06,27.00,0.6888,,MR60BHA2_breath_phase,safenest-node-01
74.8430,-0.160000,S001,S001_NORMAL_D06,1,NORMAL_D06,27.00,0.6888,,MR60BHA2_breath_phase,safenest-node-01
74.9430,-0.210000,S001,S001_NORMAL_D06,1,NORMAL_D06,27.00,0.6888,,MR60BHA2_breath_phase,safenest-node-01
75.0430,-0.230000,S001,S001_NORMAL_D06,1,NORMAL_D06,27.00,0.6888,,MR60BHA2_breath_phase,safenest-node-01
75.1430,-0.250000,S001,S001_NORMAL_D06,1,NORMAL_D06,27.00,0.6888,,MR60BHA2_breath_phase,safenest-node-01
75.2430,-0.240000,S001,S001_NORMAL_D06,1,NORMAL_D06,28.00,0.6888,,MR60BHA2_breath_phase,safenest-node-01
75.3430,-0.240000,S001,S001_NORMAL_D06,1,NORMAL_D06,28.00,0.6888,,MR60BHA2_breath_phase,safenest-node-01
75.4430,-0.210000,S001,S001_NORMAL_D06,1,NORMAL_D06,28.00,0.6888,,MR60BHA2_breath_phase,safenest-node-01
75.5430,-0.190000,S001,S001_NORMAL_D06,1,NORMAL_D06,28.00,0.7462,,MR60BHA2_breath_phase,safenest-node-01
75.6430,-0.130000,S001,S001_NORMAL_D06,1,NORMAL_D06,28.00,0.7462,,MR60BHA2_breath_phase,safenest-node-01
75.7430,-0.060000,S001,S001_NORMAL_D06,1,NORMAL_D06,28.00,0.7462,,MR60BHA2_breath_phase,safenest-node-01
75.8440,-0.030000,S001,S001_NORMAL_D06,1,NORMAL_D06,28.00,0.7462,,MR60BHA2_breath_phase,safenest-node-01
75.9440,0.050000,S001,S001_NORMAL_D06,1,NORMAL_D06,28.00,0.7462,,MR60BHA2_breath_phase,safenest-node-01
76.0440,0.100000,S001,S001_NORMAL_D06,1,NORMAL_D06,28.00,0.7462,,MR60BHA2_breath_phase,safenest-node-01
76.1440,0.180000,S001,S001_NORMAL_D06,1,NORMAL_D06,28.00,0.7462,,MR60BHA2_breath_phase,safenest-node-01
76.2440,0.260000,S001,S001_NORMAL_D06,1,NORMAL_D06,28.00,0.7462,,MR60BHA2_breath_phase,safenest-node-01
76.3450,0.300000,S001,S001_NORMAL_D06,1,NORMAL_D06,28.00,0.7462,,MR60BHA2_breath_phase,safenest-node-01
76.4450,0.380000,S001,S001_NORMAL_D06,1,NORMAL_D06,28.00,0.7462,,MR60BHA2_breath_phase,safenest-node-01
76.5450,0.410000,S001,S001_NORMAL_D06,1,NORMAL_D06,28.00,0.7462,,MR60BHA2_breath_phase,safenest-node-01
76.6450,0.480000,S001,S001_NORMAL_D06,1,NORMAL_D06,28.00,0.7462,,MR60BHA2_breath_phase,safenest-node-01
76.7450,0.540000,S001,S001_NORMAL_D06,1,NORMAL_D06,28.00,0.7462,,MR60BHA2_breath_phase,safenest-node-01
76.8450,0.580000,S001,S001_NORMAL_D06,1,NORMAL_D06,28.00,0.7462,,MR60BHA2_breath_phase,safenest-node-01
76.9450,0.590000,S001,S001_NORMAL_D06,1,NORMAL_D06,28.00,0.7462,,MR60BHA2_breath_phase,safenest-node-01
77.0450,0.600000,S001,S001_NORMAL_D06,1,NORMAL_D06,28.00,0.7462,,MR60BHA2_breath_phase,safenest-node-01
77.1450,0.590000,S001,S001_NORMAL_D06,1,NORMAL_D06,28.00,0.7462,,MR60BHA2_breath_phase,safenest-node-01
77.2450,0.560000,S001,S001_NORMAL_D06,1,NORMAL_D06,28.00,0.7462,,MR60BHA2_breath_phase,safenest-node-01
77.3450,0.510000,S001,S001_NORMAL_D06,1,NORMAL_D06,28.00,0.7462,,MR60BHA2_breath_phase,safenest-node-01
77.4450,0.480000,S001,S001_NORMAL_D06,1,NORMAL_D06,28.00,0.7462,,MR60BHA2_breath_phase,safenest-node-01
77.5450,0.400000,S001,S001_NORMAL_D06,1,NORMAL_D06,28.00,0.7462,,MR60BHA2_breath_phase,safenest-node-01
77.6450,0.360000,S001,S001_NORMAL_D06,1,NORMAL_D06,28.00,0.7462,,MR60BHA2_breath_phase,safenest-node-01
77.7450,0.290000,S001,S001_NORMAL_D06,1,NORMAL_D06,28.00,0.7462,,MR60BHA2_breath_phase,safenest-node-01
77.8460,0.230000,S001,S001_NORMAL_D06,1,NORMAL_D06,28.00,0.7462,,MR60BHA2_breath_phase,safenest-node-01
77.9460,0.210000,S001,S001_NORMAL_D06,1,NORMAL_D06,28.00,0.7462,,MR60BHA2_breath_phase,safenest-node-01
78.0460,0.190000,S001,S001_NORMAL_D06,1,NORMAL_D06,28.00,0.7462,,MR60BHA2_breath_phase,safenest-node-01
78.1460,0.180000,S001,S001_NORMAL_D06,1,NORMAL_D06,28.00,0.7462,,MR60BHA2_breath_phase,safenest-node-01
78.2460,0.190000,S001,S001_NORMAL_D06,1,NORMAL_D06,28.00,0.7462,,MR60BHA2_breath_phase,safenest-node-01
78.3460,0.220000,S001,S001_NORMAL_D06,1,NORMAL_D06,27.00,0.7462,,MR60BHA2_breath_phase,safenest-node-01
78.4460,0.230000,S001,S001_NORMAL_D06,1,NORMAL_D06,27.00,0.7462,,MR60BHA2_breath_phase,safenest-node-01
78.5460,0.260000,S001,S001_NORMAL_D06,1,NORMAL_D06,25.00,0.7462,,MR60BHA2_breath_phase,safenest-node-01
78.6460,0.280000,S001,S001_NORMAL_D06,1,NORMAL_D06,24.00,0.7462,,MR60BHA2_breath_phase,safenest-node-01
78.7460,0.290000,S001,S001_NORMAL_D06,1,NORMAL_D06,23.00,0.7462,,MR60BHA2_breath_phase,safenest-node-01
78.8460,0.280000,S001,S001_NORMAL_D06,1,NORMAL_D06,22.00,0.7462,,MR60BHA2_breath_phase,safenest-node-01
78.9460,0.260000,S001,S001_NORMAL_D06,1,NORMAL_D06,22.00,0.7462,,MR60BHA2_breath_phase,safenest-node-01
79.0460,0.210000,S001,S001_NORMAL_D06,1,NORMAL_D06,21.00,0.7462,,MR60BHA2_breath_phase,safenest-node-01
79.1460,0.170000,S001,S001_NORMAL_D06,1,NORMAL_D06,20.00,0.7462,,MR60BHA2_breath_phase,safenest-node-01
79.2460,0.080000,S001,S001_NORMAL_D06,1,NORMAL_D06,19.00,0.7462,,MR60BHA2_breath_phase,safenest-node-01
79.3460,-0.030000,S001,S001_NORMAL_D06,1,NORMAL_D06,18.00,0.7462,,MR60BHA2_breath_phase,safenest-node-01
79.4460,-0.080000,S001,S001_NORMAL_D06,1,NORMAL_D06,18.00,0.7462,,MR60BHA2_breath_phase,safenest-node-01
79.5460,-0.190000,S001,S001_NORMAL_D06,1,NORMAL_D06,17.00,0.7462,,MR60BHA2_breath_phase,safenest-node-01
79.6460,-0.240000,S001,S001_NORMAL_D06,1,NORMAL_D06,16.00,0.7462,,MR60BHA2_breath_phase,safenest-node-01
79.7460,-0.340000,S001,S001_NORMAL_D06,1,NORMAL_D06,15.00,0.7462,,MR60BHA2_breath_phase,safenest-node-01
79.8460,-0.410000,S001,S001_NORMAL_D06,1,NORMAL_D06,14.00,0.7462,,MR60BHA2_breath_phase,safenest-node-01
79.9460,-0.430000,S001,S001_NORMAL_D06,1,NORMAL_D06,14.00,0.7462,,MR60BHA2_breath_phase,safenest-node-01
80.0460,-0.470000,S001,S001_NORMAL_D06,1,NORMAL_D06,14.00,0.7462,,MR60BHA2_breath_phase,safenest-node-01
80.1460,-0.470000,S001,S001_NORMAL_D06,1,NORMAL_D06,13.00,0.7462,,MR60BHA2_breath_phase,safenest-node-01
80.2460,-0.460000,S001,S001_NORMAL_D06,1,NORMAL_D06,12.00,0.7462,,MR60BHA2_breath_phase,safenest-node-01
80.3460,-0.420000,S001,S001_NORMAL_D06,1,NORMAL_D06,12.00,0.7462,,MR60BHA2_breath_phase,safenest-node-01
80.4460,-0.390000,S001,S001_NORMAL_D06,1,NORMAL_D06,12.00,0.7462,,MR60BHA2_breath_phase,safenest-node-01
80.5460,-0.310000,S001,S001_NORMAL_D06,1,NORMAL_D06,11.00,0.7462,,MR60BHA2_breath_phase,safenest-node-01
80.6460,-0.260000,S001,S001_NORMAL_D06,1,NORMAL_D06,11.00,0.7462,,MR60BHA2_breath_phase,safenest-node-01
80.7460,-0.160000,S001,S001_NORMAL_D06,1,NORMAL_D06,10.00,0.7462,,MR60BHA2_breath_phase,safenest-node-01
80.8460,-0.050000,S001,S001_NORMAL_D06,1,NORMAL_D06,10.00,0.7462,,MR60BHA2_breath_phase,safenest-node-01
80.9460,-0.000000,S001,S001_NORMAL_D06,1,NORMAL_D06,10.00,0.7462,,MR60BHA2_breath_phase,safenest-node-01
81.0460,0.100000,S001,S001_NORMAL_D06,1,NORMAL_D06,9.00,0.7462,,MR60BHA2_breath_phase,safenest-node-01
81.1460,0.150000,S001,S001_NORMAL_D06,1,NORMAL_D06,9.00,0.7462,,MR60BHA2_breath_phase,safenest-node-01
81.2460,0.220000,S001,S001_NORMAL_D06,1,NORMAL_D06,8.00,0.7462,,MR60BHA2_breath_phase,safenest-node-01
81.3470,0.260000,S001,S001_NORMAL_D06,1,NORMAL_D06,8.00,0.7462,,MR60BHA2_breath_phase,safenest-node-01
81.4470,0.260000,S001,S001_NORMAL_D06,1,NORMAL_D06,8.00,0.7462,,MR60BHA2_breath_phase,safenest-node-01
81.5470,0.240000,S001,S001_NORMAL_D06,1,NORMAL_D06,9.00,0.7462,,MR60BHA2_breath_phase,safenest-node-01
81.6470,0.220000,S001,S001_NORMAL_D06,1,NORMAL_D06,9.00,0.7462,,MR60BHA2_breath_phase,safenest-node-01
81.7470,0.130000,S001,S001_NORMAL_D06,1,NORMAL_D06,9.00,0.7462,,MR60BHA2_breath_phase,safenest-node-01
81.8470,0.020000,S001,S001_NORMAL_D06,1,NORMAL_D06,9.00,0.7462,,MR60BHA2_breath_phase,safenest-node-01
81.9470,-0.050000,S001,S001_NORMAL_D06,1,NORMAL_D06,9.00,0.7462,,MR60BHA2_breath_phase,safenest-node-01
82.0470,-0.120000,S001,S001_NORMAL_D06,1,NORMAL_D06,10.00,0.7462,,MR60BHA2_breath_phase,safenest-node-01
82.1470,-0.260000,S001,S001_NORMAL_D06,1,NORMAL_D06,10.00,0.7462,,MR60BHA2_breath_phase,safenest-node-01
82.2470,-0.400000,S001,S001_NORMAL_D06,1,NORMAL_D06,10.00,0.7462,,MR60BHA2_breath_phase,safenest-node-01
82.3480,-0.460000,S001,S001_NORMAL_D06,1,NORMAL_D06,10.00,0.7462,,MR60BHA2_breath_phase,safenest-node-01
82.4480,-0.570000,S001,S001_NORMAL_D06,1,NORMAL_D06,10.00,0.7462,,MR60BHA2_breath_phase,safenest-node-01
82.5480,-0.610000,S001,S001_NORMAL_D06,1,NORMAL_D06,9.00,0.7462,,MR60BHA2_breath_phase,safenest-node-01
82.6480,-0.670000,S001,S001_NORMAL_D06,1,NORMAL_D06,9.00,0.7462,,MR60BHA2_breath_phase,safenest-node-01
82.7480,-0.690000,S001,S001_NORMAL_D06,1,NORMAL_D06,8.00,0.7462,,MR60BHA2_breath_phase,safenest-node-01
82.8490,-0.670000,S001,S001_NORMAL_D06,1,NORMAL_D06,8.00,0.7462,,MR60BHA2_breath_phase,safenest-node-01
82.9490,-0.650000,S001,S001_NORMAL_D06,1,NORMAL_D06,8.00,0.7462,,MR60BHA2_breath_phase,safenest-node-01
83.0490,-0.620000,S001,S001_NORMAL_D06,1,NORMAL_D06,7.00,0.7462,,MR60BHA2_breath_phase,safenest-node-01
83.1490,-0.540000,S001,S001_NORMAL_D06,1,NORMAL_D06,7.00,0.7462,,MR60BHA2_breath_phase,safenest-node-01
83.2490,-0.430000,S001,S001_NORMAL_D06,1,NORMAL_D06,7.00,0.7462,,MR60BHA2_breath_phase,safenest-node-01
83.3500,-0.370000,S001,S001_NORMAL_D06,1,NORMAL_D06,7.00,0.7462,,MR60BHA2_breath_phase,safenest-node-01
83.4500,-0.240000,S001,S001_NORMAL_D06,1,NORMAL_D06,6.00,0.7462,,MR60BHA2_breath_phase,safenest-node-01
83.5500,-0.160000,S001,S001_NORMAL_D06,1,NORMAL_D06,6.00,0.7462,,MR60BHA2_breath_phase,safenest-node-01
83.6500,-0.020000,S001,S001_NORMAL_D06,1,NORMAL_D06,6.00,0.7462,,MR60BHA2_breath_phase,safenest-node-01
83.7500,0.140000,S001,S001_NORMAL_D06,1,NORMAL_D06,5.00,0.7462,,MR60BHA2_breath_phase,safenest-node-01
83.8510,0.210000,S001,S001_NORMAL_D06,1,NORMAL_D06,5.00,0.7462,,MR60BHA2_breath_phase,safenest-node-01
83.9510,0.360000,S001,S001_NORMAL_D06,1,NORMAL_D06,5.00,0.7462,,MR60BHA2_breath_phase,safenest-node-01
84.0510,0.430000,S001,S001_NORMAL_D06,1,NORMAL_D06,5.00,0.7462,,MR60BHA2_breath_phase,safenest-node-01
84.1510,0.550000,S001,S001_NORMAL_D06,1,NORMAL_D06,5.00,0.7462,,MR60BHA2_breath_phase,safenest-node-01
84.2510,0.660000,S001,S001_NORMAL_D06,1,NORMAL_D06,4.00,0.7462,,MR60BHA2_breath_phase,safenest-node-01
84.3520,0.690000,S001,S001_NORMAL_D06,1,NORMAL_D06,4.00,0.7462,,MR60BHA2_breath_phase,safenest-node-01
84.4520,0.750000,S001,S001_NORMAL_D06,1,NORMAL_D06,4.00,0.7462,,MR60BHA2_breath_phase,safenest-node-01
84.5520,0.760000,S001,S001_NORMAL_D06,1,NORMAL_D06,4.00,0.7462,,MR60BHA2_breath_phase,safenest-node-01
84.6520,0.740000,S001,S001_NORMAL_D06,1,NORMAL_D06,4.00,0.7462,,MR60BHA2_breath_phase,safenest-node-01
84.7520,0.680000,S001,S001_NORMAL_D06,1,NORMAL_D06,5.00,0.6888,,MR60BHA2_breath_phase,safenest-node-01
84.8520,0.630000,S001,S001_NORMAL_D06,1,NORMAL_D06,5.00,0.6888,,MR60BHA2_breath_phase,safenest-node-01
84.9520,0.500000,S001,S001_NORMAL_D06,1,NORMAL_D06,6.00,0.6888,,MR60BHA2_breath_phase,safenest-node-01
85.0520,0.420000,S001,S001_NORMAL_D06,1,NORMAL_D06,7.00,0.6888,,MR60BHA2_breath_phase,safenest-node-01
85.1520,0.230000,S001,S001_NORMAL_D06,1,NORMAL_D06,7.00,0.6888,,MR60BHA2_breath_phase,safenest-node-01
85.2520,0.030000,S001,S001_NORMAL_D06,1,NORMAL_D06,8.00,0.6888,,MR60BHA2_breath_phase,safenest-node-01
85.3520,-0.080000,S001,S001_NORMAL_D06,1,NORMAL_D06,8.00,0.6888,,MR60BHA2_breath_phase,safenest-node-01
85.4520,-0.280000,S001,S001_NORMAL_D06,1,NORMAL_D06,9.00,0.6888,,MR60BHA2_breath_phase,safenest-node-01
85.5520,-0.370000,S001,S001_NORMAL_D06,1,NORMAL_D06,10.00,0.6888,,MR60BHA2_breath_phase,safenest-node-01
85.6520,-0.540000,S001,S001_NORMAL_D06,1,NORMAL_D06,10.00,0.6888,,MR60BHA2_breath_phase,safenest-node-01
85.7520,-0.660000,S001,S001_NORMAL_D06,1,NORMAL_D06,11.00,0.6888,,MR60BHA2_breath_phase,safenest-node-01
85.8520,-0.710000,S001,S001_NORMAL_D06,1,NORMAL_D06,11.00,0.6888,,MR60BHA2_breath_phase,safenest-node-01
85.9520,-0.760000,S001,S001_NORMAL_D06,1,NORMAL_D06,12.00,0.6888,,MR60BHA2_breath_phase,safenest-node-01
86.0520,-0.770000,S001,S001_NORMAL_D06,1,NORMAL_D06,13.00,0.6888,,MR60BHA2_breath_phase,safenest-node-01
86.1520,-0.750000,S001,S001_NORMAL_D06,1,NORMAL_D06,13.00,0.6888,,MR60BHA2_breath_phase,safenest-node-01
86.2520,-0.680000,S001,S001_NORMAL_D06,1,NORMAL_D06,14.00,0.7462,,MR60BHA2_breath_phase,safenest-node-01
86.3520,-0.640000,S001,S001_NORMAL_D06,1,NORMAL_D06,14.00,0.7462,,MR60BHA2_breath_phase,safenest-node-01
86.4520,-0.510000,S001,S001_NORMAL_D06,1,NORMAL_D06,14.00,0.7462,,MR60BHA2_breath_phase,safenest-node-01
86.5520,-0.440000,S001,S001_NORMAL_D06,1,NORMAL_D06,15.00,0.7462,,MR60BHA2_breath_phase,safenest-node-01
86.6520,-0.280000,S001,S001_NORMAL_D06,1,NORMAL_D06,15.00,0.7462,,MR60BHA2_breath_phase,safenest-node-01
86.7530,-0.100000,S001,S001_NORMAL_D06,1,NORMAL_D06,15.00,0.7462,,MR60BHA2_breath_phase,safenest-node-01
86.8530,-0.020000,S001,S001_NORMAL_D06,1,NORMAL_D06,15.00,0.7462,,MR60BHA2_breath_phase,safenest-node-01
86.9530,0.160000,S001,S001_NORMAL_D06,1,NORMAL_D06,16.00,0.7462,,MR60BHA2_breath_phase,safenest-node-01
87.0530,0.250000,S001,S001_NORMAL_D06,1,NORMAL_D06,16.00,0.7462,,MR60BHA2_breath_phase,safenest-node-01
87.1530,0.400000,S001,S001_NORMAL_D06,1,NORMAL_D06,17.00,0.7462,,MR60BHA2_breath_phase,safenest-node-01
87.2530,0.530000,S001,S001_NORMAL_D06,1,NORMAL_D06,17.00,0.7462,,MR60BHA2_breath_phase,safenest-node-01
87.3530,0.580000,S001,S001_NORMAL_D06,1,NORMAL_D06,17.00,0.7462,,MR60BHA2_breath_phase,safenest-node-01
87.4540,0.660000,S001,S001_NORMAL_D06,1,NORMAL_D06,17.00,0.7462,,MR60BHA2_breath_phase,safenest-node-01
87.5540,0.680000,S001,S001_NORMAL_D06,1,NORMAL_D06,18.00,0.7462,,MR60BHA2_breath_phase,safenest-node-01
87.6540,0.690000,S001,S001_NORMAL_D06,1,NORMAL_D06,18.00,0.7462,,MR60BHA2_breath_phase,safenest-node-01
87.7550,0.660000,S001,S001_NORMAL_D06,1,NORMAL_D06,18.00,0.7462,,MR60BHA2_breath_phase,safenest-node-01
87.8550,0.630000,S001,S001_NORMAL_D06,1,NORMAL_D06,18.00,0.7462,,MR60BHA2_breath_phase,safenest-node-01
87.9550,0.590000,S001,S001_NORMAL_D06,1,NORMAL_D06,18.00,0.7462,,MR60BHA2_breath_phase,safenest-node-01
88.0550,0.480000,S001,S001_NORMAL_D06,1,NORMAL_D06,19.00,0.7462,,MR60BHA2_breath_phase,safenest-node-01
88.1550,0.350000,S001,S001_NORMAL_D06,1,NORMAL_D06,19.00,0.7462,,MR60BHA2_breath_phase,safenest-node-01
88.2550,0.280000,S001,S001_NORMAL_D06,1,NORMAL_D06,19.00,0.7462,,MR60BHA2_breath_phase,safenest-node-01
88.3550,0.130000,S001,S001_NORMAL_D06,1,NORMAL_D06,19.00,0.7462,,MR60BHA2_breath_phase,safenest-node-01
88.4550,0.050000,S001,S001_NORMAL_D06,1,NORMAL_D06,19.00,0.7462,,MR60BHA2_breath_phase,safenest-node-01
88.5550,-0.100000,S001,S001_NORMAL_D06,1,NORMAL_D06,20.00,0.7462,,MR60BHA2_breath_phase,safenest-node-01
88.6550,-0.230000,S001,S001_NORMAL_D06,1,NORMAL_D06,20.00,0.7462,,MR60BHA2_breath_phase,safenest-node-01
88.7550,-0.280000,S001,S001_NORMAL_D06,1,NORMAL_D06,20.00,0.7462,,MR60BHA2_breath_phase,safenest-node-01
88.8550,-0.370000,S001,S001_NORMAL_D06,1,NORMAL_D06,20.00,0.7462,,MR60BHA2_breath_phase,safenest-node-01
88.9550,-0.400000,S001,S001_NORMAL_D06,1,NORMAL_D06,20.00,0.7462,,MR60BHA2_breath_phase,safenest-node-01
89.0550,-0.430000,S001,S001_NORMAL_D06,1,NORMAL_D06,20.00,0.7462,,MR60BHA2_breath_phase,safenest-node-01
89.1550,-0.430000,S001,S001_NORMAL_D06,1,NORMAL_D06,20.00,0.7462,,MR60BHA2_breath_phase,safenest-node-01
89.2570,-0.410000,S001,S001_NORMAL_D06,1,NORMAL_D06,20.00,0.7462,,MR60BHA2_breath_phase,safenest-node-01
89.3570,-0.360000,S001,S001_NORMAL_D06,1,NORMAL_D06,21.00,0.7462,,MR60BHA2_breath_phase,safenest-node-01
89.4570,-0.320000,S001,S001_NORMAL_D06,1,NORMAL_D06,21.00,0.7462,,MR60BHA2_breath_phase,safenest-node-01
89.5570,-0.230000,S001,S001_NORMAL_D06,1,NORMAL_D06,21.00,0.7462,,MR60BHA2_breath_phase,safenest-node-01
89.6570,-0.130000,S001,S001_NORMAL_D06,1,NORMAL_D06,21.00,0.7462,,MR60BHA2_breath_phase,safenest-node-01
89.7570,-0.070000,S001,S001_NORMAL_D06,1,NORMAL_D06,21.00,0.7462,,MR60BHA2_breath_phase,safenest-node-01
89.8570,0.050000,S001,S001_NORMAL_D06,1,NORMAL_D06,21.00,0.7462,,MR60BHA2_breath_phase,safenest-node-01
89.9570,0.110000,S001,S001_NORMAL_D06,1,NORMAL_D06,21.00,0.7462,,MR60BHA2_breath_phase,safenest-node-01
90.0570,0.220000,S001,S001_NORMAL_D06,1,NORMAL_D06,21.00,0.7462,,MR60BHA2_breath_phase,safenest-node-01
90.1570,0.330000,S001,S001_NORMAL_D06,1,NORMAL_D06,21.00,0.7462,,MR60BHA2_breath_phase,safenest-node-01
90.2570,0.380000,S001,S001_NORMAL_D06,1,NORMAL_D06,21.00,0.7462,,MR60BHA2_breath_phase,safenest-node-01
90.3570,0.450000,S001,S001_NORMAL_D06,1,NORMAL_D06,22.00,0.7462,,MR60BHA2_breath_phase,safenest-node-01
90.4570,0.480000,S001,S001_NORMAL_D06,1,NORMAL_D06,22.00,0.7462,,MR60BHA2_breath_phase,safenest-node-01
90.5570,0.520000,S001,S001_NORMAL_D06,1,NORMAL_D06,22.00,0.6888,,MR60BHA2_breath_phase,safenest-node-01
90.6570,0.520000,S001,S001_NORMAL_D06,1,NORMAL_D06,22.00,0.6888,,MR60BHA2_breath_phase,safenest-node-01
90.7570,0.500000,S001,S001_NORMAL_D06,1,NORMAL_D06,22.00,0.6888,,MR60BHA2_breath_phase,safenest-node-01
90.8570,0.440000,S001,S001_NORMAL_D06,1,NORMAL_D06,22.00,0.6888,,MR60BHA2_breath_phase,safenest-node-01
90.9570,0.400000,S001,S001_NORMAL_D06,1,NORMAL_D06,22.00,0.6888,,MR60BHA2_breath_phase,safenest-node-01
91.0570,0.290000,S001,S001_NORMAL_D06,1,NORMAL_D06,22.00,0.7462,,MR60BHA2_breath_phase,safenest-node-01
91.1570,0.160000,S001,S001_NORMAL_D06,1,NORMAL_D06,22.00,0.7462,,MR60BHA2_breath_phase,safenest-node-01
91.2570,0.090000,S001,S001_NORMAL_D06,1,NORMAL_D06,22.00,0.7462,,MR60BHA2_breath_phase,safenest-node-01
91.3570,-0.060000,S001,S001_NORMAL_D06,1,NORMAL_D06,22.00,0.7462,,MR60BHA2_breath_phase,safenest-node-01
91.4570,-0.130000,S001,S001_NORMAL_D06,1,NORMAL_D06,22.00,0.7462,,MR60BHA2_breath_phase,safenest-node-01
91.5570,-0.260000,S001,S001_NORMAL_D06,1,NORMAL_D06,22.00,0.7462,,MR60BHA2_breath_phase,safenest-node-01
91.6570,-0.380000,S001,S001_NORMAL_D06,1,NORMAL_D06,22.00,0.7462,,MR60BHA2_breath_phase,safenest-node-01
91.7570,-0.430000,S001,S001_NORMAL_D06,1,NORMAL_D06,22.00,0.7462,,MR60BHA2_breath_phase,safenest-node-01
91.8570,-0.500000,S001,S001_NORMAL_D06,1,NORMAL_D06,22.00,0.7462,,MR60BHA2_breath_phase,safenest-node-01
91.9570,-0.520000,S001,S001_NORMAL_D06,1,NORMAL_D06,22.00,0.7462,,MR60BHA2_breath_phase,safenest-node-01
92.0570,-0.530000,S001,S001_NORMAL_D06,1,NORMAL_D06,23.00,0.7462,,MR60BHA2_breath_phase,safenest-node-01
92.1570,-0.510000,S001,S001_NORMAL_D06,1,NORMAL_D06,23.00,0.7462,,MR60BHA2_breath_phase,safenest-node-01
92.2570,-0.490000,S001,S001_NORMAL_D06,1,NORMAL_D06,23.00,0.7462,,MR60BHA2_breath_phase,safenest-node-01
92.3570,-0.420000,S001,S001_NORMAL_D06,1,NORMAL_D06,23.00,0.7462,,MR60BHA2_breath_phase,safenest-node-01
92.4570,-0.380000,S001,S001_NORMAL_D06,1,NORMAL_D06,23.00,0.7462,,MR60BHA2_breath_phase,safenest-node-01
92.5570,-0.280000,S001,S001_NORMAL_D06,1,NORMAL_D06,23.00,0.7462,,MR60BHA2_breath_phase,safenest-node-01
92.6570,-0.170000,S001,S001_NORMAL_D06,1,NORMAL_D06,23.00,0.7462,,MR60BHA2_breath_phase,safenest-node-01
92.7570,-0.110000,S001,S001_NORMAL_D06,1,NORMAL_D06,23.00,0.7462,,MR60BHA2_breath_phase,safenest-node-01
92.8570,0.020000,S001,S001_NORMAL_D06,1,NORMAL_D06,23.00,0.7462,,MR60BHA2_breath_phase,safenest-node-01
92.9570,0.090000,S001,S001_NORMAL_D06,1,NORMAL_D06,23.00,0.7462,,MR60BHA2_breath_phase,safenest-node-01
93.0570,0.220000,S001,S001_NORMAL_D06,1,NORMAL_D06,23.00,0.7462,,MR60BHA2_breath_phase,safenest-node-01
93.1570,0.330000,S001,S001_NORMAL_D06,1,NORMAL_D06,23.00,0.7462,,MR60BHA2_breath_phase,safenest-node-01
93.2570,0.380000,S001,S001_NORMAL_D06,1,NORMAL_D06,23.00,0.7462,,MR60BHA2_breath_phase,safenest-node-01
93.3570,0.460000,S001,S001_NORMAL_D06,1,NORMAL_D06,23.00,0.7462,,MR60BHA2_breath_phase,safenest-node-01
93.4570,0.480000,S001,S001_NORMAL_D06,1,NORMAL_D06,23.00,0.7462,,MR60BHA2_breath_phase,safenest-node-01
93.5570,0.510000,S001,S001_NORMAL_D06,1,NORMAL_D06,23.00,0.7462,,MR60BHA2_breath_phase,safenest-node-01
93.6570,0.500000,S001,S001_NORMAL_D06,1,NORMAL_D06,23.00,0.7462,,MR60BHA2_breath_phase,safenest-node-01
93.7570,0.480000,S001,S001_NORMAL_D06,1,NORMAL_D06,23.00,0.7462,,MR60BHA2_breath_phase,safenest-node-01
93.8580,0.420000,S001,S001_NORMAL_D06,1,NORMAL_D06,23.00,0.7462,,MR60BHA2_breath_phase,safenest-node-01
93.9580,0.370000,S001,S001_NORMAL_D06,1,NORMAL_D06,23.00,0.7462,,MR60BHA2_breath_phase,safenest-node-01
94.0580,0.270000,S001,S001_NORMAL_D06,1,NORMAL_D06,23.00,0.7462,,MR60BHA2_breath_phase,safenest-node-01
94.1580,0.140000,S001,S001_NORMAL_D06,1,NORMAL_D06,23.00,0.7462,,MR60BHA2_breath_phase,safenest-node-01
94.2580,0.070000,S001,S001_NORMAL_D06,1,NORMAL_D06,23.00,0.7462,,MR60BHA2_breath_phase,safenest-node-01
94.3580,0.010000,S001,S001_NORMAL_D06,1,NORMAL_D06,23.00,0.7462,,MR60BHA2_breath_phase,safenest-node-01
94.4580,-0.120000,S001,S001_NORMAL_D06,1,NORMAL_D06,23.00,0.7462,,MR60BHA2_breath_phase,safenest-node-01
94.5580,-0.240000,S001,S001_NORMAL_D06,1,NORMAL_D06,23.00,0.7462,,MR60BHA2_breath_phase,safenest-node-01
94.6580,-0.350000,S001,S001_NORMAL_D06,1,NORMAL_D06,23.00,0.7462,,MR60BHA2_breath_phase,safenest-node-01
94.7580,-0.390000,S001,S001_NORMAL_D06,1,NORMAL_D06,23.00,0.7462,,MR60BHA2_breath_phase,safenest-node-01
94.8580,-0.420000,S001,S001_NORMAL_D06,1,NORMAL_D06,23.00,0.7462,,MR60BHA2_breath_phase,safenest-node-01
94.9580,-0.470000,S001,S001_NORMAL_D06,1,NORMAL_D06,23.00,0.7462,,MR60BHA2_breath_phase,safenest-node-01
95.0580,-0.490000,S001,S001_NORMAL_D06,1,NORMAL_D06,23.00,0.7462,,MR60BHA2_breath_phase,safenest-node-01
95.1580,-0.490000,S001,S001_NORMAL_D06,1,NORMAL_D06,23.00,0.7462,,MR60BHA2_breath_phase,safenest-node-01
95.2580,-0.470000,S001,S001_NORMAL_D06,1,NORMAL_D06,23.00,0.7462,,MR60BHA2_breath_phase,safenest-node-01
95.3580,-0.440000,S001,S001_NORMAL_D06,1,NORMAL_D06,23.00,0.7462,,MR60BHA2_breath_phase,safenest-node-01
95.4580,-0.370000,S001,S001_NORMAL_D06,1,NORMAL_D06,23.00,0.7462,,MR60BHA2_breath_phase,safenest-node-01
95.5580,-0.270000,S001,S001_NORMAL_D06,1,NORMAL_D06,23.00,0.7462,,MR60BHA2_breath_phase,safenest-node-01
95.6590,-0.210000,S001,S001_NORMAL_D06,1,NORMAL_D06,23.00,0.7462,,MR60BHA2_breath_phase,safenest-node-01
95.7590,-0.090000,S001,S001_NORMAL_D06,1,NORMAL_D06,23.00,0.7462,,MR60BHA2_breath_phase,safenest-node-01
95.8590,-0.020000,S001,S001_NORMAL_D06,1,NORMAL_D06,23.00,0.7462,,MR60BHA2_breath_phase,safenest-node-01
95.9590,0.120000,S001,S001_NORMAL_D06,1,NORMAL_D06,23.00,0.7462,,MR60BHA2_breath_phase,safenest-node-01
96.0590,0.250000,S001,S001_NORMAL_D06,1,NORMAL_D06,23.00,0.7462,,MR60BHA2_breath_phase,safenest-node-01
96.1590,0.310000,S001,S001_NORMAL_D06,1,NORMAL_D06,23.00,0.7462,,MR60BHA2_breath_phase,safenest-node-01
96.2590,0.400000,S001,S001_NORMAL_D06,1,NORMAL_D06,23.00,0.7462,,MR60BHA2_breath_phase,safenest-node-01
96.3590,0.440000,S001,S001_NORMAL_D06,1,NORMAL_D06,23.00,0.7462,,MR60BHA2_breath_phase,safenest-node-01
96.4590,0.470000,S001,S001_NORMAL_D06,1,NORMAL_D06,23.00,0.7462,,MR60BHA2_breath_phase,safenest-node-01
96.5590,0.460000,S001,S001_NORMAL_D06,1,NORMAL_D06,23.00,0.7462,,MR60BHA2_breath_phase,safenest-node-01
96.6590,0.440000,S001,S001_NORMAL_D06,1,NORMAL_D06,23.00,0.7462,,MR60BHA2_breath_phase,safenest-node-01
96.7590,0.370000,S001,S001_NORMAL_D06,1,NORMAL_D06,23.00,0.7462,,MR60BHA2_breath_phase,safenest-node-01
96.8590,0.320000,S001,S001_NORMAL_D06,1,NORMAL_D06,23.00,0.7462,,MR60BHA2_breath_phase,safenest-node-01
96.9590,0.190000,S001,S001_NORMAL_D06,1,NORMAL_D06,23.00,0.7462,,MR60BHA2_breath_phase,safenest-node-01
97.0590,0.050000,S001,S001_NORMAL_D06,1,NORMAL_D06,23.00,0.7462,,MR60BHA2_breath_phase,safenest-node-01
97.1590,-0.020000,S001,S001_NORMAL_D06,1,NORMAL_D06,23.00,0.7462,,MR60BHA2_breath_phase,safenest-node-01
97.2590,-0.170000,S001,S001_NORMAL_D06,1,NORMAL_D06,23.00,0.7462,,MR60BHA2_breath_phase,safenest-node-01
97.3590,-0.230000,S001,S001_NORMAL_D06,1,NORMAL_D06,23.00,0.7462,,MR60BHA2_breath_phase,safenest-node-01
97.4590,-0.360000,S001,S001_NORMAL_D06,1,NORMAL_D06,23.00,0.7462,,MR60BHA2_breath_phase,safenest-node-01
97.5590,-0.450000,S001,S001_NORMAL_D06,1,NORMAL_D06,23.00,0.7462,,MR60BHA2_breath_phase,safenest-node-01
97.6590,-0.480000,S001,S001_NORMAL_D06,1,NORMAL_D06,23.00,0.7462,,MR60BHA2_breath_phase,safenest-node-01
97.7590,-0.530000,S001,S001_NORMAL_D06,1,NORMAL_D06,23.00,0.7462,,MR60BHA2_breath_phase,safenest-node-01
97.8590,-0.530000,S001,S001_NORMAL_D06,1,NORMAL_D06,24.00,0.7462,,MR60BHA2_breath_phase,safenest-node-01
97.9590,-0.520000,S001,S001_NORMAL_D06,1,NORMAL_D06,24.00,0.7462,,MR60BHA2_breath_phase,safenest-node-01
98.0590,-0.480000,S001,S001_NORMAL_D06,1,NORMAL_D06,24.00,0.7462,,MR60BHA2_breath_phase,safenest-node-01
98.1590,-0.440000,S001,S001_NORMAL_D06,1,NORMAL_D06,24.00,0.7462,,MR60BHA2_breath_phase,safenest-node-01
98.2590,-0.350000,S001,S001_NORMAL_D06,1,NORMAL_D06,24.00,0.7462,,MR60BHA2_breath_phase,safenest-node-01
98.3590,-0.300000,S001,S001_NORMAL_D06,1,NORMAL_D06,24.00,0.7462,,MR60BHA2_breath_phase,safenest-node-01
98.4590,-0.190000,S001,S001_NORMAL_D06,1,NORMAL_D06,25.00,0.7462,,MR60BHA2_breath_phase,safenest-node-01
98.5590,-0.060000,S001,S001_NORMAL_D06,1,NORMAL_D06,25.00,0.7462,,MR60BHA2_breath_phase,safenest-node-01
98.6590,0.000000,S001,S001_NORMAL_D06,1,NORMAL_D06,25.00,0.7462,,MR60BHA2_breath_phase,safenest-node-01
98.7590,0.130000,S001,S001_NORMAL_D06,1,NORMAL_D06,25.00,0.7462,,MR60BHA2_breath_phase,safenest-node-01
98.8590,0.180000,S001,S001_NORMAL_D06,1,NORMAL_D06,25.00,0.7462,,MR60BHA2_breath_phase,safenest-node-01
98.9590,0.290000,S001,S001_NORMAL_D06,1,NORMAL_D06,25.00,0.7462,,MR60BHA2_breath_phase,safenest-node-01
99.0590,0.380000,S001,S001_NORMAL_D06,1,NORMAL_D06,25.00,0.7462,,MR60BHA2_breath_phase,safenest-node-01
99.1590,0.420000,S001,S001_NORMAL_D06,1,NORMAL_D06,25.00,0.7462,,MR60BHA2_breath_phase,safenest-node-01
99.2590,0.470000,S001,S001_NORMAL_D06,1,NORMAL_D06,26.00,0.7462,,MR60BHA2_breath_phase,safenest-node-01
99.3590,0.480000,S001,S001_NORMAL_D06,1,NORMAL_D06,25.00,0.7462,,MR60BHA2_breath_phase,safenest-node-01
99.4590,0.500000,S001,S001_NORMAL_D06,1,NORMAL_D06,25.00,0.7462,,MR60BHA2_breath_phase,safenest-node-01
99.5590,0.490000,S001,S001_NORMAL_D06,1,NORMAL_D06,25.00,0.7462,,MR60BHA2_breath_phase,safenest-node-01
99.6590,0.480000,S001,S001_NORMAL_D06,1,NORMAL_D06,25.00,0.7462,,MR60BHA2_breath_phase,safenest-node-01
99.7590,0.440000,S001,S001_NORMAL_D06,1,NORMAL_D06,25.00,0.7462,,MR60BHA2_breath_phase,safenest-node-01
99.8590,0.410000,S001,S001_NORMAL_D06,1,NORMAL_D06,25.00,0.7462,,MR60BHA2_breath_phase,safenest-node-01
99.9590,0.350000,S001,S001_NORMAL_D06,1,NORMAL_D06,25.00,0.7462,,MR60BHA2_breath_phase,safenest-node-01
100.0590,0.290000,S001,S001_NORMAL_D06,1,NORMAL_D06,25.00,0.7462,,MR60BHA2_breath_phase,safenest-node-01
100.1590,0.250000,S001,S001_NORMAL_D06,1,NORMAL_D06,25.00,0.7462,,MR60BHA2_breath_phase,safenest-node-01
100.2590,0.220000,S001,S001_NORMAL_D06,1,NORMAL_D06,25.00,0.7462,,MR60BHA2_breath_phase,safenest-node-01
100.3590,0.150000,S001,S001_NORMAL_D06,1,NORMAL_D06,25.00,0.7462,,MR60BHA2_breath_phase,safenest-node-01
100.4590,0.100000,S001,S001_NORMAL_D06,1,NORMAL_D06,25.00,0.7462,,MR60BHA2_breath_phase,safenest-node-01
100.5590,0.080000,S001,S001_NORMAL_D06,1,NORMAL_D06,25.00,0.7462,,MR60BHA2_breath_phase,safenest-node-01
100.6590,0.030000,S001,S001_NORMAL_D06,1,NORMAL_D06,25.00,0.7462,,MR60BHA2_breath_phase,safenest-node-01
100.7590,0.020000,S001,S001_NORMAL_D06,1,NORMAL_D06,25.00,0.7462,,MR60BHA2_breath_phase,safenest-node-01
100.8590,-0.010000,S001,S001_NORMAL_D06,1,NORMAL_D06,25.00,0.7462,,MR60BHA2_breath_phase,safenest-node-01
100.9590,-0.040000,S001,S001_NORMAL_D06,1,NORMAL_D06,24.00,0.7462,,MR60BHA2_breath_phase,safenest-node-01
101.0590,-0.050000,S001,S001_NORMAL_D06,1,NORMAL_D06,24.00,0.7462,,MR60BHA2_breath_phase,safenest-node-01
101.1590,-0.080000,S001,S001_NORMAL_D06,1,NORMAL_D06,24.00,0.7462,,MR60BHA2_breath_phase,safenest-node-01
101.2590,-0.100000,S001,S001_NORMAL_D06,1,NORMAL_D06,24.00,0.7462,,MR60BHA2_breath_phase,safenest-node-01
101.3590,-0.150000,S001,S001_NORMAL_D06,1,NORMAL_D06,24.00,0.7462,,MR60BHA2_breath_phase,safenest-node-01
101.4590,-0.220000,S001,S001_NORMAL_D06,1,NORMAL_D06,24.00,0.7462,,MR60BHA2_breath_phase,safenest-node-01
101.5600,-0.260000,S001,S001_NORMAL_D06,1,NORMAL_D06,24.00,0.7462,,MR60BHA2_breath_phase,safenest-node-01
101.6600,-0.350000,S001,S001_NORMAL_D06,1,NORMAL_D06,24.00,0.7462,,MR60BHA2_breath_phase,safenest-node-01
101.7600,-0.400000,S001,S001_NORMAL_D06,1,NORMAL_D06,24.00,0.7462,,MR60BHA2_breath_phase,safenest-node-01
101.8600,-0.490000,S001,S001_NORMAL_D06,1,NORMAL_D06,24.00,0.7462,,MR60BHA2_breath_phase,safenest-node-01
101.9600,-0.580000,S001,S001_NORMAL_D06,1,NORMAL_D06,24.00,0.7462,,MR60BHA2_breath_phase,safenest-node-01
102.0600,-0.620000,S001,S001_NORMAL_D06,1,NORMAL_D06,24.00,0.7462,,MR60BHA2_breath_phase,safenest-node-01
102.1600,-0.670000,S001,S001_NORMAL_D06,1,NORMAL_D06,24.00,0.7462,,MR60BHA2_breath_phase,safenest-node-01
102.2600,-0.690000,S001,S001_NORMAL_D06,1,NORMAL_D06,24.00,0.7462,,MR60BHA2_breath_phase,safenest-node-01
102.3600,-0.700000,S001,S001_NORMAL_D06,1,NORMAL_D06,24.00,0.7462,,MR60BHA2_breath_phase,safenest-node-01
102.4600,-0.670000,S001,S001_NORMAL_D06,1,NORMAL_D06,24.00,0.7462,,MR60BHA2_breath_phase,safenest-node-01
102.5600,-0.650000,S001,S001_NORMAL_D06,1,NORMAL_D06,24.00,0.7462,,MR60BHA2_breath_phase,safenest-node-01
102.6600,-0.560000,S001,S001_NORMAL_D06,1,NORMAL_D06,24.00,0.7462,,MR60BHA2_breath_phase,safenest-node-01
102.7600,-0.500000,S001,S001_NORMAL_D06,1,NORMAL_D06,23.00,0.7462,,MR60BHA2_breath_phase,safenest-node-01
102.8600,-0.370000,S001,S001_NORMAL_D06,1,NORMAL_D06,23.00,0.7462,,MR60BHA2_breath_phase,safenest-node-01
102.9600,-0.220000,S001,S001_NORMAL_D06,1,NORMAL_D06,23.00,0.7462,,MR60BHA2_breath_phase,safenest-node-01
103.0600,-0.150000,S001,S001_NORMAL_D06,1,NORMAL_D06,23.00,0.7462,,MR60BHA2_breath_phase,safenest-node-01
103.1600,-0.010000,S001,S001_NORMAL_D06,1,NORMAL_D06,23.00,0.7462,,MR60BHA2_breath_phase,safenest-node-01
103.2600,0.050000,S001,S001_NORMAL_D06,1,NORMAL_D06,22.00,0.7462,,MR60BHA2_breath_phase,safenest-node-01
103.3600,0.170000,S001,S001_NORMAL_D06,1,NORMAL_D06,22.00,0.7462,,MR60BHA2_breath_phase,safenest-node-01
103.4600,0.260000,S001,S001_NORMAL_D06,1,NORMAL_D06,22.00,0.7462,,MR60BHA2_breath_phase,safenest-node-01
103.5600,0.300000,S001,S001_NORMAL_D06,1,NORMAL_D06,22.00,0.7462,,MR60BHA2_breath_phase,safenest-node-01
103.6600,0.360000,S001,S001_NORMAL_D06,1,NORMAL_D06,22.00,0.7462,,MR60BHA2_breath_phase,safenest-node-01
103.7600,0.390000,S001,S001_NORMAL_D06,1,NORMAL_D06,22.00,0.7462,,MR60BHA2_breath_phase,safenest-node-01
103.8600,0.430000,S001,S001_NORMAL_D06,1,NORMAL_D06,22.00,0.7462,,MR60BHA2_breath_phase,safenest-node-01
103.9600,0.470000,S001,S001_NORMAL_D06,1,NORMAL_D06,21.00,0.7462,,MR60BHA2_breath_phase,safenest-node-01
104.0600,0.480000,S001,S001_NORMAL_D06,1,NORMAL_D06,21.00,0.7462,,MR60BHA2_breath_phase,safenest-node-01
104.1600,0.510000,S001,S001_NORMAL_D06,1,NORMAL_D06,21.00,0.7462,,MR60BHA2_breath_phase,safenest-node-01
104.2600,0.530000,S001,S001_NORMAL_D06,1,NORMAL_D06,21.00,0.7462,,MR60BHA2_breath_phase,safenest-node-01
104.3600,0.550000,S001,S001_NORMAL_D06,1,NORMAL_D06,21.00,0.7462,,MR60BHA2_breath_phase,safenest-node-01
104.4600,0.570000,S001,S001_NORMAL_D06,1,NORMAL_D06,21.00,0.7462,,MR60BHA2_breath_phase,safenest-node-01
104.5600,0.570000,S001,S001_NORMAL_D06,1,NORMAL_D06,21.00,0.7462,,MR60BHA2_breath_phase,safenest-node-01
104.6600,0.560000,S001,S001_NORMAL_D06,1,NORMAL_D06,21.00,0.7462,,MR60BHA2_breath_phase,safenest-node-01
104.7600,0.550000,S001,S001_NORMAL_D06,1,NORMAL_D06,21.00,0.7462,,MR60BHA2_breath_phase,safenest-node-01
104.8600,0.500000,S001,S001_NORMAL_D06,1,NORMAL_D06,21.00,0.7462,,MR60BHA2_breath_phase,safenest-node-01
104.9600,0.470000,S001,S001_NORMAL_D06,1,NORMAL_D06,21.00,0.7462,,MR60BHA2_breath_phase,safenest-node-01
105.0600,0.390000,S001,S001_NORMAL_D06,1,NORMAL_D06,20.00,0.7462,,MR60BHA2_breath_phase,safenest-node-01
105.1600,0.330000,S001,S001_NORMAL_D06,1,NORMAL_D06,20.00,0.7462,,MR60BHA2_breath_phase,safenest-node-01
105.2600,0.220000,S001,S001_NORMAL_D06,1,NORMAL_D06,20.00,0.7462,,MR60BHA2_breath_phase,safenest-node-01
105.3600,0.090000,S001,S001_NORMAL_D06,1,NORMAL_D06,19.00,0.7462,,MR60BHA2_breath_phase,safenest-node-01
105.4600,-0.030000,S001,S001_NORMAL_D06,1,NORMAL_D06,19.00,0.7462,,MR60BHA2_breath_phase,safenest-node-01
105.5600,-0.090000,S001,S001_NORMAL_D06,1,NORMAL_D06,19.00,0.7462,,MR60BHA2_breath_phase,safenest-node-01
105.6600,-0.140000,S001,S001_NORMAL_D06,1,NORMAL_D06,19.00,0.7462,,MR60BHA2_breath_phase,safenest-node-01
105.7600,-0.220000,S001,S001_NORMAL_D06,1,NORMAL_D06,19.00,0.7462,,MR60BHA2_breath_phase,safenest-node-01
105.8600,-0.280000,S001,S001_NORMAL_D06,1,NORMAL_D06,18.00,0.7462,,MR60BHA2_breath_phase,safenest-node-01
105.9610,-0.290000,S001,S001_NORMAL_D06,1,NORMAL_D06,18.00,0.7462,,MR60BHA2_breath_phase,safenest-node-01
106.0610,-0.300000,S001,S001_NORMAL_D06,1,NORMAL_D06,18.00,0.7462,,MR60BHA2_breath_phase,safenest-node-01
106.1610,-0.290000,S001,S001_NORMAL_D06,1,NORMAL_D06,18.00,0.7462,,MR60BHA2_breath_phase,safenest-node-01
106.2610,-0.250000,S001,S001_NORMAL_D06,1,NORMAL_D06,18.00,0.7462,,MR60BHA2_breath_phase,safenest-node-01
106.3610,-0.190000,S001,S001_NORMAL_D06,1,NORMAL_D06,18.00,0.7462,,MR60BHA2_breath_phase,safenest-node-01
106.4610,-0.160000,S001,S001_NORMAL_D06,1,NORMAL_D06,18.00,0.7462,,MR60BHA2_breath_phase,safenest-node-01
106.5610,-0.090000,S001,S001_NORMAL_D06,1,NORMAL_D06,17.00,0.7462,,MR60BHA2_breath_phase,safenest-node-01
106.6610,-0.060000,S001,S001_NORMAL_D06,1,NORMAL_D06,17.00,0.7462,,MR60BHA2_breath_phase,safenest-node-01
106.7610,0.010000,S001,S001_NORMAL_D06,1,NORMAL_D06,17.00,0.7462,,MR60BHA2_breath_phase,safenest-node-01
106.8610,0.060000,S001,S001_NORMAL_D06,1,NORMAL_D06,17.00,0.7462,,MR60BHA2_breath_phase,safenest-node-01
106.9610,0.080000,S001,S001_NORMAL_D06,1,NORMAL_D06,17.00,0.7462,,MR60BHA2_breath_phase,safenest-node-01
107.0610,0.120000,S001,S001_NORMAL_D06,1,NORMAL_D06,17.00,0.7462,,MR60BHA2_breath_phase,safenest-node-01
107.1610,0.130000,S001,S001_NORMAL_D06,1,NORMAL_D06,17.00,0.7462,,MR60BHA2_breath_phase,safenest-node-01
107.2610,0.140000,S001,S001_NORMAL_D06,1,NORMAL_D06,17.00,0.7462,,MR60BHA2_breath_phase,safenest-node-01
107.3610,0.140000,S001,S001_NORMAL_D06,1,NORMAL_D06,17.00,0.7462,,MR60BHA2_breath_phase,safenest-node-01
107.4610,0.140000,S001,S001_NORMAL_D06,1,NORMAL_D06,17.00,0.7462,,MR60BHA2_breath_phase,safenest-node-01
107.5610,0.130000,S001,S001_NORMAL_D06,1,NORMAL_D06,17.00,0.7462,,MR60BHA2_breath_phase,safenest-node-01
107.6610,0.120000,S001,S001_NORMAL_D06,1,NORMAL_D06,17.00,0.7462,,MR60BHA2_breath_phase,safenest-node-01
107.7610,0.100000,S001,S001_NORMAL_D06,1,NORMAL_D06,17.00,0.7462,,MR60BHA2_breath_phase,safenest-node-01
107.8610,0.080000,S001,S001_NORMAL_D06,1,NORMAL_D06,17.00,0.7462,,MR60BHA2_breath_phase,safenest-node-01
107.9610,0.080000,S001,S001_NORMAL_D06,1,NORMAL_D06,17.00,0.7462,,MR60BHA2_breath_phase,safenest-node-01
108.0610,0.070000,S001,S001_NORMAL_D06,1,NORMAL_D06,17.00,0.7462,,MR60BHA2_breath_phase,safenest-node-01
108.1610,0.060000,S001,S001_NORMAL_D06,1,NORMAL_D06,18.00,0.7462,,MR60BHA2_breath_phase,safenest-node-01
108.2610,0.050000,S001,S001_NORMAL_D06,1,NORMAL_D06,18.00,0.7462,,MR60BHA2_breath_phase,safenest-node-01
108.3610,0.040000,S001,S001_NORMAL_D06,1,NORMAL_D06,18.00,0.7462,,MR60BHA2_breath_phase,safenest-node-01
108.4610,0.040000,S001,S001_NORMAL_D06,1,NORMAL_D06,18.00,0.7462,,MR60BHA2_breath_phase,safenest-node-01
108.5610,0.020000,S001,S001_NORMAL_D06,1,NORMAL_D06,18.00,0.7462,,MR60BHA2_breath_phase,safenest-node-01
108.6610,0.010000,S001,S001_NORMAL_D06,1,NORMAL_D06,18.00,0.7462,,MR60BHA2_breath_phase,safenest-node-01
108.7610,-0.030000,S001,S001_NORMAL_D06,1,NORMAL_D06,18.00,0.7462,,MR60BHA2_breath_phase,safenest-node-01
108.8610,-0.070000,S001,S001_NORMAL_D06,1,NORMAL_D06,18.00,0.7462,,MR60BHA2_breath_phase,safenest-node-01
108.9610,-0.090000,S001,S001_NORMAL_D06,1,NORMAL_D06,18.00,0.7462,,MR60BHA2_breath_phase,safenest-node-01
109.0610,-0.140000,S001,S001_NORMAL_D06,1,NORMAL_D06,18.00,0.7462,,MR60BHA2_breath_phase,safenest-node-01
109.1610,-0.170000,S001,S001_NORMAL_D06,1,NORMAL_D06,18.00,0.7462,,MR60BHA2_breath_phase,safenest-node-01
109.2610,-0.220000,S001,S001_NORMAL_D06,1,NORMAL_D06,18.00,0.7462,,MR60BHA2_breath_phase,safenest-node-01
109.3610,-0.270000,S001,S001_NORMAL_D06,1,NORMAL_D06,18.00,0.7462,,MR60BHA2_breath_phase,safenest-node-01
109.4610,-0.300000,S001,S001_NORMAL_D06,1,NORMAL_D06,18.00,0.7462,,MR60BHA2_breath_phase,safenest-node-01
109.5610,-0.350000,S001,S001_NORMAL_D06,1,NORMAL_D06,18.00,0.7462,,MR60BHA2_breath_phase,safenest-node-01
109.6610,-0.360000,S001,S001_NORMAL_D06,1,NORMAL_D06,18.00,0.7462,,MR60BHA2_breath_phase,safenest-node-01
109.7610,-0.390000,S001,S001_NORMAL_D06,1,NORMAL_D06,18.00,0.7462,,MR60BHA2_breath_phase,safenest-node-01
109.8610,-0.400000,S001,S001_NORMAL_D06,1,NORMAL_D06,18.00,0.7462,,MR60BHA2_breath_phase,safenest-node-01
109.9610,-0.400000,S001,S001_NORMAL_D06,1,NORMAL_D06,18.00,0.7462,,MR60BHA2_breath_phase,safenest-node-01
110.0610,-0.390000,S001,S001_NORMAL_D06,1,NORMAL_D06,18.00,0.7462,,MR60BHA2_breath_phase,safenest-node-01
110.1610,-0.350000,S001,S001_NORMAL_D06,1,NORMAL_D06,18.00,0.7462,,MR60BHA2_breath_phase,safenest-node-01
110.2610,-0.280000,S001,S001_NORMAL_D06,1,NORMAL_D06,18.00,0.7462,,MR60BHA2_breath_phase,safenest-node-01
110.3610,-0.190000,S001,S001_NORMAL_D06,1,NORMAL_D06,18.00,0.7462,,MR60BHA2_breath_phase,safenest-node-01
110.4610,-0.140000,S001,S001_NORMAL_D06,1,NORMAL_D06,18.00,0.7462,,MR60BHA2_breath_phase,safenest-node-01
110.5610,-0.080000,S001,S001_NORMAL_D06,1,NORMAL_D06,18.00,0.7462,,MR60BHA2_breath_phase,safenest-node-01
110.6610,0.020000,S001,S001_NORMAL_D06,1,NORMAL_D06,18.00,0.7462,,MR60BHA2_breath_phase,safenest-node-01
110.7610,0.110000,S001,S001_NORMAL_D06,1,NORMAL_D06,18.00,0.7462,,MR60BHA2_breath_phase,safenest-node-01
110.8620,0.190000,S001,S001_NORMAL_D06,1,NORMAL_D06,18.00,0.7462,,MR60BHA2_breath_phase,safenest-node-01
110.9620,0.210000,S001,S001_NORMAL_D06,1,NORMAL_D06,18.00,0.7462,,MR60BHA2_breath_phase,safenest-node-01
111.0620,0.250000,S001,S001_NORMAL_D06,1,NORMAL_D06,18.00,0.7462,,MR60BHA2_breath_phase,safenest-node-01
111.1620,0.250000,S001,S001_NORMAL_D06,1,NORMAL_D06,18.00,0.7462,,MR60BHA2_breath_phase,safenest-node-01
111.2620,0.240000,S001,S001_NORMAL_D06,1,NORMAL_D06,19.00,0.7462,,MR60BHA2_breath_phase,safenest-node-01
111.3620,0.210000,S001,S001_NORMAL_D06,1,NORMAL_D06,19.00,0.7462,,MR60BHA2_breath_phase,safenest-node-01
111.4620,0.190000,S001,S001_NORMAL_D06,1,NORMAL_D06,19.00,0.7462,,MR60BHA2_breath_phase,safenest-node-01
111.5620,0.130000,S001,S001_NORMAL_D06,1,NORMAL_D06,19.00,0.7462,,MR60BHA2_breath_phase,safenest-node-01
111.6620,0.100000,S001,S001_NORMAL_D06,1,NORMAL_D06,19.00,0.7462,,MR60BHA2_breath_phase,safenest-node-01
111.7620,0.040000,S001,S001_NORMAL_D06,1,NORMAL_D06,20.00,0.7462,,MR60BHA2_breath_phase,safenest-node-01
111.8630,-0.010000,S001,S001_NORMAL_D06,1,NORMAL_D06,20.00,0.7462,,MR60BHA2_breath_phase,safenest-node-01
111.9630,-0.020000,S001,S001_NORMAL_D06,1,NORMAL_D06,20.00,0.7462,,MR60BHA2_breath_phase,safenest-node-01
112.0630,-0.040000,S001,S001_NORMAL_D06,1,NORMAL_D06,20.00,0.7462,,MR60BHA2_breath_phase,safenest-node-01
112.1630,-0.040000,S001,S001_NORMAL_D06,1,NORMAL_D06,20.00,0.7462,,MR60BHA2_breath_phase,safenest-node-01
112.2630,-0.040000,S001,S001_NORMAL_D06,1,NORMAL_D06,20.00,0.7462,,MR60BHA2_breath_phase,safenest-node-01
112.3630,-0.020000,S001,S001_NORMAL_D06,1,NORMAL_D06,20.00,0.7462,,MR60BHA2_breath_phase,safenest-node-01
112.4630,-0.010000,S001,S001_NORMAL_D06,1,NORMAL_D06,20.00,0.7462,,MR60BHA2_breath_phase,safenest-node-01
112.5630,0.010000,S001,S001_NORMAL_D06,1,NORMAL_D06,21.00,0.7462,,MR60BHA2_breath_phase,safenest-node-01
112.6630,0.030000,S001,S001_NORMAL_D06,1,NORMAL_D06,21.00,0.7462,,MR60BHA2_breath_phase,safenest-node-01
112.7630,0.050000,S001,S001_NORMAL_D06,1,NORMAL_D06,21.00,0.7462,,MR60BHA2_breath_phase,safenest-node-01
112.8640,0.070000,S001,S001_NORMAL_D06,1,NORMAL_D06,21.00,0.7462,,MR60BHA2_breath_phase,safenest-node-01
112.9640,0.070000,S001,S001_NORMAL_D06,1,NORMAL_D06,21.00,0.7462,,MR60BHA2_breath_phase,safenest-node-01
113.0640,0.070000,S001,S001_NORMAL_D06,1,NORMAL_D06,21.00,0.7462,,MR60BHA2_breath_phase,safenest-node-01
113.1640,0.080000,S001,S001_NORMAL_D06,1,NORMAL_D06,21.00,0.7462,,MR60BHA2_breath_phase,safenest-node-01
113.2640,0.070000,S001,S001_NORMAL_D06,1,NORMAL_D06,21.00,0.7462,,MR60BHA2_breath_phase,safenest-node-01
113.3650,0.070000,S001,S001_NORMAL_D06,1,NORMAL_D06,21.00,0.7462,,MR60BHA2_breath_phase,safenest-node-01
113.4650,0.060000,S001,S001_NORMAL_D06,1,NORMAL_D06,21.00,0.7462,,MR60BHA2_breath_phase,safenest-node-01
113.5650,0.060000,S001,S001_NORMAL_D06,1,NORMAL_D06,21.00,0.7462,,MR60BHA2_breath_phase,safenest-node-01
113.6650,0.060000,S001,S001_NORMAL_D06,1,NORMAL_D06,21.00,0.7462,,MR60BHA2_breath_phase,safenest-node-01
113.7650,0.050000,S001,S001_NORMAL_D06,1,NORMAL_D06,20.00,0.7462,,MR60BHA2_breath_phase,safenest-node-01
113.8660,0.050000,S001,S001_NORMAL_D06,1,NORMAL_D06,20.00,0.7462,,MR60BHA2_breath_phase,safenest-node-01
113.9660,0.050000,S001,S001_NORMAL_D06,1,NORMAL_D06,20.00,0.7462,,MR60BHA2_breath_phase,safenest-node-01
114.0660,0.060000,S001,S001_NORMAL_D06,1,NORMAL_D06,20.00,0.7462,,MR60BHA2_breath_phase,safenest-node-01
114.1660,0.070000,S001,S001_NORMAL_D06,1,NORMAL_D06,20.00,0.7462,,MR60BHA2_breath_phase,safenest-node-01
114.2660,0.090000,S001,S001_NORMAL_D06,1,NORMAL_D06,20.00,0.7462,,MR60BHA2_breath_phase,safenest-node-01
114.3670,0.110000,S001,S001_NORMAL_D06,1,NORMAL_D06,20.00,0.7462,,MR60BHA2_breath_phase,safenest-node-01
114.4670,0.130000,S001,S001_NORMAL_D06,1,NORMAL_D06,21.00,0.7462,,MR60BHA2_breath_phase,safenest-node-01
114.5670,0.150000,S001,S001_NORMAL_D06,1,NORMAL_D06,21.00,0.7462,,MR60BHA2_breath_phase,safenest-node-01
114.6670,0.170000,S001,S001_NORMAL_D06,1,NORMAL_D06,21.00,0.7462,,MR60BHA2_breath_phase,safenest-node-01
114.7670,0.190000,S001,S001_NORMAL_D06,1,NORMAL_D06,21.00,0.7462,,MR60BHA2_breath_phase,safenest-node-01
114.8670,0.180000,S001,S001_NORMAL_D06,1,NORMAL_D06,21.00,0.7462,,MR60BHA2_breath_phase,safenest-node-01
114.9670,0.170000,S001,S001_NORMAL_D06,1,NORMAL_D06,21.00,0.7462,,MR60BHA2_breath_phase,safenest-node-01
115.0670,0.150000,S001,S001_NORMAL_D06,1,NORMAL_D06,21.00,0.7462,,MR60BHA2_breath_phase,safenest-node-01
115.1670,0.090000,S001,S001_NORMAL_D06,1,NORMAL_D06,21.00,0.7462,,MR60BHA2_breath_phase,safenest-node-01
115.2670,0.010000,S001,S001_NORMAL_D06,1,NORMAL_D06,21.00,0.7462,,MR60BHA2_breath_phase,safenest-node-01
115.3680,-0.070000,S001,S001_NORMAL_D06,1,NORMAL_D06,22.00,0.7462,,MR60BHA2_breath_phase,safenest-node-01
115.4680,-0.120000,S001,S001_NORMAL_D06,1,NORMAL_D06,22.00,0.7462,,MR60BHA2_breath_phase,safenest-node-01
115.5680,-0.160000,S001,S001_NORMAL_D06,1,NORMAL_D06,22.00,0.7462,,MR60BHA2_breath_phase,safenest-node-01
115.6680,-0.240000,S001,S001_NORMAL_D06,1,NORMAL_D06,22.00,0.7462,,MR60BHA2_breath_phase,safenest-node-01
115.7680,-0.310000,S001,S001_NORMAL_D06,1,NORMAL_D06,22.00,0.7462,,MR60BHA2_breath_phase,safenest-node-01
115.8690,-0.360000,S001,S001_NORMAL_D06,1,NORMAL_D06,22.00,0.7462,,MR60BHA2_breath_phase,safenest-node-01
115.9690,-0.380000,S001,S001_NORMAL_D06,1,NORMAL_D06,22.00,0.7462,,MR60BHA2_breath_phase,safenest-node-01
116.0690,-0.410000,S001,S001_NORMAL_D06,1,NORMAL_D06,22.00,0.7462,,MR60BHA2_breath_phase,safenest-node-01
116.1690,-0.420000,S001,S001_NORMAL_D06,1,NORMAL_D06,22.00,0.7462,,MR60BHA2_breath_phase,safenest-node-01
116.2690,-0.420000,S001,S001_NORMAL_D06,1,NORMAL_D06,22.00,0.7462,,MR60BHA2_breath_phase,safenest-node-01
116.3690,-0.410000,S001,S001_NORMAL_D06,1,NORMAL_D06,22.00,0.7462,,MR60BHA2_breath_phase,safenest-node-01
116.4690,-0.400000,S001,S001_NORMAL_D06,1,NORMAL_D06,22.00,0.7462,,MR60BHA2_breath_phase,safenest-node-01
116.5690,-0.350000,S001,S001_NORMAL_D06,1,NORMAL_D06,22.00,0.7462,,MR60BHA2_breath_phase,safenest-node-01
116.6690,-0.330000,S001,S001_NORMAL_D06,1,NORMAL_D06,22.00,0.7462,,MR60BHA2_breath_phase,safenest-node-01
116.7690,-0.260000,S001,S001_NORMAL_D06,1,NORMAL_D06,22.00,0.7462,,MR60BHA2_breath_phase,safenest-node-01
116.8690,-0.190000,S001,S001_NORMAL_D06,1,NORMAL_D06,21.00,0.7462,,MR60BHA2_breath_phase,safenest-node-01
116.9690,-0.140000,S001,S001_NORMAL_D06,1,NORMAL_D06,21.00,0.7462,,MR60BHA2_breath_phase,safenest-node-01
117.0690,-0.060000,S001,S001_NORMAL_D06,1,NORMAL_D06,20.00,0.7462,,MR60BHA2_breath_phase,safenest-node-01
117.1690,-0.010000,S001,S001_NORMAL_D06,1,NORMAL_D06,20.00,0.7462,,MR60BHA2_breath_phase,safenest-node-01
117.2690,0.080000,S001,S001_NORMAL_D06,1,NORMAL_D06,20.00,0.7462,,MR60BHA2_breath_phase,safenest-node-01
117.3690,0.160000,S001,S001_NORMAL_D06,1,NORMAL_D06,21.00,0.7462,,MR60BHA2_breath_phase,safenest-node-01
117.4690,0.200000,S001,S001_NORMAL_D06,1,NORMAL_D06,21.00,0.7462,,MR60BHA2_breath_phase,safenest-node-01
117.5690,0.280000,S001,S001_NORMAL_D06,1,NORMAL_D06,21.00,0.7462,,MR60BHA2_breath_phase,safenest-node-01
117.6690,0.310000,S001,S001_NORMAL_D06,1,NORMAL_D06,21.00,0.7462,,MR60BHA2_breath_phase,safenest-node-01
117.7690,0.380000,S001,S001_NORMAL_D06,1,NORMAL_D06,21.00,0.7462,,MR60BHA2_breath_phase,safenest-node-01
117.8690,0.430000,S001,S001_NORMAL_D06,1,NORMAL_D06,21.00,0.7462,,MR60BHA2_breath_phase,safenest-node-01
117.9690,0.450000,S001,S001_NORMAL_D06,1,NORMAL_D06,21.00,0.7462,,MR60BHA2_breath_phase,safenest-node-01
118.0690,0.480000,S001,S001_NORMAL_D06,1,NORMAL_D06,21.00,0.7462,,MR60BHA2_breath_phase,safenest-node-01
118.1690,0.500000,S001,S001_NORMAL_D06,1,NORMAL_D06,21.00,0.7462,,MR60BHA2_breath_phase,safenest-node-01
118.2690,0.510000,S001,S001_NORMAL_D06,1,NORMAL_D06,21.00,0.7462,,MR60BHA2_breath_phase,safenest-node-01
118.3690,0.510000,S001,S001_NORMAL_D06,1,NORMAL_D06,22.00,0.7462,,MR60BHA2_breath_phase,safenest-node-01
118.4700,0.500000,S001,S001_NORMAL_D06,1,NORMAL_D06,22.00,0.7462,,MR60BHA2_breath_phase,safenest-node-01
118.5700,0.470000,S001,S001_NORMAL_D06,1,NORMAL_D06,22.00,0.7462,,MR60BHA2_breath_phase,safenest-node-01
118.6700,0.440000,S001,S001_NORMAL_D06,1,NORMAL_D06,22.00,0.7462,,MR60BHA2_breath_phase,safenest-node-01
118.7700,0.380000,S001,S001_NORMAL_D06,1,NORMAL_D06,22.00,0.7462,,MR60BHA2_breath_phase,safenest-node-01
118.8700,0.300000,S001,S001_NORMAL_D06,1,NORMAL_D06,22.00,0.7462,,MR60BHA2_breath_phase,safenest-node-01
118.9700,0.250000,S001,S001_NORMAL_D06,1,NORMAL_D06,22.00,0.7462,,MR60BHA2_breath_phase,safenest-node-01
119.0700,0.140000,S001,S001_NORMAL_D06,1,NORMAL_D06,22.00,0.7462,,MR60BHA2_breath_phase,safenest-node-01
119.1700,0.080000,S001,S001_NORMAL_D06,1,NORMAL_D06,21.00,0.7462,,MR60BHA2_breath_phase,safenest-node-01
119.2700,-0.050000,S001,S001_NORMAL_D06,1,NORMAL_D06,21.00,0.7462,,MR60BHA2_breath_phase,safenest-node-01
119.3700,-0.180000,S001,S001_NORMAL_D06,1,NORMAL_D06,20.00,0.7462,,MR60BHA2_breath_phase,safenest-node-01
119.4700,-0.250000,S001,S001_NORMAL_D06,1,NORMAL_D06,20.00,0.7462,,MR60BHA2_breath_phase,safenest-node-01
119.5700,-0.370000,S001,S001_NORMAL_D06,1,NORMAL_D06,20.00,0.7462,,MR60BHA2_breath_phase,safenest-node-01
119.6700,-0.430000,S001,S001_NORMAL_D06,1,NORMAL_D06,20.00,0.7462,,MR60BHA2_breath_phase,safenest-node-01
119.7700,-0.520000,S001,S001_NORMAL_D06,1,NORMAL_D06,20.00,0.7462,,MR60BHA2_breath_phase,safenest-node-01
119.8700,-0.580000,S001,S001_NORMAL_D06,1,NORMAL_D06,20.00,0.7462,,MR60BHA2_breath_phase,safenest-node-01
119.9700,-0.600000,S001,S001_NORMAL_D06,1,NORMAL_D06,20.00,0.7462,,MR60BHA2_breath_phase,safenest-node-01
120.0700,-0.620000,S001,S001_NORMAL_D06,1,NORMAL_D06,20.00,0.7462,,MR60BHA2_breath_phase,safenest-node-01
120.1700,-0.620000,S001,S001_NORMAL_D06,1,NORMAL_D06,20.00,0.7462,,MR60BHA2_breath_phase,safenest-node-01
120.2700,-0.590000,S001,S001_NORMAL_D06,1,NORMAL_D06,20.00,0.7462,,MR60BHA2_breath_phase,safenest-node-01
120.3700,-0.540000,S001,S001_NORMAL_D06,1,NORMAL_D06,20.00,0.7462,,MR60BHA2_breath_phase,safenest-node-01
120.4710,-0.470000,S001,S001_NORMAL_D06,1,NORMAL_D06,20.00,0.7462,,MR60BHA2_breath_phase,safenest-node-01
120.5710,-0.420000,S001,S001_NORMAL_D06,1,NORMAL_D06,20.00,0.7462,,MR60BHA2_breath_phase,safenest-node-01
120.6710,-0.320000,S001,S001_NORMAL_D06,1,NORMAL_D06,20.00,0.7462,,MR60BHA2_breath_phase,safenest-node-01
120.7710,-0.260000,S001,S001_NORMAL_D06,1,NORMAL_D06,20.00,0.7462,,MR60BHA2_breath_phase,safenest-node-01
120.8710,-0.140000,S001,S001_NORMAL_D06,1,NORMAL_D06,20.00,0.7462,,MR60BHA2_breath_phase,safenest-node-01
120.9710,-0.010000,S001,S001_NORMAL_D06,1,NORMAL_D06,20.00,0.7462,,MR60BHA2_breath_phase,safenest-node-01
121.0710,0.050000,S001,S001_NORMAL_D06,1,NORMAL_D06,20.00,0.7462,,MR60BHA2_breath_phase,safenest-node-01
121.1710,0.170000,S001,S001_NORMAL_D06,1,NORMAL_D06,19.00,0.7462,,MR60BHA2_breath_phase,safenest-node-01
121.2710,0.230000,S001,S001_NORMAL_D06,1,NORMAL_D06,19.00,0.7462,,MR60BHA2_breath_phase,safenest-node-01
121.3710,0.330000,S001,S001_NORMAL_D06,1,NORMAL_D06,19.00,0.7462,,MR60BHA2_breath_phase,safenest-node-01
121.4710,0.400000,S001,S001_NORMAL_D06,1,NORMAL_D06,19.00,0.7462,,MR60BHA2_breath_phase,safenest-node-01
121.5710,0.420000,S001,S001_NORMAL_D06,1,NORMAL_D06,19.00,0.7462,,MR60BHA2_breath_phase,safenest-node-01
121.6710,0.440000,S001,S001_NORMAL_D06,1,NORMAL_D06,19.00,0.7462,,MR60BHA2_breath_phase,safenest-node-01
121.7710,0.440000,S001,S001_NORMAL_D06,1,NORMAL_D06,19.00,0.7462,,MR60BHA2_breath_phase,safenest-node-01
121.8710,0.420000,S001,S001_NORMAL_D06,1,NORMAL_D06,19.00,0.7462,,MR60BHA2_breath_phase,safenest-node-01
121.9710,0.380000,S001,S001_NORMAL_D06,1,NORMAL_D06,19.00,0.7462,,MR60BHA2_breath_phase,safenest-node-01
122.0710,0.350000,S001,S001_NORMAL_D06,1,NORMAL_D06,19.00,0.7462,,MR60BHA2_breath_phase,safenest-node-01
122.1710,0.270000,S001,S001_NORMAL_D06,1,NORMAL_D06,19.00,0.7462,,MR60BHA2_breath_phase,safenest-node-01
122.2710,0.230000,S001,S001_NORMAL_D06,1,NORMAL_D06,19.00,0.7462,,MR60BHA2_breath_phase,safenest-node-01
122.3710,0.140000,S001,S001_NORMAL_D06,1,NORMAL_D06,19.00,0.7462,,MR60BHA2_breath_phase,safenest-node-01
122.4710,0.060000,S001,S001_NORMAL_D06,1,NORMAL_D06,19.00,0.7462,,MR60BHA2_breath_phase,safenest-node-01
122.5710,0.030000,S001,S001_NORMAL_D06,1,NORMAL_D06,19.00,0.7462,,MR60BHA2_breath_phase,safenest-node-01
122.6710,-0.020000,S001,S001_NORMAL_D06,1,NORMAL_D06,19.00,0.7462,,MR60BHA2_breath_phase,safenest-node-01
122.7710,-0.030000,S001,S001_NORMAL_D06,1,NORMAL_D06,19.00,0.7462,,MR60BHA2_breath_phase,safenest-node-01
122.8710,-0.050000,S001,S001_NORMAL_D06,1,NORMAL_D06,19.00,0.7462,,MR60BHA2_breath_phase,safenest-node-01
122.9710,-0.040000,S001,S001_NORMAL_D06,1,NORMAL_D06,19.00,0.7462,,MR60BHA2_breath_phase,safenest-node-01
123.0710,-0.040000,S001,S001_NORMAL_D06,1,NORMAL_D06,19.00,0.7462,,MR60BHA2_breath_phase,safenest-node-01
123.1710,-0.030000,S001,S001_NORMAL_D06,1,NORMAL_D06,19.00,0.7462,,MR60BHA2_breath_phase,safenest-node-01
123.2710,-0.030000,S001,S001_NORMAL_D06,1,NORMAL_D06,19.00,0.7462,,MR60BHA2_breath_phase,safenest-node-01
123.3710,-0.030000,S001,S001_NORMAL_D06,1,NORMAL_D06,19.00,0.7462,,MR60BHA2_breath_phase,safenest-node-01
123.4710,-0.040000,S001,S001_NORMAL_D06,1,NORMAL_D06,19.00,0.7462,,MR60BHA2_breath_phase,safenest-node-01
123.5720,-0.040000,S001,S001_NORMAL_D06,1,NORMAL_D06,19.00,0.7462,,MR60BHA2_breath_phase,safenest-node-01
123.6720,-0.060000,S001,S001_NORMAL_D06,1,NORMAL_D06,19.00,0.7462,,MR60BHA2_breath_phase,safenest-node-01
123.7720,-0.070000,S001,S001_NORMAL_D06,1,NORMAL_D06,19.00,0.7462,,MR60BHA2_breath_phase,safenest-node-01
123.8720,-0.090000,S001,S001_NORMAL_D06,1,NORMAL_D06,19.00,0.7462,,MR60BHA2_breath_phase,safenest-node-01
123.9720,-0.110000,S001,S001_NORMAL_D06,1,NORMAL_D06,19.00,0.7462,,MR60BHA2_breath_phase,safenest-node-01
124.0730,-0.120000,S001,S001_NORMAL_D06,1,NORMAL_D06,19.00,0.7462,,MR60BHA2_breath_phase,safenest-node-01
124.1730,-0.130000,S001,S001_NORMAL_D06,1,NORMAL_D06,19.00,0.7462,,MR60BHA2_breath_phase,safenest-node-01
124.2730,-0.140000,S001,S001_NORMAL_D06,1,NORMAL_D06,19.00,0.7462,,MR60BHA2_breath_phase,safenest-node-01
124.3730,-0.140000,S001,S001_NORMAL_D06,1,NORMAL_D06,19.00,0.7462,,MR60BHA2_breath_phase,safenest-node-01
124.4730,-0.140000,S001,S001_NORMAL_D06,1,NORMAL_D06,19.00,0.7462,,MR60BHA2_breath_phase,safenest-node-01
124.5740,-0.130000,S001,S001_NORMAL_D06,1,NORMAL_D06,19.00,0.7462,,MR60BHA2_breath_phase,safenest-node-01
124.6740,-0.120000,S001,S001_NORMAL_D06,1,NORMAL_D06,19.00,0.7462,,MR60BHA2_breath_phase,safenest-node-01
124.7740,-0.110000,S001,S001_NORMAL_D06,1,NORMAL_D06,19.00,0.7462,,MR60BHA2_breath_phase,safenest-node-01
124.8740,-0.100000,S001,S001_NORMAL_D06,1,NORMAL_D06,19.00,0.7462,,MR60BHA2_breath_phase,safenest-node-01
124.9740,-0.090000,S001,S001_NORMAL_D06,1,NORMAL_D06,19.00,0.7462,,MR60BHA2_breath_phase,safenest-node-01
125.0740,-0.080000,S001,S001_NORMAL_D06,1,NORMAL_D06,19.00,0.7462,,MR60BHA2_breath_phase,safenest-node-01
125.1740,-0.080000,S001,S001_NORMAL_D06,1,NORMAL_D06,19.00,0.7462,,MR60BHA2_breath_phase,safenest-node-01
125.2740,-0.070000,S001,S001_NORMAL_D06,1,NORMAL_D06,19.00,0.7462,,MR60BHA2_breath_phase,safenest-node-01
125.3740,-0.070000,S001,S001_NORMAL_D06,1,NORMAL_D06,19.00,0.7462,,MR60BHA2_breath_phase,safenest-node-01
125.4740,-0.050000,S001,S001_NORMAL_D06,1,NORMAL_D06,19.00,0.7462,,MR60BHA2_breath_phase,safenest-node-01
125.5740,-0.040000,S001,S001_NORMAL_D06,1,NORMAL_D06,19.00,0.7462,,MR60BHA2_breath_phase,safenest-node-01
125.6740,-0.020000,S001,S001_NORMAL_D06,1,NORMAL_D06,19.00,0.7462,,MR60BHA2_breath_phase,safenest-node-01
125.7740,0.020000,S001,S001_NORMAL_D06,1,NORMAL_D06,19.00,0.7462,,MR60BHA2_breath_phase,safenest-node-01
125.8740,0.040000,S001,S001_NORMAL_D06,1,NORMAL_D06,19.00,0.7462,,MR60BHA2_breath_phase,safenest-node-01
125.9740,0.100000,S001,S001_NORMAL_D06,1,NORMAL_D06,19.00,0.7462,,MR60BHA2_breath_phase,safenest-node-01
126.0740,0.160000,S001,S001_NORMAL_D06,1,NORMAL_D06,19.00,0.7462,,MR60BHA2_breath_phase,safenest-node-01
126.1740,0.190000,S001,S001_NORMAL_D06,1,NORMAL_D06,19.00,0.7462,,MR60BHA2_breath_phase,safenest-node-01
126.2740,0.250000,S001,S001_NORMAL_D06,1,NORMAL_D06,19.00,0.7462,,MR60BHA2_breath_phase,safenest-node-01
126.3740,0.280000,S001,S001_NORMAL_D06,1,NORMAL_D06,19.00,0.7462,,MR60BHA2_breath_phase,safenest-node-01
126.4740,0.320000,S001,S001_NORMAL_D06,1,NORMAL_D06,19.00,0.7462,,MR60BHA2_breath_phase,safenest-node-01
126.5740,0.340000,S001,S001_NORMAL_D06,1,NORMAL_D06,19.00,0.7462,,MR60BHA2_breath_phase,safenest-node-01
126.6750,0.340000,S001,S001_NORMAL_D06,1,NORMAL_D06,19.00,0.7462,,MR60BHA2_breath_phase,safenest-node-01
126.7750,0.320000,S001,S001_NORMAL_D06,1,NORMAL_D06,19.00,0.7462,,MR60BHA2_breath_phase,safenest-node-01
126.8750,0.300000,S001,S001_NORMAL_D06,1,NORMAL_D06,19.00,0.7462,,MR60BHA2_breath_phase,safenest-node-01
126.9750,0.240000,S001,S001_NORMAL_D06,1,NORMAL_D06,19.00,0.7462,,MR60BHA2_breath_phase,safenest-node-01
127.0750,0.170000,S001,S001_NORMAL_D06,1,NORMAL_D06,19.00,0.7462,,MR60BHA2_breath_phase,safenest-node-01
127.1760,0.130000,S001,S001_NORMAL_D06,1,NORMAL_D06,19.00,0.7462,,MR60BHA2_breath_phase,safenest-node-01
127.2760,0.050000,S001,S001_NORMAL_D06,1,NORMAL_D06,19.00,0.7462,,MR60BHA2_breath_phase,safenest-node-01
127.3760,0.010000,S001,S001_NORMAL_D06,1,NORMAL_D06,19.00,0.7462,,MR60BHA2_breath_phase,safenest-node-01
127.4760,-0.060000,S001,S001_NORMAL_D06,1,NORMAL_D06,19.00,0.7462,,MR60BHA2_breath_phase,safenest-node-01
127.5760,-0.120000,S001,S001_NORMAL_D06,1,NORMAL_D06,19.00,0.7462,,MR60BHA2_breath_phase,safenest-node-01
127.6760,-0.150000,S001,S001_NORMAL_D06,1,NORMAL_D06,19.00,0.7462,,MR60BHA2_breath_phase,safenest-node-01
127.7760,-0.170000,S001,S001_NORMAL_D06,1,NORMAL_D06,19.00,0.7462,,MR60BHA2_breath_phase,safenest-node-01
127.8760,-0.170000,S001,S001_NORMAL_D06,1,NORMAL_D06,19.00,0.7462,,MR60BHA2_breath_phase,safenest-node-01
127.9760,-0.170000,S001,S001_NORMAL_D06,1,NORMAL_D06,19.00,0.7462,,MR60BHA2_breath_phase,safenest-node-01
128.0760,-0.160000,S001,S001_NORMAL_D06,1,NORMAL_D06,19.00,0.7462,,MR60BHA2_breath_phase,safenest-node-01
128.1770,-0.140000,S001,S001_NORMAL_D06,1,NORMAL_D06,19.00,0.7462,,MR60BHA2_breath_phase,safenest-node-01
128.2770,-0.130000,S001,S001_NORMAL_D06,1,NORMAL_D06,19.00,0.7462,,MR60BHA2_breath_phase,safenest-node-01
128.3770,-0.110000,S001,S001_NORMAL_D06,1,NORMAL_D06,19.00,0.7462,,MR60BHA2_breath_phase,safenest-node-01
128.4770,-0.100000,S001,S001_NORMAL_D06,1,NORMAL_D06,19.00,0.7462,,MR60BHA2_breath_phase,safenest-node-01
128.5770,-0.080000,S001,S001_NORMAL_D06,1,NORMAL_D06,19.00,0.7462,,MR60BHA2_breath_phase,safenest-node-01
128.6770,-0.070000,S001,S001_NORMAL_D06,1,NORMAL_D06,19.00,0.7462,,MR60BHA2_breath_phase,safenest-node-01
128.7770,-0.060000,S001,S001_NORMAL_D06,1,NORMAL_D06,19.00,0.7462,,MR60BHA2_breath_phase,safenest-node-01
128.8770,-0.050000,S001,S001_NORMAL_D06,1,NORMAL_D06,19.00,0.6888,,MR60BHA2_breath_phase,safenest-node-01
128.9770,-0.050000,S001,S001_NORMAL_D06,1,NORMAL_D06,19.00,0.6888,,MR60BHA2_breath_phase,safenest-node-01
129.0770,-0.050000,S001,S001_NORMAL_D06,1,NORMAL_D06,19.00,0.6888,,MR60BHA2_breath_phase,safenest-node-01
129.1770,-0.040000,S001,S001_NORMAL_D06,1,NORMAL_D06,19.00,0.6888,,MR60BHA2_breath_phase,safenest-node-01
129.2770,-0.040000,S001,S001_NORMAL_D06,1,NORMAL_D06,19.00,0.6888,,MR60BHA2_breath_phase,safenest-node-01
129.3770,-0.030000,S001,S001_NORMAL_D06,1,NORMAL_D06,19.00,0.6888,,MR60BHA2_breath_phase,safenest-node-01
129.4770,-0.020000,S001,S001_NORMAL_D06,1,NORMAL_D06,19.00,0.6888,,MR60BHA2_breath_phase,safenest-node-01
129.5770,-0.000000,S001,S001_NORMAL_D06,1,NORMAL_D06,19.00,0.6888,,MR60BHA2_breath_phase,safenest-node-01
129.6770,0.020000,S001,S001_NORMAL_D06,1,NORMAL_D06,19.00,0.6888,,MR60BHA2_breath_phase,safenest-node-01
129.7770,0.030000,S001,S001_NORMAL_D06,1,NORMAL_D06,19.00,0.6888,,MR60BHA2_breath_phase,safenest-node-01
129.8770,0.070000,S001,S001_NORMAL_D06,1,NORMAL_D06,19.00,0.6888,,MR60BHA2_breath_phase,safenest-node-01
129.9770,0.090000,S001,S001_NORMAL_D06,1,NORMAL_D06,19.00,0.6888,,MR60BHA2_breath_phase,safenest-node-01
130.0770,0.130000,S001,S001_NORMAL_D06,1,NORMAL_D06,19.00,0.6888,,MR60BHA2_breath_phase,safenest-node-01
130.1770,0.170000,S001,S001_NORMAL_D06,1,NORMAL_D06,19.00,0.6888,,MR60BHA2_breath_phase,safenest-node-01
130.2780,0.190000,S001,S001_NORMAL_D06,1,NORMAL_D06,19.00,0.6888,,MR60BHA2_breath_phase,safenest-node-01
130.3780,0.210000,S001,S001_NORMAL_D06,1,NORMAL_D06,19.00,0.6888,,MR60BHA2_breath_phase,safenest-node-01
130.4780,0.220000,S001,S001_NORMAL_D06,1,NORMAL_D06,19.00,0.6888,,MR60BHA2_breath_phase,safenest-node-01
130.5780,0.220000,S001,S001_NORMAL_D06,1,NORMAL_D06,19.00,0.6888,,MR60BHA2_breath_phase,safenest-node-01
130.6780,0.210000,S001,S001_NORMAL_D06,1,NORMAL_D06,19.00,0.6888,,MR60BHA2_breath_phase,safenest-node-01
130.7790,0.170000,S001,S001_NORMAL_D06,1,NORMAL_D06,19.00,0.6888,,MR60BHA2_breath_phase,safenest-node-01
130.8790,0.150000,S001,S001_NORMAL_D06,1,NORMAL_D06,19.00,0.6888,,MR60BHA2_breath_phase,safenest-node-01
130.9800,0.090000,S001,S001_NORMAL_D06,1,NORMAL_D06,19.00,0.6888,,MR60BHA2_breath_phase,safenest-node-01
131.0800,0.060000,S001,S001_NORMAL_D06,1,NORMAL_D06,19.00,0.7462,,MR60BHA2_breath_phase,safenest-node-01
131.1800,0.000000,S001,S001_NORMAL_D06,1,NORMAL_D06,19.00,0.7462,,MR60BHA2_breath_phase,safenest-node-01
131.2810,-0.060000,S001,S001_NORMAL_D06,1,NORMAL_D06,19.00,0.7462,,MR60BHA2_breath_phase,safenest-node-01
131.3810,-0.090000,S001,S001_NORMAL_D06,1,NORMAL_D06,19.00,0.7462,,MR60BHA2_breath_phase,safenest-node-01
131.4810,-0.140000,S001,S001_NORMAL_D06,1,NORMAL_D06,19.00,0.7462,,MR60BHA2_breath_phase,safenest-node-01
131.5810,-0.160000,S001,S001_NORMAL_D06,1,NORMAL_D06,19.00,0.7462,,MR60BHA2_breath_phase,safenest-node-01
131.6810,-0.180000,S001,S001_NORMAL_D06,1,NORMAL_D06,19.00,0.7462,,MR60BHA2_breath_phase,safenest-node-01
131.7810,-0.180000,S001,S001_NORMAL_D06,1,NORMAL_D06,19.00,0.7462,,MR60BHA2_breath_phase,safenest-node-01
131.8810,-0.180000,S001,S001_NORMAL_D06,1,NORMAL_D06,19.00,0.7462,,MR60BHA2_breath_phase,safenest-node-01
131.9810,-0.150000,S001,S001_NORMAL_D06,1,NORMAL_D06,19.00,0.7462,,MR60BHA2_breath_phase,safenest-node-01
132.0810,-0.130000,S001,S001_NORMAL_D06,1,NORMAL_D06,19.00,0.7462,,MR60BHA2_breath_phase,safenest-node-01
132.1810,-0.080000,S001,S001_NORMAL_D06,1,NORMAL_D06,19.00,0.7462,,MR60BHA2_breath_phase,safenest-node-01
132.2810,-0.010000,S001,S001_NORMAL_D06,1,NORMAL_D06,19.00,0.7462,,MR60BHA2_breath_phase,safenest-node-01
132.3810,0.020000,S001,S001_NORMAL_D06,1,NORMAL_D06,19.00,0.7462,,MR60BHA2_breath_phase,safenest-node-01
132.4810,0.070000,S001,S001_NORMAL_D06,1,NORMAL_D06,19.00,0.7462,,MR60BHA2_breath_phase,safenest-node-01
132.5810,0.090000,S001,S001_NORMAL_D06,1,NORMAL_D06,19.00,0.7462,,MR60BHA2_breath_phase,safenest-node-01
132.6810,0.110000,S001,S001_NORMAL_D06,1,NORMAL_D06,19.00,0.7462,,MR60BHA2_breath_phase,safenest-node-01
132.7810,0.110000,S001,S001_NORMAL_D06,1,NORMAL_D06,19.00,0.7462,,MR60BHA2_breath_phase,safenest-node-01
132.8810,0.100000,S001,S001_NORMAL_D06,1,NORMAL_D06,19.00,0.7462,,MR60BHA2_breath_phase,safenest-node-01
132.9810,0.070000,S001,S001_NORMAL_D06,1,NORMAL_D06,19.00,0.7462,,MR60BHA2_breath_phase,safenest-node-01
133.0810,0.040000,S001,S001_NORMAL_D06,1,NORMAL_D06,19.00,0.7462,,MR60BHA2_breath_phase,safenest-node-01
133.1810,-0.030000,S001,S001_NORMAL_D06,1,NORMAL_D06,19.00,0.7462,,MR60BHA2_breath_phase,safenest-node-01
133.2810,-0.110000,S001,S001_NORMAL_D06,1,NORMAL_D06,19.00,0.7462,,MR60BHA2_breath_phase,safenest-node-01
133.3810,-0.160000,S001,S001_NORMAL_D06,1,NORMAL_D06,19.00,0.7462,,MR60BHA2_breath_phase,safenest-node-01
133.4810,-0.250000,S001,S001_NORMAL_D06,1,NORMAL_D06,19.00,0.7462,,MR60BHA2_breath_phase,safenest-node-01
133.5810,-0.300000,S001,S001_NORMAL_D06,1,NORMAL_D06,19.00,0.7462,,MR60BHA2_breath_phase,safenest-node-01
133.6810,-0.390000,S001,S001_NORMAL_D06,1,NORMAL_D06,19.00,0.7462,,MR60BHA2_breath_phase,safenest-node-01
133.7810,-0.480000,S001,S001_NORMAL_D06,1,NORMAL_D06,19.00,0.7462,,MR60BHA2_breath_phase,safenest-node-01
133.8810,-0.510000,S001,S001_NORMAL_D06,1,NORMAL_D06,19.00,0.7462,,MR60BHA2_breath_phase,safenest-node-01
133.9810,-0.560000,S001,S001_NORMAL_D06,1,NORMAL_D06,19.00,0.7462,,MR60BHA2_breath_phase,safenest-node-01
134.0810,-0.570000,S001,S001_NORMAL_D06,1,NORMAL_D06,19.00,0.7462,,MR60BHA2_breath_phase,safenest-node-01
134.1810,-0.580000,S001,S001_NORMAL_D06,1,NORMAL_D06,19.00,0.7462,,MR60BHA2_breath_phase,safenest-node-01
134.2810,-0.540000,S001,S001_NORMAL_D06,1,NORMAL_D06,18.00,0.7462,,MR60BHA2_breath_phase,safenest-node-01
134.3820,-0.510000,S001,S001_NORMAL_D06,1,NORMAL_D06,18.00,0.7462,,MR60BHA2_breath_phase,safenest-node-01
134.4820,-0.420000,S001,S001_NORMAL_D06,1,NORMAL_D06,19.00,0.7462,,MR60BHA2_breath_phase,safenest-node-01
134.5820,-0.370000,S001,S001_NORMAL_D06,1,NORMAL_D06,19.00,0.7462,,MR60BHA2_breath_phase,safenest-node-01
134.6820,-0.240000,S001,S001_NORMAL_D06,1,NORMAL_D06,20.00,0.7462,,MR60BHA2_breath_phase,safenest-node-01
134.7820,-0.100000,S001,S001_NORMAL_D06,1,NORMAL_D06,20.00,0.7462,,MR60BHA2_breath_phase,safenest-node-01
134.8820,-0.020000,S001,S001_NORMAL_D06,1,NORMAL_D06,20.00,0.7462,,MR60BHA2_breath_phase,safenest-node-01
134.9820,0.120000,S001,S001_NORMAL_D06,1,NORMAL_D06,19.00,0.7462,,MR60BHA2_breath_phase,safenest-node-01
135.0820,0.190000,S001,S001_NORMAL_D06,1,NORMAL_D06,18.00,0.7462,,MR60BHA2_breath_phase,safenest-node-01
135.1820,0.330000,S001,S001_NORMAL_D06,1,NORMAL_D06,17.00,0.7462,,MR60BHA2_breath_phase,safenest-node-01
135.2820,0.450000,S001,S001_NORMAL_D06,1,NORMAL_D06,17.00,0.7462,,MR60BHA2_breath_phase,safenest-node-01
135.3830,0.550000,S001,S001_NORMAL_D06,1,NORMAL_D06,18.00,0.7462,,MR60BHA2_breath_phase,safenest-node-01
135.4830,0.590000,S001,S001_NORMAL_D06,1,NORMAL_D06,18.00,0.7462,,MR60BHA2_breath_phase,safenest-node-01
135.5830,0.630000,S001,S001_NORMAL_D06,1,NORMAL_D06,18.00,0.7462,,MR60BHA2_breath_phase,safenest-node-01
135.6830,0.670000,S001,S001_NORMAL_D06,1,NORMAL_D06,19.00,0.7462,,MR60BHA2_breath_phase,safenest-node-01
135.7830,0.690000,S001,S001_NORMAL_D06,1,NORMAL_D06,19.00,0.7462,,MR60BHA2_breath_phase,safenest-node-01
135.8830,0.660000,S001,S001_NORMAL_D06,1,NORMAL_D06,20.00,0.7462,,MR60BHA2_breath_phase,safenest-node-01
135.9830,0.640000,S001,S001_NORMAL_D06,1,NORMAL_D06,20.00,0.7462,,MR60BHA2_breath_phase,safenest-node-01
136.0830,0.600000,S001,S001_NORMAL_D06,1,NORMAL_D06,20.00,0.7462,,MR60BHA2_breath_phase,safenest-node-01
136.1830,0.520000,S001,S001_NORMAL_D06,1,NORMAL_D06,21.00,0.7462,,MR60BHA2_breath_phase,safenest-node-01
136.2830,0.410000,S001,S001_NORMAL_D06,1,NORMAL_D06,20.00,0.7462,,MR60BHA2_breath_phase,safenest-node-01
136.3830,0.290000,S001,S001_NORMAL_D06,1,NORMAL_D06,20.00,0.7462,,MR60BHA2_breath_phase,safenest-node-01
136.4830,0.240000,S001,S001_NORMAL_D06,1,NORMAL_D06,20.00,0.7462,,MR60BHA2_breath_phase,safenest-node-01
136.5830,0.120000,S001,S001_NORMAL_D06,1,NORMAL_D06,20.00,0.7462,,MR60BHA2_breath_phase,safenest-node-01
136.6830,0.070000,S001,S001_NORMAL_D06,1,NORMAL_D06,19.00,0.7462,,MR60BHA2_breath_phase,safenest-node-01
136.7830,-0.020000,S001,S001_NORMAL_D06,1,NORMAL_D06,19.00,0.7462,,MR60BHA2_breath_phase,safenest-node-01
136.8830,-0.090000,S001,S001_NORMAL_D06,1,NORMAL_D06,19.00,0.7462,,MR60BHA2_breath_phase,safenest-node-01
136.9830,-0.110000,S001,S001_NORMAL_D06,1,NORMAL_D06,19.00,0.7462,,MR60BHA2_breath_phase,safenest-node-01
137.0830,-0.130000,S001,S001_NORMAL_D06,1,NORMAL_D06,19.00,0.7462,,MR60BHA2_breath_phase,safenest-node-01
137.1830,-0.130000,S001,S001_NORMAL_D06,1,NORMAL_D06,19.00,0.7462,,MR60BHA2_breath_phase,safenest-node-01
137.2830,-0.100000,S001,S001_NORMAL_D06,1,NORMAL_D06,20.00,0.7462,,MR60BHA2_breath_phase,safenest-node-01
137.3830,-0.040000,S001,S001_NORMAL_D06,1,NORMAL_D06,20.00,0.7462,,MR60BHA2_breath_phase,safenest-node-01
137.4830,0.000000,S001,S001_NORMAL_D06,1,NORMAL_D06,20.00,0.7462,,MR60BHA2_breath_phase,safenest-node-01
137.5830,0.090000,S001,S001_NORMAL_D06,1,NORMAL_D06,20.00,0.7462,,MR60BHA2_breath_phase,safenest-node-01
137.6830,0.140000,S001,S001_NORMAL_D06,1,NORMAL_D06,21.00,0.7462,,MR60BHA2_breath_phase,safenest-node-01
137.7830,0.220000,S001,S001_NORMAL_D06,1,NORMAL_D06,21.00,0.7462,,MR60BHA2_breath_phase,safenest-node-01
137.8830,0.280000,S001,S001_NORMAL_D06,1,NORMAL_D06,21.00,0.7462,,MR60BHA2_breath_phase,safenest-node-01
137.9830,0.290000,S001,S001_NORMAL_D06,1,NORMAL_D06,21.00,0.7462,,MR60BHA2_breath_phase,safenest-node-01
138.0830,0.280000,S001,S001_NORMAL_D06,1,NORMAL_D06,22.00,0.7462,,MR60BHA2_breath_phase,safenest-node-01
138.1830,0.260000,S001,S001_NORMAL_D06,1,NORMAL_D06,22.00,0.7462,,MR60BHA2_breath_phase,safenest-node-01
138.2830,0.190000,S001,S001_NORMAL_D06,1,NORMAL_D06,22.00,0.6888,,MR60BHA2_breath_phase,safenest-node-01
138.3830,0.070000,S001,S001_NORMAL_D06,1,NORMAL_D06,23.00,0.6888,,MR60BHA2_breath_phase,safenest-node-01
138.4830,-0.000000,S001,S001_NORMAL_D06,1,NORMAL_D06,23.00,0.6888,,MR60BHA2_breath_phase,safenest-node-01
138.5830,-0.160000,S001,S001_NORMAL_D06,1,NORMAL_D06,23.00,0.6888,,MR60BHA2_breath_phase,safenest-node-01
138.6830,-0.240000,S001,S001_NORMAL_D06,1,NORMAL_D06,23.00,0.6888,,MR60BHA2_breath_phase,safenest-node-01
138.7830,-0.410000,S001,S001_NORMAL_D06,1,NORMAL_D06,23.00,0.6888,,MR60BHA2_breath_phase,safenest-node-01
138.8830,-0.550000,S001,S001_NORMAL_D06,1,NORMAL_D06,24.00,0.6888,,MR60BHA2_breath_phase,safenest-node-01
138.9830,-0.610000,S001,S001_NORMAL_D06,1,NORMAL_D06,24.00,0.6888,,MR60BHA2_breath_phase,safenest-node-01
139.0830,-0.700000,S001,S001_NORMAL_D06,1,NORMAL_D06,24.00,0.6888,,MR60BHA2_breath_phase,safenest-node-01
139.1830,-0.740000,S001,S001_NORMAL_D06,1,NORMAL_D06,24.00,0.7462,,MR60BHA2_breath_phase,safenest-node-01
139.2830,-0.770000,S001,S001_NORMAL_D06,1,NORMAL_D06,24.00,0.7462,,MR60BHA2_breath_phase,safenest-node-01
139.3830,-0.760000,S001,S001_NORMAL_D06,1,NORMAL_D06,25.00,0.7462,,MR60BHA2_breath_phase,safenest-node-01
139.4830,-0.710000,S001,S001_NORMAL_D06,1,NORMAL_D06,25.00,0.7462,,MR60BHA2_breath_phase,safenest-node-01
139.5830,-0.680000,S001,S001_NORMAL_D06,1,NORMAL_D06,25.00,0.7462,,MR60BHA2_breath_phase,safenest-node-01
139.6830,-0.580000,S001,S001_NORMAL_D06,1,NORMAL_D06,25.00,0.7462,,MR60BHA2_breath_phase,safenest-node-01
139.7830,-0.530000,S001,S001_NORMAL_D06,1,NORMAL_D06,25.00,0.7462,,MR60BHA2_breath_phase,safenest-node-01
139.8830,-0.400000,S001,S001_NORMAL_D06,1,NORMAL_D06,25.00,0.7462,,MR60BHA2_breath_phase,safenest-node-01
139.9830,-0.280000,S001,S001_NORMAL_D06,1,NORMAL_D06,25.00,0.7462,,MR60BHA2_breath_phase,safenest-node-01
140.0830,-0.210000,S001,S001_NORMAL_D06,1,NORMAL_D06,25.00,0.7462,,MR60BHA2_breath_phase,safenest-node-01
140.1830,-0.090000,S001,S001_NORMAL_D06,1,NORMAL_D06,25.00,0.7462,,MR60BHA2_breath_phase,safenest-node-01
140.2830,-0.040000,S001,S001_NORMAL_D06,1,NORMAL_D06,25.00,0.7462,,MR60BHA2_breath_phase,safenest-node-01
140.3830,0.070000,S001,S001_NORMAL_D06,1,NORMAL_D06,24.00,0.7462,,MR60BHA2_breath_phase,safenest-node-01
140.4830,0.160000,S001,S001_NORMAL_D06,1,NORMAL_D06,24.00,0.7462,,MR60BHA2_breath_phase,safenest-node-01
140.5830,0.200000,S001,S001_NORMAL_D06,1,NORMAL_D06,24.00,0.7462,,MR60BHA2_breath_phase,safenest-node-01
140.6830,0.260000,S001,S001_NORMAL_D06,1,NORMAL_D06,23.00,0.7462,,MR60BHA2_breath_phase,safenest-node-01
140.7830,0.290000,S001,S001_NORMAL_D06,1,NORMAL_D06,23.00,0.7462,,MR60BHA2_breath_phase,safenest-node-01
140.8830,0.330000,S001,S001_NORMAL_D06,1,NORMAL_D06,22.00,0.7462,,MR60BHA2_breath_phase,safenest-node-01
140.9830,0.350000,S001,S001_NORMAL_D06,1,NORMAL_D06,22.00,0.7462,,MR60BHA2_breath_phase,safenest-node-01
141.0830,0.360000,S001,S001_NORMAL_D06,1,NORMAL_D06,22.00,0.7462,,MR60BHA2_breath_phase,safenest-node-01
141.1830,0.350000,S001,S001_NORMAL_D06,1,NORMAL_D06,22.00,0.7462,,MR60BHA2_breath_phase,safenest-node-01
141.2830,0.350000,S001,S001_NORMAL_D06,1,NORMAL_D06,21.00,0.7462,,MR60BHA2_breath_phase,safenest-node-01
141.3830,0.330000,S001,S001_NORMAL_D06,1,NORMAL_D06,21.00,0.7462,,MR60BHA2_breath_phase,safenest-node-01
141.4830,0.300000,S001,S001_NORMAL_D06,1,NORMAL_D06,21.00,0.7462,,MR60BHA2_breath_phase,safenest-node-01
141.5840,0.290000,S001,S001_NORMAL_D06,1,NORMAL_D06,21.00,0.7462,,MR60BHA2_breath_phase,safenest-node-01
141.6840,0.250000,S001,S001_NORMAL_D06,1,NORMAL_D06,20.00,0.7462,,MR60BHA2_breath_phase,safenest-node-01
141.7840,0.230000,S001,S001_NORMAL_D06,1,NORMAL_D06,20.00,0.7462,,MR60BHA2_breath_phase,safenest-node-01
141.8840,0.190000,S001,S001_NORMAL_D06,1,NORMAL_D06,20.00,0.7462,,MR60BHA2_breath_phase,safenest-node-01
141.9840,0.140000,S001,S001_NORMAL_D06,1,NORMAL_D06,19.00,0.7462,,MR60BHA2_breath_phase,safenest-node-01
142.0850,0.110000,S001,S001_NORMAL_D06,1,NORMAL_D06,19.00,0.7462,,MR60BHA2_breath_phase,safenest-node-01
142.1850,0.060000,S001,S001_NORMAL_D06,1,NORMAL_D06,19.00,0.7462,,MR60BHA2_breath_phase,safenest-node-01
142.2850,0.030000,S001,S001_NORMAL_D06,1,NORMAL_D06,19.00,0.7462,,MR60BHA2_breath_phase,safenest-node-01
142.3850,-0.020000,S001,S001_NORMAL_D06,1,NORMAL_D06,19.00,0.7462,,MR60BHA2_breath_phase,safenest-node-01
142.4850,-0.050000,S001,S001_NORMAL_D06,1,NORMAL_D06,18.00,0.7462,,MR60BHA2_breath_phase,safenest-node-01
142.5850,-0.070000,S001,S001_NORMAL_D06,1,NORMAL_D06,18.00,0.7462,,MR60BHA2_breath_phase,safenest-node-01
142.6850,-0.090000,S001,S001_NORMAL_D06,1,NORMAL_D06,18.00,0.7462,,MR60BHA2_breath_phase,safenest-node-01
142.7850,-0.090000,S001,S001_NORMAL_D06,1,NORMAL_D06,18.00,0.7462,,MR60BHA2_breath_phase,safenest-node-01
142.8850,-0.090000,S001,S001_NORMAL_D06,1,NORMAL_D06,18.00,0.7462,,MR60BHA2_breath_phase,safenest-node-01
142.9850,-0.070000,S001,S001_NORMAL_D06,1,NORMAL_D06,18.00,0.7462,,MR60BHA2_breath_phase,safenest-node-01
143.0850,-0.060000,S001,S001_NORMAL_D06,1,NORMAL_D06,18.00,0.7462,,MR60BHA2_breath_phase,safenest-node-01
143.1850,-0.030000,S001,S001_NORMAL_D06,1,NORMAL_D06,17.00,0.7462,,MR60BHA2_breath_phase,safenest-node-01
143.2850,-0.020000,S001,S001_NORMAL_D06,1,NORMAL_D06,17.00,0.7462,,MR60BHA2_breath_phase,safenest-node-01
143.3850,0.010000,S001,S001_NORMAL_D06,1,NORMAL_D06,17.00,0.7462,,MR60BHA2_breath_phase,safenest-node-01
143.4860,0.030000,S001,S001_NORMAL_D06,1,NORMAL_D06,17.00,0.7462,,MR60BHA2_breath_phase,safenest-node-01
143.5860,0.050000,S001,S001_NORMAL_D06,1,NORMAL_D06,17.00,0.7462,,MR60BHA2_breath_phase,safenest-node-01
143.6860,0.090000,S001,S001_NORMAL_D06,1,NORMAL_D06,17.00,0.7462,,MR60BHA2_breath_phase,safenest-node-01
143.7860,0.110000,S001,S001_NORMAL_D06,1,NORMAL_D06,17.00,0.7462,,MR60BHA2_breath_phase,safenest-node-01
143.8860,0.150000,S001,S001_NORMAL_D06,1,NORMAL_D06,17.00,0.7462,,MR60BHA2_breath_phase,safenest-node-01
143.9860,0.200000,S001,S001_NORMAL_D06,1,NORMAL_D06,17.00,0.7462,,MR60BHA2_breath_phase,safenest-node-01
144.0860,0.220000,S001,S001_NORMAL_D06,1,NORMAL_D06,17.00,0.7462,,MR60BHA2_breath_phase,safenest-node-01
144.1860,0.240000,S001,S001_NORMAL_D06,1,NORMAL_D06,17.00,0.7462,,MR60BHA2_breath_phase,safenest-node-01
144.2860,0.270000,S001,S001_NORMAL_D06,1,NORMAL_D06,17.00,0.7462,,MR60BHA2_breath_phase,safenest-node-01
144.3860,0.280000,S001,S001_NORMAL_D06,1,NORMAL_D06,17.00,0.7462,,MR60BHA2_breath_phase,safenest-node-01
144.4860,0.280000,S001,S001_NORMAL_D06,1,NORMAL_D06,17.00,0.7462,,MR60BHA2_breath_phase,safenest-node-01
144.5860,0.260000,S001,S001_NORMAL_D06,1,NORMAL_D06,18.00,0.7462,,MR60BHA2_breath_phase,safenest-node-01
144.6860,0.240000,S001,S001_NORMAL_D06,1,NORMAL_D06,18.00,0.7462,,MR60BHA2_breath_phase,safenest-node-01
144.7860,0.190000,S001,S001_NORMAL_D06,1,NORMAL_D06,18.00,0.7462,,MR60BHA2_breath_phase,safenest-node-01
144.8860,0.140000,S001,S001_NORMAL_D06,1,NORMAL_D06,19.00,0.7462,,MR60BHA2_breath_phase,safenest-node-01
144.9860,0.100000,S001,S001_NORMAL_D06,1,NORMAL_D06,19.00,0.7462,,MR60BHA2_breath_phase,safenest-node-01
145.0860,0.040000,S001,S001_NORMAL_D06,1,NORMAL_D06,19.00,0.7462,,MR60BHA2_breath_phase,safenest-node-01
145.1860,0.000000,S001,S001_NORMAL_D06,1,NORMAL_D06,19.00,0.7462,,MR60BHA2_breath_phase,safenest-node-01
145.2860,-0.060000,S001,S001_NORMAL_D06,1,NORMAL_D06,19.00,0.7462,,MR60BHA2_breath_phase,safenest-node-01
145.3860,-0.120000,S001,S001_NORMAL_D06,1,NORMAL_D06,19.00,0.7462,,MR60BHA2_breath_phase,safenest-node-01
145.4860,-0.150000,S001,S001_NORMAL_D06,1,NORMAL_D06,19.00,0.7462,,MR60BHA2_breath_phase,safenest-node-01
145.5860,-0.180000,S001,S001_NORMAL_D06,1,NORMAL_D06,20.00,0.7462,,MR60BHA2_breath_phase,safenest-node-01
145.6860,-0.190000,S001,S001_NORMAL_D06,1,NORMAL_D06,20.00,0.7462,,MR60BHA2_breath_phase,safenest-node-01
145.7860,-0.180000,S001,S001_NORMAL_D06,1,NORMAL_D06,20.00,0.7462,,MR60BHA2_breath_phase,safenest-node-01
145.8860,-0.170000,S001,S001_NORMAL_D06,1,NORMAL_D06,20.00,0.7462,,MR60BHA2_breath_phase,safenest-node-01
145.9860,-0.160000,S001,S001_NORMAL_D06,1,NORMAL_D06,20.00,0.7462,,MR60BHA2_breath_phase,safenest-node-01
146.0860,-0.130000,S001,S001_NORMAL_D06,1,NORMAL_D06,20.00,0.7462,,MR60BHA2_breath_phase,safenest-node-01
146.1860,-0.120000,S001,S001_NORMAL_D06,1,NORMAL_D06,20.00,0.7462,,MR60BHA2_breath_phase,safenest-node-01
146.2860,-0.100000,S001,S001_NORMAL_D06,1,NORMAL_D06,21.00,0.7462,,MR60BHA2_breath_phase,safenest-node-01
146.3860,-0.090000,S001,S001_NORMAL_D06,1,NORMAL_D06,21.00,0.7462,,MR60BHA2_breath_phase,safenest-node-01
146.4860,-0.080000,S001,S001_NORMAL_D06,1,NORMAL_D06,21.00,0.7462,,MR60BHA2_breath_phase,safenest-node-01
146.5860,-0.070000,S001,S001_NORMAL_D06,1,NORMAL_D06,21.00,0.7462,,MR60BHA2_breath_phase,safenest-node-01
146.6860,-0.070000,S001,S001_NORMAL_D06,1,NORMAL_D06,21.00,0.7462,,MR60BHA2_breath_phase,safenest-node-01
146.7860,-0.070000,S001,S001_NORMAL_D06,1,NORMAL_D06,21.00,0.7462,,MR60BHA2_breath_phase,safenest-node-01
146.8860,-0.060000,S001,S001_NORMAL_D06,1,NORMAL_D06,21.00,0.7462,,MR60BHA2_breath_phase,safenest-node-01
146.9860,-0.060000,S001,S001_NORMAL_D06,1,NORMAL_D06,21.00,0.7462,,MR60BHA2_breath_phase,safenest-node-01
147.0860,-0.050000,S001,S001_NORMAL_D06,1,NORMAL_D06,21.00,0.7462,,MR60BHA2_breath_phase,safenest-node-01
147.1860,-0.050000,S001,S001_NORMAL_D06,1,NORMAL_D06,21.00,0.7462,,MR60BHA2_breath_phase,safenest-node-01
147.2860,-0.040000,S001,S001_NORMAL_D06,1,NORMAL_D06,22.00,0.7462,,MR60BHA2_breath_phase,safenest-node-01
147.3870,-0.030000,S001,S001_NORMAL_D06,1,NORMAL_D06,22.00,0.7462,,MR60BHA2_breath_phase,safenest-node-01
147.4870,-0.030000,S001,S001_NORMAL_D06,1,NORMAL_D06,22.00,0.7462,,MR60BHA2_breath_phase,safenest-node-01
147.5880,-0.010000,S001,S001_NORMAL_D06,1,NORMAL_D06,22.00,0.6888,,MR60BHA2_breath_phase,safenest-node-01
147.6880,-0.010000,S001,S001_NORMAL_D06,1,NORMAL_D06,22.00,0.6888,,MR60BHA2_breath_phase,safenest-node-01
147.7880,0.010000,S001,S001_NORMAL_D06,1,NORMAL_D06,22.00,0.6888,,MR60BHA2_breath_phase,safenest-node-01
147.8890,0.020000,S001,S001_NORMAL_D06,1,NORMAL_D06,22.00,0.6888,,MR60BHA2_breath_phase,safenest-node-01
147.9890,0.020000,S001,S001_NORMAL_D06,1,NORMAL_D06,22.00,0.6888,,MR60BHA2_breath_phase,safenest-node-01
148.0900,0.020000,S001,S001_NORMAL_D06,1,NORMAL_D06,22.00,0.6888,,MR60BHA2_breath_phase,safenest-node-01
148.1900,0.020000,S001,S001_NORMAL_D06,1,NORMAL_D06,22.00,0.6888,,MR60BHA2_breath_phase,safenest-node-01
148.2900,0.010000,S001,S001_NORMAL_D06,1,NORMAL_D06,22.00,0.6888,,MR60BHA2_breath_phase,safenest-node-01
148.3910,0.000000,S001,S001_NORMAL_D06,1,NORMAL_D06,22.00,0.6888,,MR60BHA2_breath_phase,safenest-node-01
148.4910,-0.000000,S001,S001_NORMAL_D06,1,NORMAL_D06,22.00,0.6888,,MR60BHA2_breath_phase,safenest-node-01
148.5910,-0.010000,S001,S001_NORMAL_D06,1,NORMAL_D06,22.00,0.6888,,MR60BHA2_breath_phase,safenest-node-01
148.6910,-0.030000,S001,S001_NORMAL_D06,1,NORMAL_D06,22.00,0.6888,,MR60BHA2_breath_phase,safenest-node-01
148.7910,-0.050000,S001,S001_NORMAL_D06,1,NORMAL_D06,22.00,0.6888,,MR60BHA2_breath_phase,safenest-node-01
148.8920,-0.070000,S001,S001_NORMAL_D06,1,NORMAL_D06,22.00,0.6888,,MR60BHA2_breath_phase,safenest-node-01
148.9920,-0.080000,S001,S001_NORMAL_D06,1,NORMAL_D06,22.00,0.6888,,MR60BHA2_breath_phase,safenest-node-01
149.0930,-0.100000,S001,S001_NORMAL_D06,1,NORMAL_D06,23.00,0.6888,,MR60BHA2_breath_phase,safenest-node-01
149.1930,-0.110000,S001,S001_NORMAL_D06,1,NORMAL_D06,23.00,0.6888,,MR60BHA2_breath_phase,safenest-node-01
149.2930,-0.110000,S001,S001_NORMAL_D06,1,NORMAL_D06,23.00,0.6888,,MR60BHA2_breath_phase,safenest-node-01
149.3930,-0.100000,S001,S001_NORMAL_D06,1,NORMAL_D06,23.00,0.6888,,MR60BHA2_breath_phase,safenest-node-01
149.4930,-0.080000,S001,S001_NORMAL_D06,1,NORMAL_D06,23.00,0.6888,,MR60BHA2_breath_phase,safenest-node-01
149.5930,-0.070000,S001,S001_NORMAL_D06,1,NORMAL_D06,23.00,0.6888,,MR60BHA2_breath_phase,safenest-node-01
149.6930,-0.030000,S001,S001_NORMAL_D06,1,NORMAL_D06,23.00,0.6888,,MR60BHA2_breath_phase,safenest-node-01
149.7930,0.020000,S001,S001_NORMAL_D06,1,NORMAL_D06,23.00,0.6888,,MR60BHA2_breath_phase,safenest-node-01
149.8940,0.040000,S001,S001_NORMAL_D06,1,NORMAL_D06,23.00,0.6888,,MR60BHA2_breath_phase,safenest-node-01
149.9940,0.090000,S001,S001_NORMAL_D06,1,NORMAL_D06,23.00,0.6888,,MR60BHA2_breath_phase,safenest-node-01
150.0940,0.120000,S001,S001_NORMAL_D06,1,NORMAL_D06,23.00,0.6888,,MR60BHA2_breath_phase,safenest-node-01
150.1940,0.160000,S001,S001_NORMAL_D06,1,NORMAL_D06,23.00,0.6888,,MR60BHA2_breath_phase,safenest-node-01
150.2940,0.170000,S001,S001_NORMAL_D06,1,NORMAL_D06,23.00,0.6888,,MR60BHA2_breath_phase,safenest-node-01
150.3950,0.160000,S001,S001_NORMAL_D06,1,NORMAL_D06,23.00,0.6888,,MR60BHA2_breath_phase,safenest-node-01
150.4950,0.130000,S001,S001_NORMAL_D06,1,NORMAL_D06,23.00,0.6888,,MR60BHA2_breath_phase,safenest-node-01
150.5950,0.100000,S001,S001_NORMAL_D06,1,NORMAL_D06,23.00,0.6888,,MR60BHA2_breath_phase,safenest-node-01
150.6950,0.020000,S001,S001_NORMAL_D06,1,NORMAL_D06,23.00,0.6888,,MR60BHA2_breath_phase,safenest-node-01
150.7950,-0.070000,S001,S001_NORMAL_D06,1,NORMAL_D06,23.00,0.6888,,MR60BHA2_breath_phase,safenest-node-01
150.8950,-0.120000,S001,S001_NORMAL_D06,1,NORMAL_D06,23.00,0.6888,,MR60BHA2_breath_phase,safenest-node-01
150.9950,-0.220000,S001,S001_NORMAL_D06,1,NORMAL_D06,23.00,0.6888,,MR60BHA2_breath_phase,safenest-node-01
151.0950,-0.260000,S001,S001_NORMAL_D06,1,NORMAL_D06,23.00,0.6888,,MR60BHA2_breath_phase,safenest-node-01
151.1950,-0.330000,S001,S001_NORMAL_D06,1,NORMAL_D06,23.00,0.7462,,MR60BHA2_breath_phase,safenest-node-01
151.2950,-0.370000,S001,S001_NORMAL_D06,1,NORMAL_D06,24.00,0.7462,,MR60BHA2_breath_phase,safenest-node-01
151.3950,-0.380000,S001,S001_NORMAL_D06,1,NORMAL_D06,24.00,0.7462,,MR60BHA2_breath_phase,safenest-node-01
151.4950,-0.380000,S001,S001_NORMAL_D06,1,NORMAL_D06,24.00,0.7462,,MR60BHA2_breath_phase,safenest-node-01
151.5950,-0.360000,S001,S001_NORMAL_D06,1,NORMAL_D06,24.00,0.7462,,MR60BHA2_breath_phase,safenest-node-01
151.6950,-0.310000,S001,S001_NORMAL_D06,1,NORMAL_D06,24.00,0.7462,,MR60BHA2_breath_phase,safenest-node-01
151.7950,-0.230000,S001,S001_NORMAL_D06,1,NORMAL_D06,24.00,0.7462,,MR60BHA2_breath_phase,safenest-node-01
151.8950,-0.180000,S001,S001_NORMAL_D06,1,NORMAL_D06,24.00,0.7462,,MR60BHA2_breath_phase,safenest-node-01
151.9950,-0.070000,S001,S001_NORMAL_D06,1,NORMAL_D06,25.00,0.7462,,MR60BHA2_breath_phase,safenest-node-01
152.0950,-0.000000,S001,S001_NORMAL_D06,1,NORMAL_D06,25.00,0.7462,,MR60BHA2_breath_phase,safenest-node-01
152.1950,0.140000,S001,S001_NORMAL_D06,1,NORMAL_D06,25.00,0.7462,,MR60BHA2_breath_phase,safenest-node-01
152.2950,0.300000,S001,S001_NORMAL_D06,1,NORMAL_D06,25.00,0.7462,,MR60BHA2_breath_phase,safenest-node-01
152.3950,0.380000,S001,S001_NORMAL_D06,1,NORMAL_D06,25.00,0.7462,,MR60BHA2_breath_phase,safenest-node-01
152.4950,0.520000,S001,S001_NORMAL_D06,1,NORMAL_D06,25.00,0.7462,,MR60BHA2_breath_phase,safenest-node-01
152.5950,0.580000,S001,S001_NORMAL_D06,1,NORMAL_D06,25.00,0.7462,,MR60BHA2_breath_phase,safenest-node-01
152.6950,0.680000,S001,S001_NORMAL_D06,1,NORMAL_D06,26.00,0.7462,,MR60BHA2_breath_phase,safenest-node-01
152.7950,0.730000,S001,S001_NORMAL_D06,1,NORMAL_D06,26.00,0.7462,,MR60BHA2_breath_phase,safenest-node-01
152.8950,0.740000,S001,S001_NORMAL_D06,1,NORMAL_D06,26.00,0.7462,,MR60BHA2_breath_phase,safenest-node-01
152.9950,0.720000,S001,S001_NORMAL_D06,1,NORMAL_D06,26.00,0.7462,,MR60BHA2_breath_phase,safenest-node-01
153.0950,0.700000,S001,S001_NORMAL_D06,1,NORMAL_D06,26.00,0.7462,,MR60BHA2_breath_phase,safenest-node-01
153.1950,0.610000,S001,S001_NORMAL_D06,1,NORMAL_D06,26.00,0.7462,,MR60BHA2_breath_phase,safenest-node-01
153.2960,0.490000,S001,S001_NORMAL_D06,1,NORMAL_D06,26.00,0.7462,,MR60BHA2_breath_phase,safenest-node-01
153.3960,0.410000,S001,S001_NORMAL_D06,1,NORMAL_D06,26.00,0.7462,,MR60BHA2_breath_phase,safenest-node-01
153.4960,0.250000,S001,S001_NORMAL_D06,1,NORMAL_D06,26.00,0.7462,,MR60BHA2_breath_phase,safenest-node-01
153.5960,0.160000,S001,S001_NORMAL_D06,1,NORMAL_D06,26.00,0.7462,,MR60BHA2_breath_phase,safenest-node-01
153.6960,-0.010000,S001,S001_NORMAL_D06,1,NORMAL_D06,26.00,0.7462,,MR60BHA2_breath_phase,safenest-node-01
153.7960,-0.180000,S001,S001_NORMAL_D06,1,NORMAL_D06,26.00,0.7462,,MR60BHA2_breath_phase,safenest-node-01
153.8960,-0.260000,S001,S001_NORMAL_D06,1,NORMAL_D06,26.00,0.7462,,MR60BHA2_breath_phase,safenest-node-01
153.9960,-0.330000,S001,S001_NORMAL_D06,1,NORMAL_D06,27.00,0.7462,,MR60BHA2_breath_phase,safenest-node-01
154.0960,-0.440000,S001,S001_NORMAL_D06,1,NORMAL_D06,27.00,0.7462,,MR60BHA2_breath_phase,safenest-node-01
154.1960,-0.520000,S001,S001_NORMAL_D06,1,NORMAL_D06,27.00,0.7462,,MR60BHA2_breath_phase,safenest-node-01
154.2960,-0.550000,S001,S001_NORMAL_D06,1,NORMAL_D06,27.00,0.7462,,MR60BHA2_breath_phase,safenest-node-01
154.3960,-0.570000,S001,S001_NORMAL_D06,1,NORMAL_D06,27.00,0.7462,,MR60BHA2_breath_phase,safenest-node-01
154.4960,-0.570000,S001,S001_NORMAL_D06,1,NORMAL_D06,27.00,0.7462,,MR60BHA2_breath_phase,safenest-node-01
154.5960,-0.540000,S001,S001_NORMAL_D06,1,NORMAL_D06,27.00,0.7462,,MR60BHA2_breath_phase,safenest-node-01
154.6960,-0.490000,S001,S001_NORMAL_D06,1,NORMAL_D06,27.00,0.7462,,MR60BHA2_breath_phase,safenest-node-01
154.7960,-0.460000,S001,S001_NORMAL_D06,1,NORMAL_D06,27.00,0.7462,,MR60BHA2_breath_phase,safenest-node-01
154.8960,-0.380000,S001,S001_NORMAL_D06,1,NORMAL_D06,27.00,0.7462,,MR60BHA2_breath_phase,safenest-node-01
154.9960,-0.340000,S001,S001_NORMAL_D06,1,NORMAL_D06,27.00,0.7462,,MR60BHA2_breath_phase,safenest-node-01
155.0960,-0.240000,S001,S001_NORMAL_D06,1,NORMAL_D06,27.00,0.7462,,MR60BHA2_breath_phase,safenest-node-01
155.1960,-0.150000,S001,S001_NORMAL_D06,1,NORMAL_D06,27.00,0.7462,,MR60BHA2_breath_phase,safenest-node-01
155.2960,-0.100000,S001,S001_NORMAL_D06,1,NORMAL_D06,27.00,0.7462,,MR60BHA2_breath_phase,safenest-node-01
155.3960,-0.010000,S001,S001_NORMAL_D06,1,NORMAL_D06,27.00,0.7462,,MR60BHA2_breath_phase,safenest-node-01
155.4960,0.030000,S001,S001_NORMAL_D06,1,NORMAL_D06,27.00,0.7462,,MR60BHA2_breath_phase,safenest-node-01
155.5960,0.100000,S001,S001_NORMAL_D06,1,NORMAL_D06,27.00,0.7462,,MR60BHA2_breath_phase,safenest-node-01
155.6960,0.150000,S001,S001_NORMAL_D06,1,NORMAL_D06,26.00,0.7462,,MR60BHA2_breath_phase,safenest-node-01
155.7960,0.170000,S001,S001_NORMAL_D06,1,NORMAL_D06,26.00,0.7462,,MR60BHA2_breath_phase,safenest-node-01
155.8960,0.180000,S001,S001_NORMAL_D06,1,NORMAL_D06,26.00,0.7462,,MR60BHA2_breath_phase,safenest-node-01
155.9960,0.180000,S001,S001_NORMAL_D06,1,NORMAL_D06,26.00,0.7462,,MR60BHA2_breath_phase,safenest-node-01
156.0960,0.160000,S001,S001_NORMAL_D06,1,NORMAL_D06,26.00,0.7462,,MR60BHA2_breath_phase,safenest-node-01
156.1960,0.120000,S001,S001_NORMAL_D06,1,NORMAL_D06,26.00,0.7462,,MR60BHA2_breath_phase,safenest-node-01
156.2960,0.100000,S001,S001_NORMAL_D06,1,NORMAL_D06,26.00,0.7462,,MR60BHA2_breath_phase,safenest-node-01
156.3960,0.040000,S001,S001_NORMAL_D06,1,NORMAL_D06,26.00,0.7462,,MR60BHA2_breath_phase,safenest-node-01
156.4960,0.010000,S001,S001_NORMAL_D06,1,NORMAL_D06,26.00,0.7462,,MR60BHA2_breath_phase,safenest-node-01
156.5960,-0.050000,S001,S001_NORMAL_D06,1,NORMAL_D06,26.00,0.7462,,MR60BHA2_breath_phase,safenest-node-01
156.6960,-0.100000,S001,S001_NORMAL_D06,1,NORMAL_D06,25.00,0.7462,,MR60BHA2_breath_phase,safenest-node-01
156.7960,-0.120000,S001,S001_NORMAL_D06,1,NORMAL_D06,25.00,0.7462,,MR60BHA2_breath_phase,safenest-node-01
156.8960,-0.160000,S001,S001_NORMAL_D06,1,NORMAL_D06,25.00,0.7462,,MR60BHA2_breath_phase,safenest-node-01
156.9960,-0.170000,S001,S001_NORMAL_D06,1,NORMAL_D06,25.00,0.7462,,MR60BHA2_breath_phase,safenest-node-01
157.0960,-0.180000,S001,S001_NORMAL_D06,1,NORMAL_D06,25.00,0.7462,,MR60BHA2_breath_phase,safenest-node-01
157.1960,-0.180000,S001,S001_NORMAL_D06,1,NORMAL_D06,25.00,0.7462,,MR60BHA2_breath_phase,safenest-node-01
157.2960,-0.160000,S001,S001_NORMAL_D06,1,NORMAL_D06,25.00,0.7462,,MR60BHA2_breath_phase,safenest-node-01
157.3970,-0.120000,S001,S001_NORMAL_D06,1,NORMAL_D06,25.00,0.7462,,MR60BHA2_breath_phase,safenest-node-01
157.4970,-0.090000,S001,S001_NORMAL_D06,1,NORMAL_D06,25.00,0.7462,,MR60BHA2_breath_phase,safenest-node-01
157.5970,-0.020000,S001,S001_NORMAL_D06,1,NORMAL_D06,25.00,0.7462,,MR60BHA2_breath_phase,safenest-node-01
157.6980,0.080000,S001,S001_NORMAL_D06,1,NORMAL_D06,25.00,0.7462,,MR60BHA2_breath_phase,safenest-node-01
157.7980,0.140000,S001,S001_NORMAL_D06,1,NORMAL_D06,25.00,0.7462,,MR60BHA2_breath_phase,safenest-node-01
157.8980,0.260000,S001,S001_NORMAL_D06,1,NORMAL_D06,25.00,0.7462,,MR60BHA2_breath_phase,safenest-node-01
157.9980,0.320000,S001,S001_NORMAL_D06,1,NORMAL_D06,25.00,0.7462,,MR60BHA2_breath_phase,safenest-node-01
158.0980,0.430000,S001,S001_NORMAL_D06,1,NORMAL_D06,25.00,0.7462,,MR60BHA2_breath_phase,safenest-node-01
158.1980,0.510000,S001,S001_NORMAL_D06,1,NORMAL_D06,25.00,0.7462,,MR60BHA2_breath_phase,safenest-node-01
158.2980,0.540000,S001,S001_NORMAL_D06,1,NORMAL_D06,25.00,0.7462,,MR60BHA2_breath_phase,safenest-node-01
158.3980,0.570000,S001,S001_NORMAL_D06,1,NORMAL_D06,26.00,0.7462,,MR60BHA2_breath_phase,safenest-node-01
158.4980,0.570000,S001,S001_NORMAL_D06,1,NORMAL_D06,26.00,0.7462,,MR60BHA2_breath_phase,safenest-node-01
158.5980,0.540000,S001,S001_NORMAL_D06,1,NORMAL_D06,26.00,0.7462,,MR60BHA2_breath_phase,safenest-node-01
158.6980,0.500000,S001,S001_NORMAL_D06,1,NORMAL_D06,26.00,0.7462,,MR60BHA2_breath_phase,safenest-node-01
158.7980,0.410000,S001,S001_NORMAL_D06,1,NORMAL_D06,26.00,0.7462,,MR60BHA2_breath_phase,safenest-node-01
158.8980,0.350000,S001,S001_NORMAL_D06,1,NORMAL_D06,26.00,0.7462,,MR60BHA2_breath_phase,safenest-node-01
158.9980,0.220000,S001,S001_NORMAL_D06,1,NORMAL_D06,26.00,0.7462,,MR60BHA2_breath_phase,safenest-node-01
159.0980,0.070000,S001,S001_NORMAL_D06,1,NORMAL_D06,26.00,0.7462,,MR60BHA2_breath_phase,safenest-node-01
159.1980,-0.070000,S001,S001_NORMAL_D06,1,NORMAL_D06,26.00,0.7462,,MR60BHA2_breath_phase,safenest-node-01
159.2980,-0.140000,S001,S001_NORMAL_D06,1,NORMAL_D06,26.00,0.7462,,MR60BHA2_breath_phase,safenest-node-01
159.3980,-0.200000,S001,S001_NORMAL_D06,1,NORMAL_D06,26.00,0.7462,,MR60BHA2_breath_phase,safenest-node-01
159.4980,-0.310000,S001,S001_NORMAL_D06,1,NORMAL_D06,26.00,0.7462,,MR60BHA2_breath_phase,safenest-node-01
159.5980,-0.390000,S001,S001_NORMAL_D06,1,NORMAL_D06,27.00,0.7462,,MR60BHA2_breath_phase,safenest-node-01
159.6980,-0.420000,S001,S001_NORMAL_D06,1,NORMAL_D06,27.00,0.7462,,MR60BHA2_breath_phase,safenest-node-01
159.7980,-0.460000,S001,S001_NORMAL_D06,1,NORMAL_D06,27.00,0.7462,,MR60BHA2_breath_phase,safenest-node-01
159.8980,-0.470000,S001,S001_NORMAL_D06,1,NORMAL_D06,27.00,0.7462,,MR60BHA2_breath_phase,safenest-node-01
159.9980,-0.480000,S001,S001_NORMAL_D06,1,NORMAL_D06,27.00,0.7462,,MR60BHA2_breath_phase,safenest-node-01
160.0980,-0.470000,S001,S001_NORMAL_D06,1,NORMAL_D06,27.00,0.7462,,MR60BHA2_breath_phase,safenest-node-01
160.1990,-0.460000,S001,S001_NORMAL_D06,1,NORMAL_D06,27.00,0.7462,,MR60BHA2_breath_phase,safenest-node-01
160.2990,-0.440000,S001,S001_NORMAL_D06,1,NORMAL_D06,27.00,0.7462,,MR60BHA2_breath_phase,safenest-node-01
160.3990,-0.430000,S001,S001_NORMAL_D06,1,NORMAL_D06,27.00,0.7462,,MR60BHA2_breath_phase,safenest-node-01
160.4990,-0.400000,S001,S001_NORMAL_D06,1,NORMAL_D06,27.00,0.7462,,MR60BHA2_breath_phase,safenest-node-01
160.5990,-0.370000,S001,S001_NORMAL_D06,1,NORMAL_D06,27.00,0.7462,,MR60BHA2_breath_phase,safenest-node-01
160.6990,-0.350000,S001,S001_NORMAL_D06,1,NORMAL_D06,27.00,0.7462,,MR60BHA2_breath_phase,safenest-node-01
160.7990,-0.300000,S001,S001_NORMAL_D06,1,NORMAL_D06,27.00,0.7462,,MR60BHA2_breath_phase,safenest-node-01
160.8990,-0.270000,S001,S001_NORMAL_D06,1,NORMAL_D06,27.00,0.7462,,MR60BHA2_breath_phase,safenest-node-01
160.9990,-0.200000,S001,S001_NORMAL_D06,1,NORMAL_D06,27.00,0.7462,,MR60BHA2_breath_phase,safenest-node-01
161.0990,-0.120000,S001,S001_NORMAL_D06,1,NORMAL_D06,27.00,0.7462,,MR60BHA2_breath_phase,safenest-node-01
161.2000,-0.080000,S001,S001_NORMAL_D06,1,NORMAL_D06,27.00,0.7462,,MR60BHA2_breath_phase,safenest-node-01
161.3000,0.030000,S001,S001_NORMAL_D06,1,NORMAL_D06,27.00,0.7462,,MR60BHA2_breath_phase,safenest-node-01
161.4000,0.080000,S001,S001_NORMAL_D06,1,NORMAL_D06,27.00,0.7462,,MR60BHA2_breath_phase,safenest-node-01
161.5000,0.200000,S001,S001_NORMAL_D06,1,NORMAL_D06,27.00,0.7462,,MR60BHA2_breath_phase,safenest-node-01
161.6000,0.310000,S001,S001_NORMAL_D06,1,NORMAL_D06,27.00,0.7462,,MR60BHA2_breath_phase,safenest-node-01
161.7000,0.350000,S001,S001_NORMAL_D06,1,NORMAL_D06,27.00,0.7462,,MR60BHA2_breath_phase,safenest-node-01
161.8000,0.430000,S001,S001_NORMAL_D06,1,NORMAL_D06,27.00,0.7462,,MR60BHA2_breath_phase,safenest-node-01
161.9000,0.460000,S001,S001_NORMAL_D06,1,NORMAL_D06,28.00,0.7462,,MR60BHA2_breath_phase,safenest-node-01
162.0000,0.490000,S001,S001_NORMAL_D06,1,NORMAL_D06,27.00,0.7462,,MR60BHA2_breath_phase,safenest-node-01
162.1000,0.490000,S001,S001_NORMAL_D06,1,NORMAL_D06,27.00,0.7462,,MR60BHA2_breath_phase,safenest-node-01
162.2000,0.480000,S001,S001_NORMAL_D06,1,NORMAL_D06,27.00,0.7462,,MR60BHA2_breath_phase,safenest-node-01
162.3000,0.430000,S001,S001_NORMAL_D06,1,NORMAL_D06,27.00,0.7462,,MR60BHA2_breath_phase,safenest-node-01
162.4000,0.400000,S001,S001_NORMAL_D06,1,NORMAL_D06,27.00,0.7462,,MR60BHA2_breath_phase,safenest-node-01
162.5000,0.310000,S001,S001_NORMAL_D06,1,NORMAL_D06,27.00,0.7462,,MR60BHA2_breath_phase,safenest-node-01
162.6000,0.210000,S001,S001_NORMAL_D06,1,NORMAL_D06,26.00,0.7462,,MR60BHA2_breath_phase,safenest-node-01
162.7000,0.160000,S001,S001_NORMAL_D06,1,NORMAL_D06,26.00,0.7462,,MR60BHA2_breath_phase,safenest-node-01
162.8000,0.070000,S001,S001_NORMAL_D06,1,NORMAL_D06,26.00,0.7462,,MR60BHA2_breath_phase,safenest-node-01
162.9000,0.030000,S001,S001_NORMAL_D06,1,NORMAL_D06,26.00,0.7462,,MR60BHA2_breath_phase,safenest-node-01
163.0000,-0.040000,S001,S001_NORMAL_D06,1,NORMAL_D06,26.00,0.7462,,MR60BHA2_breath_phase,safenest-node-01
163.1000,-0.080000,S001,S001_NORMAL_D06,1,NORMAL_D06,26.00,0.7462,,MR60BHA2_breath_phase,safenest-node-01
163.2000,-0.090000,S001,S001_NORMAL_D06,1,NORMAL_D06,26.00,0.7462,,MR60BHA2_breath_phase,safenest-node-01
163.3000,-0.090000,S001,S001_NORMAL_D06,1,NORMAL_D06,26.00,0.7462,,MR60BHA2_breath_phase,safenest-node-01
163.4000,-0.090000,S001,S001_NORMAL_D06,1,NORMAL_D06,26.00,0.7462,,MR60BHA2_breath_phase,safenest-node-01
163.5000,-0.060000,S001,S001_NORMAL_D06,1,NORMAL_D06,26.00,0.7462,,MR60BHA2_breath_phase,safenest-node-01
163.6000,-0.040000,S001,S001_NORMAL_D06,1,NORMAL_D06,25.00,0.7462,,MR60BHA2_breath_phase,safenest-node-01
163.7000,-0.030000,S001,S001_NORMAL_D06,1,NORMAL_D06,25.00,0.7462,,MR60BHA2_breath_phase,safenest-node-01
163.8000,-0.010000,S001,S001_NORMAL_D06,1,NORMAL_D06,25.00,0.7462,,MR60BHA2_breath_phase,safenest-node-01
163.9000,-0.000000,S001,S001_NORMAL_D06,1,NORMAL_D06,25.00,0.7462,,MR60BHA2_breath_phase,safenest-node-01
164.0000,-0.000000,S001,S001_NORMAL_D06,1,NORMAL_D06,25.00,0.7462,,MR60BHA2_breath_phase,safenest-node-01
164.1000,-0.020000,S001,S001_NORMAL_D06,1,NORMAL_D06,24.00,0.7462,,MR60BHA2_breath_phase,safenest-node-01
164.2000,-0.030000,S001,S001_NORMAL_D06,1,NORMAL_D06,24.00,0.7462,,MR60BHA2_breath_phase,safenest-node-01
164.3000,-0.070000,S001,S001_NORMAL_D06,1,NORMAL_D06,24.00,0.7462,,MR60BHA2_breath_phase,safenest-node-01
164.4000,-0.090000,S001,S001_NORMAL_D06,1,NORMAL_D06,24.00,0.7462,,MR60BHA2_breath_phase,safenest-node-01
164.5000,-0.140000,S001,S001_NORMAL_D06,1,NORMAL_D06,24.00,0.7462,,MR60BHA2_breath_phase,safenest-node-01
164.6000,-0.190000,S001,S001_NORMAL_D06,1,NORMAL_D06,23.00,0.7462,,MR60BHA2_breath_phase,safenest-node-01
164.7000,-0.220000,S001,S001_NORMAL_D06,1,NORMAL_D06,23.00,0.7462,,MR60BHA2_breath_phase,safenest-node-01
164.8000,-0.260000,S001,S001_NORMAL_D06,1,NORMAL_D06,23.00,0.7462,,MR60BHA2_breath_phase,safenest-node-01
164.9000,-0.270000,S001,S001_NORMAL_D06,1,NORMAL_D06,23.00,0.7462,,MR60BHA2_breath_phase,safenest-node-01
165.0000,-0.300000,S001,S001_NORMAL_D06,1,NORMAL_D06,23.00,0.7462,,MR60BHA2_breath_phase,safenest-node-01
165.1000,-0.310000,S001,S001_NORMAL_D06,1,NORMAL_D06,23.00,0.7462,,MR60BHA2_breath_phase,safenest-node-01
165.2000,-0.320000,S001,S001_NORMAL_D06,1,NORMAL_D06,22.00,0.7462,,MR60BHA2_breath_phase,safenest-node-01
165.3000,-0.320000,S001,S001_NORMAL_D06,1,NORMAL_D06,22.00,0.7462,,MR60BHA2_breath_phase,safenest-node-01
165.4000,-0.310000,S001,S001_NORMAL_D06,1,NORMAL_D06,22.00,0.7462,,MR60BHA2_breath_phase,safenest-node-01
165.5000,-0.280000,S001,S001_NORMAL_D06,1,NORMAL_D06,22.00,0.7462,,MR60BHA2_breath_phase,safenest-node-01
165.6000,-0.270000,S001,S001_NORMAL_D06,1,NORMAL_D06,22.00,0.7462,,MR60BHA2_breath_phase,safenest-node-01
165.7000,-0.230000,S001,S001_NORMAL_D06,1,NORMAL_D06,22.00,0.7462,,MR60BHA2_breath_phase,safenest-node-01
165.8000,-0.200000,S001,S001_NORMAL_D06,1,NORMAL_D06,22.00,0.7462,,MR60BHA2_breath_phase,safenest-node-01
165.9000,-0.150000,S001,S001_NORMAL_D06,1,NORMAL_D06,21.00,0.7462,,MR60BHA2_breath_phase,safenest-node-01
166.0000,-0.100000,S001,S001_NORMAL_D06,1,NORMAL_D06,21.00,0.7462,,MR60BHA2_breath_phase,safenest-node-01
166.1010,-0.070000,S001,S001_NORMAL_D06,1,NORMAL_D06,21.00,0.7462,,MR60BHA2_breath_phase,safenest-node-01
166.2010,-0.020000,S001,S001_NORMAL_D06,1,NORMAL_D06,21.00,0.7462,,MR60BHA2_breath_phase,safenest-node-01
166.3010,-0.000000,S001,S001_NORMAL_D06,1,NORMAL_D06,21.00,0.7462,,MR60BHA2_breath_phase,safenest-node-01
166.4010,0.040000,S001,S001_NORMAL_D06,1,NORMAL_D06,21.00,0.7462,,MR60BHA2_breath_phase,safenest-node-01
166.5010,0.090000,S001,S001_NORMAL_D06,1,NORMAL_D06,21.00,0.7462,,MR60BHA2_breath_phase,safenest-node-01
166.6010,0.110000,S001,S001_NORMAL_D06,1,NORMAL_D06,21.00,0.7462,,MR60BHA2_breath_phase,safenest-node-01
166.7010,0.160000,S001,S001_NORMAL_D06,1,NORMAL_D06,20.00,0.7462,,MR60BHA2_breath_phase,safenest-node-01
166.8010,0.190000,S001,S001_NORMAL_D06,1,NORMAL_D06,20.00,0.7462,,MR60BHA2_breath_phase,safenest-node-01
166.9010,0.240000,S001,S001_NORMAL_D06,1,NORMAL_D06,20.00,0.7462,,MR60BHA2_breath_phase,safenest-node-01
167.0010,0.290000,S001,S001_NORMAL_D06,1,NORMAL_D06,19.00,0.7462,,MR60BHA2_breath_phase,safenest-node-01
167.1010,0.300000,S001,S001_NORMAL_D06,1,NORMAL_D06,19.00,0.7462,,MR60BHA2_breath_phase,safenest-node-01
167.2010,0.310000,S001,S001_NORMAL_D06,1,NORMAL_D06,19.00,0.7462,,MR60BHA2_breath_phase,safenest-node-01
167.3010,0.300000,S001,S001_NORMAL_D06,1,NORMAL_D06,19.00,0.7462,,MR60BHA2_breath_phase,safenest-node-01
167.4010,0.280000,S001,S001_NORMAL_D06,1,NORMAL_D06,19.00,0.7462,,MR60BHA2_breath_phase,safenest-node-01
167.5010,0.220000,S001,S001_NORMAL_D06,1,NORMAL_D06,18.00,0.7462,,MR60BHA2_breath_phase,safenest-node-01
167.6010,0.190000,S001,S001_NORMAL_D06,1,NORMAL_D06,18.00,0.7462,,MR60BHA2_breath_phase,safenest-node-01
167.7010,0.130000,S001,S001_NORMAL_D06,1,NORMAL_D06,18.00,0.7462,,MR60BHA2_breath_phase,safenest-node-01
167.8010,0.100000,S001,S001_NORMAL_D06,1,NORMAL_D06,18.00,0.7462,,MR60BHA2_breath_phase,safenest-node-01
167.9010,0.050000,S001,S001_NORMAL_D06,1,NORMAL_D06,18.00,0.7462,,MR60BHA2_breath_phase,safenest-node-01
168.0010,0.020000,S001,S001_NORMAL_D06,1,NORMAL_D06,18.00,0.7462,,MR60BHA2_breath_phase,safenest-node-01
168.1010,0.020000,S001,S001_NORMAL_D06,1,NORMAL_D06,18.00,0.7462,,MR60BHA2_breath_phase,safenest-node-01
168.2010,0.020000,S001,S001_NORMAL_D06,1,NORMAL_D06,17.00,0.7462,,MR60BHA2_breath_phase,safenest-node-01
168.3010,0.030000,S001,S001_NORMAL_D06,1,NORMAL_D06,17.00,0.7462,,MR60BHA2_breath_phase,safenest-node-01
168.4010,0.060000,S001,S001_NORMAL_D06,1,NORMAL_D06,17.00,0.7462,,MR60BHA2_breath_phase,safenest-node-01
168.5010,0.080000,S001,S001_NORMAL_D06,1,NORMAL_D06,17.00,0.7462,,MR60BHA2_breath_phase,safenest-node-01
168.6010,0.130000,S001,S001_NORMAL_D06,1,NORMAL_D06,17.00,0.7462,,MR60BHA2_breath_phase,safenest-node-01
168.7010,0.150000,S001,S001_NORMAL_D06,1,NORMAL_D06,17.00,0.7462,,MR60BHA2_breath_phase,safenest-node-01
168.8010,0.190000,S001,S001_NORMAL_D06,1,NORMAL_D06,17.00,0.7462,,MR60BHA2_breath_phase,safenest-node-01
168.9010,0.230000,S001,S001_NORMAL_D06,1,NORMAL_D06,17.00,0.7462,,MR60BHA2_breath_phase,safenest-node-01
169.0010,0.240000,S001,S001_NORMAL_D06,1,NORMAL_D06,17.00,0.7462,,MR60BHA2_breath_phase,safenest-node-01
169.1010,0.260000,S001,S001_NORMAL_D06,1,NORMAL_D06,16.00,0.7462,,MR60BHA2_breath_phase,safenest-node-01
169.2010,0.260000,S001,S001_NORMAL_D06,1,NORMAL_D06,16.00,0.7462,,MR60BHA2_breath_phase,safenest-node-01
169.3010,0.240000,S001,S001_NORMAL_D06,1,NORMAL_D06,16.00,0.7462,,MR60BHA2_breath_phase,safenest-node-01
169.4010,0.200000,S001,S001_NORMAL_D06,1,NORMAL_D06,16.00,0.7462,,MR60BHA2_breath_phase,safenest-node-01
169.5010,0.180000,S001,S001_NORMAL_D06,1,NORMAL_D06,16.00,0.7462,,MR60BHA2_breath_phase,safenest-node-01
169.6010,0.110000,S001,S001_NORMAL_D06,1,NORMAL_D06,16.00,0.7462,,MR60BHA2_breath_phase,safenest-node-01
169.7010,0.080000,S001,S001_NORMAL_D06,1,NORMAL_D06,16.00,0.7462,,MR60BHA2_breath_phase,safenest-node-01
169.8010,0.010000,S001,S001_NORMAL_D06,1,NORMAL_D06,16.00,0.7462,,MR60BHA2_breath_phase,safenest-node-01
169.9010,-0.060000,S001,S001_NORMAL_D06,1,NORMAL_D06,16.00,0.7462,,MR60BHA2_breath_phase,safenest-node-01
170.0010,-0.090000,S001,S001_NORMAL_D06,1,NORMAL_D06,16.00,0.7462,,MR60BHA2_breath_phase,safenest-node-01
170.1010,-0.140000,S001,S001_NORMAL_D06,1,NORMAL_D06,16.00,0.7462,,MR60BHA2_breath_phase,safenest-node-01
170.2010,-0.160000,S001,S001_NORMAL_D06,1,NORMAL_D06,16.00,0.7462,,MR60BHA2_breath_phase,safenest-node-01
170.3010,-0.190000,S001,S001_NORMAL_D06,1,NORMAL_D06,15.00,0.7462,,MR60BHA2_breath_phase,safenest-node-01
170.4010,-0.200000,S001,S001_NORMAL_D06,1,NORMAL_D06,15.00,0.7462,,MR60BHA2_breath_phase,safenest-node-01
170.5010,-0.200000,S001,S001_NORMAL_D06,1,NORMAL_D06,15.00,0.7462,,MR60BHA2_breath_phase,safenest-node-01
170.6020,-0.200000,S001,S001_NORMAL_D06,1,NORMAL_D06,15.00,0.7462,,MR60BHA2_breath_phase,safenest-node-01
170.7020,-0.190000,S001,S001_NORMAL_D06,1,NORMAL_D06,15.00,0.7462,,MR60BHA2_breath_phase,safenest-node-01
170.8020,-0.170000,S001,S001_NORMAL_D06,1,NORMAL_D06,14.00,0.7462,,MR60BHA2_breath_phase,safenest-node-01
170.9020,-0.150000,S001,S001_NORMAL_D06,1,NORMAL_D06,13.00,0.7462,,MR60BHA2_breath_phase,safenest-node-01
171.0020,-0.140000,S001,S001_NORMAL_D06,1,NORMAL_D06,13.00,0.7462,,MR60BHA2_breath_phase,safenest-node-01
171.1030,-0.130000,S001,S001_NORMAL_D06,1,NORMAL_D06,12.00,0.7462,,MR60BHA2_breath_phase,safenest-node-01
171.2030,-0.120000,S001,S001_NORMAL_D06,1,NORMAL_D06,12.00,0.7462,,MR60BHA2_breath_phase,safenest-node-01
171.3030,-0.110000,S001,S001_NORMAL_D06,1,NORMAL_D06,11.00,0.7462,,MR60BHA2_breath_phase,safenest-node-01
171.4040,-0.100000,S001,S001_NORMAL_D06,1,NORMAL_D06,11.00,0.7462,,MR60BHA2_breath_phase,safenest-node-01
171.5040,-0.090000,S001,S001_NORMAL_D06,1,NORMAL_D06,11.00,0.7462,,MR60BHA2_breath_phase,safenest-node-01
171.6040,-0.090000,S001,S001_NORMAL_D06,1,NORMAL_D06,10.00,0.7462,,MR60BHA2_breath_phase,safenest-node-01
171.7040,-0.090000,S001,S001_NORMAL_D06,1,NORMAL_D06,10.00,0.7462,,MR60BHA2_breath_phase,safenest-node-01
171.8040,-0.090000,S001,S001_NORMAL_D06,1,NORMAL_D06,9.00,0.7462,,MR60BHA2_breath_phase,safenest-node-01
171.9050,-0.090000,S001,S001_NORMAL_D06,1,NORMAL_D06,9.00,0.7462,,MR60BHA2_breath_phase,safenest-node-01
172.0050,-0.090000,S001,S001_NORMAL_D06,1,NORMAL_D06,9.00,0.7462,,MR60BHA2_breath_phase,safenest-node-01
172.1050,-0.090000,S001,S001_NORMAL_D06,1,NORMAL_D06,8.00,0.7462,,MR60BHA2_breath_phase,safenest-node-01
172.2050,-0.080000,S001,S001_NORMAL_D06,1,NORMAL_D06,8.00,0.7462,,MR60BHA2_breath_phase,safenest-node-01
172.3050,-0.060000,S001,S001_NORMAL_D06,1,NORMAL_D06,7.00,0.7462,,MR60BHA2_breath_phase,safenest-node-01
172.4060,-0.040000,S001,S001_NORMAL_D06,1,NORMAL_D06,7.00,0.7462,,MR60BHA2_breath_phase,safenest-node-01
172.5060,-0.000000,S001,S001_NORMAL_D06,1,NORMAL_D06,7.00,0.7462,,MR60BHA2_breath_phase,safenest-node-01
172.6060,0.020000,S001,S001_NORMAL_D06,1,NORMAL_D06,7.00,0.7462,,MR60BHA2_breath_phase,safenest-node-01
172.7060,0.080000,S001,S001_NORMAL_D06,1,NORMAL_D06,6.00,0.7462,,MR60BHA2_breath_phase,safenest-node-01
172.8060,0.140000,S001,S001_NORMAL_D06,1,NORMAL_D06,7.00,0.7462,,MR60BHA2_breath_phase,safenest-node-01
172.9060,0.160000,S001,S001_NORMAL_D06,1,NORMAL_D06,7.00,0.7462,,MR60BHA2_breath_phase,safenest-node-01
173.0060,0.210000,S001,S001_NORMAL_D06,1,NORMAL_D06,7.00,0.6888,,MR60BHA2_breath_phase,safenest-node-01
173.1060,0.230000,S001,S001_NORMAL_D06,1,NORMAL_D06,8.00,0.6888,,MR60BHA2_breath_phase,safenest-node-01
173.2060,0.240000,S001,S001_NORMAL_D06,1,NORMAL_D06,8.00,0.6888,,MR60BHA2_breath_phase,safenest-node-01
173.3060,0.230000,S001,S001_NORMAL_D06,1,NORMAL_D06,8.00,0.6888,,MR60BHA2_breath_phase,safenest-node-01
173.4080,0.210000,S001,S001_NORMAL_D06,1,NORMAL_D06,8.00,0.6888,,MR60BHA2_breath_phase,safenest-node-01
173.5080,0.150000,S001,S001_NORMAL_D06,1,NORMAL_D06,8.00,0.6888,,MR60BHA2_breath_phase,safenest-node-01
173.6080,0.110000,S001,S001_NORMAL_D06,1,NORMAL_D06,9.00,0.6888,,MR60BHA2_breath_phase,safenest-node-01
173.7080,0.010000,S001,S001_NORMAL_D06,1,NORMAL_D06,9.00,0.6888,,MR60BHA2_breath_phase,safenest-node-01
173.8080,-0.100000,S001,S001_NORMAL_D06,1,NORMAL_D06,9.00,0.6888,,MR60BHA2_breath_phase,safenest-node-01
173.9080,-0.160000,S001,S001_NORMAL_D06,1,NORMAL_D06,9.00,0.6888,,MR60BHA2_breath_phase,safenest-node-01
174.0080,-0.260000,S001,S001_NORMAL_D06,1,NORMAL_D06,9.00,0.6888,,MR60BHA2_breath_phase,safenest-node-01
174.1080,-0.310000,S001,S001_NORMAL_D06,1,NORMAL_D06,10.00,0.6888,,MR60BHA2_breath_phase,safenest-node-01
174.2080,-0.380000,S001,S001_NORMAL_D06,1,NORMAL_D06,10.00,0.6888,,MR60BHA2_breath_phase,safenest-node-01
174.3080,-0.420000,S001,S001_NORMAL_D06,1,NORMAL_D06,10.00,0.6888,,MR60BHA2_breath_phase,safenest-node-01
174.4080,-0.420000,S001,S001_NORMAL_D06,1,NORMAL_D06,10.00,0.6888,,MR60BHA2_breath_phase,safenest-node-01
174.5080,-0.400000,S001,S001_NORMAL_D06,1,NORMAL_D06,10.00,0.6888,,MR60BHA2_breath_phase,safenest-node-01
174.6080,-0.380000,S001,S001_NORMAL_D06,1,NORMAL_D06,11.00,0.6888,,MR60BHA2_breath_phase,safenest-node-01
174.7080,-0.320000,S001,S001_NORMAL_D06,1,NORMAL_D06,11.00,0.6888,,MR60BHA2_breath_phase,safenest-node-01
174.8080,-0.230000,S001,S001_NORMAL_D06,1,NORMAL_D06,11.00,0.6888,,MR60BHA2_breath_phase,safenest-node-01
174.9090,-0.180000,S001,S001_NORMAL_D06,1,NORMAL_D06,11.00,0.6888,,MR60BHA2_breath_phase,safenest-node-01
175.0090,-0.070000,S001,S001_NORMAL_D06,1,NORMAL_D06,12.00,0.6888,,MR60BHA2_breath_phase,safenest-node-01
175.1090,-0.010000,S001,S001_NORMAL_D06,1,NORMAL_D06,12.00,0.6888,,MR60BHA2_breath_phase,safenest-node-01
175.2090,0.090000,S001,S001_NORMAL_D06,1,NORMAL_D06,12.00,0.6888,,MR60BHA2_breath_phase,safenest-node-01
175.3090,0.190000,S001,S001_NORMAL_D06,1,NORMAL_D06,13.00,0.6888,,MR60BHA2_breath_phase,safenest-node-01
175.4090,0.230000,S001,S001_NORMAL_D06,1,NORMAL_D06,13.00,0.6888,,MR60BHA2_breath_phase,safenest-node-01
175.5090,0.300000,S001,S001_NORMAL_D06,1,NORMAL_D06,13.00,0.7462,,MR60BHA2_breath_phase,safenest-node-01
175.6090,0.320000,S001,S001_NORMAL_D06,1,NORMAL_D06,13.00,0.7462,,MR60BHA2_breath_phase,safenest-node-01
175.7090,0.360000,S001,S001_NORMAL_D06,1,NORMAL_D06,14.00,0.7462,,MR60BHA2_breath_phase,safenest-node-01
175.8090,0.370000,S001,S001_NORMAL_D06,1,NORMAL_D06,14.00,0.7462,,MR60BHA2_breath_phase,safenest-node-01
175.9090,0.370000,S001,S001_NORMAL_D06,1,NORMAL_D06,14.00,0.7462,,MR60BHA2_breath_phase,safenest-node-01
176.0090,0.370000,S001,S001_NORMAL_D06,1,NORMAL_D06,15.00,0.7462,,MR60BHA2_breath_phase,safenest-node-01
176.1090,0.370000,S001,S001_NORMAL_D06,1,NORMAL_D06,15.00,0.7462,,MR60BHA2_breath_phase,safenest-node-01
176.2090,0.340000,S001,S001_NORMAL_D06,1,NORMAL_D06,15.00,0.7462,,MR60BHA2_breath_phase,safenest-node-01
176.3090,0.300000,S001,S001_NORMAL_D06,1,NORMAL_D06,16.00,0.7462,,MR60BHA2_breath_phase,safenest-node-01
176.4090,0.270000,S001,S001_NORMAL_D06,1,NORMAL_D06,16.00,0.7462,,MR60BHA2_breath_phase,safenest-node-01
176.5090,0.200000,S001,S001_NORMAL_D06,1,NORMAL_D06,16.00,0.7462,,MR60BHA2_breath_phase,safenest-node-01
176.6090,0.160000,S001,S001_NORMAL_D06,1,NORMAL_D06,17.00,0.7462,,MR60BHA2_breath_phase,safenest-node-01
176.7090,0.060000,S001,S001_NORMAL_D06,1,NORMAL_D06,17.00,0.6888,,MR60BHA2_breath_phase,safenest-node-01
176.8090,-0.040000,S001,S001_NORMAL_D06,1,NORMAL_D06,17.00,0.6888,,MR60BHA2_breath_phase,safenest-node-01
176.9090,-0.100000,S001,S001_NORMAL_D06,1,NORMAL_D06,17.00,0.6888,,MR60BHA2_breath_phase,safenest-node-01
177.0090,-0.210000,S001,S001_NORMAL_D06,1,NORMAL_D06,18.00,0.6888,,MR60BHA2_breath_phase,safenest-node-01
177.1090,-0.260000,S001,S001_NORMAL_D06,1,NORMAL_D06,18.00,0.6888,,MR60BHA2_breath_phase,safenest-node-01
177.2090,-0.360000,S001,S001_NORMAL_D06,1,NORMAL_D06,18.00,0.6888,,MR60BHA2_breath_phase,safenest-node-01
177.3090,-0.440000,S001,S001_NORMAL_D06,1,NORMAL_D06,18.00,0.6888,,MR60BHA2_breath_phase,safenest-node-01
177.4090,-0.480000,S001,S001_NORMAL_D06,1,NORMAL_D06,18.00,0.6888,,MR60BHA2_breath_phase,safenest-node-01
177.5090,-0.500000,S001,S001_NORMAL_D06,1,NORMAL_D06,19.00,0.6888,,MR60BHA2_breath_phase,safenest-node-01
177.6090,-0.530000,S001,S001_NORMAL_D06,1,NORMAL_D06,19.00,0.6888,,MR60BHA2_breath_phase,safenest-node-01
177.7090,-0.530000,S001,S001_NORMAL_D06,1,NORMAL_D06,19.00,0.6888,,MR60BHA2_breath_phase,safenest-node-01
177.8100,-0.490000,S001,S001_NORMAL_D06,1,NORMAL_D06,19.00,0.6888,,MR60BHA2_breath_phase,safenest-node-01
177.9100,-0.470000,S001,S001_NORMAL_D06,1,NORMAL_D06,19.00,0.6888,,MR60BHA2_breath_phase,safenest-node-01
178.0100,-0.430000,S001,S001_NORMAL_D06,1,NORMAL_D06,20.00,0.6888,,MR60BHA2_breath_phase,safenest-node-01
178.1100,-0.350000,S001,S001_NORMAL_D06,1,NORMAL_D06,20.00,0.6888,,MR60BHA2_breath_phase,safenest-node-01
178.2100,-0.250000,S001,S001_NORMAL_D06,1,NORMAL_D06,20.00,0.6888,,MR60BHA2_breath_phase,safenest-node-01
178.3100,-0.190000,S001,S001_NORMAL_D06,1,NORMAL_D06,20.00,0.6888,,MR60BHA2_breath_phase,safenest-node-01
178.4100,-0.080000,S001,S001_NORMAL_D06,1,NORMAL_D06,20.00,0.6888,,MR60BHA2_breath_phase,safenest-node-01
178.5100,-0.020000,S001,S001_NORMAL_D06,1,NORMAL_D06,20.00,0.6888,,MR60BHA2_breath_phase,safenest-node-01
178.6100,0.090000,S001,S001_NORMAL_D06,1,NORMAL_D06,20.00,0.6888,,MR60BHA2_breath_phase,safenest-node-01
178.7100,0.180000,S001,S001_NORMAL_D06,1,NORMAL_D06,21.00,0.6888,,MR60BHA2_breath_phase,safenest-node-01
178.8100,0.230000,S001,S001_NORMAL_D06,1,NORMAL_D06,21.00,0.6888,,MR60BHA2_breath_phase,safenest-node-01
178.9100,0.290000,S001,S001_NORMAL_D06,1,NORMAL_D06,21.00,0.6888,,MR60BHA2_breath_phase,safenest-node-01
179.0100,0.320000,S001,S001_NORMAL_D06,1,NORMAL_D06,21.00,0.7462,,MR60BHA2_breath_phase,safenest-node-01
179.1100,0.350000,S001,S001_NORMAL_D06,1,NORMAL_D06,21.00,0.7462,,MR60BHA2_breath_phase,safenest-node-01
179.2100,0.370000,S001,S001_NORMAL_D06,1,NORMAL_D06,21.00,0.7462,,MR60BHA2_breath_phase,safenest-node-01
179.3100,0.370000,S001,S001_NORMAL_D06,1,NORMAL_D06,21.00,0.7462,,MR60BHA2_breath_phase,safenest-node-01
179.4100,0.350000,S001,S001_NORMAL_D06,1,NORMAL_D06,21.00,0.7462,,MR60BHA2_breath_phase,safenest-node-01
179.5100,0.330000,S001,S001_NORMAL_D06,1,NORMAL_D06,21.00,0.7462,,MR60BHA2_breath_phase,safenest-node-01
179.6100,0.290000,S001,S001_NORMAL_D06,1,NORMAL_D06,21.00,0.7462,,MR60BHA2_breath_phase,safenest-node-01
179.7100,0.240000,S001,S001_NORMAL_D06,1,NORMAL_D06,22.00,0.7462,,MR60BHA2_breath_phase,safenest-node-01
179.8100,0.210000,S001,S001_NORMAL_D06,1,NORMAL_D06,22.00,0.7462,,MR60BHA2_breath_phase,safenest-node-01
179.9100,0.140000,S001,S001_NORMAL_D06,1,NORMAL_D06,22.00,0.7462,,MR60BHA2_breath_phase,safenest-node-01
180.0100,0.110000,S001,S001_NORMAL_D06,1,NORMAL_D06,22.00,0.7462,,MR60BHA2_breath_phase,safenest-node-01
180.1100,0.040000,S001,S001_NORMAL_D06,1,NORMAL_D06,22.00,0.7462,,MR60BHA2_breath_phase,safenest-node-01
180.2100,-0.010000,S001,S001_NORMAL_D06,1,NORMAL_D06,22.00,0.7462,,MR60BHA2_breath_phase,safenest-node-01
180.3100,-0.040000,S001,S001_NORMAL_D06,1,NORMAL_D06,22.00,0.7462,,MR60BHA2_breath_phase,safenest-node-01
180.4100,-0.070000,S001,S001_NORMAL_D06,1,NORMAL_D06,22.00,0.7462,,MR60BHA2_breath_phase,safenest-node-01
180.5100,-0.090000,S001,S001_NORMAL_D06,1,NORMAL_D06,22.00,0.7462,,MR60BHA2_breath_phase,safenest-node-01
180.6100,-0.100000,S001,S001_NORMAL_D06,1,NORMAL_D06,22.00,0.7462,,MR60BHA2_breath_phase,safenest-node-01
180.7100,-0.110000,S001,S001_NORMAL_D06,1,NORMAL_D06,22.00,0.7462,,MR60BHA2_breath_phase,safenest-node-01
180.8100,-0.110000,S001,S001_NORMAL_D06,1,NORMAL_D06,22.00,0.7462,,MR60BHA2_breath_phase,safenest-node-01
180.9110,-0.090000,S001,S001_NORMAL_D06,1,NORMAL_D06,22.00,0.7462,,MR60BHA2_breath_phase,safenest-node-01
181.0110,-0.080000,S001,S001_NORMAL_D06,1,NORMAL_D06,22.00,0.7462,,MR60BHA2_breath_phase,safenest-node-01
181.1110,-0.040000,S001,S001_NORMAL_D06,1,NORMAL_D06,22.00,0.7462,,MR60BHA2_breath_phase,safenest-node-01
181.2110,0.000000,S001,S001_NORMAL_D06,1,NORMAL_D06,22.00,0.7462,,MR60BHA2_breath_phase,safenest-node-01
181.3110,0.030000,S001,S001_NORMAL_D06,1,NORMAL_D06,22.00,0.7462,,MR60BHA2_breath_phase,safenest-node-01
181.4110,0.050000,S001,S001_NORMAL_D06,1,NORMAL_D06,22.00,0.7462,,MR60BHA2_breath_phase,safenest-node-01
181.5110,0.110000,S001,S001_NORMAL_D06,1,NORMAL_D06,23.00,0.7462,,MR60BHA2_breath_phase,safenest-node-01
181.6110,0.170000,S001,S001_NORMAL_D06,1,NORMAL_D06,23.00,0.7462,,MR60BHA2_breath_phase,safenest-node-01
181.7110,0.230000,S001,S001_NORMAL_D06,1,NORMAL_D06,23.00,0.7462,,MR60BHA2_breath_phase,safenest-node-01
181.8110,0.260000,S001,S001_NORMAL_D06,1,NORMAL_D06,23.00,0.7462,,MR60BHA2_breath_phase,safenest-node-01
181.9110,0.290000,S001,S001_NORMAL_D06,1,NORMAL_D06,23.00,0.7462,,MR60BHA2_breath_phase,safenest-node-01
182.0110,0.340000,S001,S001_NORMAL_D06,1,NORMAL_D06,23.00,0.7462,,MR60BHA2_breath_phase,safenest-node-01
182.1110,0.380000,S001,S001_NORMAL_D06,1,NORMAL_D06,23.00,0.7462,,MR60BHA2_breath_phase,safenest-node-01
182.2110,0.390000,S001,S001_NORMAL_D06,1,NORMAL_D06,23.00,0.7462,,MR60BHA2_breath_phase,safenest-node-01
182.3110,0.400000,S001,S001_NORMAL_D06,1,NORMAL_D06,23.00,0.7462,,MR60BHA2_breath_phase,safenest-node-01
182.4110,0.400000,S001,S001_NORMAL_D06,1,NORMAL_D06,23.00,0.7462,,MR60BHA2_breath_phase,safenest-node-01
182.5110,0.380000,S001,S001_NORMAL_D06,1,NORMAL_D06,23.00,0.7462,,MR60BHA2_breath_phase,safenest-node-01
182.6110,0.320000,S001,S001_NORMAL_D06,1,NORMAL_D06,23.00,0.7462,,MR60BHA2_breath_phase,safenest-node-01
182.7110,0.290000,S001,S001_NORMAL_D06,1,NORMAL_D06,23.00,0.7462,,MR60BHA2_breath_phase,safenest-node-01
182.8110,0.190000,S001,S001_NORMAL_D06,1,NORMAL_D06,23.00,0.7462,,MR60BHA2_breath_phase,safenest-node-01
182.9110,0.140000,S001,S001_NORMAL_D06,1,NORMAL_D06,23.00,0.7462,,MR60BHA2_breath_phase,safenest-node-01
183.0110,0.020000,S001,S001_NORMAL_D06,1,NORMAL_D06,23.00,0.7462,,MR60BHA2_breath_phase,safenest-node-01
183.1110,-0.100000,S001,S001_NORMAL_D06,1,NORMAL_D06,23.00,0.7462,,MR60BHA2_breath_phase,safenest-node-01
183.2110,-0.160000,S001,S001_NORMAL_D06,1,NORMAL_D06,23.00,0.7462,,MR60BHA2_breath_phase,safenest-node-01
183.3110,-0.220000,S001,S001_NORMAL_D06,1,NORMAL_D06,23.00,0.7462,,MR60BHA2_breath_phase,safenest-node-01
183.4110,-0.330000,S001,S001_NORMAL_D06,1,NORMAL_D06,23.00,0.7462,,MR60BHA2_breath_phase,safenest-node-01
183.5110,-0.410000,S001,S001_NORMAL_D06,1,NORMAL_D06,23.00,0.7462,,MR60BHA2_breath_phase,safenest-node-01
183.6120,-0.440000,S001,S001_NORMAL_D06,1,NORMAL_D06,23.00,0.7462,,MR60BHA2_breath_phase,safenest-node-01
183.7120,-0.470000,S001,S001_NORMAL_D06,1,NORMAL_D06,23.00,0.7462,,MR60BHA2_breath_phase,safenest-node-01
183.8120,-0.480000,S001,S001_NORMAL_D06,1,NORMAL_D06,23.00,0.7462,,MR60BHA2_breath_phase,safenest-node-01
183.9120,-0.460000,S001,S001_NORMAL_D06,1,NORMAL_D06,23.00,0.7462,,MR60BHA2_breath_phase,safenest-node-01
184.0120,-0.410000,S001,S001_NORMAL_D06,1,NORMAL_D06,23.00,0.7462,,MR60BHA2_breath_phase,safenest-node-01
184.1120,-0.370000,S001,S001_NORMAL_D06,1,NORMAL_D06,23.00,0.7462,,MR60BHA2_breath_phase,safenest-node-01
184.2120,-0.280000,S001,S001_NORMAL_D06,1,NORMAL_D06,23.00,0.7462,,MR60BHA2_breath_phase,safenest-node-01
184.3120,-0.230000,S001,S001_NORMAL_D06,1,NORMAL_D06,23.00,0.7462,,MR60BHA2_breath_phase,safenest-node-01
184.4120,-0.110000,S001,S001_NORMAL_D06,1,NORMAL_D06,23.00,0.7462,,MR60BHA2_breath_phase,safenest-node-01
184.5120,-0.000000,S001,S001_NORMAL_D06,1,NORMAL_D06,23.00,0.7462,,MR60BHA2_breath_phase,safenest-node-01
184.6120,0.050000,S001,S001_NORMAL_D06,1,NORMAL_D06,23.00,0.7462,,MR60BHA2_breath_phase,safenest-node-01
184.7120,0.160000,S001,S001_NORMAL_D06,1,NORMAL_D06,23.00,0.7462,,MR60BHA2_breath_phase,safenest-node-01
184.8120,0.200000,S001,S001_NORMAL_D06,1,NORMAL_D06,23.00,0.7462,,MR60BHA2_breath_phase,safenest-node-01
184.9120,0.270000,S001,S001_NORMAL_D06,1,NORMAL_D06,23.00,0.7462,,MR60BHA2_breath_phase,safenest-node-01
185.0120,0.310000,S001,S001_NORMAL_D06,1,NORMAL_D06,23.00,0.7462,,MR60BHA2_breath_phase,safenest-node-01
185.1120,0.320000,S001,S001_NORMAL_D06,1,NORMAL_D06,23.00,0.7462,,MR60BHA2_breath_phase,safenest-node-01
185.2120,0.310000,S001,S001_NORMAL_D06,1,NORMAL_D06,23.00,0.7462,,MR60BHA2_breath_phase,safenest-node-01
185.3120,0.290000,S001,S001_NORMAL_D06,1,NORMAL_D06,23.00,0.7462,,MR60BHA2_breath_phase,safenest-node-01
185.4120,0.230000,S001,S001_NORMAL_D06,1,NORMAL_D06,23.00,0.7462,,MR60BHA2_breath_phase,safenest-node-01
185.5120,0.150000,S001,S001_NORMAL_D06,1,NORMAL_D06,23.00,0.7462,,MR60BHA2_breath_phase,safenest-node-01
185.6120,0.090000,S001,S001_NORMAL_D06,1,NORMAL_D06,23.00,0.7462,,MR60BHA2_breath_phase,safenest-node-01
185.7120,0.040000,S001,S001_NORMAL_D06,1,NORMAL_D06,23.00,0.7462,,MR60BHA2_breath_phase,safenest-node-01
185.8120,-0.070000,S001,S001_NORMAL_D06,1,NORMAL_D06,23.00,0.7462,,MR60BHA2_breath_phase,safenest-node-01
185.9120,-0.180000,S001,S001_NORMAL_D06,1,NORMAL_D06,23.00,0.7462,,MR60BHA2_breath_phase,safenest-node-01
186.0120,-0.270000,S001,S001_NORMAL_D06,1,NORMAL_D06,24.00,0.7462,,MR60BHA2_breath_phase,safenest-node-01
186.1120,-0.310000,S001,S001_NORMAL_D06,1,NORMAL_D06,24.00,0.7462,,MR60BHA2_breath_phase,safenest-node-01
186.2120,-0.340000,S001,S001_NORMAL_D06,1,NORMAL_D06,24.00,0.7462,,MR60BHA2_breath_phase,safenest-node-01
186.3120,-0.380000,S001,S001_NORMAL_D06,1,NORMAL_D06,24.00,0.7462,,MR60BHA2_breath_phase,safenest-node-01
186.4120,-0.380000,S001,S001_NORMAL_D06,1,NORMAL_D06,24.00,0.7462,,MR60BHA2_breath_phase,safenest-node-01
186.5130,-0.380000,S001,S001_NORMAL_D06,1,NORMAL_D06,24.00,0.7462,,MR60BHA2_breath_phase,safenest-node-01
186.6130,-0.340000,S001,S001_NORMAL_D06,1,NORMAL_D06,24.00,0.7462,,MR60BHA2_breath_phase,safenest-node-01
186.7130,-0.310000,S001,S001_NORMAL_D06,1,NORMAL_D06,25.00,0.7462,,MR60BHA2_breath_phase,safenest-node-01
186.8130,-0.250000,S001,S001_NORMAL_D06,1,NORMAL_D06,25.00,0.7462,,MR60BHA2_breath_phase,safenest-node-01
186.9130,-0.170000,S001,S001_NORMAL_D06,1,NORMAL_D06,25.00,0.7462,,MR60BHA2_breath_phase,safenest-node-01
187.0130,-0.130000,S001,S001_NORMAL_D06,1,NORMAL_D06,25.00,0.7462,,MR60BHA2_breath_phase,safenest-node-01
187.1130,-0.050000,S001,S001_NORMAL_D06,1,NORMAL_D06,25.00,0.7462,,MR60BHA2_breath_phase,safenest-node-01
187.2130,-0.010000,S001,S001_NORMAL_D06,1,NORMAL_D06,25.00,0.7462,,MR60BHA2_breath_phase,safenest-node-01
187.3130,0.050000,S001,S001_NORMAL_D06,1,NORMAL_D06,25.00,0.7462,,MR60BHA2_breath_phase,safenest-node-01
187.4130,0.100000,S001,S001_NORMAL_D06,1,NORMAL_D06,26.00,0.7462,,MR60BHA2_breath_phase,safenest-node-01
187.5130,0.120000,S001,S001_NORMAL_D06,1,NORMAL_D06,26.00,0.7462,,MR60BHA2_breath_phase,safenest-node-01
187.6130,0.140000,S001,S001_NORMAL_D06,1,NORMAL_D06,26.00,0.7462,,MR60BHA2_breath_phase,safenest-node-01
187.7130,0.150000,S001,S001_NORMAL_D06,1,NORMAL_D06,26.00,0.7462,,MR60BHA2_breath_phase,safenest-node-01
187.8130,0.150000,S001,S001_NORMAL_D06,1,NORMAL_D06,26.00,0.7462,,MR60BHA2_breath_phase,safenest-node-01
187.9130,0.140000,S001,S001_NORMAL_D06,1,NORMAL_D06,26.00,0.7462,,MR60BHA2_breath_phase,safenest-node-01
188.0130,0.140000,S001,S001_NORMAL_D06,1,NORMAL_D06,26.00,0.7462,,MR60BHA2_breath_phase,safenest-node-01
188.1130,0.130000,S001,S001_NORMAL_D06,1,NORMAL_D06,26.00,0.7462,,MR60BHA2_breath_phase,safenest-node-01
188.2130,0.130000,S001,S001_NORMAL_D06,1,NORMAL_D06,26.00,0.7462,,MR60BHA2_breath_phase,safenest-node-01
188.3130,0.130000,S001,S001_NORMAL_D06,1,NORMAL_D06,26.00,0.7462,,MR60BHA2_breath_phase,safenest-node-01
188.4130,0.130000,S001,S001_NORMAL_D06,1,NORMAL_D06,26.00,0.7462,,MR60BHA2_breath_phase,safenest-node-01
188.5130,0.130000,S001,S001_NORMAL_D06,1,NORMAL_D06,26.00,0.7462,,MR60BHA2_breath_phase,safenest-node-01
188.6130,0.130000,S001,S001_NORMAL_D06,1,NORMAL_D06,26.00,0.7462,,MR60BHA2_breath_phase,safenest-node-01
188.7130,0.120000,S001,S001_NORMAL_D06,1,NORMAL_D06,26.00,0.6888,,MR60BHA2_breath_phase,safenest-node-01
188.8130,0.100000,S001,S001_NORMAL_D06,1,NORMAL_D06,26.00,0.6888,,MR60BHA2_breath_phase,safenest-node-01
188.9130,0.060000,S001,S001_NORMAL_D06,1,NORMAL_D06,26.00,0.6888,,MR60BHA2_breath_phase,safenest-node-01
189.0130,0.030000,S001,S001_NORMAL_D06,1,NORMAL_D06,26.00,0.6888,,MR60BHA2_breath_phase,safenest-node-01
189.1130,-0.020000,S001,S001_NORMAL_D06,1,NORMAL_D06,26.00,0.6888,,MR60BHA2_breath_phase,safenest-node-01
189.2130,-0.050000,S001,S001_NORMAL_D06,1,NORMAL_D06,26.00,0.6888,,MR60BHA2_breath_phase,safenest-node-01
189.3130,-0.110000,S001,S001_NORMAL_D06,1,NORMAL_D06,26.00,0.6888,,MR60BHA2_breath_phase,safenest-node-01
189.4130,-0.170000,S001,S001_NORMAL_D06,1,NORMAL_D06,26.00,0.6888,,MR60BHA2_breath_phase,safenest-node-01
189.5130,-0.200000,S001,S001_NORMAL_D06,1,NORMAL_D06,26.00,0.6888,,MR60BHA2_breath_phase,safenest-node-01
189.6130,-0.260000,S001,S001_NORMAL_D06,1,NORMAL_D06,26.00,0.6888,,MR60BHA2_breath_phase,safenest-node-01
189.7130,-0.290000,S001,S001_NORMAL_D06,1,NORMAL_D06,26.00,0.6888,,MR60BHA2_breath_phase,safenest-node-01
189.8130,-0.330000,S001,S001_NORMAL_D06,1,NORMAL_D06,26.00,0.6888,,MR60BHA2_breath_phase,safenest-node-01
189.9130,-0.360000,S001,S001_NORMAL_D06,1,NORMAL_D06,26.00,0.6888,,MR60BHA2_breath_phase,safenest-node-01
190.0130,-0.360000,S001,S001_NORMAL_D06,1,NORMAL_D06,26.00,0.6888,,MR60BHA2_breath_phase,safenest-node-01
190.1130,-0.360000,S001,S001_NORMAL_D06,1,NORMAL_D06,27.00,0.6888,,MR60BHA2_breath_phase,safenest-node-01
190.2130,-0.340000,S001,S001_NORMAL_D06,1,NORMAL_D06,26.00,0.6888,,MR60BHA2_breath_phase,safenest-node-01
190.3130,-0.280000,S001,S001_NORMAL_D06,1,NORMAL_D06,26.00,0.6888,,MR60BHA2_breath_phase,safenest-node-01
190.4140,-0.200000,S001,S001_NORMAL_D06,1,NORMAL_D06,26.00,0.6888,,MR60BHA2_breath_phase,safenest-node-01
190.5140,-0.140000,S001,S001_NORMAL_D06,1,NORMAL_D06,26.00,0.6888,,MR60BHA2_breath_phase,safenest-node-01
190.6140,-0.090000,S001,S001_NORMAL_D06,1,NORMAL_D06,26.00,0.6888,,MR60BHA2_breath_phase,safenest-node-01
190.7140,0.030000,S001,S001_NORMAL_D06,1,NORMAL_D06,26.00,0.6888,,MR60BHA2_breath_phase,safenest-node-01
190.8140,0.160000,S001,S001_NORMAL_D06,1,NORMAL_D06,26.00,0.6888,,MR60BHA2_breath_phase,safenest-node-01
190.9140,0.220000,S001,S001_NORMAL_D06,1,NORMAL_D06,26.00,0.7462,,MR60BHA2_breath_phase,safenest-node-01
191.0140,0.320000,S001,S001_NORMAL_D06,1,NORMAL_D06,26.00,0.7462,,MR60BHA2_breath_phase,safenest-node-01
191.1140,0.360000,S001,S001_NORMAL_D06,1,NORMAL_D06,25.00,0.7462,,MR60BHA2_breath_phase,safenest-node-01
191.2140,0.420000,S001,S001_NORMAL_D06,1,NORMAL_D06,25.00,0.7462,,MR60BHA2_breath_phase,safenest-node-01
191.3140,0.430000,S001,S001_NORMAL_D06,1,NORMAL_D06,25.00,0.7462,,MR60BHA2_breath_phase,safenest-node-01
191.4140,0.420000,S001,S001_NORMAL_D06,1,NORMAL_D06,25.00,0.7462,,MR60BHA2_breath_phase,safenest-node-01
191.5140,0.370000,S001,S001_NORMAL_D06,1,NORMAL_D06,25.00,0.7462,,MR60BHA2_breath_phase,safenest-node-01
191.6140,0.330000,S001,S001_NORMAL_D06,1,NORMAL_D06,25.00,0.7462,,MR60BHA2_breath_phase,safenest-node-01
191.7140,0.240000,S001,S001_NORMAL_D06,1,NORMAL_D06,25.00,0.7462,,MR60BHA2_breath_phase,safenest-node-01
191.8140,0.120000,S001,S001_NORMAL_D06,1,NORMAL_D06,25.00,0.7462,,MR60BHA2_breath_phase,safenest-node-01
191.9140,0.070000,S001,S001_NORMAL_D06,1,NORMAL_D06,25.00,0.7462,,MR60BHA2_breath_phase,safenest-node-01
192.0140,-0.040000,S001,S001_NORMAL_D06,1,NORMAL_D06,25.00,0.7462,,MR60BHA2_breath_phase,safenest-node-01
192.1140,-0.090000,S001,S001_NORMAL_D06,1,NORMAL_D06,25.00,0.7462,,MR60BHA2_breath_phase,safenest-node-01
192.2140,-0.160000,S001,S001_NORMAL_D06,1,NORMAL_D06,25.00,0.7462,,MR60BHA2_breath_phase,safenest-node-01
192.3140,-0.210000,S001,S001_NORMAL_D06,1,NORMAL_D06,25.00,0.7462,,MR60BHA2_breath_phase,safenest-node-01
192.4140,-0.220000,S001,S001_NORMAL_D06,1,NORMAL_D06,25.00,0.7462,,MR60BHA2_breath_phase,safenest-node-01
192.5140,-0.220000,S001,S001_NORMAL_D06,1,NORMAL_D06,25.00,0.7462,,MR60BHA2_breath_phase,safenest-node-01
192.6140,-0.200000,S001,S001_NORMAL_D06,1,NORMAL_D06,25.00,0.7462,,MR60BHA2_breath_phase,safenest-node-01
192.7140,-0.160000,S001,S001_NORMAL_D06,1,NORMAL_D06,24.00,0.7462,,MR60BHA2_breath_phase,safenest-node-01
192.8140,-0.100000,S001,S001_NORMAL_D06,1,NORMAL_D06,24.00,0.7462,,MR60BHA2_breath_phase,safenest-node-01
192.9140,-0.070000,S001,S001_NORMAL_D06,1,NORMAL_D06,24.00,0.7462,,MR60BHA2_breath_phase,safenest-node-01
193.0140,0.000000,S001,S001_NORMAL_D06,1,NORMAL_D06,24.00,0.7462,,MR60BHA2_breath_phase,safenest-node-01
193.1140,0.040000,S001,S001_NORMAL_D06,1,NORMAL_D06,24.00,0.7462,,MR60BHA2_breath_phase,safenest-node-01
193.2140,0.110000,S001,S001_NORMAL_D06,1,NORMAL_D06,24.00,0.7462,,MR60BHA2_breath_phase,safenest-node-01
193.3140,0.180000,S001,S001_NORMAL_D06,1,NORMAL_D06,24.00,0.7462,,MR60BHA2_breath_phase,safenest-node-01
193.4140,0.210000,S001,S001_NORMAL_D06,1,NORMAL_D06,24.00,0.7462,,MR60BHA2_breath_phase,safenest-node-01
193.5140,0.260000,S001,S001_NORMAL_D06,1,NORMAL_D06,24.00,0.7462,,MR60BHA2_breath_phase,safenest-node-01
193.6140,0.280000,S001,S001_NORMAL_D06,1,NORMAL_D06,24.00,0.7462,,MR60BHA2_breath_phase,safenest-node-01
193.7140,0.310000,S001,S001_NORMAL_D06,1,NORMAL_D06,24.00,0.7462,,MR60BHA2_breath_phase,safenest-node-01
193.8140,0.320000,S001,S001_NORMAL_D06,1,NORMAL_D06,24.00,0.7462,,MR60BHA2_breath_phase,safenest-node-01
193.9140,0.320000,S001,S001_NORMAL_D06,1,NORMAL_D06,24.00,0.7462,,MR60BHA2_breath_phase,safenest-node-01
194.0140,0.300000,S001,S001_NORMAL_D06,1,NORMAL_D06,24.00,0.7462,,MR60BHA2_breath_phase,safenest-node-01
194.1140,0.290000,S001,S001_NORMAL_D06,1,NORMAL_D06,24.00,0.7462,,MR60BHA2_breath_phase,safenest-node-01
194.2140,0.260000,S001,S001_NORMAL_D06,1,NORMAL_D06,24.00,0.7462,,MR60BHA2_breath_phase,safenest-node-01
194.3140,0.220000,S001,S001_NORMAL_D06,1,NORMAL_D06,24.00,0.7462,,MR60BHA2_breath_phase,safenest-node-01
194.4140,0.190000,S001,S001_NORMAL_D06,1,NORMAL_D06,24.00,0.7462,,MR60BHA2_breath_phase,safenest-node-01
194.5140,0.140000,S001,S001_NORMAL_D06,1,NORMAL_D06,24.00,0.7462,,MR60BHA2_breath_phase,safenest-node-01
194.6140,0.120000,S001,S001_NORMAL_D06,1,NORMAL_D06,24.00,0.7462,,MR60BHA2_breath_phase,safenest-node-01
194.7140,0.070000,S001,S001_NORMAL_D06,1,NORMAL_D06,24.00,0.7462,,MR60BHA2_breath_phase,safenest-node-01
194.8140,0.020000,S001,S001_NORMAL_D06,1,NORMAL_D06,24.00,0.7462,,MR60BHA2_breath_phase,safenest-node-01
194.9140,0.000000,S001,S001_NORMAL_D06,1,NORMAL_D06,24.00,0.7462,,MR60BHA2_breath_phase,safenest-node-01
195.0140,-0.040000,S001,S001_NORMAL_D06,1,NORMAL_D06,24.00,0.7462,,MR60BHA2_breath_phase,safenest-node-01
195.1140,-0.050000,S001,S001_NORMAL_D06,1,NORMAL_D06,25.00,0.7462,,MR60BHA2_breath_phase,safenest-node-01
195.2140,-0.080000,S001,S001_NORMAL_D06,1,NORMAL_D06,25.00,0.7462,,MR60BHA2_breath_phase,safenest-node-01
195.3140,-0.100000,S001,S001_NORMAL_D06,1,NORMAL_D06,25.00,0.7462,,MR60BHA2_breath_phase,safenest-node-01
195.4140,-0.110000,S001,S001_NORMAL_D06,1,NORMAL_D06,25.00,0.7462,,MR60BHA2_breath_phase,safenest-node-01
195.5140,-0.130000,S001,S001_NORMAL_D06,1,NORMAL_D06,25.00,0.7462,,MR60BHA2_breath_phase,safenest-node-01
195.6140,-0.130000,S001,S001_NORMAL_D06,1,NORMAL_D06,25.00,0.7462,,MR60BHA2_breath_phase,safenest-node-01
195.7140,-0.140000,S001,S001_NORMAL_D06,1,NORMAL_D06,25.00,0.7462,,MR60BHA2_breath_phase,safenest-node-01
195.8140,-0.140000,S001,S001_NORMAL_D06,1,NORMAL_D06,25.00,0.7462,,MR60BHA2_breath_phase,safenest-node-01
195.9140,-0.130000,S001,S001_NORMAL_D06,1,NORMAL_D06,25.00,0.7462,,MR60BHA2_breath_phase,safenest-node-01
196.0140,-0.110000,S001,S001_NORMAL_D06,1,NORMAL_D06,26.00,0.6888,,MR60BHA2_breath_phase,safenest-node-01
196.1140,-0.100000,S001,S001_NORMAL_D06,1,NORMAL_D06,26.00,0.6888,,MR60BHA2_breath_phase,safenest-node-01
196.2140,-0.060000,S001,S001_NORMAL_D06,1,NORMAL_D06,26.00,0.6888,,MR60BHA2_breath_phase,safenest-node-01
196.3140,-0.020000,S001,S001_NORMAL_D06,1,NORMAL_D06,26.00,0.6888,,MR60BHA2_breath_phase,safenest-node-01
196.4140,0.000000,S001,S001_NORMAL_D06,1,NORMAL_D06,26.00,0.6888,,MR60BHA2_breath_phase,safenest-node-01
196.5140,0.040000,S001,S001_NORMAL_D06,1,NORMAL_D06,26.00,0.6888,,MR60BHA2_breath_phase,safenest-node-01
196.6140,0.060000,S001,S001_NORMAL_D06,1,NORMAL_D06,26.00,0.6888,,MR60BHA2_breath_phase,safenest-node-01
196.7140,0.080000,S001,S001_NORMAL_D06,1,NORMAL_D06,26.00,0.6888,,MR60BHA2_breath_phase,safenest-node-01
196.8140,0.080000,S001,S001_NORMAL_D06,1,NORMAL_D06,26.00,0.6888,,MR60BHA2_breath_phase,safenest-node-01
196.9140,0.070000,S001,S001_NORMAL_D06,1,NORMAL_D06,26.00,0.6888,,MR60BHA2_breath_phase,safenest-node-01
197.0140,0.040000,S001,S001_NORMAL_D06,1,NORMAL_D06,26.00,0.6888,,MR60BHA2_breath_phase,safenest-node-01
197.1140,0.010000,S001,S001_NORMAL_D06,1,NORMAL_D06,27.00,0.6888,,MR60BHA2_breath_phase,safenest-node-01
197.2140,-0.050000,S001,S001_NORMAL_D06,1,NORMAL_D06,27.00,0.6888,,MR60BHA2_breath_phase,safenest-node-01
197.3140,-0.120000,S001,S001_NORMAL_D06,1,NORMAL_D06,27.00,0.6888,,MR60BHA2_breath_phase,safenest-node-01
197.4140,-0.160000,S001,S001_NORMAL_D06,1,NORMAL_D06,27.00,0.6888,,MR60BHA2_breath_phase,safenest-node-01
197.5140,-0.240000,S001,S001_NORMAL_D06,1,NORMAL_D06,27.00,0.6888,,MR60BHA2_breath_phase,safenest-node-01
197.6140,-0.270000,S001,S001_NORMAL_D06,1,NORMAL_D06,27.00,0.6888,,MR60BHA2_breath_phase,safenest-node-01
197.7140,-0.330000,S001,S001_NORMAL_D06,1,NORMAL_D06,27.00,0.6888,,MR60BHA2_breath_phase,safenest-node-01
197.8140,-0.370000,S001,S001_NORMAL_D06,1,NORMAL_D06,27.00,0.6888,,MR60BHA2_breath_phase,safenest-node-01
197.9140,-0.380000,S001,S001_NORMAL_D06,1,NORMAL_D06,27.00,0.6888,,MR60BHA2_breath_phase,safenest-node-01
198.0140,-0.390000,S001,S001_NORMAL_D06,1,NORMAL_D06,27.00,0.6888,,MR60BHA2_breath_phase,safenest-node-01
198.1140,-0.380000,S001,S001_NORMAL_D06,1,NORMAL_D06,27.00,0.6888,,MR60BHA2_breath_phase,safenest-node-01
198.2140,-0.360000,S001,S001_NORMAL_D06,1,NORMAL_D06,27.00,0.6888,,MR60BHA2_breath_phase,safenest-node-01
198.3140,-0.320000,S001,S001_NORMAL_D06,1,NORMAL_D06,27.00,0.6888,,MR60BHA2_breath_phase,safenest-node-01
198.4140,-0.290000,S001,S001_NORMAL_D06,1,NORMAL_D06,27.00,0.6888,,MR60BHA2_breath_phase,safenest-node-01
198.5150,-0.230000,S001,S001_NORMAL_D06,1,NORMAL_D06,27.00,0.6888,,MR60BHA2_breath_phase,safenest-node-01
198.6150,-0.200000,S001,S001_NORMAL_D06,1,NORMAL_D06,27.00,0.6888,,MR60BHA2_breath_phase,safenest-node-01
198.7150,-0.150000,S001,S001_NORMAL_D06,1,NORMAL_D06,27.00,0.6888,,MR60BHA2_breath_phase,safenest-node-01
198.8150,-0.110000,S001,S001_NORMAL_D06,1,NORMAL_D06,27.00,0.6888,,MR60BHA2_breath_phase,safenest-node-01
198.9150,-0.090000,S001,S001_NORMAL_D06,1,NORMAL_D06,27.00,0.6888,,MR60BHA2_breath_phase,safenest-node-01
199.0150,-0.080000,S001,S001_NORMAL_D06,1,NORMAL_D06,27.00,0.6888,,MR60BHA2_breath_phase,safenest-node-01
199.1150,-0.070000,S001,S001_NORMAL_D06,1,NORMAL_D06,27.00,0.6888,,MR60BHA2_breath_phase,safenest-node-01
199.2150,-0.060000,S001,S001_NORMAL_D06,1,NORMAL_D06,27.00,0.6888,,MR60BHA2_breath_phase,safenest-node-01
199.3150,-0.050000,S001,S001_NORMAL_D06,1,NORMAL_D06,27.00,0.6888,,MR60BHA2_breath_phase,safenest-node-01
199.4150,-0.030000,S001,S001_NORMAL_D06,1,NORMAL_D06,27.00,0.6888,,MR60BHA2_breath_phase,safenest-node-01
199.5150,-0.010000,S001,S001_NORMAL_D06,1,NORMAL_D06,26.00,0.6888,,MR60BHA2_breath_phase,safenest-node-01
199.6150,0.050000,S001,S001_NORMAL_D06,1,NORMAL_D06,25.00,0.6888,,MR60BHA2_breath_phase,safenest-node-01
199.7150,0.120000,S001,S001_NORMAL_D06,1,NORMAL_D06,24.00,0.6888,,MR60BHA2_breath_phase,safenest-node-01
199.8150,0.160000,S001,S001_NORMAL_D06,1,NORMAL_D06,24.00,0.6888,,MR60BHA2_breath_phase,safenest-node-01
199.9150,0.250000,S001,S001_NORMAL_D06,1,NORMAL_D06,22.00,0.6888,,MR60BHA2_breath_phase,safenest-node-01
200.0150,0.300000,S001,S001_NORMAL_D06,1,NORMAL_D06,22.00,0.6888,,MR60BHA2_breath_phase,safenest-node-01
200.1150,0.400000,S001,S001_NORMAL_D06,1,NORMAL_D06,22.00,0.6888,,MR60BHA2_breath_phase,safenest-node-01
200.2150,0.480000,S001,S001_NORMAL_D06,1,NORMAL_D06,23.00,0.6888,,MR60BHA2_breath_phase,safenest-node-01
200.3150,0.520000,S001,S001_NORMAL_D06,1,NORMAL_D06,23.00,0.6888,,MR60BHA2_breath_phase,safenest-node-01
200.4150,0.580000,S001,S001_NORMAL_D06,1,NORMAL_D06,23.00,0.6888,,MR60BHA2_breath_phase,safenest-node-01
200.5150,0.600000,S001,S001_NORMAL_D06,1,NORMAL_D06,23.00,0.6888,,MR60BHA2_breath_phase,safenest-node-01
200.6150,0.610000,S001,S001_NORMAL_D06,1,NORMAL_D06,23.00,0.6888,,MR60BHA2_breath_phase,safenest-node-01
200.7150,0.590000,S001,S001_NORMAL_D06,1,NORMAL_D06,23.00,0.6888,,MR60BHA2_breath_phase,safenest-node-01
200.8150,0.560000,S001,S001_NORMAL_D06,1,NORMAL_D06,23.00,0.6888,,MR60BHA2_breath_phase,safenest-node-01
200.9150,0.490000,S001,S001_NORMAL_D06,1,NORMAL_D06,22.00,0.6888,,MR60BHA2_breath_phase,safenest-node-01
201.0150,0.440000,S001,S001_NORMAL_D06,1,NORMAL_D06,20.00,0.6888,,MR60BHA2_breath_phase,safenest-node-01
201.1150,0.310000,S001,S001_NORMAL_D06,1,NORMAL_D06,19.00,0.6888,,MR60BHA2_breath_phase,safenest-node-01
201.2150,0.170000,S001,S001_NORMAL_D06,1,NORMAL_D06,18.00,0.6888,,MR60BHA2_breath_phase,safenest-node-01
201.3150,0.090000,S001,S001_NORMAL_D06,1,NORMAL_D06,18.00,0.6888,,MR60BHA2_breath_phase,safenest-node-01
201.4150,-0.070000,S001,S001_NORMAL_D06,1,NORMAL_D06,18.00,0.6888,,MR60BHA2_breath_phase,safenest-node-01
201.5150,-0.150000,S001,S001_NORMAL_D06,1,NORMAL_D06,17.00,0.6888,,MR60BHA2_breath_phase,safenest-node-01
201.6150,-0.290000,S001,S001_NORMAL_D06,1,NORMAL_D06,17.00,0.6888,,MR60BHA2_breath_phase,safenest-node-01
201.7150,-0.420000,S001,S001_NORMAL_D06,1,NORMAL_D06,16.00,0.6888,,MR60BHA2_breath_phase,safenest-node-01
201.8150,-0.480000,S001,S001_NORMAL_D06,1,NORMAL_D06,16.00,0.6888,,MR60BHA2_breath_phase,safenest-node-01
201.9150,-0.560000,S001,S001_NORMAL_D06,1,NORMAL_D06,16.00,0.6888,,MR60BHA2_breath_phase,safenest-node-01
202.0150,-0.590000,S001,S001_NORMAL_D06,1,NORMAL_D06,16.00,0.6888,,MR60BHA2_breath_phase,safenest-node-01
202.1150,-0.620000,S001,S001_NORMAL_D06,1,NORMAL_D06,16.00,0.6888,,MR60BHA2_breath_phase,safenest-node-01
202.2160,-0.610000,S001,S001_NORMAL_D06,1,NORMAL_D06,16.00,0.6888,,MR60BHA2_breath_phase,safenest-node-01
202.3160,-0.590000,S001,S001_NORMAL_D06,1,NORMAL_D06,16.00,0.6888,,MR60BHA2_breath_phase,safenest-node-01
202.4160,-0.520000,S001,S001_NORMAL_D06,1,NORMAL_D06,16.00,0.6888,,MR60BHA2_breath_phase,safenest-node-01
202.5160,-0.470000,S001,S001_NORMAL_D06,1,NORMAL_D06,16.00,0.6888,,MR60BHA2_breath_phase,safenest-node-01
202.6160,-0.360000,S001,S001_NORMAL_D06,1,NORMAL_D06,17.00,0.6888,,MR60BHA2_breath_phase,safenest-node-01
202.7160,-0.230000,S001,S001_NORMAL_D06,1,NORMAL_D06,17.00,0.6888,,MR60BHA2_breath_phase,safenest-node-01
202.8160,-0.160000,S001,S001_NORMAL_D06,1,NORMAL_D06,17.00,0.6888,,MR60BHA2_breath_phase,safenest-node-01
202.9160,-0.040000,S001,S001_NORMAL_D06,1,NORMAL_D06,17.00,0.6888,,MR60BHA2_breath_phase,safenest-node-01
203.0160,0.030000,S001,S001_NORMAL_D06,1,NORMAL_D06,17.00,0.6888,,MR60BHA2_breath_phase,safenest-node-01
203.1160,0.140000,S001,S001_NORMAL_D06,1,NORMAL_D06,17.00,0.6888,,MR60BHA2_breath_phase,safenest-node-01
203.2160,0.230000,S001,S001_NORMAL_D06,1,NORMAL_D06,17.00,0.6888,,MR60BHA2_breath_phase,safenest-node-01
203.3160,0.270000,S001,S001_NORMAL_D06,1,NORMAL_D06,17.00,0.6888,,MR60BHA2_breath_phase,safenest-node-01
203.4170,0.320000,S001,S001_NORMAL_D06,1,NORMAL_D06,17.00,0.6888,,MR60BHA2_breath_phase,safenest-node-01
203.5170,0.340000,S001,S001_NORMAL_D06,1,NORMAL_D06,17.00,0.6888,,MR60BHA2_breath_phase,safenest-node-01
203.6170,0.360000,S001,S001_NORMAL_D06,1,NORMAL_D06,17.00,0.6888,,MR60BHA2_breath_phase,safenest-node-01
203.7170,0.360000,S001,S001_NORMAL_D06,1,NORMAL_D06,17.00,0.6888,,MR60BHA2_breath_phase,safenest-node-01
203.8170,0.350000,S001,S001_NORMAL_D06,1,NORMAL_D06,17.00,0.6888,,MR60BHA2_breath_phase,safenest-node-01
203.9170,0.340000,S001,S001_NORMAL_D06,1,NORMAL_D06,17.00,0.6888,,MR60BHA2_breath_phase,safenest-node-01
204.0170,0.320000,S001,S001_NORMAL_D06,1,NORMAL_D06,18.00,0.6888,,MR60BHA2_breath_phase,safenest-node-01
204.1170,0.300000,S001,S001_NORMAL_D06,1,NORMAL_D06,18.00,0.6888,,MR60BHA2_breath_phase,safenest-node-01
204.2170,0.290000,S001,S001_NORMAL_D06,1,NORMAL_D06,18.00,0.6888,,MR60BHA2_breath_phase,safenest-node-01
204.3170,0.270000,S001,S001_NORMAL_D06,1,NORMAL_D06,18.00,0.6888,,MR60BHA2_breath_phase,safenest-node-01
204.4170,0.260000,S001,S001_NORMAL_D06,1,NORMAL_D06,18.00,0.6888,,MR60BHA2_breath_phase,safenest-node-01
204.5170,0.240000,S001,S001_NORMAL_D06,1,NORMAL_D06,18.00,0.6888,,MR60BHA2_breath_phase,safenest-node-01
204.6170,0.200000,S001,S001_NORMAL_D06,1,NORMAL_D06,18.00,0.6888,,MR60BHA2_breath_phase,safenest-node-01
204.7170,0.180000,S001,S001_NORMAL_D06,1,NORMAL_D06,18.00,0.6888,,MR60BHA2_breath_phase,safenest-node-01
204.8170,0.130000,S001,S001_NORMAL_D06,1,NORMAL_D06,18.00,0.6888,,MR60BHA2_breath_phase,safenest-node-01
204.9170,0.100000,S001,S001_NORMAL_D06,1,NORMAL_D06,18.00,0.6888,,MR60BHA2_breath_phase,safenest-node-01
205.0170,0.020000,S001,S001_NORMAL_D06,1,NORMAL_D06,18.00,0.6888,,MR60BHA2_breath_phase,safenest-node-01
205.1170,-0.070000,S001,S001_NORMAL_D06,1,NORMAL_D06,18.00,0.6888,,MR60BHA2_breath_phase,safenest-node-01
205.2170,-0.110000,S001,S001_NORMAL_D06,1,NORMAL_D06,18.00,0.6888,,MR60BHA2_breath_phase,safenest-node-01
205.3170,-0.210000,S001,S001_NORMAL_D06,1,NORMAL_D06,18.00,0.6888,,MR60BHA2_breath_phase,safenest-node-01
205.4170,-0.260000,S001,S001_NORMAL_D06,1,NORMAL_D06,18.00,0.6888,,MR60BHA2_breath_phase,safenest-node-01
205.5170,-0.340000,S001,S001_NORMAL_D06,1,NORMAL_D06,18.00,0.6888,,MR60BHA2_breath_phase,safenest-node-01
205.6170,-0.410000,S001,S001_NORMAL_D06,1,NORMAL_D06,18.00,0.6888,,MR60BHA2_breath_phase,safenest-node-01
205.7170,-0.430000,S001,S001_NORMAL_D06,1,NORMAL_D06,18.00,0.6888,,MR60BHA2_breath_phase,safenest-node-01
205.8170,-0.460000,S001,S001_NORMAL_D06,1,NORMAL_D06,18.00,0.6888,,MR60BHA2_breath_phase,safenest-node-01
205.9170,-0.470000,S001,S001_NORMAL_D06,1,NORMAL_D06,18.00,0.6888,,MR60BHA2_breath_phase,safenest-node-01
206.0170,-0.460000,S001,S001_NORMAL_D06,1,NORMAL_D06,18.00,0.6888,,MR60BHA2_breath_phase,safenest-node-01
206.1170,-0.420000,S001,S001_NORMAL_D06,1,NORMAL_D06,18.00,0.6888,,MR60BHA2_breath_phase,safenest-node-01
206.2170,-0.390000,S001,S001_NORMAL_D06,1,NORMAL_D06,18.00,0.6888,,MR60BHA2_breath_phase,safenest-node-01
206.3170,-0.320000,S001,S001_NORMAL_D06,1,NORMAL_D06,18.00,0.6888,,MR60BHA2_breath_phase,safenest-node-01
206.4170,-0.270000,S001,S001_NORMAL_D06,1,NORMAL_D06,18.00,0.6888,,MR60BHA2_breath_phase,safenest-node-01
206.5170,-0.180000,S001,S001_NORMAL_D06,1,NORMAL_D06,18.00,0.6888,,MR60BHA2_breath_phase,safenest-node-01
206.6170,-0.070000,S001,S001_NORMAL_D06,1,NORMAL_D06,18.00,0.6888,,MR60BHA2_breath_phase,safenest-node-01
206.7170,-0.020000,S001,S001_NORMAL_D06,1,NORMAL_D06,18.00,0.6888,,MR60BHA2_breath_phase,safenest-node-01
206.8170,0.070000,S001,S001_NORMAL_D06,1,NORMAL_D06,18.00,0.6888,,MR60BHA2_breath_phase,safenest-node-01
206.9170,0.120000,S001,S001_NORMAL_D06,1,NORMAL_D06,18.00,0.6888,,MR60BHA2_breath_phase,safenest-node-01
207.0170,0.190000,S001,S001_NORMAL_D06,1,NORMAL_D06,18.00,0.6888,,MR60BHA2_breath_phase,safenest-node-01
207.1180,0.250000,S001,S001_NORMAL_D06,1,NORMAL_D06,18.00,0.6888,,MR60BHA2_breath_phase,safenest-node-01
207.2180,0.270000,S001,S001_NORMAL_D06,1,NORMAL_D06,18.00,0.6888,,MR60BHA2_breath_phase,safenest-node-01
207.3180,0.300000,S001,S001_NORMAL_D06,1,NORMAL_D06,18.00,0.6888,,MR60BHA2_breath_phase,safenest-node-01
207.4180,0.320000,S001,S001_NORMAL_D06,1,NORMAL_D06,18.00,0.6888,,MR60BHA2_breath_phase,safenest-node-01
207.5180,0.340000,S001,S001_NORMAL_D06,1,NORMAL_D06,19.00,0.6888,,MR60BHA2_breath_phase,safenest-node-01
207.6180,0.350000,S001,S001_NORMAL_D06,1,NORMAL_D06,19.00,0.6888,,MR60BHA2_breath_phase,safenest-node-01
207.7180,0.350000,S001,S001_NORMAL_D06,1,NORMAL_D06,19.00,0.6888,,MR60BHA2_breath_phase,safenest-node-01
207.8180,0.350000,S001,S001_NORMAL_D06,1,NORMAL_D06,19.00,0.6888,,MR60BHA2_breath_phase,safenest-node-01
207.9180,0.350000,S001,S001_NORMAL_D06,1,NORMAL_D06,19.00,0.6888,,MR60BHA2_breath_phase,safenest-node-01
208.0180,0.330000,S001,S001_NORMAL_D06,1,NORMAL_D06,19.00,0.6888,,MR60BHA2_breath_phase,safenest-node-01
208.1180,0.320000,S001,S001_NORMAL_D06,1,NORMAL_D06,19.00,0.6888,,MR60BHA2_breath_phase,safenest-node-01
208.2180,0.280000,S001,S001_NORMAL_D06,1,NORMAL_D06,20.00,0.6888,,MR60BHA2_breath_phase,safenest-node-01
208.3180,0.260000,S001,S001_NORMAL_D06,1,NORMAL_D06,20.00,0.6888,,MR60BHA2_breath_phase,safenest-node-01
208.4180,0.210000,S001,S001_NORMAL_D06,1,NORMAL_D06,19.00,0.7462,,MR60BHA2_breath_phase,safenest-node-01
208.5180,0.140000,S001,S001_NORMAL_D06,1,NORMAL_D06,19.00,0.7462,,MR60BHA2_breath_phase,safenest-node-01
208.6180,0.110000,S001,S001_NORMAL_D06,1,NORMAL_D06,19.00,0.7462,,MR60BHA2_breath_phase,safenest-node-01
208.7180,0.030000,S001,S001_NORMAL_D06,1,NORMAL_D06,19.00,0.7462,,MR60BHA2_breath_phase,safenest-node-01
208.8180,-0.010000,S001,S001_NORMAL_D06,1,NORMAL_D06,19.00,0.7462,,MR60BHA2_breath_phase,safenest-node-01
208.9180,-0.110000,S001,S001_NORMAL_D06,1,NORMAL_D06,19.00,0.7462,,MR60BHA2_breath_phase,safenest-node-01
209.0180,-0.220000,S001,S001_NORMAL_D06,1,NORMAL_D06,19.00,0.7462,,MR60BHA2_breath_phase,safenest-node-01
209.1180,-0.270000,S001,S001_NORMAL_D06,1,NORMAL_D06,19.00,0.7462,,MR60BHA2_breath_phase,safenest-node-01
209.2180,-0.380000,S001,S001_NORMAL_D06,1,NORMAL_D06,19.00,0.7462,,MR60BHA2_breath_phase,safenest-node-01
209.3180,-0.430000,S001,S001_NORMAL_D06,1,NORMAL_D06,19.00,0.7462,,MR60BHA2_breath_phase,safenest-node-01
209.4180,-0.500000,S001,S001_NORMAL_D06,1,NORMAL_D06,19.00,0.7462,,MR60BHA2_breath_phase,safenest-node-01
209.5180,-0.540000,S001,S001_NORMAL_D06,1,NORMAL_D06,19.00,0.7462,,MR60BHA2_breath_phase,safenest-node-01
209.6180,-0.550000,S001,S001_NORMAL_D06,1,NORMAL_D06,19.00,0.7462,,MR60BHA2_breath_phase,safenest-node-01
209.7180,-0.530000,S001,S001_NORMAL_D06,1,NORMAL_D06,19.00,0.7462,,MR60BHA2_breath_phase,safenest-node-01
209.8180,-0.510000,S001,S001_NORMAL_D06,1,NORMAL_D06,19.00,0.7462,,MR60BHA2_breath_phase,safenest-node-01
209.9180,-0.440000,S001,S001_NORMAL_D06,1,NORMAL_D06,19.00,0.7462,,MR60BHA2_breath_phase,safenest-node-01
210.0180,-0.340000,S001,S001_NORMAL_D06,1,NORMAL_D06,19.00,0.7462,,MR60BHA2_breath_phase,safenest-node-01
210.1180,-0.280000,S001,S001_NORMAL_D06,1,NORMAL_D06,19.00,0.7462,,MR60BHA2_breath_phase,safenest-node-01
210.2180,-0.160000,S001,S001_NORMAL_D06,1,NORMAL_D06,19.00,0.7462,,MR60BHA2_breath_phase,safenest-node-01
210.3180,-0.090000,S001,S001_NORMAL_D06,1,NORMAL_D06,19.00,0.7462,,MR60BHA2_breath_phase,safenest-node-01
210.4180,0.030000,S001,S001_NORMAL_D06,1,NORMAL_D06,19.00,0.7462,,MR60BHA2_breath_phase,safenest-node-01
210.5180,0.140000,S001,S001_NORMAL_D06,1,NORMAL_D06,19.00,0.7462,,MR60BHA2_breath_phase,safenest-node-01
210.6180,0.190000,S001,S001_NORMAL_D06,1,NORMAL_D06,19.00,0.7462,,MR60BHA2_breath_phase,safenest-node-01
210.7180,0.270000,S001,S001_NORMAL_D06,1,NORMAL_D06,19.00,0.7462,,MR60BHA2_breath_phase,safenest-node-01
210.8180,0.290000,S001,S001_NORMAL_D06,1,NORMAL_D06,19.00,0.7462,,MR60BHA2_breath_phase,safenest-node-01
210.9180,0.320000,S001,S001_NORMAL_D06,1,NORMAL_D06,19.00,0.6888,,MR60BHA2_breath_phase,safenest-node-01
211.0180,0.330000,S001,S001_NORMAL_D06,1,NORMAL_D06,19.00,0.6888,,MR60BHA2_breath_phase,safenest-node-01
211.1180,0.320000,S001,S001_NORMAL_D06,1,NORMAL_D06,19.00,0.6888,,MR60BHA2_breath_phase,safenest-node-01
211.2180,0.290000,S001,S001_NORMAL_D06,1,NORMAL_D06,19.00,0.6888,,MR60BHA2_breath_phase,safenest-node-01
211.3180,0.280000,S001,S001_NORMAL_D06,1,NORMAL_D06,19.00,0.6888,,MR60BHA2_breath_phase,safenest-node-01
211.4180,0.240000,S001,S001_NORMAL_D06,1,NORMAL_D06,19.00,0.6888,,MR60BHA2_breath_phase,safenest-node-01
211.5180,0.210000,S001,S001_NORMAL_D06,1,NORMAL_D06,19.00,0.6888,,MR60BHA2_breath_phase,safenest-node-01
211.6180,0.190000,S001,S001_NORMAL_D06,1,NORMAL_D06,19.00,0.6888,,MR60BHA2_breath_phase,safenest-node-01
211.7190,0.170000,S001,S001_NORMAL_D06,1,NORMAL_D06,19.00,0.6888,,MR60BHA2_breath_phase,safenest-node-01
211.8190,0.160000,S001,S001_NORMAL_D06,1,NORMAL_D06,19.00,0.6888,,MR60BHA2_breath_phase,safenest-node-01
211.9190,0.140000,S001,S001_NORMAL_D06,1,NORMAL_D06,19.00,0.6888,,MR60BHA2_breath_phase,safenest-node-01
212.0190,0.140000,S001,S001_NORMAL_D06,1,NORMAL_D06,20.00,0.6888,,MR60BHA2_breath_phase,safenest-node-01
212.1190,0.140000,S001,S001_NORMAL_D06,1,NORMAL_D06,20.00,0.6888,,MR60BHA2_breath_phase,safenest-node-01
212.2190,0.140000,S001,S001_NORMAL_D06,1,NORMAL_D06,20.00,0.6888,,MR60BHA2_breath_phase,safenest-node-01
212.3190,0.150000,S001,S001_NORMAL_D06,1,NORMAL_D06,19.00,0.6888,,MR60BHA2_breath_phase,safenest-node-01
212.4190,0.160000,S001,S001_NORMAL_D06,1,NORMAL_D06,19.00,0.6888,,MR60BHA2_breath_phase,safenest-node-01
212.5190,0.160000,S001,S001_NORMAL_D06,1,NORMAL_D06,19.00,0.6888,,MR60BHA2_breath_phase,safenest-node-01
212.6190,0.160000,S001,S001_NORMAL_D06,1,NORMAL_D06,19.00,0.6888,,MR60BHA2_breath_phase,safenest-node-01
212.7190,0.160000,S001,S001_NORMAL_D06,1,NORMAL_D06,19.00,0.6888,,MR60BHA2_breath_phase,safenest-node-01
212.8190,0.140000,S001,S001_NORMAL_D06,1,NORMAL_D06,19.00,0.6888,,MR60BHA2_breath_phase,safenest-node-01
212.9190,0.110000,S001,S001_NORMAL_D06,1,NORMAL_D06,19.00,0.6888,,MR60BHA2_breath_phase,safenest-node-01
213.0200,0.090000,S001,S001_NORMAL_D06,1,NORMAL_D06,19.00,0.6888,,MR60BHA2_breath_phase,safenest-node-01
213.1200,0.040000,S001,S001_NORMAL_D06,1,NORMAL_D06,19.00,0.6888,,MR60BHA2_breath_phase,safenest-node-01
213.2200,0.010000,S001,S001_NORMAL_D06,1,NORMAL_D06,19.00,0.6888,,MR60BHA2_breath_phase,safenest-node-01
213.3200,-0.050000,S001,S001_NORMAL_D06,1,NORMAL_D06,19.00,0.6888,,MR60BHA2_breath_phase,safenest-node-01
213.4200,-0.110000,S001,S001_NORMAL_D06,1,NORMAL_D06,19.00,0.6888,,MR60BHA2_breath_phase,safenest-node-01
213.5200,-0.140000,S001,S001_NORMAL_D06,1,NORMAL_D06,19.00,0.6888,,MR60BHA2_breath_phase,safenest-node-01
213.6200,-0.190000,S001,S001_NORMAL_D06,1,NORMAL_D06,19.00,0.6888,,MR60BHA2_breath_phase,safenest-node-01
213.7200,-0.210000,S001,S001_NORMAL_D06,1,NORMAL_D06,19.00,0.6888,,MR60BHA2_breath_phase,safenest-node-01
213.8200,-0.240000,S001,S001_NORMAL_D06,1,NORMAL_D06,19.00,0.6888,,MR60BHA2_breath_phase,safenest-node-01
213.9200,-0.250000,S001,S001_NORMAL_D06,1,NORMAL_D06,19.00,0.6888,,MR60BHA2_breath_phase,safenest-node-01
214.0200,-0.250000,S001,S001_NORMAL_D06,1,NORMAL_D06,19.00,0.6888,,MR60BHA2_breath_phase,safenest-node-01
214.1200,-0.240000,S001,S001_NORMAL_D06,1,NORMAL_D06,19.00,0.6888,,MR60BHA2_breath_phase,safenest-node-01
214.2200,-0.220000,S001,S001_NORMAL_D06,1,NORMAL_D06,19.00,0.6888,,MR60BHA2_breath_phase,safenest-node-01
214.3200,-0.190000,S001,S001_NORMAL_D06,1,NORMAL_D06,19.00,0.6888,,MR60BHA2_breath_phase,safenest-node-01
214.4200,-0.150000,S001,S001_NORMAL_D06,1,NORMAL_D06,19.00,0.6888,,MR60BHA2_breath_phase,safenest-node-01
214.5200,-0.120000,S001,S001_NORMAL_D06,1,NORMAL_D06,19.00,0.6888,,MR60BHA2_breath_phase,safenest-node-01
214.6200,-0.080000,S001,S001_NORMAL_D06,1,NORMAL_D06,19.00,0.6888,,MR60BHA2_breath_phase,safenest-node-01
214.7200,-0.050000,S001,S001_NORMAL_D06,1,NORMAL_D06,19.00,0.6888,,MR60BHA2_breath_phase,safenest-node-01
214.8200,-0.010000,S001,S001_NORMAL_D06,1,NORMAL_D06,19.00,0.6888,,MR60BHA2_breath_phase,safenest-node-01
214.9200,0.040000,S001,S001_NORMAL_D06,1,NORMAL_D06,19.00,0.6888,,MR60BHA2_breath_phase,safenest-node-01
215.0200,0.070000,S001,S001_NORMAL_D06,1,NORMAL_D06,19.00,0.6888,,MR60BHA2_breath_phase,safenest-node-01
215.1200,0.110000,S001,S001_NORMAL_D06,1,NORMAL_D06,19.00,0.6888,,MR60BHA2_breath_phase,safenest-node-01
215.2200,0.130000,S001,S001_NORMAL_D06,1,NORMAL_D06,19.00,0.6888,,MR60BHA2_breath_phase,safenest-node-01
215.3200,0.170000,S001,S001_NORMAL_D06,1,NORMAL_D06,19.00,0.6888,,MR60BHA2_breath_phase,safenest-node-01
215.4200,0.200000,S001,S001_NORMAL_D06,1,NORMAL_D06,19.00,0.6888,,MR60BHA2_breath_phase,safenest-node-01
215.5200,0.200000,S001,S001_NORMAL_D06,1,NORMAL_D06,19.00,0.6888,,MR60BHA2_breath_phase,safenest-node-01
215.6200,0.200000,S001,S001_NORMAL_D06,1,NORMAL_D06,19.00,0.6888,,MR60BHA2_breath_phase,safenest-node-01
215.7200,0.190000,S001,S001_NORMAL_D06,1,NORMAL_D06,19.00,0.6888,,MR60BHA2_breath_phase,safenest-node-01
215.8200,0.160000,S001,S001_NORMAL_D06,1,NORMAL_D06,19.00,0.6888,,MR60BHA2_breath_phase,safenest-node-01
215.9200,0.100000,S001,S001_NORMAL_D06,1,NORMAL_D06,19.00,0.6888,,MR60BHA2_breath_phase,safenest-node-01
216.0200,0.070000,S001,S001_NORMAL_D06,1,NORMAL_D06,19.00,0.6888,,MR60BHA2_breath_phase,safenest-node-01
216.1200,-0.010000,S001,S001_NORMAL_D06,1,NORMAL_D06,19.00,0.7462,,MR60BHA2_breath_phase,safenest-node-01
216.2200,-0.050000,S001,S001_NORMAL_D06,1,NORMAL_D06,19.00,0.7462,,MR60BHA2_breath_phase,safenest-node-01
216.3200,-0.130000,S001,S001_NORMAL_D06,1,NORMAL_D06,19.00,0.7462,,MR60BHA2_breath_phase,safenest-node-01
216.4200,-0.210000,S001,S001_NORMAL_D06,1,NORMAL_D06,19.00,0.7462,,MR60BHA2_breath_phase,safenest-node-01
216.5200,-0.250000,S001,S001_NORMAL_D06,1,NORMAL_D06,19.00,0.7462,,MR60BHA2_breath_phase,safenest-node-01
216.6200,-0.280000,S001,S001_NORMAL_D06,1,NORMAL_D06,19.00,0.7462,,MR60BHA2_breath_phase,safenest-node-01
216.7200,-0.340000,S001,S001_NORMAL_D06,1,NORMAL_D06,19.00,0.7462,,MR60BHA2_breath_phase,safenest-node-01
216.8200,-0.380000,S001,S001_NORMAL_D06,1,NORMAL_D06,19.00,0.7462,,MR60BHA2_breath_phase,safenest-node-01
216.9200,-0.400000,S001,S001_NORMAL_D06,1,NORMAL_D06,19.00,0.7462,,MR60BHA2_breath_phase,safenest-node-01
217.0200,-0.400000,S001,S001_NORMAL_D06,1,NORMAL_D06,19.00,0.7462,,MR60BHA2_breath_phase,safenest-node-01
217.1200,-0.400000,S001,S001_NORMAL_D06,1,NORMAL_D06,19.00,0.7462,,MR60BHA2_breath_phase,safenest-node-01
217.2200,-0.370000,S001,S001_NORMAL_D06,1,NORMAL_D06,19.00,0.7462,,MR60BHA2_breath_phase,safenest-node-01
217.3200,-0.320000,S001,S001_NORMAL_D06,1,NORMAL_D06,19.00,0.7462,,MR60BHA2_breath_phase,safenest-node-01
217.4200,-0.290000,S001,S001_NORMAL_D06,1,NORMAL_D06,19.00,0.7462,,MR60BHA2_breath_phase,safenest-node-01
217.5200,-0.220000,S001,S001_NORMAL_D06,1,NORMAL_D06,19.00,0.7462,,MR60BHA2_breath_phase,safenest-node-01
217.6200,-0.170000,S001,S001_NORMAL_D06,1,NORMAL_D06,19.00,0.7462,,MR60BHA2_breath_phase,safenest-node-01
217.7200,-0.070000,S001,S001_NORMAL_D06,1,NORMAL_D06,19.00,0.7462,,MR60BHA2_breath_phase,safenest-node-01
217.8200,0.040000,S001,S001_NORMAL_D06,1,NORMAL_D06,19.00,0.7462,,MR60BHA2_breath_phase,safenest-node-01
217.9200,0.090000,S001,S001_NORMAL_D06,1,NORMAL_D06,19.00,0.7462,,MR60BHA2_breath_phase,safenest-node-01
218.0200,0.210000,S001,S001_NORMAL_D06,1,NORMAL_D06,19.00,0.7462,,MR60BHA2_breath_phase,safenest-node-01
218.1200,0.270000,S001,S001_NORMAL_D06,1,NORMAL_D06,19.00,0.7462,,MR60BHA2_breath_phase,safenest-node-01
218.2200,0.390000,S001,S001_NORMAL_D06,1,NORMAL_D06,19.00,0.7462,,MR60BHA2_breath_phase,safenest-node-01
218.3200,0.480000,S001,S001_NORMAL_D06,1,NORMAL_D06,19.00,0.7462,,MR60BHA2_breath_phase,safenest-node-01
218.4200,0.520000,S001,S001_NORMAL_D06,1,NORMAL_D06,19.00,0.7462,,MR60BHA2_breath_phase,safenest-node-01
218.5200,0.570000,S001,S001_NORMAL_D06,1,NORMAL_D06,19.00,0.7462,,MR60BHA2_breath_phase,safenest-node-01
218.6200,0.570000,S001,S001_NORMAL_D06,1,NORMAL_D06,19.00,0.7462,,MR60BHA2_breath_phase,safenest-node-01
218.7200,0.550000,S001,S001_NORMAL_D06,1,NORMAL_D06,19.00,0.7462,,MR60BHA2_breath_phase,safenest-node-01
218.8200,0.470000,S001,S001_NORMAL_D06,1,NORMAL_D06,20.00,0.7462,,MR60BHA2_breath_phase,safenest-node-01
218.9210,0.410000,S001,S001_NORMAL_D06,1,NORMAL_D06,20.00,0.7462,,MR60BHA2_breath_phase,safenest-node-01
219.0210,0.270000,S001,S001_NORMAL_D06,1,NORMAL_D06,20.00,0.7462,,MR60BHA2_breath_phase,safenest-node-01
219.1210,0.190000,S001,S001_NORMAL_D06,1,NORMAL_D06,20.00,0.7462,,MR60BHA2_breath_phase,safenest-node-01
219.2210,0.020000,S001,S001_NORMAL_D06,1,NORMAL_D06,20.00,0.7462,,MR60BHA2_breath_phase,safenest-node-01
219.3210,-0.150000,S001,S001_NORMAL_D06,1,NORMAL_D06,20.00,0.7462,,MR60BHA2_breath_phase,safenest-node-01
219.4210,-0.230000,S001,S001_NORMAL_D06,1,NORMAL_D06,20.00,0.7462,,MR60BHA2_breath_phase,safenest-node-01
219.5210,-0.380000,S001,S001_NORMAL_D06,1,NORMAL_D06,21.00,0.7462,,MR60BHA2_breath_phase,safenest-node-01
219.6210,-0.440000,S001,S001_NORMAL_D06,1,NORMAL_D06,21.00,0.7462,,MR60BHA2_breath_phase,safenest-node-01
219.7210,-0.540000,S001,S001_NORMAL_D06,1,NORMAL_D06,21.00,0.7462,,MR60BHA2_breath_phase,safenest-node-01
219.8210,-0.590000,S001,S001_NORMAL_D06,1,NORMAL_D06,21.00,0.7462,,MR60BHA2_breath_phase,safenest-node-01
219.9210,-0.600000,S001,S001_NORMAL_D06,1,NORMAL_D06,21.00,0.7462,,MR60BHA2_breath_phase,safenest-node-01
220.0210,-0.590000,S001,S001_NORMAL_D06,1,NORMAL_D06,21.00,0.7462,,MR60BHA2_breath_phase,safenest-node-01
220.1210,-0.570000,S001,S001_NORMAL_D06,1,NORMAL_D06,21.00,0.7462,,MR60BHA2_breath_phase,safenest-node-01
220.2210,-0.520000,S001,S001_NORMAL_D06,1,NORMAL_D06,21.00,0.7462,,MR60BHA2_breath_phase,safenest-node-01
220.3210,-0.460000,S001,S001_NORMAL_D06,1,NORMAL_D06,21.00,0.7462,,MR60BHA2_breath_phase,safenest-node-01
220.4210,-0.430000,S001,S001_NORMAL_D06,1,NORMAL_D06,21.00,0.7462,,MR60BHA2_breath_phase,safenest-node-01
220.5220,-0.360000,S001,S001_NORMAL_D06,1,NORMAL_D06,22.00,0.7462,,MR60BHA2_breath_phase,safenest-node-01
220.6220,-0.330000,S001,S001_NORMAL_D06,1,NORMAL_D06,22.00,0.7462,,MR60BHA2_breath_phase,safenest-node-01
220.7220,-0.260000,S001,S001_NORMAL_D06,1,NORMAL_D06,22.00,0.7462,,MR60BHA2_breath_phase,safenest-node-01
220.8220,-0.190000,S001,S001_NORMAL_D06,1,NORMAL_D06,22.00,0.7462,,MR60BHA2_breath_phase,safenest-node-01
220.9220,-0.150000,S001,S001_NORMAL_D06,1,NORMAL_D06,22.00,0.7462,,MR60BHA2_breath_phase,safenest-node-01
221.0220,-0.110000,S001,S001_NORMAL_D06,1,NORMAL_D06,22.00,0.7462,,MR60BHA2_breath_phase,safenest-node-01
221.1220,-0.000000,S001,S001_NORMAL_D06,1,NORMAL_D06,22.00,0.7462,,MR60BHA2_breath_phase,safenest-node-01
221.2220,0.120000,S001,S001_NORMAL_D06,1,NORMAL_D06,22.00,0.7462,,MR60BHA2_breath_phase,safenest-node-01
221.3220,0.190000,S001,S001_NORMAL_D06,1,NORMAL_D06,22.00,0.7462,,MR60BHA2_breath_phase,safenest-node-01
221.4220,0.330000,S001,S001_NORMAL_D06,1,NORMAL_D06,22.00,0.7462,,MR60BHA2_breath_phase,safenest-node-01
221.5220,0.400000,S001,S001_NORMAL_D06,1,NORMAL_D06,22.00,0.7462,,MR60BHA2_breath_phase,safenest-node-01
221.6220,0.550000,S001,S001_NORMAL_D06,1,NORMAL_D06,22.00,0.7462,,MR60BHA2_breath_phase,safenest-node-01
221.7220,0.690000,S001,S001_NORMAL_D06,1,NORMAL_D06,22.00,0.7462,,MR60BHA2_breath_phase,safenest-node-01
221.8220,0.760000,S001,S001_NORMAL_D06,1,NORMAL_D06,22.00,0.7462,,MR60BHA2_breath_phase,safenest-node-01
221.9220,0.870000,S001,S001_NORMAL_D06,1,NORMAL_D06,22.00,0.7462,,MR60BHA2_breath_phase,safenest-node-01
222.0220,0.920000,S001,S001_NORMAL_D06,1,NORMAL_D06,22.00,0.7462,,MR60BHA2_breath_phase,safenest-node-01
222.1220,1.000000,S001,S001_NORMAL_D06,1,NORMAL_D06,22.00,0.7462,,MR60BHA2_breath_phase,safenest-node-01
222.2220,1.040000,S001,S001_NORMAL_D06,1,NORMAL_D06,22.00,0.7462,,MR60BHA2_breath_phase,safenest-node-01
222.3220,1.050000,S001,S001_NORMAL_D06,1,NORMAL_D06,22.00,0.7462,,MR60BHA2_breath_phase,safenest-node-01
222.4220,1.040000,S001,S001_NORMAL_D06,1,NORMAL_D06,23.00,0.7462,,MR60BHA2_breath_phase,safenest-node-01
222.5220,1.020000,S001,S001_NORMAL_D06,1,NORMAL_D06,23.00,0.7462,,MR60BHA2_breath_phase,safenest-node-01
222.6220,0.950000,S001,S001_NORMAL_D06,1,NORMAL_D06,23.00,0.7462,,MR60BHA2_breath_phase,safenest-node-01
222.7220,0.850000,S001,S001_NORMAL_D06,1,NORMAL_D06,23.00,0.7462,,MR60BHA2_breath_phase,safenest-node-01
222.8220,0.800000,S001,S001_NORMAL_D06,1,NORMAL_D06,23.00,0.7462,,MR60BHA2_breath_phase,safenest-node-01
222.9220,0.670000,S001,S001_NORMAL_D06,1,NORMAL_D06,23.00,0.7462,,MR60BHA2_breath_phase,safenest-node-01
223.0220,0.600000,S001,S001_NORMAL_D06,1,NORMAL_D06,23.00,0.7462,,MR60BHA2_breath_phase,safenest-node-01
223.1220,0.450000,S001,S001_NORMAL_D06,1,NORMAL_D06,22.00,0.7462,,MR60BHA2_breath_phase,safenest-node-01
223.2220,0.290000,S001,S001_NORMAL_D06,1,NORMAL_D06,22.00,0.7462,,MR60BHA2_breath_phase,safenest-node-01
223.3230,0.210000,S001,S001_NORMAL_D06,1,NORMAL_D06,22.00,0.7462,,MR60BHA2_breath_phase,safenest-node-01
223.4230,0.040000,S001,S001_NORMAL_D06,1,NORMAL_D06,22.00,0.7462,,MR60BHA2_breath_phase,safenest-node-01
223.5230,-0.040000,S001,S001_NORMAL_D06,1,NORMAL_D06,22.00,0.7462,,MR60BHA2_breath_phase,safenest-node-01
223.6230,-0.220000,S001,S001_NORMAL_D06,1,NORMAL_D06,22.00,0.7462,,MR60BHA2_breath_phase,safenest-node-01
223.7230,-0.390000,S001,S001_NORMAL_D06,1,NORMAL_D06,22.00,0.7462,,MR60BHA2_breath_phase,safenest-node-01
223.8230,-0.480000,S001,S001_NORMAL_D06,1,NORMAL_D06,22.00,0.7462,,MR60BHA2_breath_phase,safenest-node-01
223.9230,-0.630000,S001,S001_NORMAL_D06,1,NORMAL_D06,21.00,0.7462,,MR60BHA2_breath_phase,safenest-node-01
224.0230,-0.700000,S001,S001_NORMAL_D06,1,NORMAL_D06,21.00,0.7462,,MR60BHA2_breath_phase,safenest-node-01
224.1230,-0.820000,S001,S001_NORMAL_D06,1,NORMAL_D06,21.00,0.7462,,MR60BHA2_breath_phase,safenest-node-01
224.2230,-0.920000,S001,S001_NORMAL_D06,1,NORMAL_D06,21.00,0.7462,,MR60BHA2_breath_phase,safenest-node-01
224.3230,-0.950000,S001,S001_NORMAL_D06,1,NORMAL_D06,21.00,0.7462,,MR60BHA2_breath_phase,safenest-node-01
224.4230,-1.010000,S001,S001_NORMAL_D06,1,NORMAL_D06,21.00,0.7462,,MR60BHA2_breath_phase,safenest-node-01
224.5230,-1.020000,S001,S001_NORMAL_D06,1,NORMAL_D06,21.00,0.7462,,MR60BHA2_breath_phase,safenest-node-01
224.6230,-1.020000,S001,S001_NORMAL_D06,1,NORMAL_D06,21.00,0.7462,,MR60BHA2_breath_phase,safenest-node-01
224.7230,-0.990000,S001,S001_NORMAL_D06,1,NORMAL_D06,21.00,0.7462,,MR60BHA2_breath_phase,safenest-node-01
224.8230,-0.960000,S001,S001_NORMAL_D06,1,NORMAL_D06,21.00,0.7462,,MR60BHA2_breath_phase,safenest-node-01
224.9230,-0.880000,S001,S001_NORMAL_D06,1,NORMAL_D06,20.00,0.7462,,MR60BHA2_breath_phase,safenest-node-01
225.0230,-0.830000,S001,S001_NORMAL_D06,1,NORMAL_D06,20.00,0.7462,,MR60BHA2_breath_phase,safenest-node-01
225.1230,-0.710000,S001,S001_NORMAL_D06,1,NORMAL_D06,20.00,0.7462,,MR60BHA2_breath_phase,safenest-node-01
225.2230,-0.560000,S001,S001_NORMAL_D06,1,NORMAL_D06,20.00,0.7462,,MR60BHA2_breath_phase,safenest-node-01
225.3230,-0.490000,S001,S001_NORMAL_D06,1,NORMAL_D06,20.00,0.7462,,MR60BHA2_breath_phase,safenest-node-01
225.4230,-0.340000,S001,S001_NORMAL_D06,1,NORMAL_D06,20.00,0.7462,,MR60BHA2_breath_phase,safenest-node-01
225.5230,-0.260000,S001,S001_NORMAL_D06,1,NORMAL_D06,20.00,0.7462,,MR60BHA2_breath_phase,safenest-node-01
225.6230,-0.120000,S001,S001_NORMAL_D06,1,NORMAL_D06,20.00,0.7462,,MR60BHA2_breath_phase,safenest-node-01
225.7230,-0.000000,S001,S001_NORMAL_D06,1,NORMAL_D06,20.00,0.7462,,MR60BHA2_breath_phase,safenest-node-01
225.8230,0.090000,S001,S001_NORMAL_D06,1,NORMAL_D06,20.00,0.7462,,MR60BHA2_breath_phase,safenest-node-01
225.9230,0.130000,S001,S001_NORMAL_D06,1,NORMAL_D06,20.00,0.7462,,MR60BHA2_breath_phase,safenest-node-01
226.0230,0.160000,S001,S001_NORMAL_D06,1,NORMAL_D06,20.00,0.7462,,MR60BHA2_breath_phase,safenest-node-01
226.1230,0.190000,S001,S001_NORMAL_D06,1,NORMAL_D06,20.00,0.7462,,MR60BHA2_breath_phase,safenest-node-01
226.2230,0.200000,S001,S001_NORMAL_D06,1,NORMAL_D06,20.00,0.7462,,MR60BHA2_breath_phase,safenest-node-01
226.3230,0.160000,S001,S001_NORMAL_D06,1,NORMAL_D06,20.00,0.7462,,MR60BHA2_breath_phase,safenest-node-01
226.4230,0.140000,S001,S001_NORMAL_D06,1,NORMAL_D06,20.00,0.7462,,MR60BHA2_breath_phase,safenest-node-01
226.5230,0.100000,S001,S001_NORMAL_D06,1,NORMAL_D06,20.00,0.7462,,MR60BHA2_breath_phase,safenest-node-01
226.6230,0.020000,S001,S001_NORMAL_D06,1,NORMAL_D06,20.00,0.7462,,MR60BHA2_breath_phase,safenest-node-01
226.7230,-0.080000,S001,S001_NORMAL_D06,1,NORMAL_D06,20.00,0.7462,,MR60BHA2_breath_phase,safenest-node-01
226.8240,-0.190000,S001,S001_NORMAL_D06,1,NORMAL_D06,19.00,0.7462,,MR60BHA2_breath_phase,safenest-node-01
226.9240,-0.250000,S001,S001_NORMAL_D06,1,NORMAL_D06,19.00,0.7462,,MR60BHA2_breath_phase,safenest-node-01
227.0240,-0.340000,S001,S001_NORMAL_D06,1,NORMAL_D06,19.00,0.7462,,MR60BHA2_breath_phase,safenest-node-01
227.1240,-0.390000,S001,S001_NORMAL_D06,1,NORMAL_D06,19.00,0.7462,,MR60BHA2_breath_phase,safenest-node-01
227.2240,-0.450000,S001,S001_NORMAL_D06,1,NORMAL_D06,19.00,0.7462,,MR60BHA2_breath_phase,safenest-node-01
227.3240,-0.490000,S001,S001_NORMAL_D06,1,NORMAL_D06,18.00,0.7462,,MR60BHA2_breath_phase,safenest-node-01
227.4240,-0.490000,S001,S001_NORMAL_D06,1,NORMAL_D06,18.00,0.7462,,MR60BHA2_breath_phase,safenest-node-01
227.5240,-0.480000,S001,S001_NORMAL_D06,1,NORMAL_D06,18.00,0.7462,,MR60BHA2_breath_phase,safenest-node-01
227.6240,-0.450000,S001,S001_NORMAL_D06,1,NORMAL_D06,18.00,0.7462,,MR60BHA2_breath_phase,safenest-node-01
227.7240,-0.380000,S001,S001_NORMAL_D06,1,NORMAL_D06,18.00,0.7462,,MR60BHA2_breath_phase,safenest-node-01
227.8240,-0.270000,S001,S001_NORMAL_D06,1,NORMAL_D06,18.00,0.7462,,MR60BHA2_breath_phase,safenest-node-01
227.9240,-0.200000,S001,S001_NORMAL_D06,1,NORMAL_D06,18.00,0.7462,,MR60BHA2_breath_phase,safenest-node-01
228.0240,-0.050000,S001,S001_NORMAL_D06,1,NORMAL_D06,18.00,0.7462,,MR60BHA2_breath_phase,safenest-node-01
228.1240,0.030000,S001,S001_NORMAL_D06,1,NORMAL_D06,18.00,0.7462,,MR60BHA2_breath_phase,safenest-node-01
228.2240,0.200000,S001,S001_NORMAL_D06,1,NORMAL_D06,18.00,0.7462,,MR60BHA2_breath_phase,safenest-node-01
228.3240,0.380000,S001,S001_NORMAL_D06,1,NORMAL_D06,18.00,0.7462,,MR60BHA2_breath_phase,safenest-node-01
228.4240,0.460000,S001,S001_NORMAL_D06,1,NORMAL_D06,18.00,0.7462,,MR60BHA2_breath_phase,safenest-node-01
228.5240,0.610000,S001,S001_NORMAL_D06,1,NORMAL_D06,18.00,0.7462,,MR60BHA2_breath_phase,safenest-node-01
228.6240,0.670000,S001,S001_NORMAL_D06,1,NORMAL_D06,18.00,0.7462,,MR60BHA2_breath_phase,safenest-node-01
228.7240,0.780000,S001,S001_NORMAL_D06,1,NORMAL_D06,18.00,0.7462,,MR60BHA2_breath_phase,safenest-node-01
228.8240,0.840000,S001,S001_NORMAL_D06,1,NORMAL_D06,17.00,0.7462,,MR60BHA2_breath_phase,safenest-node-01
228.9240,0.860000,S001,S001_NORMAL_D06,1,NORMAL_D06,17.00,0.7462,,MR60BHA2_breath_phase,safenest-node-01
229.0240,0.870000,S001,S001_NORMAL_D06,1,NORMAL_D06,16.00,0.7462,,MR60BHA2_breath_phase,safenest-node-01
229.1240,0.850000,S001,S001_NORMAL_D06,1,NORMAL_D06,15.00,0.7462,,MR60BHA2_breath_phase,safenest-node-01
229.2240,0.800000,S001,S001_NORMAL_D06,1,NORMAL_D06,14.00,0.7462,,MR60BHA2_breath_phase,safenest-node-01
229.3240,0.700000,S001,S001_NORMAL_D06,1,NORMAL_D06,14.00,0.7462,,MR60BHA2_breath_phase,safenest-node-01
229.4240,0.650000,S001,S001_NORMAL_D06,1,NORMAL_D06,14.00,0.7462,,MR60BHA2_breath_phase,safenest-node-01
229.5240,0.520000,S001,S001_NORMAL_D06,1,NORMAL_D06,14.00,0.7462,,MR60BHA2_breath_phase,safenest-node-01
229.6240,0.460000,S001,S001_NORMAL_D06,1,NORMAL_D06,15.00,0.7462,,MR60BHA2_breath_phase,safenest-node-01
229.7240,0.320000,S001,S001_NORMAL_D06,1,NORMAL_D06,15.00,0.7462,,MR60BHA2_breath_phase,safenest-node-01
229.8240,0.200000,S001,S001_NORMAL_D06,1,NORMAL_D06,15.00,0.7462,,MR60BHA2_breath_phase,safenest-node-01
229.9240,0.140000,S001,S001_NORMAL_D06,1,NORMAL_D06,15.00,0.7462,,MR60BHA2_breath_phase,safenest-node-01
230.0240,0.040000,S001,S001_NORMAL_D06,1,NORMAL_D06,16.00,0.7462,,MR60BHA2_breath_phase,safenest-node-01
230.1240,0.000000,S001,S001_NORMAL_D06,1,NORMAL_D06,16.00,0.7462,,MR60BHA2_breath_phase,safenest-node-01
230.2240,-0.070000,S001,S001_NORMAL_D06,1,NORMAL_D06,17.00,0.7462,,MR60BHA2_breath_phase,safenest-node-01
230.3240,-0.120000,S001,S001_NORMAL_D06,1,NORMAL_D06,17.00,0.7462,,MR60BHA2_breath_phase,safenest-node-01
230.4240,-0.130000,S001,S001_NORMAL_D06,1,NORMAL_D06,17.00,0.7462,,MR60BHA2_breath_phase,safenest-node-01
230.5240,-0.150000,S001,S001_NORMAL_D06,1,NORMAL_D06,17.00,0.7462,,MR60BHA2_breath_phase,safenest-node-01
230.6240,-0.160000,S001,S001_NORMAL_D06,1,NORMAL_D06,18.00,0.7462,,MR60BHA2_breath_phase,safenest-node-01
230.7240,-0.150000,S001,S001_NORMAL_D06,1,NORMAL_D06,18.00,0.7462,,MR60BHA2_breath_phase,safenest-node-01
230.8240,-0.130000,S001,S001_NORMAL_D06,1,NORMAL_D06,18.00,0.7462,,MR60BHA2_breath_phase,safenest-node-01
230.9240,-0.120000,S001,S001_NORMAL_D06,1,NORMAL_D06,18.00,0.7462,,MR60BHA2_breath_phase,safenest-node-01
231.0240,-0.090000,S001,S001_NORMAL_D06,1,NORMAL_D06,18.00,0.7462,,MR60BHA2_breath_phase,safenest-node-01
231.1240,-0.070000,S001,S001_NORMAL_D06,1,NORMAL_D06,19.00,0.7462,,MR60BHA2_breath_phase,safenest-node-01
231.2240,-0.030000,S001,S001_NORMAL_D06,1,NORMAL_D06,19.00,0.7462,,MR60BHA2_breath_phase,safenest-node-01
231.3240,0.010000,S001,S001_NORMAL_D06,1,NORMAL_D06,19.00,0.7462,,MR60BHA2_breath_phase,safenest-node-01
231.4240,0.030000,S001,S001_NORMAL_D06,1,NORMAL_D06,19.00,0.7462,,MR60BHA2_breath_phase,safenest-node-01
231.5240,0.070000,S001,S001_NORMAL_D06,1,NORMAL_D06,19.00,0.7462,,MR60BHA2_breath_phase,safenest-node-01
231.6240,0.080000,S001,S001_NORMAL_D06,1,NORMAL_D06,20.00,0.7462,,MR60BHA2_breath_phase,safenest-node-01
231.7240,0.110000,S001,S001_NORMAL_D06,1,NORMAL_D06,20.00,0.7462,,MR60BHA2_breath_phase,safenest-node-01
231.8240,0.130000,S001,S001_NORMAL_D06,1,NORMAL_D06,20.00,0.7462,,MR60BHA2_breath_phase,safenest-node-01
231.9240,0.140000,S001,S001_NORMAL_D06,1,NORMAL_D06,20.00,0.7462,,MR60BHA2_breath_phase,safenest-node-01
232.0240,0.150000,S001,S001_NORMAL_D06,1,NORMAL_D06,20.00,0.7462,,MR60BHA2_breath_phase,safenest-node-01
232.1240,0.150000,S001,S001_NORMAL_D06,1,NORMAL_D06,20.00,0.7462,,MR60BHA2_breath_phase,safenest-node-01
232.2240,0.140000,S001,S001_NORMAL_D06,1,NORMAL_D06,20.00,0.7462,,MR60BHA2_breath_phase,safenest-node-01
232.3240,0.130000,S001,S001_NORMAL_D06,1,NORMAL_D06,21.00,0.7462,,MR60BHA2_breath_phase,safenest-node-01
232.4260,0.120000,S001,S001_NORMAL_D06,1,NORMAL_D06,21.00,0.7462,,MR60BHA2_breath_phase,safenest-node-01
232.5260,0.100000,S001,S001_NORMAL_D06,1,NORMAL_D06,21.00,0.7462,,MR60BHA2_breath_phase,safenest-node-01
232.6260,0.080000,S001,S001_NORMAL_D06,1,NORMAL_D06,21.00,0.7462,,MR60BHA2_breath_phase,safenest-node-01
232.7260,0.050000,S001,S001_NORMAL_D06,1,NORMAL_D06,22.00,0.7462,,MR60BHA2_breath_phase,safenest-node-01
232.8260,0.030000,S001,S001_NORMAL_D06,1,NORMAL_D06,22.00,0.7462,,MR60BHA2_breath_phase,safenest-node-01
232.9260,0.010000,S001,S001_NORMAL_D06,1,NORMAL_D06,22.00,0.7462,,MR60BHA2_breath_phase,safenest-node-01
233.0260,-0.020000,S001,S001_NORMAL_D06,1,NORMAL_D06,22.00,0.7462,,MR60BHA2_breath_phase,safenest-node-01
233.1260,-0.040000,S001,S001_NORMAL_D06,1,NORMAL_D06,22.00,0.7462,,MR60BHA2_breath_phase,safenest-node-01
233.2260,-0.070000,S001,S001_NORMAL_D06,1,NORMAL_D06,22.00,0.7462,,MR60BHA2_breath_phase,safenest-node-01
233.3260,-0.100000,S001,S001_NORMAL_D06,1,NORMAL_D06,22.00,0.7462,,MR60BHA2_breath_phase,safenest-node-01
233.4260,-0.120000,S001,S001_NORMAL_D06,1,NORMAL_D06,22.00,0.7462,,MR60BHA2_breath_phase,safenest-node-01
233.5260,-0.150000,S001,S001_NORMAL_D06,1,NORMAL_D06,22.00,0.7462,,MR60BHA2_breath_phase,safenest-node-01
233.6260,-0.160000,S001,S001_NORMAL_D06,1,NORMAL_D06,22.00,0.7462,,MR60BHA2_breath_phase,safenest-node-01
233.7260,-0.170000,S001,S001_NORMAL_D06,1,NORMAL_D06,22.00,0.7462,,MR60BHA2_breath_phase,safenest-node-01
233.8260,-0.180000,S001,S001_NORMAL_D06,1,NORMAL_D06,22.00,0.7462,,MR60BHA2_breath_phase,safenest-node-01
233.9260,-0.160000,S001,S001_NORMAL_D06,1,NORMAL_D06,23.00,0.7462,,MR60BHA2_breath_phase,safenest-node-01
234.0260,-0.150000,S001,S001_NORMAL_D06,1,NORMAL_D06,23.00,0.7462,,MR60BHA2_breath_phase,safenest-node-01
234.1260,-0.110000,S001,S001_NORMAL_D06,1,NORMAL_D06,23.00,0.7462,,MR60BHA2_breath_phase,safenest-node-01
234.2260,-0.080000,S001,S001_NORMAL_D06,1,NORMAL_D06,23.00,0.7462,,MR60BHA2_breath_phase,safenest-node-01
234.3260,-0.020000,S001,S001_NORMAL_D06,1,NORMAL_D06,23.00,0.7462,,MR60BHA2_breath_phase,safenest-node-01
234.4260,0.040000,S001,S001_NORMAL_D06,1,NORMAL_D06,23.00,0.7462,,MR60BHA2_breath_phase,safenest-node-01
234.5260,0.060000,S001,S001_NORMAL_D06,1,NORMAL_D06,23.00,0.7462,,MR60BHA2_breath_phase,safenest-node-01
234.6260,0.100000,S001,S001_NORMAL_D06,1,NORMAL_D06,23.00,0.7462,,MR60BHA2_breath_phase,safenest-node-01
234.7260,0.120000,S001,S001_NORMAL_D06,1,NORMAL_D06,23.00,0.7462,,MR60BHA2_breath_phase,safenest-node-01
234.8260,0.120000,S001,S001_NORMAL_D06,1,NORMAL_D06,23.00,0.7462,,MR60BHA2_breath_phase,safenest-node-01
234.9260,0.100000,S001,S001_NORMAL_D06,1,NORMAL_D06,23.00,0.7462,,MR60BHA2_breath_phase,safenest-node-01
235.0260,0.070000,S001,S001_NORMAL_D06,1,NORMAL_D06,23.00,0.7462,,MR60BHA2_breath_phase,safenest-node-01
235.1260,0.020000,S001,S001_NORMAL_D06,1,NORMAL_D06,23.00,0.7462,,MR60BHA2_breath_phase,safenest-node-01
235.2260,-0.020000,S001,S001_NORMAL_D06,1,NORMAL_D06,23.00,0.7462,,MR60BHA2_breath_phase,safenest-node-01
235.3260,-0.090000,S001,S001_NORMAL_D06,1,NORMAL_D06,23.00,0.7462,,MR60BHA2_breath_phase,safenest-node-01
235.4260,-0.180000,S001,S001_NORMAL_D06,1,NORMAL_D06,23.00,0.7462,,MR60BHA2_breath_phase,safenest-node-01
235.5270,-0.220000,S001,S001_NORMAL_D06,1,NORMAL_D06,23.00,0.7462,,MR60BHA2_breath_phase,safenest-node-01
235.6270,-0.290000,S001,S001_NORMAL_D06,1,NORMAL_D06,23.00,0.7462,,MR60BHA2_breath_phase,safenest-node-01
235.7270,-0.320000,S001,S001_NORMAL_D06,1,NORMAL_D06,23.00,0.7462,,MR60BHA2_breath_phase,safenest-node-01
235.8270,-0.370000,S001,S001_NORMAL_D06,1,NORMAL_D06,22.00,0.7462,,MR60BHA2_breath_phase,safenest-node-01
235.9270,-0.400000,S001,S001_NORMAL_D06,1,NORMAL_D06,21.00,0.7462,,MR60BHA2_breath_phase,safenest-node-01
236.0280,-0.410000,S001,S001_NORMAL_D06,1,NORMAL_D06,20.00,0.6888,,MR60BHA2_breath_phase,safenest-node-01
236.1280,-0.400000,S001,S001_NORMAL_D06,1,NORMAL_D06,20.00,0.6888,,MR60BHA2_breath_phase,safenest-node-01
236.2280,-0.360000,S001,S001_NORMAL_D06,1,NORMAL_D06,19.00,0.6888,,MR60BHA2_breath_phase,safenest-node-01
236.3280,-0.330000,S001,S001_NORMAL_D06,1,NORMAL_D06,18.00,0.6888,,MR60BHA2_breath_phase,safenest-node-01
236.4280,-0.270000,S001,S001_NORMAL_D06,1,NORMAL_D06,17.00,0.6888,,MR60BHA2_breath_phase,safenest-node-01
236.5280,-0.190000,S001,S001_NORMAL_D06,1,NORMAL_D06,16.00,0.6888,,MR60BHA2_breath_phase,safenest-node-01
236.6280,-0.150000,S001,S001_NORMAL_D06,1,NORMAL_D06,16.00,0.6888,,MR60BHA2_breath_phase,safenest-node-01
236.7280,-0.060000,S001,S001_NORMAL_D06,1,NORMAL_D06,15.00,0.6888,,MR60BHA2_breath_phase,safenest-node-01
236.8280,-0.020000,S001,S001_NORMAL_D06,1,NORMAL_D06,16.00,0.6888,,MR60BHA2_breath_phase,safenest-node-01
236.9280,0.060000,S001,S001_NORMAL_D06,1,NORMAL_D06,17.00,0.6888,,MR60BHA2_breath_phase,safenest-node-01
237.0280,0.140000,S001,S001_NORMAL_D06,1,NORMAL_D06,17.00,0.6888,,MR60BHA2_breath_phase,safenest-node-01
237.1280,0.170000,S001,S001_NORMAL_D06,1,NORMAL_D06,17.00,0.6888,,MR60BHA2_breath_phase,safenest-node-01
237.2280,0.240000,S001,S001_NORMAL_D06,1,NORMAL_D06,18.00,0.6888,,MR60BHA2_breath_phase,safenest-node-01
237.3280,0.270000,S001,S001_NORMAL_D06,1,NORMAL_D06,18.00,0.6888,,MR60BHA2_breath_phase,safenest-node-01
237.4280,0.330000,S001,S001_NORMAL_D06,1,NORMAL_D06,19.00,0.6888,,MR60BHA2_breath_phase,safenest-node-01
237.5280,0.370000,S001,S001_NORMAL_D06,1,NORMAL_D06,19.00,0.6888,,MR60BHA2_breath_phase,safenest-node-01
237.6280,0.390000,S001,S001_NORMAL_D06,1,NORMAL_D06,19.00,0.6888,,MR60BHA2_breath_phase,safenest-node-01
237.7280,0.400000,S001,S001_NORMAL_D06,1,NORMAL_D06,20.00,0.6888,,MR60BHA2_breath_phase,safenest-node-01
237.8280,0.400000,S001,S001_NORMAL_D06,1,NORMAL_D06,20.00,0.6888,,MR60BHA2_breath_phase,safenest-node-01
237.9280,0.360000,S001,S001_NORMAL_D06,1,NORMAL_D06,20.00,0.6888,,MR60BHA2_breath_phase,safenest-node-01
238.0280,0.290000,S001,S001_NORMAL_D06,1,NORMAL_D06,21.00,0.6888,,MR60BHA2_breath_phase,safenest-node-01
238.1280,0.230000,S001,S001_NORMAL_D06,1,NORMAL_D06,21.00,0.6888,,MR60BHA2_breath_phase,safenest-node-01
238.2280,0.110000,S001,S001_NORMAL_D06,1,NORMAL_D06,21.00,0.6888,,MR60BHA2_breath_phase,safenest-node-01
238.3280,0.040000,S001,S001_NORMAL_D06,1,NORMAL_D06,22.00,0.6888,,MR60BHA2_breath_phase,safenest-node-01
238.4280,-0.110000,S001,S001_NORMAL_D06,1,NORMAL_D06,22.00,0.6888,,MR60BHA2_breath_phase,safenest-node-01
238.5280,-0.260000,S001,S001_NORMAL_D06,1,NORMAL_D06,22.00,0.6888,,MR60BHA2_breath_phase,safenest-node-01
238.6280,-0.400000,S001,S001_NORMAL_D06,1,NORMAL_D06,22.00,0.6888,,MR60BHA2_breath_phase,safenest-node-01
238.7280,-0.460000,S001,S001_NORMAL_D06,1,NORMAL_D06,22.00,0.6888,,MR60BHA2_breath_phase,safenest-node-01
238.8280,-0.560000,S001,S001_NORMAL_D06,1,NORMAL_D06,23.00,0.6888,,MR60BHA2_breath_phase,safenest-node-01
238.9280,-0.590000,S001,S001_NORMAL_D06,1,NORMAL_D06,23.00,0.6888,,MR60BHA2_breath_phase,safenest-node-01
239.0280,-0.620000,S001,S001_NORMAL_D06,1,NORMAL_D06,23.00,0.6888,,MR60BHA2_breath_phase,safenest-node-01
239.1280,-0.610000,S001,S001_NORMAL_D06,1,NORMAL_D06,24.00,0.6888,,MR60BHA2_breath_phase,safenest-node-01
239.2280,-0.580000,S001,S001_NORMAL_D06,1,NORMAL_D06,24.00,0.6888,,MR60BHA2_breath_phase,safenest-node-01
239.3280,-0.490000,S001,S001_NORMAL_D06,1,NORMAL_D06,24.00,0.6888,,MR60BHA2_breath_phase,safenest-node-01
239.4280,-0.430000,S001,S001_NORMAL_D06,1,NORMAL_D06,24.00,0.6888,,MR60BHA2_breath_phase,safenest-node-01
239.5280,-0.280000,S001,S001_NORMAL_D06,1,NORMAL_D06,24.00,0.6888,,MR60BHA2_breath_phase,safenest-node-01
239.6280,-0.100000,S001,S001_NORMAL_D06,1,NORMAL_D06,24.00,0.6888,,MR60BHA2_breath_phase,safenest-node-01
239.7280,-0.010000,S001,S001_NORMAL_D06,1,NORMAL_D06,24.00,0.6888,,MR60BHA2_breath_phase,safenest-node-01
239.8280,0.180000,S001,S001_NORMAL_D06,1,NORMAL_D06,25.00,0.6888,,MR60BHA2_breath_phase,safenest-node-01
239.9280,0.280000,S001,S001_NORMAL_D06,1,NORMAL_D06,25.00,0.7462,,MR60BHA2_breath_phase,safenest-node-01
240.0280,0.450000,S001,S001_NORMAL_D06,1,NORMAL_D06,25.00,0.7462,,MR60BHA2_breath_phase,safenest-node-01
240.1280,0.580000,S001,S001_NORMAL_D06,1,NORMAL_D06,25.00,0.7462,,MR60BHA2_breath_phase,safenest-node-01
240.2280,0.630000,S001,S001_NORMAL_D06,1,NORMAL_D06,25.00,0.7462,,MR60BHA2_breath_phase,safenest-node-01
240.3280,0.690000,S001,S001_NORMAL_D06,1,NORMAL_D06,25.00,0.7462,,MR60BHA2_breath_phase,safenest-node-01
240.4280,0.690000,S001,S001_NORMAL_D06,1,NORMAL_D06,25.00,0.7462,,MR60BHA2_breath_phase,safenest-node-01
240.5280,0.650000,S001,S001_NORMAL_D06,1,NORMAL_D06,25.00,0.7462,,MR60BHA2_breath_phase,safenest-node-01
240.6280,0.530000,S001,S001_NORMAL_D06,1,NORMAL_D06,26.00,0.7462,,MR60BHA2_breath_phase,safenest-node-01
240.7290,0.460000,S001,S001_NORMAL_D06,1,NORMAL_D06,26.00,0.7462,,MR60BHA2_breath_phase,safenest-node-01
240.8290,0.260000,S001,S001_NORMAL_D06,1,NORMAL_D06,26.00,0.7462,,MR60BHA2_breath_phase,safenest-node-01
240.9290,0.160000,S001,S001_NORMAL_D06,1,NORMAL_D06,26.00,0.7462,,MR60BHA2_breath_phase,safenest-node-01
241.0290,-0.070000,S001,S001_NORMAL_D06,1,NORMAL_D06,26.00,0.7462,,MR60BHA2_breath_phase,safenest-node-01
241.1290,-0.290000,S001,S001_NORMAL_D06,1,NORMAL_D06,26.00,0.7462,,MR60BHA2_breath_phase,safenest-node-01
241.2290,-0.480000,S001,S001_NORMAL_D06,1,NORMAL_D06,26.00,0.7462,,MR60BHA2_breath_phase,safenest-node-01
241.3290,-0.560000,S001,S001_NORMAL_D06,1,NORMAL_D06,26.00,0.7462,,MR60BHA2_breath_phase,safenest-node-01
241.4290,-0.620000,S001,S001_NORMAL_D06,1,NORMAL_D06,26.00,0.7462,,MR60BHA2_breath_phase,safenest-node-01
241.5290,-0.710000,S001,S001_NORMAL_D06,1,NORMAL_D06,26.00,0.7462,,MR60BHA2_breath_phase,safenest-node-01
241.6290,-0.740000,S001,S001_NORMAL_D06,1,NORMAL_D06,26.00,0.7462,,MR60BHA2_breath_phase,safenest-node-01
241.7290,-0.700000,S001,S001_NORMAL_D06,1,NORMAL_D06,26.00,0.7462,,MR60BHA2_breath_phase,safenest-node-01
241.8290,-0.660000,S001,S001_NORMAL_D06,1,NORMAL_D06,26.00,0.7462,,MR60BHA2_breath_phase,safenest-node-01
241.9290,-0.550000,S001,S001_NORMAL_D06,1,NORMAL_D06,26.00,0.7462,,MR60BHA2_breath_phase,safenest-node-01
242.0290,-0.480000,S001,S001_NORMAL_D06,1,NORMAL_D06,26.00,0.7462,,MR60BHA2_breath_phase,safenest-node-01
242.1290,-0.330000,S001,S001_NORMAL_D06,1,NORMAL_D06,26.00,0.7462,,MR60BHA2_breath_phase,safenest-node-01
242.2290,-0.150000,S001,S001_NORMAL_D06,1,NORMAL_D06,27.00,0.7462,,MR60BHA2_breath_phase,safenest-node-01
242.3290,-0.060000,S001,S001_NORMAL_D06,1,NORMAL_D06,27.00,0.7462,,MR60BHA2_breath_phase,safenest-node-01
242.4290,0.120000,S001,S001_NORMAL_D06,1,NORMAL_D06,27.00,0.7462,,MR60BHA2_breath_phase,safenest-node-01
242.5290,0.200000,S001,S001_NORMAL_D06,1,NORMAL_D06,27.00,0.7462,,MR60BHA2_breath_phase,safenest-node-01
242.6290,0.370000,S001,S001_NORMAL_D06,1,NORMAL_D06,27.00,0.7462,,MR60BHA2_breath_phase,safenest-node-01
242.7290,0.520000,S001,S001_NORMAL_D06,1,NORMAL_D06,27.00,0.7462,,MR60BHA2_breath_phase,safenest-node-01
242.8290,0.590000,S001,S001_NORMAL_D06,1,NORMAL_D06,27.00,0.7462,,MR60BHA2_breath_phase,safenest-node-01
242.9290,0.710000,S001,S001_NORMAL_D06,1,NORMAL_D06,27.00,0.7462,,MR60BHA2_breath_phase,safenest-node-01
243.0290,0.760000,S001,S001_NORMAL_D06,1,NORMAL_D06,27.00,0.7462,,MR60BHA2_breath_phase,safenest-node-01
243.1290,0.820000,S001,S001_NORMAL_D06,1,NORMAL_D06,27.00,0.7462,,MR60BHA2_breath_phase,safenest-node-01
243.2290,0.850000,S001,S001_NORMAL_D06,1,NORMAL_D06,27.00,0.7462,,MR60BHA2_breath_phase,safenest-node-01
243.3290,0.850000,S001,S001_NORMAL_D06,1,NORMAL_D06,27.00,0.7462,,MR60BHA2_breath_phase,safenest-node-01
243.4290,0.820000,S001,S001_NORMAL_D06,1,NORMAL_D06,27.00,0.7462,,MR60BHA2_breath_phase,safenest-node-01
243.5290,0.790000,S001,S001_NORMAL_D06,1,NORMAL_D06,27.00,0.7462,,MR60BHA2_breath_phase,safenest-node-01
243.6290,0.700000,S001,S001_NORMAL_D06,1,NORMAL_D06,27.00,0.7462,,MR60BHA2_breath_phase,safenest-node-01
243.7290,0.560000,S001,S001_NORMAL_D06,1,NORMAL_D06,27.00,0.7462,,MR60BHA2_breath_phase,safenest-node-01
243.8290,0.480000,S001,S001_NORMAL_D06,1,NORMAL_D06,27.00,0.7462,,MR60BHA2_breath_phase,safenest-node-01
243.9290,0.290000,S001,S001_NORMAL_D06,1,NORMAL_D06,27.00,0.7462,,MR60BHA2_breath_phase,safenest-node-01
244.0290,0.190000,S001,S001_NORMAL_D06,1,NORMAL_D06,27.00,0.7462,,MR60BHA2_breath_phase,safenest-node-01
244.1290,-0.030000,S001,S001_NORMAL_D06,1,NORMAL_D06,27.00,0.7462,,MR60BHA2_breath_phase,safenest-node-01
244.2290,-0.240000,S001,S001_NORMAL_D06,1,NORMAL_D06,27.00,0.7462,,MR60BHA2_breath_phase,safenest-node-01
244.3300,-0.350000,S001,S001_NORMAL_D06,1,NORMAL_D06,27.00,0.7462,,MR60BHA2_breath_phase,safenest-node-01
244.4300,-0.530000,S001,S001_NORMAL_D06,1,NORMAL_D06,27.00,0.7462,,MR60BHA2_breath_phase,safenest-node-01
244.5300,-0.610000,S001,S001_NORMAL_D06,1,NORMAL_D06,28.00,0.7462,,MR60BHA2_breath_phase,safenest-node-01
244.6300,-0.740000,S001,S001_NORMAL_D06,1,NORMAL_D06,28.00,0.7462,,MR60BHA2_breath_phase,safenest-node-01
244.7300,-0.810000,S001,S001_NORMAL_D06,1,NORMAL_D06,28.00,0.7462,,MR60BHA2_breath_phase,safenest-node-01
244.8300,-0.840000,S001,S001_NORMAL_D06,1,NORMAL_D06,28.00,0.7462,,MR60BHA2_breath_phase,safenest-node-01
244.9300,-0.830000,S001,S001_NORMAL_D06,1,NORMAL_D06,28.00,0.7462,,MR60BHA2_breath_phase,safenest-node-01
245.0300,-0.780000,S001,S001_NORMAL_D06,1,NORMAL_D06,28.00,0.7462,,MR60BHA2_breath_phase,safenest-node-01
245.1300,-0.740000,S001,S001_NORMAL_D06,1,NORMAL_D06,28.00,0.7462,,MR60BHA2_breath_phase,safenest-node-01
245.2300,-0.620000,S001,S001_NORMAL_D06,1,NORMAL_D06,28.00,0.7462,,MR60BHA2_breath_phase,safenest-node-01
245.3300,-0.480000,S001,S001_NORMAL_D06,1,NORMAL_D06,27.00,0.7462,,MR60BHA2_breath_phase,safenest-node-01
245.4300,-0.400000,S001,S001_NORMAL_D06,1,NORMAL_D06,27.00,0.7462,,MR60BHA2_breath_phase,safenest-node-01
245.5300,-0.240000,S001,S001_NORMAL_D06,1,NORMAL_D06,27.00,0.7462,,MR60BHA2_breath_phase,safenest-node-01
245.6300,-0.150000,S001,S001_NORMAL_D06,1,NORMAL_D06,27.00,0.7462,,MR60BHA2_breath_phase,safenest-node-01
245.7300,0.020000,S001,S001_NORMAL_D06,1,NORMAL_D06,27.00,0.7462,,MR60BHA2_breath_phase,safenest-node-01
245.8300,0.190000,S001,S001_NORMAL_D06,1,NORMAL_D06,27.00,0.7462,,MR60BHA2_breath_phase,safenest-node-01
245.9300,0.260000,S001,S001_NORMAL_D06,1,NORMAL_D06,27.00,0.7462,,MR60BHA2_breath_phase,safenest-node-01
246.0300,0.410000,S001,S001_NORMAL_D06,1,NORMAL_D06,27.00,0.7462,,MR60BHA2_breath_phase,safenest-node-01
246.1300,0.470000,S001,S001_NORMAL_D06,1,NORMAL_D06,26.00,0.7462,,MR60BHA2_breath_phase,safenest-node-01
246.2300,0.580000,S001,S001_NORMAL_D06,1,NORMAL_D06,26.00,0.7462,,MR60BHA2_breath_phase,safenest-node-01
246.3300,0.660000,S001,S001_NORMAL_D06,1,NORMAL_D06,26.00,0.7462,,MR60BHA2_breath_phase,safenest-node-01
246.4300,0.690000,S001,S001_NORMAL_D06,1,NORMAL_D06,26.00,0.7462,,MR60BHA2_breath_phase,safenest-node-01
246.5300,0.720000,S001,S001_NORMAL_D06,1,NORMAL_D06,26.00,0.7462,,MR60BHA2_breath_phase,safenest-node-01
246.6300,0.720000,S001,S001_NORMAL_D06,1,NORMAL_D06,26.00,0.7462,,MR60BHA2_breath_phase,safenest-node-01
246.7300,0.690000,S001,S001_NORMAL_D06,1,NORMAL_D06,26.00,0.7462,,MR60BHA2_breath_phase,safenest-node-01
246.8300,0.620000,S001,S001_NORMAL_D06,1,NORMAL_D06,26.00,0.6888,,MR60BHA2_breath_phase,safenest-node-01
246.9300,0.580000,S001,S001_NORMAL_D06,1,NORMAL_D06,26.00,0.6888,,MR60BHA2_breath_phase,safenest-node-01
247.0300,0.460000,S001,S001_NORMAL_D06,1,NORMAL_D06,26.00,0.6888,,MR60BHA2_breath_phase,safenest-node-01
247.1300,0.390000,S001,S001_NORMAL_D06,1,NORMAL_D06,25.00,0.7462,,MR60BHA2_breath_phase,safenest-node-01
247.2300,0.240000,S001,S001_NORMAL_D06,1,NORMAL_D06,25.00,0.7462,,MR60BHA2_breath_phase,safenest-node-01
247.3300,0.080000,S001,S001_NORMAL_D06,1,NORMAL_D06,25.00,0.7462,,MR60BHA2_breath_phase,safenest-node-01
247.4300,0.010000,S001,S001_NORMAL_D06,1,NORMAL_D06,25.00,0.7462,,MR60BHA2_breath_phase,safenest-node-01
247.5300,-0.130000,S001,S001_NORMAL_D06,1,NORMAL_D06,25.00,0.7462,,MR60BHA2_breath_phase,safenest-node-01
247.6300,-0.190000,S001,S001_NORMAL_D06,1,NORMAL_D06,25.00,0.7462,,MR60BHA2_breath_phase,safenest-node-01
247.7300,-0.300000,S001,S001_NORMAL_D06,1,NORMAL_D06,25.00,0.7462,,MR60BHA2_breath_phase,safenest-node-01
247.8300,-0.370000,S001,S001_NORMAL_D06,1,NORMAL_D06,25.00,0.7462,,MR60BHA2_breath_phase,safenest-node-01
247.9300,-0.410000,S001,S001_NORMAL_D06,1,NORMAL_D06,25.00,0.7462,,MR60BHA2_breath_phase,safenest-node-01
248.0300,-0.420000,S001,S001_NORMAL_D06,1,NORMAL_D06,25.00,0.7462,,MR60BHA2_breath_phase,safenest-node-01
248.1300,-0.410000,S001,S001_NORMAL_D06,1,NORMAL_D06,25.00,0.7462,,MR60BHA2_breath_phase,safenest-node-01
248.2300,-0.400000,S001,S001_NORMAL_D06,1,NORMAL_D06,25.00,0.7462,,MR60BHA2_breath_phase,safenest-node-01
248.3300,-0.350000,S001,S001_NORMAL_D06,1,NORMAL_D06,25.00,0.7462,,MR60BHA2_breath_phase,safenest-node-01
248.4300,-0.290000,S001,S001_NORMAL_D06,1,NORMAL_D06,25.00,0.7462,,MR60BHA2_breath_phase,safenest-node-01
248.5300,-0.250000,S001,S001_NORMAL_D06,1,NORMAL_D06,25.00,0.7462,,MR60BHA2_breath_phase,safenest-node-01
248.6300,-0.170000,S001,S001_NORMAL_D06,1,NORMAL_D06,24.00,0.7462,,MR60BHA2_breath_phase,safenest-node-01
248.7300,-0.130000,S001,S001_NORMAL_D06,1,NORMAL_D06,24.00,0.7462,,MR60BHA2_breath_phase,safenest-node-01
248.8300,-0.040000,S001,S001_NORMAL_D06,1,NORMAL_D06,24.00,0.7462,,MR60BHA2_breath_phase,safenest-node-01
248.9300,0.040000,S001,S001_NORMAL_D06,1,NORMAL_D06,24.00,0.7462,,MR60BHA2_breath_phase,safenest-node-01
249.0300,0.080000,S001,S001_NORMAL_D06,1,NORMAL_D06,24.00,0.7462,,MR60BHA2_breath_phase,safenest-node-01
249.1300,0.150000,S001,S001_NORMAL_D06,1,NORMAL_D06,24.00,0.7462,,MR60BHA2_breath_phase,safenest-node-01
249.2300,0.180000,S001,S001_NORMAL_D06,1,NORMAL_D06,24.00,0.7462,,MR60BHA2_breath_phase,safenest-node-01
249.3300,0.220000,S001,S001_NORMAL_D06,1,NORMAL_D06,24.00,0.7462,,MR60BHA2_breath_phase,safenest-node-01
249.4300,0.230000,S001,S001_NORMAL_D06,1,NORMAL_D06,24.00,0.7462,,MR60BHA2_breath_phase,safenest-node-01
249.5300,0.230000,S001,S001_NORMAL_D06,1,NORMAL_D06,24.00,0.7462,,MR60BHA2_breath_phase,safenest-node-01
249.6300,0.200000,S001,S001_NORMAL_D06,1,NORMAL_D06,24.00,0.7462,,MR60BHA2_breath_phase,safenest-node-01
249.7300,0.180000,S001,S001_NORMAL_D06,1,NORMAL_D06,24.00,0.7462,,MR60BHA2_breath_phase,safenest-node-01
249.8300,0.120000,S001,S001_NORMAL_D06,1,NORMAL_D06,24.00,0.7462,,MR60BHA2_breath_phase,safenest-node-01
249.9300,0.030000,S001,S001_NORMAL_D06,1,NORMAL_D06,24.00,0.7462,,MR60BHA2_breath_phase,safenest-node-01
250.0300,-0.060000,S001,S001_NORMAL_D06,1,NORMAL_D06,24.00,0.7462,,MR60BHA2_breath_phase,safenest-node-01
250.1300,-0.110000,S001,S001_NORMAL_D06,1,NORMAL_D06,24.00,0.7462,,MR60BHA2_breath_phase,safenest-node-01
250.2300,-0.160000,S001,S001_NORMAL_D06,1,NORMAL_D06,24.00,0.7462,,MR60BHA2_breath_phase,safenest-node-01
250.3300,-0.260000,S001,S001_NORMAL_D06,1,NORMAL_D06,24.00,0.7462,,MR60BHA2_breath_phase,safenest-node-01
250.4300,-0.330000,S001,S001_NORMAL_D06,1,NORMAL_D06,24.00,0.7462,,MR60BHA2_breath_phase,safenest-node-01
250.5300,-0.390000,S001,S001_NORMAL_D06,1,NORMAL_D06,24.00,0.7462,,MR60BHA2_breath_phase,safenest-node-01
250.6300,-0.400000,S001,S001_NORMAL_D06,1,NORMAL_D06,24.00,0.7462,,MR60BHA2_breath_phase,safenest-node-01
250.7300,-0.410000,S001,S001_NORMAL_D06,1,NORMAL_D06,24.00,0.7462,,MR60BHA2_breath_phase,safenest-node-01
250.8300,-0.400000,S001,S001_NORMAL_D06,1,NORMAL_D06,24.00,0.7462,,MR60BHA2_breath_phase,safenest-node-01
250.9300,-0.370000,S001,S001_NORMAL_D06,1,NORMAL_D06,24.00,0.7462,,MR60BHA2_breath_phase,safenest-node-01
251.0300,-0.310000,S001,S001_NORMAL_D06,1,NORMAL_D06,24.00,0.7462,,MR60BHA2_breath_phase,safenest-node-01
251.1300,-0.270000,S001,S001_NORMAL_D06,1,NORMAL_D06,24.00,0.7462,,MR60BHA2_breath_phase,safenest-node-01
251.2300,-0.190000,S001,S001_NORMAL_D06,1,NORMAL_D06,24.00,0.7462,,MR60BHA2_breath_phase,safenest-node-01
251.3300,-0.150000,S001,S001_NORMAL_D06,1,NORMAL_D06,24.00,0.7462,,MR60BHA2_breath_phase,safenest-node-01
251.4300,-0.060000,S001,S001_NORMAL_D06,1,NORMAL_D06,24.00,0.7462,,MR60BHA2_breath_phase,safenest-node-01
251.5300,0.040000,S001,S001_NORMAL_D06,1,NORMAL_D06,24.00,0.7462,,MR60BHA2_breath_phase,safenest-node-01
251.6300,0.080000,S001,S001_NORMAL_D06,1,NORMAL_D06,24.00,0.7462,,MR60BHA2_breath_phase,safenest-node-01
251.7300,0.170000,S001,S001_NORMAL_D06,1,NORMAL_D06,24.00,0.7462,,MR60BHA2_breath_phase,safenest-node-01
251.8300,0.210000,S001,S001_NORMAL_D06,1,NORMAL_D06,24.00,0.7462,,MR60BHA2_breath_phase,safenest-node-01
251.9300,0.290000,S001,S001_NORMAL_D06,1,NORMAL_D06,24.00,0.7462,,MR60BHA2_breath_phase,safenest-node-01
252.0300,0.350000,S001,S001_NORMAL_D06,1,NORMAL_D06,24.00,0.7462,,MR60BHA2_breath_phase,safenest-node-01
252.1300,0.370000,S001,S001_NORMAL_D06,1,NORMAL_D06,24.00,0.7462,,MR60BHA2_breath_phase,safenest-node-01
252.2300,0.390000,S001,S001_NORMAL_D06,1,NORMAL_D06,24.00,0.7462,,MR60BHA2_breath_phase,safenest-node-01
252.3300,0.390000,S001,S001_NORMAL_D06,1,NORMAL_D06,24.00,0.7462,,MR60BHA2_breath_phase,safenest-node-01
252.4300,0.380000,S001,S001_NORMAL_D06,1,NORMAL_D06,24.00,0.7462,,MR60BHA2_breath_phase,safenest-node-01
252.5300,0.340000,S001,S001_NORMAL_D06,1,NORMAL_D06,24.00,0.7462,,MR60BHA2_breath_phase,safenest-node-01
252.6300,0.310000,S001,S001_NORMAL_D06,1,NORMAL_D06,24.00,0.7462,,MR60BHA2_breath_phase,safenest-node-01
252.7300,0.220000,S001,S001_NORMAL_D06,1,NORMAL_D06,24.00,0.7462,,MR60BHA2_breath_phase,safenest-node-01
252.8300,0.170000,S001,S001_NORMAL_D06,1,NORMAL_D06,24.00,0.7462,,MR60BHA2_breath_phase,safenest-node-01
252.9300,0.060000,S001,S001_NORMAL_D06,1,NORMAL_D06,24.00,0.7462,,MR60BHA2_breath_phase,safenest-node-01
253.0300,-0.060000,S001,S001_NORMAL_D06,1,NORMAL_D06,24.00,0.7462,,MR60BHA2_breath_phase,safenest-node-01
253.1300,-0.180000,S001,S001_NORMAL_D06,1,NORMAL_D06,24.00,0.7462,,MR60BHA2_breath_phase,safenest-node-01
253.2300,-0.240000,S001,S001_NORMAL_D06,1,NORMAL_D06,24.00,0.7462,,MR60BHA2_breath_phase,safenest-node-01
253.3300,-0.340000,S001,S001_NORMAL_D06,1,NORMAL_D06,25.00,0.7462,,MR60BHA2_breath_phase,safenest-node-01
253.4300,-0.390000,S001,S001_NORMAL_D06,1,NORMAL_D06,25.00,0.7462,,MR60BHA2_breath_phase,safenest-node-01
253.5300,-0.460000,S001,S001_NORMAL_D06,1,NORMAL_D06,25.00,0.7462,,MR60BHA2_breath_phase,safenest-node-01
253.6300,-0.500000,S001,S001_NORMAL_D06,1,NORMAL_D06,25.00,0.7462,,MR60BHA2_breath_phase,safenest-node-01
253.7300,-0.510000,S001,S001_NORMAL_D06,1,NORMAL_D06,25.00,0.7462,,MR60BHA2_breath_phase,safenest-node-01
253.8300,-0.510000,S001,S001_NORMAL_D06,1,NORMAL_D06,25.00,0.7462,,MR60BHA2_breath_phase,safenest-node-01
253.9300,-0.490000,S001,S001_NORMAL_D06,1,NORMAL_D06,25.00,0.7462,,MR60BHA2_breath_phase,safenest-node-01
254.0300,-0.440000,S001,S001_NORMAL_D06,1,NORMAL_D06,26.00,0.7462,,MR60BHA2_breath_phase,safenest-node-01
254.1300,-0.360000,S001,S001_NORMAL_D06,1,NORMAL_D06,26.00,0.7462,,MR60BHA2_breath_phase,safenest-node-01
254.2300,-0.310000,S001,S001_NORMAL_D06,1,NORMAL_D06,26.00,0.7462,,MR60BHA2_breath_phase,safenest-node-01
254.3300,-0.200000,S001,S001_NORMAL_D06,1,NORMAL_D06,26.00,0.7462,,MR60BHA2_breath_phase,safenest-node-01
254.4300,-0.150000,S001,S001_NORMAL_D06,1,NORMAL_D06,26.00,0.7462,,MR60BHA2_breath_phase,safenest-node-01
254.5300,-0.030000,S001,S001_NORMAL_D06,1,NORMAL_D06,26.00,0.7462,,MR60BHA2_breath_phase,safenest-node-01
254.6300,0.080000,S001,S001_NORMAL_D06,1,NORMAL_D06,26.00,0.7462,,MR60BHA2_breath_phase,safenest-node-01
254.7300,0.130000,S001,S001_NORMAL_D06,1,NORMAL_D06,26.00,0.7462,,MR60BHA2_breath_phase,safenest-node-01
254.8300,0.210000,S001,S001_NORMAL_D06,1,NORMAL_D06,26.00,0.7462,,MR60BHA2_breath_phase,safenest-node-01
254.9300,0.250000,S001,S001_NORMAL_D06,1,NORMAL_D06,26.00,0.7462,,MR60BHA2_breath_phase,safenest-node-01
255.0300,0.300000,S001,S001_NORMAL_D06,1,NORMAL_D06,26.00,0.7462,,MR60BHA2_breath_phase,safenest-node-01
255.1300,0.320000,S001,S001_NORMAL_D06,1,NORMAL_D06,27.00,0.7462,,MR60BHA2_breath_phase,safenest-node-01
255.2300,0.320000,S001,S001_NORMAL_D06,1,NORMAL_D06,27.00,0.7462,,MR60BHA2_breath_phase,safenest-node-01
255.3300,0.310000,S001,S001_NORMAL_D06,1,NORMAL_D06,26.00,0.7462,,MR60BHA2_breath_phase,safenest-node-01
255.4300,0.290000,S001,S001_NORMAL_D06,1,NORMAL_D06,26.00,0.7462,,MR60BHA2_breath_phase,safenest-node-01
255.5300,0.240000,S001,S001_NORMAL_D06,1,NORMAL_D06,26.00,0.7462,,MR60BHA2_breath_phase,safenest-node-01
255.6300,0.180000,S001,S001_NORMAL_D06,1,NORMAL_D06,26.00,0.7462,,MR60BHA2_breath_phase,safenest-node-01
255.7310,0.150000,S001,S001_NORMAL_D06,1,NORMAL_D06,26.00,0.7462,,MR60BHA2_breath_phase,safenest-node-01
255.8310,0.090000,S001,S001_NORMAL_D06,1,NORMAL_D06,26.00,0.7462,,MR60BHA2_breath_phase,safenest-node-01
255.9310,0.060000,S001,S001_NORMAL_D06,1,NORMAL_D06,26.00,0.7462,,MR60BHA2_breath_phase,safenest-node-01
256.0310,0.010000,S001,S001_NORMAL_D06,1,NORMAL_D06,26.00,0.7462,,MR60BHA2_breath_phase,safenest-node-01
256.1310,-0.020000,S001,S001_NORMAL_D06,1,NORMAL_D06,25.00,0.7462,,MR60BHA2_breath_phase,safenest-node-01
256.2320,-0.040000,S001,S001_NORMAL_D06,1,NORMAL_D06,25.00,0.7462,,MR60BHA2_breath_phase,safenest-node-01
256.3320,-0.040000,S001,S001_NORMAL_D06,1,NORMAL_D06,25.00,0.7462,,MR60BHA2_breath_phase,safenest-node-01
256.4320,-0.040000,S001,S001_NORMAL_D06,1,NORMAL_D06,25.00,0.7462,,MR60BHA2_breath_phase,safenest-node-01
256.5320,-0.030000,S001,S001_NORMAL_D06,1,NORMAL_D06,25.00,0.7462,,MR60BHA2_breath_phase,safenest-node-01
256.6320,-0.010000,S001,S001_NORMAL_D06,1,NORMAL_D06,25.00,0.7462,,MR60BHA2_breath_phase,safenest-node-01
256.7320,0.020000,S001,S001_NORMAL_D06,1,NORMAL_D06,25.00,0.7462,,MR60BHA2_breath_phase,safenest-node-01
256.8320,0.040000,S001,S001_NORMAL_D06,1,NORMAL_D06,25.00,0.7462,,MR60BHA2_breath_phase,safenest-node-01
256.9320,0.060000,S001,S001_NORMAL_D06,1,NORMAL_D06,25.00,0.7462,,MR60BHA2_breath_phase,safenest-node-01
257.0320,0.080000,S001,S001_NORMAL_D06,1,NORMAL_D06,25.00,0.7462,,MR60BHA2_breath_phase,safenest-node-01
257.1320,0.100000,S001,S001_NORMAL_D06,1,NORMAL_D06,25.00,0.7462,,MR60BHA2_breath_phase,safenest-node-01
257.2320,0.120000,S001,S001_NORMAL_D06,1,NORMAL_D06,25.00,0.7462,,MR60BHA2_breath_phase,safenest-node-01
257.3320,0.130000,S001,S001_NORMAL_D06,1,NORMAL_D06,25.00,0.7462,,MR60BHA2_breath_phase,safenest-node-01
257.4320,0.140000,S001,S001_NORMAL_D06,1,NORMAL_D06,25.00,0.7462,,MR60BHA2_breath_phase,safenest-node-01
257.5320,0.150000,S001,S001_NORMAL_D06,1,NORMAL_D06,25.00,0.7462,,MR60BHA2_breath_phase,safenest-node-01
257.6320,0.160000,S001,S001_NORMAL_D06,1,NORMAL_D06,25.00,0.7462,,MR60BHA2_breath_phase,safenest-node-01
257.7320,0.170000,S001,S001_NORMAL_D06,1,NORMAL_D06,24.00,0.7462,,MR60BHA2_breath_phase,safenest-node-01
257.8320,0.170000,S001,S001_NORMAL_D06,1,NORMAL_D06,24.00,0.7462,,MR60BHA2_breath_phase,safenest-node-01
257.9320,0.190000,S001,S001_NORMAL_D06,1,NORMAL_D06,24.00,0.7462,,MR60BHA2_breath_phase,safenest-node-01
258.0320,0.190000,S001,S001_NORMAL_D06,1,NORMAL_D06,24.00,0.7462,,MR60BHA2_breath_phase,safenest-node-01
258.1320,0.200000,S001,S001_NORMAL_D06,1,NORMAL_D06,24.00,0.7462,,MR60BHA2_breath_phase,safenest-node-01
258.2320,0.210000,S001,S001_NORMAL_D06,1,NORMAL_D06,24.00,0.7462,,MR60BHA2_breath_phase,safenest-node-01
258.3330,0.200000,S001,S001_NORMAL_D06,1,NORMAL_D06,24.00,0.7462,,MR60BHA2_breath_phase,safenest-node-01
258.4330,0.190000,S001,S001_NORMAL_D06,1,NORMAL_D06,24.00,0.7462,,MR60BHA2_breath_phase,safenest-node-01
258.5330,0.180000,S001,S001_NORMAL_D06,1,NORMAL_D06,24.00,0.7462,,MR60BHA2_breath_phase,safenest-node-01
258.6330,0.150000,S001,S001_NORMAL_D06,1,NORMAL_D06,24.00,0.7462,,MR60BHA2_breath_phase,safenest-node-01
258.7330,0.110000,S001,S001_NORMAL_D06,1,NORMAL_D06,24.00,0.7462,,MR60BHA2_breath_phase,safenest-node-01
258.8330,0.090000,S001,S001_NORMAL_D06,1,NORMAL_D06,24.00,0.7462,,MR60BHA2_breath_phase,safenest-node-01
258.9330,0.050000,S001,S001_NORMAL_D06,1,NORMAL_D06,24.00,0.7462,,MR60BHA2_breath_phase,safenest-node-01
259.0330,0.030000,S001,S001_NORMAL_D06,1,NORMAL_D06,24.00,0.7462,,MR60BHA2_breath_phase,safenest-node-01
259.1330,-0.000000,S001,S001_NORMAL_D06,1,NORMAL_D06,24.00,0.7462,,MR60BHA2_breath_phase,safenest-node-01
259.2330,-0.030000,S001,S001_NORMAL_D06,1,NORMAL_D06,24.00,0.7462,,MR60BHA2_breath_phase,safenest-node-01
259.3340,-0.040000,S001,S001_NORMAL_D06,1,NORMAL_D06,24.00,0.7462,,MR60BHA2_breath_phase,safenest-node-01
259.4340,-0.040000,S001,S001_NORMAL_D06,1,NORMAL_D06,24.00,0.7462,,MR60BHA2_breath_phase,safenest-node-01
259.5340,-0.020000,S001,S001_NORMAL_D06,1,NORMAL_D06,24.00,0.7462,,MR60BHA2_breath_phase,safenest-node-01
259.6340,-0.010000,S001,S001_NORMAL_D06,1,NORMAL_D06,24.00,0.7462,,MR60BHA2_breath_phase,safenest-node-01
259.7340,0.030000,S001,S001_NORMAL_D06,1,NORMAL_D06,24.00,0.7462,,MR60BHA2_breath_phase,safenest-node-01
259.8340,0.060000,S001,S001_NORMAL_D06,1,NORMAL_D06,24.00,0.7462,,MR60BHA2_breath_phase,safenest-node-01
259.9340,0.080000,S001,S001_NORMAL_D06,1,NORMAL_D06,24.00,0.7462,,MR60BHA2_breath_phase,safenest-node-01
260.0340,0.100000,S001,S001_NORMAL_D06,1,NORMAL_D06,24.00,0.7462,,MR60BHA2_breath_phase,safenest-node-01
260.1340,0.110000,S001,S001_NORMAL_D06,1,NORMAL_D06,25.00,0.7462,,MR60BHA2_breath_phase,safenest-node-01
260.2340,0.110000,S001,S001_NORMAL_D06,1,NORMAL_D06,25.00,0.7462,,MR60BHA2_breath_phase,safenest-node-01
260.3340,0.070000,S001,S001_NORMAL_D06,1,NORMAL_D06,25.00,0.7462,,MR60BHA2_breath_phase,safenest-node-01
260.4340,0.050000,S001,S001_NORMAL_D06,1,NORMAL_D06,25.00,0.7462,,MR60BHA2_breath_phase,safenest-node-01
260.5340,-0.010000,S001,S001_NORMAL_D06,1,NORMAL_D06,25.00,0.7462,,MR60BHA2_breath_phase,safenest-node-01
260.6340,-0.050000,S001,S001_NORMAL_D06,1,NORMAL_D06,25.00,0.7462,,MR60BHA2_breath_phase,safenest-node-01
260.7340,-0.140000,S001,S001_NORMAL_D06,1,NORMAL_D06,25.00,0.7462,,MR60BHA2_breath_phase,safenest-node-01
260.8340,-0.230000,S001,S001_NORMAL_D06,1,NORMAL_D06,24.00,0.7462,,MR60BHA2_breath_phase,safenest-node-01
260.9350,-0.270000,S001,S001_NORMAL_D06,1,NORMAL_D06,24.00,0.7462,,MR60BHA2_breath_phase,safenest-node-01
261.0350,-0.340000,S001,S001_NORMAL_D06,1,NORMAL_D06,23.00,0.7462,,MR60BHA2_breath_phase,safenest-node-01
261.1350,-0.380000,S001,S001_NORMAL_D06,1,NORMAL_D06,22.00,0.7462,,MR60BHA2_breath_phase,safenest-node-01
261.2350,-0.420000,S001,S001_NORMAL_D06,1,NORMAL_D06,21.00,0.7462,,MR60BHA2_breath_phase,safenest-node-01
261.3350,-0.440000,S001,S001_NORMAL_D06,1,NORMAL_D06,20.00,0.7462,,MR60BHA2_breath_phase,safenest-node-01
261.4360,-0.430000,S001,S001_NORMAL_D06,1,NORMAL_D06,19.00,0.7462,,MR60BHA2_breath_phase,safenest-node-01
261.5360,-0.410000,S001,S001_NORMAL_D06,1,NORMAL_D06,19.00,0.7462,,MR60BHA2_breath_phase,safenest-node-01
261.6360,-0.350000,S001,S001_NORMAL_D06,1,NORMAL_D06,18.00,0.7462,,MR60BHA2_breath_phase,safenest-node-01
261.7360,-0.310000,S001,S001_NORMAL_D06,1,NORMAL_D06,17.00,0.7462,,MR60BHA2_breath_phase,safenest-node-01
261.8360,-0.220000,S001,S001_NORMAL_D06,1,NORMAL_D06,16.00,0.7462,,MR60BHA2_breath_phase,safenest-node-01
261.9360,-0.100000,S001,S001_NORMAL_D06,1,NORMAL_D06,15.00,0.7462,,MR60BHA2_breath_phase,safenest-node-01
262.0360,-0.040000,S001,S001_NORMAL_D06,1,NORMAL_D06,15.00,0.7462,,MR60BHA2_breath_phase,safenest-node-01
262.1360,0.090000,S001,S001_NORMAL_D06,1,NORMAL_D06,14.00,0.7462,,MR60BHA2_breath_phase,safenest-node-01
262.2360,0.150000,S001,S001_NORMAL_D06,1,NORMAL_D06,14.00,0.7462,,MR60BHA2_breath_phase,safenest-node-01
262.3360,0.260000,S001,S001_NORMAL_D06,1,NORMAL_D06,13.00,0.7462,,MR60BHA2_breath_phase,safenest-node-01
262.4360,0.340000,S001,S001_NORMAL_D06,1,NORMAL_D06,12.00,0.7462,,MR60BHA2_breath_phase,safenest-node-01
262.5360,0.370000,S001,S001_NORMAL_D06,1,NORMAL_D06,12.00,0.7462,,MR60BHA2_breath_phase,safenest-node-01
262.6360,0.380000,S001,S001_NORMAL_D06,1,NORMAL_D06,13.00,0.7462,,MR60BHA2_breath_phase,safenest-node-01
262.7360,0.370000,S001,S001_NORMAL_D06,1,NORMAL_D06,14.00,0.7462,,MR60BHA2_breath_phase,safenest-node-01
262.8360,0.310000,S001,S001_NORMAL_D06,1,NORMAL_D06,15.00,0.7462,,MR60BHA2_breath_phase,safenest-node-01
262.9360,0.200000,S001,S001_NORMAL_D06,1,NORMAL_D06,16.00,0.7462,,MR60BHA2_breath_phase,safenest-node-01
263.0360,0.140000,S001,S001_NORMAL_D06,1,NORMAL_D06,16.00,0.7462,,MR60BHA2_breath_phase,safenest-node-01
263.1360,-0.020000,S001,S001_NORMAL_D06,1,NORMAL_D06,17.00,0.7462,,MR60BHA2_breath_phase,safenest-node-01
263.2360,-0.110000,S001,S001_NORMAL_D06,1,NORMAL_D06,18.00,0.7462,,MR60BHA2_breath_phase,safenest-node-01
263.3360,-0.280000,S001,S001_NORMAL_D06,1,NORMAL_D06,19.00,0.7462,,MR60BHA2_breath_phase,safenest-node-01
263.4360,-0.440000,S001,S001_NORMAL_D06,1,NORMAL_D06,19.00,0.7462,,MR60BHA2_breath_phase,safenest-node-01
263.5360,-0.510000,S001,S001_NORMAL_D06,1,NORMAL_D06,19.00,0.7462,,MR60BHA2_breath_phase,safenest-node-01
263.6360,-0.610000,S001,S001_NORMAL_D06,1,NORMAL_D06,20.00,0.7462,,MR60BHA2_breath_phase,safenest-node-01
263.7360,-0.650000,S001,S001_NORMAL_D06,1,NORMAL_D06,21.00,0.7462,,MR60BHA2_breath_phase,safenest-node-01
263.8360,-0.680000,S001,S001_NORMAL_D06,1,NORMAL_D06,21.00,0.7462,,MR60BHA2_breath_phase,safenest-node-01
263.9360,-0.660000,S001,S001_NORMAL_D06,1,NORMAL_D06,22.00,0.7462,,MR60BHA2_breath_phase,safenest-node-01
264.0360,-0.630000,S001,S001_NORMAL_D06,1,NORMAL_D06,22.00,0.7462,,MR60BHA2_breath_phase,safenest-node-01
264.1360,-0.540000,S001,S001_NORMAL_D06,1,NORMAL_D06,22.00,0.7462,,MR60BHA2_breath_phase,safenest-node-01
264.2360,-0.480000,S001,S001_NORMAL_D06,1,NORMAL_D06,22.00,0.7462,,MR60BHA2_breath_phase,safenest-node-01
264.3360,-0.340000,S001,S001_NORMAL_D06,1,NORMAL_D06,22.00,0.7462,,MR60BHA2_breath_phase,safenest-node-01
264.4360,-0.170000,S001,S001_NORMAL_D06,1,NORMAL_D06,23.00,0.7462,,MR60BHA2_breath_phase,safenest-node-01
264.5360,-0.080000,S001,S001_NORMAL_D06,1,NORMAL_D06,23.00,0.7462,,MR60BHA2_breath_phase,safenest-node-01
264.6360,0.100000,S001,S001_NORMAL_D06,1,NORMAL_D06,23.00,0.7462,,MR60BHA2_breath_phase,safenest-node-01
264.7360,0.180000,S001,S001_NORMAL_D06,1,NORMAL_D06,23.00,0.7462,,MR60BHA2_breath_phase,safenest-node-01
264.8360,0.340000,S001,S001_NORMAL_D06,1,NORMAL_D06,24.00,0.7462,,MR60BHA2_breath_phase,safenest-node-01
264.9360,0.460000,S001,S001_NORMAL_D06,1,NORMAL_D06,24.00,0.7462,,MR60BHA2_breath_phase,safenest-node-01
265.0360,0.500000,S001,S001_NORMAL_D06,1,NORMAL_D06,24.00,0.7462,,MR60BHA2_breath_phase,safenest-node-01
265.1360,0.560000,S001,S001_NORMAL_D06,1,NORMAL_D06,25.00,0.7462,,MR60BHA2_breath_phase,safenest-node-01
265.2360,0.570000,S001,S001_NORMAL_D06,1,NORMAL_D06,25.00,0.7462,,MR60BHA2_breath_phase,safenest-node-01
265.3360,0.560000,S001,S001_NORMAL_D06,1,NORMAL_D06,25.00,0.7462,,MR60BHA2_breath_phase,safenest-node-01
265.4360,0.510000,S001,S001_NORMAL_D06,1,NORMAL_D06,26.00,0.7462,,MR60BHA2_breath_phase,safenest-node-01
265.5370,0.430000,S001,S001_NORMAL_D06,1,NORMAL_D06,26.00,0.7462,,MR60BHA2_breath_phase,safenest-node-01
265.6370,0.380000,S001,S001_NORMAL_D06,1,NORMAL_D06,26.00,0.7462,,MR60BHA2_breath_phase,safenest-node-01
265.7370,0.260000,S001,S001_NORMAL_D06,1,NORMAL_D06,26.00,0.7462,,MR60BHA2_breath_phase,safenest-node-01
265.8370,0.190000,S001,S001_NORMAL_D06,1,NORMAL_D06,27.00,0.7462,,MR60BHA2_breath_phase,safenest-node-01
265.9370,0.060000,S001,S001_NORMAL_D06,1,NORMAL_D06,27.00,0.7462,,MR60BHA2_breath_phase,safenest-node-01
266.0370,-0.070000,S001,S001_NORMAL_D06,1,NORMAL_D06,27.00,0.7462,,MR60BHA2_breath_phase,safenest-node-01
266.1370,-0.120000,S001,S001_NORMAL_D06,1,NORMAL_D06,27.00,0.7462,,MR60BHA2_breath_phase,safenest-node-01
266.2370,-0.220000,S001,S001_NORMAL_D06,1,NORMAL_D06,27.00,0.7462,,MR60BHA2_breath_phase,safenest-node-01
266.3370,-0.260000,S001,S001_NORMAL_D06,1,NORMAL_D06,27.00,0.7462,,MR60BHA2_breath_phase,safenest-node-01
266.4370,-0.300000,S001,S001_NORMAL_D06,1,NORMAL_D06,27.00,0.7462,,MR60BHA2_breath_phase,safenest-node-01
266.5370,-0.300000,S001,S001_NORMAL_D06,1,NORMAL_D06,27.00,0.7462,,MR60BHA2_breath_phase,safenest-node-01
266.6370,-0.290000,S001,S001_NORMAL_D06,1,NORMAL_D06,27.00,0.7462,,MR60BHA2_breath_phase,safenest-node-01
266.7370,-0.230000,S001,S001_NORMAL_D06,1,NORMAL_D06,27.00,0.7462,,MR60BHA2_breath_phase,safenest-node-01
266.8370,-0.190000,S001,S001_NORMAL_D06,1,NORMAL_D06,27.00,0.7462,,MR60BHA2_breath_phase,safenest-node-01
266.9370,-0.080000,S001,S001_NORMAL_D06,1,NORMAL_D06,27.00,0.7462,,MR60BHA2_breath_phase,safenest-node-01
267.0370,0.050000,S001,S001_NORMAL_D06,1,NORMAL_D06,27.00,0.7462,,MR60BHA2_breath_phase,safenest-node-01
267.1370,0.110000,S001,S001_NORMAL_D06,1,NORMAL_D06,27.00,0.7462,,MR60BHA2_breath_phase,safenest-node-01
267.2370,0.230000,S001,S001_NORMAL_D06,1,NORMAL_D06,27.00,0.7462,,MR60BHA2_breath_phase,safenest-node-01
267.3370,0.280000,S001,S001_NORMAL_D06,1,NORMAL_D06,27.00,0.7462,,MR60BHA2_breath_phase,safenest-node-01
267.4370,0.360000,S001,S001_NORMAL_D06,1,NORMAL_D06,27.00,0.7462,,MR60BHA2_breath_phase,safenest-node-01
267.5370,0.400000,S001,S001_NORMAL_D06,1,NORMAL_D06,27.00,0.7462,,MR60BHA2_breath_phase,safenest-node-01
267.6370,0.400000,S001,S001_NORMAL_D06,1,NORMAL_D06,27.00,0.7462,,MR60BHA2_breath_phase,safenest-node-01
267.7370,0.350000,S001,S001_NORMAL_D06,1,NORMAL_D06,27.00,0.7462,,MR60BHA2_breath_phase,safenest-node-01
267.8370,0.320000,S001,S001_NORMAL_D06,1,NORMAL_D06,27.00,0.7462,,MR60BHA2_breath_phase,safenest-node-01
267.9370,0.210000,S001,S001_NORMAL_D06,1,NORMAL_D06,27.00,0.7462,,MR60BHA2_breath_phase,safenest-node-01
268.0370,0.090000,S001,S001_NORMAL_D06,1,NORMAL_D06,28.00,0.7462,,MR60BHA2_breath_phase,safenest-node-01
268.1380,0.020000,S001,S001_NORMAL_D06,1,NORMAL_D06,28.00,0.7462,,MR60BHA2_breath_phase,safenest-node-01
268.2380,-0.090000,S001,S001_NORMAL_D06,1,NORMAL_D06,28.00,0.7462,,MR60BHA2_breath_phase,safenest-node-01
268.3380,-0.140000,S001,S001_NORMAL_D06,1,NORMAL_D06,28.00,0.7462,,MR60BHA2_breath_phase,safenest-node-01
268.4380,-0.210000,S001,S001_NORMAL_D06,1,NORMAL_D06,28.00,0.7462,,MR60BHA2_breath_phase,safenest-node-01
268.5380,-0.240000,S001,S001_NORMAL_D06,1,NORMAL_D06,28.00,0.7462,,MR60BHA2_breath_phase,safenest-node-01
268.6380,-0.230000,S001,S001_NORMAL_D06,1,NORMAL_D06,28.00,0.7462,,MR60BHA2_breath_phase,safenest-node-01
268.7380,-0.200000,S001,S001_NORMAL_D06,1,NORMAL_D06,28.00,0.7462,,MR60BHA2_breath_phase,safenest-node-01
268.8380,-0.180000,S001,S001_NORMAL_D06,1,NORMAL_D06,28.00,0.7462,,MR60BHA2_breath_phase,safenest-node-01
268.9380,-0.120000,S001,S001_NORMAL_D06,1,NORMAL_D06,28.00,0.7462,,MR60BHA2_breath_phase,safenest-node-01
269.0380,-0.050000,S001,S001_NORMAL_D06,1,NORMAL_D06,28.00,0.7462,,MR60BHA2_breath_phase,safenest-node-01
269.1380,0.020000,S001,S001_NORMAL_D06,1,NORMAL_D06,28.00,0.7462,,MR60BHA2_breath_phase,safenest-node-01
269.2380,0.060000,S001,S001_NORMAL_D06,1,NORMAL_D06,28.00,0.7462,,MR60BHA2_breath_phase,safenest-node-01
269.3380,0.090000,S001,S001_NORMAL_D06,1,NORMAL_D06,28.00,0.7462,,MR60BHA2_breath_phase,safenest-node-01
269.4380,0.150000,S001,S001_NORMAL_D06,1,NORMAL_D06,28.00,0.7462,,MR60BHA2_breath_phase,safenest-node-01
269.5380,0.200000,S001,S001_NORMAL_D06,1,NORMAL_D06,28.00,0.7462,,MR60BHA2_breath_phase,safenest-node-01
269.6380,0.240000,S001,S001_NORMAL_D06,1,NORMAL_D06,28.00,0.7462,,MR60BHA2_breath_phase,safenest-node-01
269.7380,0.260000,S001,S001_NORMAL_D06,1,NORMAL_D06,28.00,0.7462,,MR60BHA2_breath_phase,safenest-node-01
269.8380,0.280000,S001,S001_NORMAL_D06,1,NORMAL_D06,28.00,0.7462,,MR60BHA2_breath_phase,safenest-node-01
269.9380,0.320000,S001,S001_NORMAL_D06,1,NORMAL_D06,28.00,0.7462,,MR60BHA2_breath_phase,safenest-node-01
270.0380,0.360000,S001,S001_NORMAL_D06,1,NORMAL_D06,29.00,0.7462,,MR60BHA2_breath_phase,safenest-node-01
270.1380,0.400000,S001,S001_NORMAL_D06,1,NORMAL_D06,29.00,0.7462,,MR60BHA2_breath_phase,safenest-node-01
270.2380,0.410000,S001,S001_NORMAL_D06,1,NORMAL_D06,29.00,0.7462,,MR60BHA2_breath_phase,safenest-node-01
270.3390,0.450000,S001,S001_NORMAL_D06,1,NORMAL_D06,29.00,0.7462,,MR60BHA2_breath_phase,safenest-node-01
270.4390,0.460000,S001,S001_NORMAL_D06,1,NORMAL_D06,29.00,0.7462,,MR60BHA2_breath_phase,safenest-node-01
270.5390,0.480000,S001,S001_NORMAL_D06,1,NORMAL_D06,29.00,0.7462,,MR60BHA2_breath_phase,safenest-node-01
270.6400,0.490000,S001,S001_NORMAL_D06,1,NORMAL_D06,29.00,0.7462,,MR60BHA2_breath_phase,safenest-node-01
270.7400,0.480000,S001,S001_NORMAL_D06,1,NORMAL_D06,29.00,0.7462,,MR60BHA2_breath_phase,safenest-node-01
270.8400,0.440000,S001,S001_NORMAL_D06,1,NORMAL_D06,29.00,0.7462,,MR60BHA2_breath_phase,safenest-node-01
270.9400,0.410000,S001,S001_NORMAL_D06,1,NORMAL_D06,29.00,0.7462,,MR60BHA2_breath_phase,safenest-node-01
271.0400,0.340000,S001,S001_NORMAL_D06,1,NORMAL_D06,29.00,0.7462,,MR60BHA2_breath_phase,safenest-node-01
271.1400,0.240000,S001,S001_NORMAL_D06,1,NORMAL_D06,29.00,0.7462,,MR60BHA2_breath_phase,safenest-node-01
271.2400,0.190000,S001,S001_NORMAL_D06,1,NORMAL_D06,29.00,0.7462,,MR60BHA2_breath_phase,safenest-node-01
271.3400,0.090000,S001,S001_NORMAL_D06,1,NORMAL_D06,29.00,0.7462,,MR60BHA2_breath_phase,safenest-node-01
271.4400,0.030000,S001,S001_NORMAL_D06,1,NORMAL_D06,29.00,0.7462,,MR60BHA2_breath_phase,safenest-node-01
271.5400,-0.070000,S001,S001_NORMAL_D06,1,NORMAL_D06,29.00,0.7462,,MR60BHA2_breath_phase,safenest-node-01
271.6400,-0.160000,S001,S001_NORMAL_D06,1,NORMAL_D06,29.00,0.7462,,MR60BHA2_breath_phase,safenest-node-01
271.7400,-0.200000,S001,S001_NORMAL_D06,1,NORMAL_D06,29.00,0.7462,,MR60BHA2_breath_phase,safenest-node-01
271.8400,-0.280000,S001,S001_NORMAL_D06,1,NORMAL_D06,29.00,0.7462,,MR60BHA2_breath_phase,safenest-node-01
271.9400,-0.320000,S001,S001_NORMAL_D06,1,NORMAL_D06,29.00,0.7462,,MR60BHA2_breath_phase,safenest-node-01
272.0400,-0.380000,S001,S001_NORMAL_D06,1,NORMAL_D06,29.00,0.7462,,MR60BHA2_breath_phase,safenest-node-01
272.1400,-0.420000,S001,S001_NORMAL_D06,1,NORMAL_D06,29.00,0.7462,,MR60BHA2_breath_phase,safenest-node-01
272.2400,-0.440000,S001,S001_NORMAL_D06,1,NORMAL_D06,29.00,0.7462,,MR60BHA2_breath_phase,safenest-node-01
272.3400,-0.470000,S001,S001_NORMAL_D06,1,NORMAL_D06,29.00,0.7462,,MR60BHA2_breath_phase,safenest-node-01
272.4400,-0.480000,S001,S001_NORMAL_D06,1,NORMAL_D06,29.00,0.7462,,MR60BHA2_breath_phase,safenest-node-01
272.5400,-0.510000,S001,S001_NORMAL_D06,1,NORMAL_D06,29.00,0.7462,,MR60BHA2_breath_phase,safenest-node-01
272.6400,-0.520000,S001,S001_NORMAL_D06,1,NORMAL_D06,29.00,0.7462,,MR60BHA2_breath_phase,safenest-node-01
272.7400,-0.530000,S001,S001_NORMAL_D06,1,NORMAL_D06,29.00,0.7462,,MR60BHA2_breath_phase,safenest-node-01
272.8400,-0.530000,S001,S001_NORMAL_D06,1,NORMAL_D06,29.00,0.7462,,MR60BHA2_breath_phase,safenest-node-01
272.9400,-0.530000,S001,S001_NORMAL_D06,1,NORMAL_D06,28.00,0.7462,,MR60BHA2_breath_phase,safenest-node-01
273.0400,-0.520000,S001,S001_NORMAL_D06,1,NORMAL_D06,28.00,0.7462,,MR60BHA2_breath_phase,safenest-node-01
273.1400,-0.500000,S001,S001_NORMAL_D06,1,NORMAL_D06,27.00,0.7462,,MR60BHA2_breath_phase,safenest-node-01
273.2400,-0.490000,S001,S001_NORMAL_D06,1,NORMAL_D06,27.00,0.7462,,MR60BHA2_breath_phase,safenest-node-01
273.3400,-0.460000,S001,S001_NORMAL_D06,1,NORMAL_D06,26.00,0.7462,,MR60BHA2_breath_phase,safenest-node-01
273.4400,-0.450000,S001,S001_NORMAL_D06,1,NORMAL_D06,26.00,0.7462,,MR60BHA2_breath_phase,safenest-node-01
273.5400,-0.420000,S001,S001_NORMAL_D06,1,NORMAL_D06,25.00,0.7462,,MR60BHA2_breath_phase,safenest-node-01
273.6400,-0.390000,S001,S001_NORMAL_D06,1,NORMAL_D06,23.00,0.7462,,MR60BHA2_breath_phase,safenest-node-01
273.7400,-0.370000,S001,S001_NORMAL_D06,1,NORMAL_D06,23.00,0.7462,,MR60BHA2_breath_phase,safenest-node-01
273.8400,-0.340000,S001,S001_NORMAL_D06,1,NORMAL_D06,22.00,0.7462,,MR60BHA2_breath_phase,safenest-node-01
273.9400,-0.330000,S001,S001_NORMAL_D06,1,NORMAL_D06,21.00,0.7462,,MR60BHA2_breath_phase,safenest-node-01
274.0400,-0.300000,S001,S001_NORMAL_D06,1,NORMAL_D06,20.00,0.7462,,MR60BHA2_breath_phase,safenest-node-01
274.1400,-0.280000,S001,S001_NORMAL_D06,1,NORMAL_D06,19.00,0.7462,,MR60BHA2_breath_phase,safenest-node-01
274.2400,-0.260000,S001,S001_NORMAL_D06,1,NORMAL_D06,19.00,0.7462,,MR60BHA2_breath_phase,safenest-node-01
274.3400,-0.230000,S001,S001_NORMAL_D06,1,NORMAL_D06,18.00,0.7462,,MR60BHA2_breath_phase,safenest-node-01
274.4400,-0.210000,S001,S001_NORMAL_D06,1,NORMAL_D06,17.00,0.7462,,MR60BHA2_breath_phase,safenest-node-01
274.5400,-0.160000,S001,S001_NORMAL_D06,1,NORMAL_D06,16.00,0.7462,,MR60BHA2_breath_phase,safenest-node-01
274.6400,-0.120000,S001,S001_NORMAL_D06,1,NORMAL_D06,15.00,0.7462,,MR60BHA2_breath_phase,safenest-node-01
274.7400,-0.090000,S001,S001_NORMAL_D06,1,NORMAL_D06,15.00,0.7462,,MR60BHA2_breath_phase,safenest-node-01
274.8400,-0.050000,S001,S001_NORMAL_D06,1,NORMAL_D06,15.00,0.7462,,MR60BHA2_breath_phase,safenest-node-01
274.9400,-0.030000,S001,S001_NORMAL_D06,1,NORMAL_D06,14.00,0.7462,,MR60BHA2_breath_phase,safenest-node-01
275.0400,0.010000,S001,S001_NORMAL_D06,1,NORMAL_D06,13.00,0.7462,,MR60BHA2_breath_phase,safenest-node-01
275.1410,0.050000,S001,S001_NORMAL_D06,1,NORMAL_D06,13.00,0.7462,,MR60BHA2_breath_phase,safenest-node-01
275.2410,0.060000,S001,S001_NORMAL_D06,1,NORMAL_D06,13.00,0.7462,,MR60BHA2_breath_phase,safenest-node-01
275.3410,0.070000,S001,S001_NORMAL_D06,1,NORMAL_D06,12.00,0.7462,,MR60BHA2_breath_phase,safenest-node-01
275.4410,0.080000,S001,S001_NORMAL_D06,1,NORMAL_D06,11.00,0.7462,,MR60BHA2_breath_phase,safenest-node-01
275.5410,0.080000,S001,S001_NORMAL_D06,1,NORMAL_D06,11.00,0.7462,,MR60BHA2_breath_phase,safenest-node-01
275.6420,0.080000,S001,S001_NORMAL_D06,1,NORMAL_D06,11.00,0.7462,,MR60BHA2_breath_phase,safenest-node-01
275.7420,0.070000,S001,S001_NORMAL_D06,1,NORMAL_D06,11.00,0.7462,,MR60BHA2_breath_phase,safenest-node-01
275.8420,0.070000,S001,S001_NORMAL_D06,1,NORMAL_D06,11.00,0.7462,,MR60BHA2_breath_phase,safenest-node-01
275.9420,0.070000,S001,S001_NORMAL_D06,1,NORMAL_D06,11.00,0.7462,,MR60BHA2_breath_phase,safenest-node-01
276.0420,0.080000,S001,S001_NORMAL_D06,1,NORMAL_D06,11.00,0.7462,,MR60BHA2_breath_phase,safenest-node-01
276.1420,0.080000,S001,S001_NORMAL_D06,1,NORMAL_D06,11.00,0.7462,,MR60BHA2_breath_phase,safenest-node-01
276.2420,0.100000,S001,S001_NORMAL_D06,1,NORMAL_D06,12.00,0.7462,,MR60BHA2_breath_phase,safenest-node-01
276.3420,0.120000,S001,S001_NORMAL_D06,1,NORMAL_D06,12.00,0.7462,,MR60BHA2_breath_phase,safenest-node-01
276.4420,0.150000,S001,S001_NORMAL_D06,1,NORMAL_D06,12.00,0.7462,,MR60BHA2_breath_phase,safenest-node-01
276.5420,0.180000,S001,S001_NORMAL_D06,1,NORMAL_D06,12.00,0.7462,,MR60BHA2_breath_phase,safenest-node-01
276.6420,0.190000,S001,S001_NORMAL_D06,1,NORMAL_D06,12.00,0.7462,,MR60BHA2_breath_phase,safenest-node-01
276.7420,0.220000,S001,S001_NORMAL_D06,1,NORMAL_D06,12.00,0.7462,,MR60BHA2_breath_phase,safenest-node-01
276.8420,0.240000,S001,S001_NORMAL_D06,1,NORMAL_D06,12.00,0.7462,,MR60BHA2_breath_phase,safenest-node-01
276.9420,0.260000,S001,S001_NORMAL_D06,1,NORMAL_D06,12.00,0.7462,,MR60BHA2_breath_phase,safenest-node-01
277.0420,0.270000,S001,S001_NORMAL_D06,1,NORMAL_D06,12.00,0.7462,,MR60BHA2_breath_phase,safenest-node-01
277.1420,0.280000,S001,S001_NORMAL_D06,1,NORMAL_D06,12.00,0.7462,,MR60BHA2_breath_phase,safenest-node-01
277.2420,0.290000,S001,S001_NORMAL_D06,1,NORMAL_D06,11.00,0.7462,,MR60BHA2_breath_phase,safenest-node-01
277.3420,0.300000,S001,S001_NORMAL_D06,1,NORMAL_D06,10.00,0.7462,,MR60BHA2_breath_phase,safenest-node-01
277.4420,0.320000,S001,S001_NORMAL_D06,1,NORMAL_D06,10.00,0.7462,,MR60BHA2_breath_phase,safenest-node-01
277.5420,0.340000,S001,S001_NORMAL_D06,1,NORMAL_D06,9.00,0.7462,,MR60BHA2_breath_phase,safenest-node-01
277.6420,0.350000,S001,S001_NORMAL_D06,1,NORMAL_D06,9.00,0.7462,,MR60BHA2_breath_phase,safenest-node-01
277.7420,0.360000,S001,S001_NORMAL_D06,1,NORMAL_D06,9.00,0.7462,,MR60BHA2_breath_phase,safenest-node-01
277.8420,0.360000,S001,S001_NORMAL_D06,1,NORMAL_D06,9.00,0.7462,,MR60BHA2_breath_phase,safenest-node-01
277.9420,0.360000,S001,S001_NORMAL_D06,1,NORMAL_D06,8.00,0.7462,,MR60BHA2_breath_phase,safenest-node-01
278.0420,0.340000,S001,S001_NORMAL_D06,1,NORMAL_D06,8.00,0.7462,,MR60BHA2_breath_phase,safenest-node-01
278.1420,0.320000,S001,S001_NORMAL_D06,1,NORMAL_D06,8.00,0.7462,,MR60BHA2_breath_phase,safenest-node-01
278.2420,0.280000,S001,S001_NORMAL_D06,1,NORMAL_D06,7.00,0.7462,,MR60BHA2_breath_phase,safenest-node-01
278.3420,0.260000,S001,S001_NORMAL_D06,1,NORMAL_D06,7.00,0.7462,,MR60BHA2_breath_phase,safenest-node-01
278.4420,0.210000,S001,S001_NORMAL_D06,1,NORMAL_D06,7.00,0.7462,,MR60BHA2_breath_phase,safenest-node-01
278.5420,0.160000,S001,S001_NORMAL_D06,1,NORMAL_D06,6.00,0.7462,,MR60BHA2_breath_phase,safenest-node-01
278.6420,0.150000,S001,S001_NORMAL_D06,1,NORMAL_D06,6.00,0.7462,,MR60BHA2_breath_phase,safenest-node-01
278.7420,0.140000,S001,S001_NORMAL_D06,1,NORMAL_D06,6.00,0.7462,,MR60BHA2_breath_phase,safenest-node-01
278.8420,0.140000,S001,S001_NORMAL_D06,1,NORMAL_D06,6.00,0.7462,,MR60BHA2_breath_phase,safenest-node-01
278.9420,0.170000,S001,S001_NORMAL_D06,1,NORMAL_D06,5.00,0.7462,,MR60BHA2_breath_phase,safenest-node-01
279.0420,0.230000,S001,S001_NORMAL_D06,1,NORMAL_D06,5.00,0.7462,,MR60BHA2_breath_phase,safenest-node-01
279.1420,0.260000,S001,S001_NORMAL_D06,1,NORMAL_D06,5.00,0.7462,,MR60BHA2_breath_phase,safenest-node-01
279.2420,0.340000,S001,S001_NORMAL_D06,1,NORMAL_D06,5.00,0.7462,,MR60BHA2_breath_phase,safenest-node-01
279.3420,0.380000,S001,S001_NORMAL_D06,1,NORMAL_D06,5.00,0.7462,,MR60BHA2_breath_phase,safenest-node-01
279.4420,0.460000,S001,S001_NORMAL_D06,1,NORMAL_D06,4.00,0.7462,,MR60BHA2_breath_phase,safenest-node-01
279.5420,0.530000,S001,S001_NORMAL_D06,1,NORMAL_D06,4.00,0.7462,,MR60BHA2_breath_phase,safenest-node-01
279.6430,0.550000,S001,S001_NORMAL_D06,1,NORMAL_D06,4.00,0.7462,,MR60BHA2_breath_phase,safenest-node-01
279.7430,0.570000,S001,S001_NORMAL_D06,1,NORMAL_D06,4.00,0.7462,,MR60BHA2_breath_phase,safenest-node-01
279.8430,0.560000,S001,S001_NORMAL_D06,1,NORMAL_D06,4.00,0.7462,,MR60BHA2_breath_phase,safenest-node-01
279.9430,0.520000,S001,S001_NORMAL_D06,1,NORMAL_D06,4.00,0.7462,,MR60BHA2_breath_phase,safenest-node-01
280.0430,0.440000,S001,S001_NORMAL_D06,1,NORMAL_D06,3.00,0.7462,,MR60BHA2_breath_phase,safenest-node-01
280.1430,0.390000,S001,S001_NORMAL_D06,1,NORMAL_D06,3.00,0.7462,,MR60BHA2_breath_phase,safenest-node-01
280.2430,0.260000,S001,S001_NORMAL_D06,1,NORMAL_D06,3.00,0.7462,,MR60BHA2_breath_phase,safenest-node-01
280.3430,0.190000,S001,S001_NORMAL_D06,1,NORMAL_D06,3.00,0.7462,,MR60BHA2_breath_phase,safenest-node-01
280.4430,0.030000,S001,S001_NORMAL_D06,1,NORMAL_D06,3.00,0.7462,,MR60BHA2_breath_phase,safenest-node-01
280.5430,-0.140000,S001,S001_NORMAL_D06,1,NORMAL_D06,3.00,0.7462,,MR60BHA2_breath_phase,safenest-node-01
280.6440,-0.300000,S001,S001_NORMAL_D06,1,NORMAL_D06,3.00,0.7462,,MR60BHA2_breath_phase,safenest-node-01
280.7440,-0.390000,S001,S001_NORMAL_D06,1,NORMAL_D06,3.00,0.7462,,MR60BHA2_breath_phase,safenest-node-01
280.8440,-0.540000,S001,S001_NORMAL_D06,1,NORMAL_D06,2.00,0.7462,,MR60BHA2_breath_phase,safenest-node-01
280.9440,-0.610000,S001,S001_NORMAL_D06,1,NORMAL_D06,2.00,0.7462,,MR60BHA2_breath_phase,safenest-node-01
281.0440,-0.730000,S001,S001_NORMAL_D06,1,NORMAL_D06,2.00,0.7462,,MR60BHA2_breath_phase,safenest-node-01
281.1440,-0.810000,S001,S001_NORMAL_D06,1,NORMAL_D06,2.00,0.7462,,MR60BHA2_breath_phase,safenest-node-01
281.2440,-0.840000,S001,S001_NORMAL_D06,1,NORMAL_D06,2.00,0.7462,,MR60BHA2_breath_phase,safenest-node-01
281.3440,-0.860000,S001,S001_NORMAL_D06,1,NORMAL_D06,2.00,0.7462,,MR60BHA2_breath_phase,safenest-node-01
281.4440,-0.860000,S001,S001_NORMAL_D06,1,NORMAL_D06,2.00,0.7462,,MR60BHA2_breath_phase,safenest-node-01
281.5440,-0.830000,S001,S001_NORMAL_D06,1,NORMAL_D06,2.00,0.7462,,MR60BHA2_breath_phase,safenest-node-01
281.6440,-0.770000,S001,S001_NORMAL_D06,1,NORMAL_D06,2.00,0.7462,,MR60BHA2_breath_phase,safenest-node-01
281.7440,-0.730000,S001,S001_NORMAL_D06,1,NORMAL_D06,2.00,0.7462,,MR60BHA2_breath_phase,safenest-node-01
281.8440,-0.630000,S001,S001_NORMAL_D06,1,NORMAL_D06,2.00,0.7462,,MR60BHA2_breath_phase,safenest-node-01
281.9440,-0.580000,S001,S001_NORMAL_D06,1,NORMAL_D06,2.00,0.7462,,MR60BHA2_breath_phase,safenest-node-01
282.0440,-0.470000,S001,S001_NORMAL_D06,1,NORMAL_D06,1.00,0.7462,,MR60BHA2_breath_phase,safenest-node-01
282.1440,-0.350000,S001,S001_NORMAL_D06,1,NORMAL_D06,1.00,0.7462,,MR60BHA2_breath_phase,safenest-node-01
282.2450,-0.300000,S001,S001_NORMAL_D06,1,NORMAL_D06,1.00,0.7462,,MR60BHA2_breath_phase,safenest-node-01
282.3450,-0.200000,S001,S001_NORMAL_D06,1,NORMAL_D06,1.00,0.7462,,MR60BHA2_breath_phase,safenest-node-01
282.4450,-0.160000,S001,S001_NORMAL_D06,1,NORMAL_D06,1.00,0.7462,,MR60BHA2_breath_phase,safenest-node-01
282.5450,-0.080000,S001,S001_NORMAL_D06,1,NORMAL_D06,1.00,0.7462,,MR60BHA2_breath_phase,safenest-node-01
282.6450,-0.030000,S001,S001_NORMAL_D06,1,NORMAL_D06,1.00,0.7462,,MR60BHA2_breath_phase,safenest-node-01
282.7450,-0.020000,S001,S001_NORMAL_D06,1,NORMAL_D06,1.00,0.7462,,MR60BHA2_breath_phase,safenest-node-01
282.8450,0.000000,S001,S001_NORMAL_D06,1,NORMAL_D06,1.00,0.7462,,MR60BHA2_breath_phase,safenest-node-01
282.9450,0.010000,S001,S001_NORMAL_D06,1,NORMAL_D06,1.00,0.7462,,MR60BHA2_breath_phase,safenest-node-01
283.0450,0.010000,S001,S001_NORMAL_D06,1,NORMAL_D06,1.00,0.7462,,MR60BHA2_breath_phase,safenest-node-01
283.1450,-0.010000,S001,S001_NORMAL_D06,1,NORMAL_D06,1.00,0.7462,,MR60BHA2_breath_phase,safenest-node-01
283.2460,-0.020000,S001,S001_NORMAL_D06,1,NORMAL_D06,1.00,0.7462,,MR60BHA2_breath_phase,safenest-node-01
283.3460,-0.040000,S001,S001_NORMAL_D06,1,NORMAL_D06,1.00,0.7462,,MR60BHA2_breath_phase,safenest-node-01
283.4460,-0.050000,S001,S001_NORMAL_D06,1,NORMAL_D06,1.00,0.7462,,MR60BHA2_breath_phase,safenest-node-01
283.5460,-0.070000,S001,S001_NORMAL_D06,1,NORMAL_D06,1.00,0.7462,,MR60BHA2_breath_phase,safenest-node-01
283.6460,-0.090000,S001,S001_NORMAL_D06,1,NORMAL_D06,1.00,0.7462,,MR60BHA2_breath_phase,safenest-node-01
283.7470,-0.090000,S001,S001_NORMAL_D06,1,NORMAL_D06,1.00,0.7462,,MR60BHA2_breath_phase,safenest-node-01
283.8470,-0.080000,S001,S001_NORMAL_D06,1,NORMAL_D06,1.00,0.7462,,MR60BHA2_breath_phase,safenest-node-01
283.9480,-0.060000,S001,S001_NORMAL_D06,1,NORMAL_D06,1.00,0.7462,,MR60BHA2_breath_phase,safenest-node-01
284.0480,-0.050000,S001,S001_NORMAL_D06,1,NORMAL_D06,1.00,0.7462,,MR60BHA2_breath_phase,safenest-node-01
284.1480,-0.010000,S001,S001_NORMAL_D06,1,NORMAL_D06,1.00,0.7462,,MR60BHA2_breath_phase,safenest-node-01
284.2490,0.030000,S001,S001_NORMAL_D06,1,NORMAL_D06,1.00,0.7462,,MR60BHA2_breath_phase,safenest-node-01
284.3490,0.060000,S001,S001_NORMAL_D06,1,NORMAL_D06,1.00,0.7462,,MR60BHA2_breath_phase,safenest-node-01
284.4490,0.100000,S001,S001_NORMAL_D06,1,NORMAL_D06,1.00,0.7462,,MR60BHA2_breath_phase,safenest-node-01
284.5490,0.120000,S001,S001_NORMAL_D06,1,NORMAL_D06,1.00,0.7462,,MR60BHA2_breath_phase,safenest-node-01
284.6490,0.150000,S001,S001_NORMAL_D06,1,NORMAL_D06,1.00,0.7462,,MR60BHA2_breath_phase,safenest-node-01
284.7490,0.170000,S001,S001_NORMAL_D06,1,NORMAL_D06,,0.7462,,MR60BHA2_breath_phase,safenest-node-01
284.8490,0.180000,S001,S001_NORMAL_D06,1,NORMAL_D06,,0.7462,,MR60BHA2_breath_phase,safenest-node-01
284.9490,0.190000,S001,S001_NORMAL_D06,1,NORMAL_D06,,0.7462,,MR60BHA2_breath_phase,safenest-node-01
285.0490,0.200000,S001,S001_NORMAL_D06,1,NORMAL_D06,,0.7462,,MR60BHA2_breath_phase,safenest-node-01
285.1490,0.200000,S001,S001_NORMAL_D06,1,NORMAL_D06,,0.7462,,MR60BHA2_breath_phase,safenest-node-01
285.2490,0.210000,S001,S001_NORMAL_D06,1,NORMAL_D06,,0.7462,,MR60BHA2_breath_phase,safenest-node-01
285.3490,0.210000,S001,S001_NORMAL_D06,1,NORMAL_D06,,0.7462,,MR60BHA2_breath_phase,safenest-node-01
285.4490,0.210000,S001,S001_NORMAL_D06,1,NORMAL_D06,,0.7462,,MR60BHA2_breath_phase,safenest-node-01
285.5490,0.220000,S001,S001_NORMAL_D06,1,NORMAL_D06,1.00,0.7462,,MR60BHA2_breath_phase,safenest-node-01
285.6490,0.220000,S001,S001_NORMAL_D06,1,NORMAL_D06,2.00,0.7462,,MR60BHA2_breath_phase,safenest-node-01
285.7490,0.220000,S001,S001_NORMAL_D06,1,NORMAL_D06,2.00,0.7462,,MR60BHA2_breath_phase,safenest-node-01
285.8490,0.230000,S001,S001_NORMAL_D06,1,NORMAL_D06,2.00,0.7462,,MR60BHA2_breath_phase,safenest-node-01
285.9490,0.240000,S001,S001_NORMAL_D06,1,NORMAL_D06,3.00,0.7462,,MR60BHA2_breath_phase,safenest-node-01
286.0490,0.240000,S001,S001_NORMAL_D06,1,NORMAL_D06,3.00,0.7462,,MR60BHA2_breath_phase,safenest-node-01
286.1490,0.270000,S001,S001_NORMAL_D06,1,NORMAL_D06,4.00,0.7462,,MR60BHA2_breath_phase,safenest-node-01
286.2490,0.300000,S001,S001_NORMAL_D06,1,NORMAL_D06,5.00,0.7462,,MR60BHA2_breath_phase,safenest-node-01
286.3490,0.310000,S001,S001_NORMAL_D06,1,NORMAL_D06,5.00,0.7462,,MR60BHA2_breath_phase,safenest-node-01
286.4490,0.350000,S001,S001_NORMAL_D06,1,NORMAL_D06,4.00,0.7462,,MR60BHA2_breath_phase,safenest-node-01
286.5490,0.370000,S001,S001_NORMAL_D06,1,NORMAL_D06,4.00,0.7462,,MR60BHA2_breath_phase,safenest-node-01
286.6490,0.410000,S001,S001_NORMAL_D06,1,NORMAL_D06,4.00,0.7462,,MR60BHA2_breath_phase,safenest-node-01
286.7490,0.430000,S001,S001_NORMAL_D06,1,NORMAL_D06,4.00,0.7462,,MR60BHA2_breath_phase,safenest-node-01
286.8500,0.440000,S001,S001_NORMAL_D06,1,NORMAL_D06,4.00,0.7462,,MR60BHA2_breath_phase,safenest-node-01
286.9500,0.430000,S001,S001_NORMAL_D06,1,NORMAL_D06,3.00,0.7462,,MR60BHA2_breath_phase,safenest-node-01
287.0500,0.420000,S001,S001_NORMAL_D06,1,NORMAL_D06,3.00,0.7462,,MR60BHA2_breath_phase,safenest-node-01
287.1500,0.360000,S001,S001_NORMAL_D06,1,NORMAL_D06,3.00,0.7462,,MR60BHA2_breath_phase,safenest-node-01
287.2500,0.260000,S001,S001_NORMAL_D06,1,NORMAL_D06,3.00,0.7462,,MR60BHA2_breath_phase,safenest-node-01
287.3500,0.140000,S001,S001_NORMAL_D06,1,NORMAL_D06,3.00,0.6888,,MR60BHA2_breath_phase,safenest-node-01
287.4500,0.070000,S001,S001_NORMAL_D06,1,NORMAL_D06,3.00,0.6888,,MR60BHA2_breath_phase,safenest-node-01
287.5500,-0.080000,S001,S001_NORMAL_D06,1,NORMAL_D06,3.00,0.6888,,MR60BHA2_breath_phase,safenest-node-01
287.6500,-0.160000,S001,S001_NORMAL_D06,1,NORMAL_D06,3.00,0.6888,,MR60BHA2_breath_phase,safenest-node-01
287.7500,-0.310000,S001,S001_NORMAL_D06,1,NORMAL_D06,2.00,0.6888,,MR60BHA2_breath_phase,safenest-node-01
287.8500,-0.440000,S001,S001_NORMAL_D06,1,NORMAL_D06,2.00,0.6888,,MR60BHA2_breath_phase,safenest-node-01
287.9500,-0.500000,S001,S001_NORMAL_D06,1,NORMAL_D06,2.00,0.6888,,MR60BHA2_breath_phase,safenest-node-01
288.0500,-0.580000,S001,S001_NORMAL_D06,1,NORMAL_D06,2.00,0.6888,,MR60BHA2_breath_phase,safenest-node-01
288.1500,-0.610000,S001,S001_NORMAL_D06,1,NORMAL_D06,2.00,0.7462,,MR60BHA2_breath_phase,safenest-node-01
288.2500,-0.630000,S001,S001_NORMAL_D06,1,NORMAL_D06,2.00,0.7462,,MR60BHA2_breath_phase,safenest-node-01
288.3500,-0.610000,S001,S001_NORMAL_D06,1,NORMAL_D06,2.00,0.7462,,MR60BHA2_breath_phase,safenest-node-01
288.4500,-0.580000,S001,S001_NORMAL_D06,1,NORMAL_D06,2.00,0.7462,,MR60BHA2_breath_phase,safenest-node-01
288.5500,-0.490000,S001,S001_NORMAL_D06,1,NORMAL_D06,2.00,0.7462,,MR60BHA2_breath_phase,safenest-node-01
288.6500,-0.430000,S001,S001_NORMAL_D06,1,NORMAL_D06,2.00,0.7462,,MR60BHA2_breath_phase,safenest-node-01
288.7500,-0.300000,S001,S001_NORMAL_D06,1,NORMAL_D06,2.00,0.7462,,MR60BHA2_breath_phase,safenest-node-01
288.8500,-0.150000,S001,S001_NORMAL_D06,1,NORMAL_D06,2.00,0.7462,,MR60BHA2_breath_phase,safenest-node-01
288.9500,-0.070000,S001,S001_NORMAL_D06,1,NORMAL_D06,2.00,0.7462,,MR60BHA2_breath_phase,safenest-node-01
289.0500,0.070000,S001,S001_NORMAL_D06,1,NORMAL_D06,1.00,0.7462,,MR60BHA2_breath_phase,safenest-node-01
289.1500,0.140000,S001,S001_NORMAL_D06,1,NORMAL_D06,1.00,0.7462,,MR60BHA2_breath_phase,safenest-node-01
289.2500,0.260000,S001,S001_NORMAL_D06,1,NORMAL_D06,1.00,0.7462,,MR60BHA2_breath_phase,safenest-node-01
289.3500,0.360000,S001,S001_NORMAL_D06,1,NORMAL_D06,1.00,0.7462,,MR60BHA2_breath_phase,safenest-node-01
289.4500,0.400000,S001,S001_NORMAL_D06,1,NORMAL_D06,1.00,0.7462,,MR60BHA2_breath_phase,safenest-node-01
289.5500,0.450000,S001,S001_NORMAL_D06,1,NORMAL_D06,1.00,0.7462,,MR60BHA2_breath_phase,safenest-node-01
289.6500,0.460000,S001,S001_NORMAL_D06,1,NORMAL_D06,2.00,0.7462,,MR60BHA2_breath_phase,safenest-node-01
289.7500,0.460000,S001,S001_NORMAL_D06,1,NORMAL_D06,3.00,0.7462,,MR60BHA2_breath_phase,safenest-node-01
289.8500,0.430000,S001,S001_NORMAL_D06,1,NORMAL_D06,4.00,0.7462,,MR60BHA2_breath_phase,safenest-node-01
289.9500,0.400000,S001,S001_NORMAL_D06,1,NORMAL_D06,4.00,0.7462,,MR60BHA2_breath_phase,safenest-node-01
290.0500,0.320000,S001,S001_NORMAL_D06,1,NORMAL_D06,5.00,0.7462,,MR60BHA2_breath_phase,safenest-node-01
290.1500,0.270000,S001,S001_NORMAL_D06,1,NORMAL_D06,6.00,0.7462,,MR60BHA2_breath_phase,safenest-node-01
290.2500,0.150000,S001,S001_NORMAL_D06,1,NORMAL_D06,7.00,0.7462,,MR60BHA2_breath_phase,safenest-node-01
290.3500,0.030000,S001,S001_NORMAL_D06,1,NORMAL_D06,7.00,0.7462,,MR60BHA2_breath_phase,safenest-node-01
290.4500,-0.090000,S001,S001_NORMAL_D06,1,NORMAL_D06,8.00,0.7462,,MR60BHA2_breath_phase,safenest-node-01
290.5500,-0.150000,S001,S001_NORMAL_D06,1,NORMAL_D06,8.00,0.7462,,MR60BHA2_breath_phase,safenest-node-01
290.6500,-0.200000,S001,S001_NORMAL_D06,1,NORMAL_D06,9.00,0.7462,,MR60BHA2_breath_phase,safenest-node-01
290.7500,-0.290000,S001,S001_NORMAL_D06,1,NORMAL_D06,9.00,0.7462,,MR60BHA2_breath_phase,safenest-node-01
290.8500,-0.360000,S001,S001_NORMAL_D06,1,NORMAL_D06,10.00,0.7462,,MR60BHA2_breath_phase,safenest-node-01
290.9500,-0.410000,S001,S001_NORMAL_D06,1,NORMAL_D06,10.00,0.7462,,MR60BHA2_breath_phase,safenest-node-01
291.0500,-0.420000,S001,S001_NORMAL_D06,1,NORMAL_D06,10.00,0.7462,,MR60BHA2_breath_phase,safenest-node-01
291.1500,-0.420000,S001,S001_NORMAL_D06,1,NORMAL_D06,11.00,0.7462,,MR60BHA2_breath_phase,safenest-node-01
291.2500,-0.410000,S001,S001_NORMAL_D06,1,NORMAL_D06,12.00,0.7462,,MR60BHA2_breath_phase,safenest-node-01
291.3500,-0.370000,S001,S001_NORMAL_D06,1,NORMAL_D06,13.00,0.7462,,MR60BHA2_breath_phase,safenest-node-01
291.4500,-0.320000,S001,S001_NORMAL_D06,1,NORMAL_D06,14.00,0.7462,,MR60BHA2_breath_phase,safenest-node-01
291.5500,-0.280000,S001,S001_NORMAL_D06,1,NORMAL_D06,14.00,0.7462,,MR60BHA2_breath_phase,safenest-node-01
291.6500,-0.210000,S001,S001_NORMAL_D06,1,NORMAL_D06,14.00,0.7462,,MR60BHA2_breath_phase,safenest-node-01
291.7500,-0.170000,S001,S001_NORMAL_D06,1,NORMAL_D06,15.00,0.7462,,MR60BHA2_breath_phase,safenest-node-01
291.8500,-0.100000,S001,S001_NORMAL_D06,1,NORMAL_D06,15.00,0.7462,,MR60BHA2_breath_phase,safenest-node-01
291.9500,-0.020000,S001,S001_NORMAL_D06,1,NORMAL_D06,16.00,0.7462,,MR60BHA2_breath_phase,safenest-node-01
292.0500,0.010000,S001,S001_NORMAL_D06,1,NORMAL_D06,16.00,0.7462,,MR60BHA2_breath_phase,safenest-node-01
292.1500,0.070000,S001,S001_NORMAL_D06,1,NORMAL_D06,16.00,0.7462,,MR60BHA2_breath_phase,safenest-node-01
292.2500,0.090000,S001,S001_NORMAL_D06,1,NORMAL_D06,16.00,0.7462,,MR60BHA2_breath_phase,safenest-node-01
292.3500,0.120000,S001,S001_NORMAL_D06,1,NORMAL_D06,17.00,0.7462,,MR60BHA2_breath_phase,safenest-node-01
292.4500,0.120000,S001,S001_NORMAL_D06,1,NORMAL_D06,17.00,0.7462,,MR60BHA2_breath_phase,safenest-node-01
292.5500,0.120000,S001,S001_NORMAL_D06,1,NORMAL_D06,17.00,0.7462,,MR60BHA2_breath_phase,safenest-node-01
292.6500,0.100000,S001,S001_NORMAL_D06,1,NORMAL_D06,17.00,0.7462,,MR60BHA2_breath_phase,safenest-node-01
292.7500,0.090000,S001,S001_NORMAL_D06,1,NORMAL_D06,18.00,0.7462,,MR60BHA2_breath_phase,safenest-node-01
292.8500,0.060000,S001,S001_NORMAL_D06,1,NORMAL_D06,18.00,0.7462,,MR60BHA2_breath_phase,safenest-node-01
292.9500,0.040000,S001,S001_NORMAL_D06,1,NORMAL_D06,18.00,0.7462,,MR60BHA2_breath_phase,safenest-node-01
293.0500,0.030000,S001,S001_NORMAL_D06,1,NORMAL_D06,18.00,0.7462,,MR60BHA2_breath_phase,safenest-node-01
293.1500,0.020000,S001,S001_NORMAL_D06,1,NORMAL_D06,18.00,0.7462,,MR60BHA2_breath_phase,safenest-node-01
293.2500,0.020000,S001,S001_NORMAL_D06,1,NORMAL_D06,19.00,0.7462,,MR60BHA2_breath_phase,safenest-node-01
293.3500,0.020000,S001,S001_NORMAL_D06,1,NORMAL_D06,19.00,0.7462,,MR60BHA2_breath_phase,safenest-node-01
293.4500,0.030000,S001,S001_NORMAL_D06,1,NORMAL_D06,19.00,0.7462,,MR60BHA2_breath_phase,safenest-node-01
293.5500,0.030000,S001,S001_NORMAL_D06,1,NORMAL_D06,19.00,0.7462,,MR60BHA2_breath_phase,safenest-node-01
293.6500,0.030000,S001,S001_NORMAL_D06,1,NORMAL_D06,19.00,0.7462,,MR60BHA2_breath_phase,safenest-node-01
293.7500,0.030000,S001,S001_NORMAL_D06,1,NORMAL_D06,20.00,0.7462,,MR60BHA2_breath_phase,safenest-node-01
293.8500,0.020000,S001,S001_NORMAL_D06,1,NORMAL_D06,20.00,0.7462,,MR60BHA2_breath_phase,safenest-node-01
293.9500,0.010000,S001,S001_NORMAL_D06,1,NORMAL_D06,20.00,0.7462,,MR60BHA2_breath_phase,safenest-node-01
294.0500,0.000000,S001,S001_NORMAL_D06,1,NORMAL_D06,20.00,0.7462,,MR60BHA2_breath_phase,safenest-node-01
294.1500,-0.010000,S001,S001_NORMAL_D06,1,NORMAL_D06,20.00,0.7462,,MR60BHA2_breath_phase,safenest-node-01
294.2500,-0.010000,S001,S001_NORMAL_D06,1,NORMAL_D06,20.00,0.7462,,MR60BHA2_breath_phase,safenest-node-01
294.3500,-0.010000,S001,S001_NORMAL_D06,1,NORMAL_D06,20.00,0.7462,,MR60BHA2_breath_phase,safenest-node-01
294.4500,0.000000,S001,S001_NORMAL_D06,1,NORMAL_D06,21.00,0.7462,,MR60BHA2_breath_phase,safenest-node-01
294.5500,0.020000,S001,S001_NORMAL_D06,1,NORMAL_D06,21.00,0.7462,,MR60BHA2_breath_phase,safenest-node-01
294.6500,0.030000,S001,S001_NORMAL_D06,1,NORMAL_D06,21.00,0.7462,,MR60BHA2_breath_phase,safenest-node-01
294.7500,0.060000,S001,S001_NORMAL_D06,1,NORMAL_D06,21.00,0.7462,,MR60BHA2_breath_phase,safenest-node-01
294.8500,0.070000,S001,S001_NORMAL_D06,1,NORMAL_D06,21.00,0.7462,,MR60BHA2_breath_phase,safenest-node-01
294.9500,0.100000,S001,S001_NORMAL_D06,1,NORMAL_D06,22.00,0.7462,,MR60BHA2_breath_phase,safenest-node-01
295.0500,0.120000,S001,S001_NORMAL_D06,1,NORMAL_D06,22.00,0.7462,,MR60BHA2_breath_phase,safenest-node-01
295.1500,0.130000,S001,S001_NORMAL_D06,1,NORMAL_D06,22.00,0.7462,,MR60BHA2_breath_phase,safenest-node-01
295.2500,0.140000,S001,S001_NORMAL_D06,1,NORMAL_D06,22.00,0.7462,,MR60BHA2_breath_phase,safenest-node-01
295.3500,0.150000,S001,S001_NORMAL_D06,1,NORMAL_D06,22.00,0.7462,,MR60BHA2_breath_phase,safenest-node-01
295.4500,0.150000,S001,S001_NORMAL_D06,1,NORMAL_D06,22.00,0.7462,,MR60BHA2_breath_phase,safenest-node-01
295.5500,0.140000,S001,S001_NORMAL_D06,1,NORMAL_D06,22.00,0.7462,,MR60BHA2_breath_phase,safenest-node-01
295.6500,0.140000,S001,S001_NORMAL_D06,1,NORMAL_D06,22.00,0.7462,,MR60BHA2_breath_phase,safenest-node-01
295.7500,0.130000,S001,S001_NORMAL_D06,1,NORMAL_D06,22.00,0.7462,,MR60BHA2_breath_phase,safenest-node-01
295.8500,0.120000,S001,S001_NORMAL_D06,1,NORMAL_D06,22.00,0.6888,,MR60BHA2_breath_phase,safenest-node-01
295.9500,0.100000,S001,S001_NORMAL_D06,1,NORMAL_D06,22.00,0.6888,,MR60BHA2_breath_phase,safenest-node-01
296.0500,0.080000,S001,S001_NORMAL_D06,1,NORMAL_D06,22.00,0.6888,,MR60BHA2_breath_phase,safenest-node-01
296.1500,0.070000,S001,S001_NORMAL_D06,1,NORMAL_D06,22.00,0.6888,,MR60BHA2_breath_phase,safenest-node-01
296.2500,0.050000,S001,S001_NORMAL_D06,1,NORMAL_D06,23.00,0.6888,,MR60BHA2_breath_phase,safenest-node-01
296.3500,0.040000,S001,S001_NORMAL_D06,1,NORMAL_D06,23.00,0.6888,,MR60BHA2_breath_phase,safenest-node-01
296.4500,0.020000,S001,S001_NORMAL_D06,1,NORMAL_D06,23.00,0.6888,,MR60BHA2_breath_phase,safenest-node-01
296.5500,0.000000,S001,S001_NORMAL_D06,1,NORMAL_D06,23.00,0.6888,,MR60BHA2_breath_phase,safenest-node-01
296.6500,-0.020000,S001,S001_NORMAL_D06,1,NORMAL_D06,23.00,0.6888,,MR60BHA2_breath_phase,safenest-node-01
296.7500,-0.020000,S001,S001_NORMAL_D06,1,NORMAL_D06,23.00,0.6888,,MR60BHA2_breath_phase,safenest-node-01
296.8500,-0.030000,S001,S001_NORMAL_D06,1,NORMAL_D06,23.00,0.6888,,MR60BHA2_breath_phase,safenest-node-01
296.9500,-0.050000,S001,S001_NORMAL_D06,1,NORMAL_D06,23.00,0.6888,,MR60BHA2_breath_phase,safenest-node-01
297.0500,-0.060000,S001,S001_NORMAL_D06,1,NORMAL_D06,23.00,0.6888,,MR60BHA2_breath_phase,safenest-node-01
297.1500,-0.080000,S001,S001_NORMAL_D06,1,NORMAL_D06,23.00,0.6888,,MR60BHA2_breath_phase,safenest-node-01
297.2500,-0.090000,S001,S001_NORMAL_D06,1,NORMAL_D06,23.00,0.6888,,MR60BHA2_breath_phase,safenest-node-01
297.3500,-0.100000,S001,S001_NORMAL_D06,1,NORMAL_D06,23.00,0.6888,,MR60BHA2_breath_phase,safenest-node-01
297.4500,-0.110000,S001,S001_NORMAL_D06,1,NORMAL_D06,23.00,0.6888,,MR60BHA2_breath_phase,safenest-node-01
297.5500,-0.110000,S001,S001_NORMAL_D06,1,NORMAL_D06,23.00,0.6888,,MR60BHA2_breath_phase,safenest-node-01
297.6500,-0.110000,S001,S001_NORMAL_D06,1,NORMAL_D06,23.00,0.6888,,MR60BHA2_breath_phase,safenest-node-01
297.7500,-0.110000,S001,S001_NORMAL_D06,1,NORMAL_D06,23.00,0.6888,,MR60BHA2_breath_phase,safenest-node-01
297.8500,-0.090000,S001,S001_NORMAL_D06,1,NORMAL_D06,23.00,0.6888,,MR60BHA2_breath_phase,safenest-node-01
297.9500,-0.080000,S001,S001_NORMAL_D06,1,NORMAL_D06,23.00,0.7462,,MR60BHA2_breath_phase,safenest-node-01
298.0500,-0.060000,S001,S001_NORMAL_D06,1,NORMAL_D06,22.00,0.7462,,MR60BHA2_breath_phase,safenest-node-01
298.1500,-0.020000,S001,S001_NORMAL_D06,1,NORMAL_D06,21.00,0.7462,,MR60BHA2_breath_phase,safenest-node-01
298.2500,-0.000000,S001,S001_NORMAL_D06,1,NORMAL_D06,21.00,0.7462,,MR60BHA2_breath_phase,safenest-node-01
298.3500,0.040000,S001,S001_NORMAL_D06,1,NORMAL_D06,20.00,0.7462,,MR60BHA2_breath_phase,safenest-node-01
298.4500,0.060000,S001,S001_NORMAL_D06,1,NORMAL_D06,19.00,0.7462,,MR60BHA2_breath_phase,safenest-node-01
298.5500,0.110000,S001,S001_NORMAL_D06,1,NORMAL_D06,19.00,0.7462,,MR60BHA2_breath_phase,safenest-node-01
298.6500,0.150000,S001,S001_NORMAL_D06,1,NORMAL_D06,19.00,0.7462,,MR60BHA2_breath_phase,safenest-node-01
298.7500,0.170000,S001,S001_NORMAL_D06,1,NORMAL_D06,19.00,0.7462,,MR60BHA2_breath_phase,safenest-node-01
298.8500,0.190000,S001,S001_NORMAL_D06,1,NORMAL_D06,19.00,0.7462,,MR60BHA2_breath_phase,safenest-node-01
298.9500,0.190000,S001,S001_NORMAL_D06,1,NORMAL_D06,20.00,0.7462,,MR60BHA2_breath_phase,safenest-node-01
299.0500,0.180000,S001,S001_NORMAL_D06,1,NORMAL_D06,20.00,0.7462,,MR60BHA2_breath_phase,safenest-node-01
299.1500,0.140000,S001,S001_NORMAL_D06,1,NORMAL_D06,20.00,0.7462,,MR60BHA2_breath_phase,safenest-node-01
299.2500,0.110000,S001,S001_NORMAL_D06,1,NORMAL_D06,20.00,0.7462,,MR60BHA2_breath_phase,safenest-node-01
299.3500,0.040000,S001,S001_NORMAL_D06,1,NORMAL_D06,20.00,0.7462,,MR60BHA2_breath_phase,safenest-node-01
299.4500,-0.000000,S001,S001_NORMAL_D06,1,NORMAL_D06,20.00,0.7462,,MR60BHA2_breath_phase,safenest-node-01
299.5500,-0.100000,S001,S001_NORMAL_D06,1,NORMAL_D06,21.00,0.7462,,MR60BHA2_breath_phase,safenest-node-01
299.6500,-0.200000,S001,S001_NORMAL_D06,1,NORMAL_D06,21.00,0.7462,,MR60BHA2_breath_phase,safenest-node-01
299.7510,-0.290000,S001,S001_NORMAL_D06,1,NORMAL_D06,21.00,0.7462,,MR60BHA2_breath_phase,safenest-node-01
299.8510,-0.330000,S001,S001_NORMAL_D06,1,NORMAL_D06,21.00,0.7462,,MR60BHA2_breath_phase,safenest-node-01
