timestamp_s,resp_phase,subject_id,session_id,presence,label,breath_rpm,range_m,quality,signal_source,device_id
0.0000,0.000000,S001,S001_BREATH_PACED_20_04,1,BREATH_PACED_20,20.00,0.8610,,MR60BHA2_breath_phase,safenest-node-01
0.1000,-0.020000,S001,S001_BREATH_PACED_20_04,1,BREATH_PACED_20,21.00,0.8610,,MR60BHA2_breath_phase,safenest-node-01
0.2000,-0.030000,S001,S001_BREATH_PACED_20_04,1,BREATH_PACED_20,21.00,0.8610,,MR60BHA2_breath_phase,safenest-node-01
0.3000,-0.040000,S001,S001_BREATH_PACED_20_04,1,BREATH_PACED_20,21.00,0.8610,,MR60BHA2_breath_phase,safenest-node-01
0.4000,-0.040000,S001,S001_BREATH_PACED_20_04,1,BREATH_PACED_20,21.00,0.8610,,MR60BHA2_breath_phase,safenest-node-01
0.5010,-0.030000,S001,S001_BREATH_PACED_20_04,1,BREATH_PACED_20,21.00,0.8610,,MR60BHA2_breath_phase,safenest-node-01
0.6010,-0.030000,S001,S001_BREATH_PACED_20_04,1,BREATH_PACED_20,21.00,0.8610,,MR60BHA2_breath_phase,safenest-node-01
0.7010,-0.000000,S001,S001_BREATH_PACED_20_04,1,BREATH_PACED_20,21.00,0.8610,,MR60BHA2_breath_phase,safenest-node-01
0.8010,0.030000,S001,S001_BREATH_PACED_20_04,1,BREATH_PACED_20,20.00,0.8610,,MR60BHA2_breath_phase,safenest-node-01
0.9010,0.050000,S001,S001_BREATH_PACED_20_04,1,BREATH_PACED_20,20.00,0.8610,,MR60BHA2_breath_phase,safenest-node-01
1.0010,0.100000,S001,S001_BREATH_PACED_20_04,1,BREATH_PACED_20,20.00,0.8610,,MR60BHA2_breath_phase,safenest-node-01
1.1010,0.160000,S001,S001_BREATH_PACED_20_04,1,BREATH_PACED_20,20.00,0.8610,,MR60BHA2_breath_phase,safenest-node-01
1.2010,0.190000,S001,S001_BREATH_PACED_20_04,1,BREATH_PACED_20,20.00,0.8610,,MR60BHA2_breath_phase,safenest-node-01
1.3010,0.240000,S001,S001_BREATH_PACED_20_04,1,BREATH_PACED_20,20.00,0.8610,,MR60BHA2_breath_phase,safenest-node-01
1.4010,0.290000,S001,S001_BREATH_PACED_20_04,1,BREATH_PACED_20,20.00,0.8610,,MR60BHA2_breath_phase,safenest-node-01
1.5020,0.310000,S001,S001_BREATH_PACED_20_04,1,BREATH_PACED_20,20.00,0.8610,,MR60BHA2_breath_phase,safenest-node-01
1.6020,0.340000,S001,S001_BREATH_PACED_20_04,1,BREATH_PACED_20,20.00,0.8610,,MR60BHA2_breath_phase,safenest-node-01
1.7020,0.340000,S001,S001_BREATH_PACED_20_04,1,BREATH_PACED_20,20.00,0.8610,,MR60BHA2_breath_phase,safenest-node-01
1.8020,0.340000,S001,S001_BREATH_PACED_20_04,1,BREATH_PACED_20,20.00,0.8610,,MR60BHA2_breath_phase,safenest-node-01
1.9020,0.320000,S001,S001_BREATH_PACED_20_04,1,BREATH_PACED_20,20.00,0.8610,,MR60BHA2_breath_phase,safenest-node-01
2.0020,0.280000,S001,S001_BREATH_PACED_20_04,1,BREATH_PACED_20,20.00,0.8610,,MR60BHA2_breath_phase,safenest-node-01
2.1020,0.260000,S001,S001_BREATH_PACED_20_04,1,BREATH_PACED_20,20.00,0.8610,,MR60BHA2_breath_phase,safenest-node-01
2.2020,0.200000,S001,S001_BREATH_PACED_20_04,1,BREATH_PACED_20,21.00,0.8610,,MR60BHA2_breath_phase,safenest-node-01
2.3020,0.160000,S001,S001_BREATH_PACED_20_04,1,BREATH_PACED_20,21.00,0.8610,,MR60BHA2_breath_phase,safenest-node-01
2.4020,0.090000,S001,S001_BREATH_PACED_20_04,1,BREATH_PACED_20,21.00,0.8610,,MR60BHA2_breath_phase,safenest-node-01
2.5020,0.010000,S001,S001_BREATH_PACED_20_04,1,BREATH_PACED_20,21.00,0.8610,,MR60BHA2_breath_phase,safenest-node-01
2.6020,-0.070000,S001,S001_BREATH_PACED_20_04,1,BREATH_PACED_20,21.00,0.8610,,MR60BHA2_breath_phase,safenest-node-01
2.7020,-0.110000,S001,S001_BREATH_PACED_20_04,1,BREATH_PACED_20,21.00,0.8610,,MR60BHA2_breath_phase,safenest-node-01
2.8020,-0.180000,S001,S001_BREATH_PACED_20_04,1,BREATH_PACED_20,21.00,0.8610,,MR60BHA2_breath_phase,safenest-node-01
2.9020,-0.210000,S001,S001_BREATH_PACED_20_04,1,BREATH_PACED_20,21.00,0.8610,,MR60BHA2_breath_phase,safenest-node-01
3.0020,-0.270000,S001,S001_BREATH_PACED_20_04,1,BREATH_PACED_20,21.00,0.8610,,MR60BHA2_breath_phase,safenest-node-01
3.1020,-0.310000,S001,S001_BREATH_PACED_20_04,1,BREATH_PACED_20,22.00,0.8610,,MR60BHA2_breath_phase,safenest-node-01
3.2020,-0.330000,S001,S001_BREATH_PACED_20_04,1,BREATH_PACED_20,22.00,0.8610,,MR60BHA2_breath_phase,safenest-node-01
3.3020,-0.340000,S001,S001_BREATH_PACED_20_04,1,BREATH_PACED_20,22.00,0.8610,,MR60BHA2_breath_phase,safenest-node-01
3.4020,-0.340000,S001,S001_BREATH_PACED_20_04,1,BREATH_PACED_20,22.00,0.8610,,MR60BHA2_breath_phase,safenest-node-01
3.5020,-0.330000,S001,S001_BREATH_PACED_20_04,1,BREATH_PACED_20,22.00,0.8610,,MR60BHA2_breath_phase,safenest-node-01
3.6020,-0.300000,S001,S001_BREATH_PACED_20_04,1,BREATH_PACED_20,22.00,0.8610,,MR60BHA2_breath_phase,safenest-node-01
3.7020,-0.260000,S001,S001_BREATH_PACED_20_04,1,BREATH_PACED_20,22.00,0.8610,,MR60BHA2_breath_phase,safenest-node-01
3.8030,-0.210000,S001,S001_BREATH_PACED_20_04,1,BREATH_PACED_20,22.00,0.8610,,MR60BHA2_breath_phase,safenest-node-01
3.9030,-0.180000,S001,S001_BREATH_PACED_20_04,1,BREATH_PACED_20,22.00,0.8610,,MR60BHA2_breath_phase,safenest-node-01
4.0030,-0.130000,S001,S001_BREATH_PACED_20_04,1,BREATH_PACED_20,22.00,0.8610,,MR60BHA2_breath_phase,safenest-node-01
4.1030,-0.100000,S001,S001_BREATH_PACED_20_04,1,BREATH_PACED_20,22.00,0.8610,,MR60BHA2_breath_phase,safenest-node-01
4.2030,-0.050000,S001,S001_BREATH_PACED_20_04,1,BREATH_PACED_20,22.00,0.8610,,MR60BHA2_breath_phase,safenest-node-01
4.3030,-0.010000,S001,S001_BREATH_PACED_20_04,1,BREATH_PACED_20,22.00,0.8610,,MR60BHA2_breath_phase,safenest-node-01
4.4030,0.010000,S001,S001_BREATH_PACED_20_04,1,BREATH_PACED_20,22.00,0.8610,,MR60BHA2_breath_phase,safenest-node-01
4.5030,0.040000,S001,S001_BREATH_PACED_20_04,1,BREATH_PACED_20,22.00,0.8610,,MR60BHA2_breath_phase,safenest-node-01
4.6030,0.060000,S001,S001_BREATH_PACED_20_04,1,BREATH_PACED_20,22.00,0.8610,,MR60BHA2_breath_phase,safenest-node-01
4.7030,0.060000,S001,S001_BREATH_PACED_20_04,1,BREATH_PACED_20,22.00,0.8610,,MR60BHA2_breath_phase,safenest-node-01
4.8030,0.070000,S001,S001_BREATH_PACED_20_04,1,BREATH_PACED_20,23.00,0.8610,,MR60BHA2_breath_phase,safenest-node-01
4.9030,0.070000,S001,S001_BREATH_PACED_20_04,1,BREATH_PACED_20,23.00,0.8610,,MR60BHA2_breath_phase,safenest-node-01
5.0040,0.070000,S001,S001_BREATH_PACED_20_04,1,BREATH_PACED_20,23.00,0.8610,,MR60BHA2_breath_phase,safenest-node-01
5.1040,0.060000,S001,S001_BREATH_PACED_20_04,1,BREATH_PACED_20,23.00,0.8610,,MR60BHA2_breath_phase,safenest-node-01
5.2040,0.060000,S001,S001_BREATH_PACED_20_04,1,BREATH_PACED_20,23.00,0.8610,,MR60BHA2_breath_phase,safenest-node-01
5.3040,0.040000,S001,S001_BREATH_PACED_20_04,1,BREATH_PACED_20,23.00,0.8610,,MR60BHA2_breath_phase,safenest-node-01
5.4040,0.020000,S001,S001_BREATH_PACED_20_04,1,BREATH_PACED_20,23.00,0.8610,,MR60BHA2_breath_phase,safenest-node-01
5.5040,0.010000,S001,S001_BREATH_PACED_20_04,1,BREATH_PACED_20,23.00,0.8610,,MR60BHA2_breath_phase,safenest-node-01
5.6040,-0.000000,S001,S001_BREATH_PACED_20_04,1,BREATH_PACED_20,23.00,0.8610,,MR60BHA2_breath_phase,safenest-node-01
5.7040,-0.020000,S001,S001_BREATH_PACED_20_04,1,BREATH_PACED_20,23.00,0.8610,,MR60BHA2_breath_phase,safenest-node-01
5.8040,-0.030000,S001,S001_BREATH_PACED_20_04,1,BREATH_PACED_20,23.00,0.8610,,MR60BHA2_breath_phase,safenest-node-01
5.9040,-0.040000,S001,S001_BREATH_PACED_20_04,1,BREATH_PACED_20,23.00,0.8610,,MR60BHA2_breath_phase,safenest-node-01
6.0040,-0.050000,S001,S001_BREATH_PACED_20_04,1,BREATH_PACED_20,23.00,0.8610,,MR60BHA2_breath_phase,safenest-node-01
6.1040,-0.050000,S001,S001_BREATH_PACED_20_04,1,BREATH_PACED_20,23.00,0.8610,,MR60BHA2_breath_phase,safenest-node-01
6.2040,-0.060000,S001,S001_BREATH_PACED_20_04,1,BREATH_PACED_20,23.00,0.8610,,MR60BHA2_breath_phase,safenest-node-01
6.3040,-0.060000,S001,S001_BREATH_PACED_20_04,1,BREATH_PACED_20,23.00,0.8610,,MR60BHA2_breath_phase,safenest-node-01
6.4040,-0.060000,S001,S001_BREATH_PACED_20_04,1,BREATH_PACED_20,23.00,0.8610,,MR60BHA2_breath_phase,safenest-node-01
6.5040,-0.050000,S001,S001_BREATH_PACED_20_04,1,BREATH_PACED_20,23.00,0.8610,,MR60BHA2_breath_phase,safenest-node-01
6.6040,-0.050000,S001,S001_BREATH_PACED_20_04,1,BREATH_PACED_20,23.00,0.8610,,MR60BHA2_breath_phase,safenest-node-01
6.7040,-0.030000,S001,S001_BREATH_PACED_20_04,1,BREATH_PACED_20,23.00,0.8610,,MR60BHA2_breath_phase,safenest-node-01
6.8040,-0.030000,S001,S001_BREATH_PACED_20_04,1,BREATH_PACED_20,23.00,0.8610,,MR60BHA2_breath_phase,safenest-node-01
6.9040,-0.010000,S001,S001_BREATH_PACED_20_04,1,BREATH_PACED_20,23.00,0.8610,,MR60BHA2_breath_phase,safenest-node-01
7.0040,-0.010000,S001,S001_BREATH_PACED_20_04,1,BREATH_PACED_20,23.00,0.8610,,MR60BHA2_breath_phase,safenest-node-01
7.1040,0.010000,S001,S001_BREATH_PACED_20_04,1,BREATH_PACED_20,22.00,0.8610,,MR60BHA2_breath_phase,safenest-node-01
7.2040,0.030000,S001,S001_BREATH_PACED_20_04,1,BREATH_PACED_20,22.00,0.8610,,MR60BHA2_breath_phase,safenest-node-01
7.3060,0.040000,S001,S001_BREATH_PACED_20_04,1,BREATH_PACED_20,22.00,0.8610,,MR60BHA2_breath_phase,safenest-node-01
7.4060,0.050000,S001,S001_BREATH_PACED_20_04,1,BREATH_PACED_20,22.00,0.8610,,MR60BHA2_breath_phase,safenest-node-01
7.5060,0.060000,S001,S001_BREATH_PACED_20_04,1,BREATH_PACED_20,22.00,0.8610,,MR60BHA2_breath_phase,safenest-node-01
7.6060,0.070000,S001,S001_BREATH_PACED_20_04,1,BREATH_PACED_20,22.00,0.8610,,MR60BHA2_breath_phase,safenest-node-01
7.7060,0.080000,S001,S001_BREATH_PACED_20_04,1,BREATH_PACED_20,22.00,0.8610,,MR60BHA2_breath_phase,safenest-node-01
7.8060,0.090000,S001,S001_BREATH_PACED_20_04,1,BREATH_PACED_20,22.00,0.8610,,MR60BHA2_breath_phase,safenest-node-01
7.9060,0.090000,S001,S001_BREATH_PACED_20_04,1,BREATH_PACED_20,22.00,0.8610,,MR60BHA2_breath_phase,safenest-node-01
8.0060,0.090000,S001,S001_BREATH_PACED_20_04,1,BREATH_PACED_20,22.00,0.8610,,MR60BHA2_breath_phase,safenest-node-01
8.1060,0.080000,S001,S001_BREATH_PACED_20_04,1,BREATH_PACED_20,22.00,0.8610,,MR60BHA2_breath_phase,safenest-node-01
8.2060,0.080000,S001,S001_BREATH_PACED_20_04,1,BREATH_PACED_20,22.00,0.8610,,MR60BHA2_breath_phase,safenest-node-01
8.3060,0.070000,S001,S001_BREATH_PACED_20_04,1,BREATH_PACED_20,22.00,0.8610,,MR60BHA2_breath_phase,safenest-node-01
8.4060,0.060000,S001,S001_BREATH_PACED_20_04,1,BREATH_PACED_20,22.00,0.8610,,MR60BHA2_breath_phase,safenest-node-01
8.5060,0.050000,S001,S001_BREATH_PACED_20_04,1,BREATH_PACED_20,22.00,0.8610,,MR60BHA2_breath_phase,safenest-node-01
8.6060,0.030000,S001,S001_BREATH_PACED_20_04,1,BREATH_PACED_20,22.00,0.8610,,MR60BHA2_breath_phase,safenest-node-01
8.7060,0.020000,S001,S001_BREATH_PACED_20_04,1,BREATH_PACED_20,23.00,0.8610,,MR60BHA2_breath_phase,safenest-node-01
8.8060,0.010000,S001,S001_BREATH_PACED_20_04,1,BREATH_PACED_20,23.00,0.8610,,MR60BHA2_breath_phase,safenest-node-01
8.9060,-0.010000,S001,S001_BREATH_PACED_20_04,1,BREATH_PACED_20,23.00,0.8610,,MR60BHA2_breath_phase,safenest-node-01
9.0060,-0.020000,S001,S001_BREATH_PACED_20_04,1,BREATH_PACED_20,23.00,0.8610,,MR60BHA2_breath_phase,safenest-node-01
9.1060,-0.030000,S001,S001_BREATH_PACED_20_04,1,BREATH_PACED_20,23.00,0.8610,,MR60BHA2_breath_phase,safenest-node-01
9.2060,-0.040000,S001,S001_BREATH_PACED_20_04,1,BREATH_PACED_20,23.00,0.8610,,MR60BHA2_breath_phase,safenest-node-01
9.3070,-0.040000,S001,S001_BREATH_PACED_20_04,1,BREATH_PACED_20,23.00,0.8610,,MR60BHA2_breath_phase,safenest-node-01
9.4070,-0.040000,S001,S001_BREATH_PACED_20_04,1,BREATH_PACED_20,23.00,0.8610,,MR60BHA2_breath_phase,safenest-node-01
9.5070,-0.040000,S001,S001_BREATH_PACED_20_04,1,BREATH_PACED_20,23.00,0.8610,,MR60BHA2_breath_phase,safenest-node-01
9.6070,-0.040000,S001,S001_BREATH_PACED_20_04,1,BREATH_PACED_20,23.00,0.8610,,MR60BHA2_breath_phase,safenest-node-01
9.7070,-0.040000,S001,S001_BREATH_PACED_20_04,1,BREATH_PACED_20,23.00,0.8610,,MR60BHA2_breath_phase,safenest-node-01
9.8070,-0.030000,S001,S001_BREATH_PACED_20_04,1,BREATH_PACED_20,23.00,0.8610,,MR60BHA2_breath_phase,safenest-node-01
9.9070,-0.010000,S001,S001_BREATH_PACED_20_04,1,BREATH_PACED_20,23.00,0.8610,,MR60BHA2_breath_phase,safenest-node-01
10.0070,-0.010000,S001,S001_BREATH_PACED_20_04,1,BREATH_PACED_20,23.00,0.8610,,MR60BHA2_breath_phase,safenest-node-01
10.1070,0.010000,S001,S001_BREATH_PACED_20_04,1,BREATH_PACED_20,23.00,0.8610,,MR60BHA2_breath_phase,safenest-node-01
10.2070,0.030000,S001,S001_BREATH_PACED_20_04,1,BREATH_PACED_20,23.00,0.8610,,MR60BHA2_breath_phase,safenest-node-01
10.3070,0.040000,S001,S001_BREATH_PACED_20_04,1,BREATH_PACED_20,23.00,0.8610,,MR60BHA2_breath_phase,safenest-node-01
10.4070,0.050000,S001,S001_BREATH_PACED_20_04,1,BREATH_PACED_20,23.00,0.8610,,MR60BHA2_breath_phase,safenest-node-01
10.5070,0.060000,S001,S001_BREATH_PACED_20_04,1,BREATH_PACED_20,23.00,0.8610,,MR60BHA2_breath_phase,safenest-node-01
10.6070,0.070000,S001,S001_BREATH_PACED_20_04,1,BREATH_PACED_20,23.00,0.8610,,MR60BHA2_breath_phase,safenest-node-01
10.7070,0.070000,S001,S001_BREATH_PACED_20_04,1,BREATH_PACED_20,23.00,0.8610,,MR60BHA2_breath_phase,safenest-node-01
10.8080,0.070000,S001,S001_BREATH_PACED_20_04,1,BREATH_PACED_20,23.00,0.8610,,MR60BHA2_breath_phase,safenest-node-01
10.9080,0.070000,S001,S001_BREATH_PACED_20_04,1,BREATH_PACED_20,23.00,0.8610,,MR60BHA2_breath_phase,safenest-node-01
11.0080,0.060000,S001,S001_BREATH_PACED_20_04,1,BREATH_PACED_20,23.00,0.8610,,MR60BHA2_breath_phase,safenest-node-01
11.1080,0.050000,S001,S001_BREATH_PACED_20_04,1,BREATH_PACED_20,23.00,0.8610,,MR60BHA2_breath_phase,safenest-node-01
11.2080,0.030000,S001,S001_BREATH_PACED_20_04,1,BREATH_PACED_20,23.00,0.8610,,MR60BHA2_breath_phase,safenest-node-01
11.3080,0.020000,S001,S001_BREATH_PACED_20_04,1,BREATH_PACED_20,23.00,0.8610,,MR60BHA2_breath_phase,safenest-node-01
11.4080,0.010000,S001,S001_BREATH_PACED_20_04,1,BREATH_PACED_20,23.00,0.8610,,MR60BHA2_breath_phase,safenest-node-01
11.5080,-0.000000,S001,S001_BREATH_PACED_20_04,1,BREATH_PACED_20,23.00,0.8610,,MR60BHA2_breath_phase,safenest-node-01
11.6080,-0.010000,S001,S001_BREATH_PACED_20_04,1,BREATH_PACED_20,23.00,0.8610,,MR60BHA2_breath_phase,safenest-node-01
11.7080,-0.020000,S001,S001_BREATH_PACED_20_04,1,BREATH_PACED_20,23.00,0.8610,,MR60BHA2_breath_phase,safenest-node-01
11.8080,-0.030000,S001,S001_BREATH_PACED_20_04,1,BREATH_PACED_20,23.00,0.8610,,MR60BHA2_breath_phase,safenest-node-01
11.9080,-0.030000,S001,S001_BREATH_PACED_20_04,1,BREATH_PACED_20,23.00,0.8610,,MR60BHA2_breath_phase,safenest-node-01
12.0080,-0.030000,S001,S001_BREATH_PACED_20_04,1,BREATH_PACED_20,23.00,0.8610,,MR60BHA2_breath_phase,safenest-node-01
12.1080,-0.030000,S001,S001_BREATH_PACED_20_04,1,BREATH_PACED_20,23.00,0.8610,,MR60BHA2_breath_phase,safenest-node-01
12.2080,-0.040000,S001,S001_BREATH_PACED_20_04,1,BREATH_PACED_20,23.00,0.8610,,MR60BHA2_breath_phase,safenest-node-01
12.3080,-0.040000,S001,S001_BREATH_PACED_20_04,1,BREATH_PACED_20,24.00,0.8610,,MR60BHA2_breath_phase,safenest-node-01
12.4080,-0.040000,S001,S001_BREATH_PACED_20_04,1,BREATH_PACED_20,24.00,0.8610,,MR60BHA2_breath_phase,safenest-node-01
12.5080,-0.040000,S001,S001_BREATH_PACED_20_04,1,BREATH_PACED_20,24.00,0.8610,,MR60BHA2_breath_phase,safenest-node-01
12.6080,-0.030000,S001,S001_BREATH_PACED_20_04,1,BREATH_PACED_20,24.00,0.8610,,MR60BHA2_breath_phase,safenest-node-01
12.7080,-0.030000,S001,S001_BREATH_PACED_20_04,1,BREATH_PACED_20,23.00,0.8610,,MR60BHA2_breath_phase,safenest-node-01
12.8090,-0.030000,S001,S001_BREATH_PACED_20_04,1,BREATH_PACED_20,22.00,0.8610,,MR60BHA2_breath_phase,safenest-node-01
12.9090,-0.030000,S001,S001_BREATH_PACED_20_04,1,BREATH_PACED_20,21.00,0.8610,,MR60BHA2_breath_phase,safenest-node-01
13.0090,-0.020000,S001,S001_BREATH_PACED_20_04,1,BREATH_PACED_20,20.00,0.8610,,MR60BHA2_breath_phase,safenest-node-01
13.1090,-0.010000,S001,S001_BREATH_PACED_20_04,1,BREATH_PACED_20,19.00,0.8610,,MR60BHA2_breath_phase,safenest-node-01
13.2090,-0.010000,S001,S001_BREATH_PACED_20_04,1,BREATH_PACED_20,19.00,0.8610,,MR60BHA2_breath_phase,safenest-node-01
13.3090,-0.000000,S001,S001_BREATH_PACED_20_04,1,BREATH_PACED_20,18.00,0.8610,,MR60BHA2_breath_phase,safenest-node-01
13.4090,0.000000,S001,S001_BREATH_PACED_20_04,1,BREATH_PACED_20,17.00,0.8610,,MR60BHA2_breath_phase,safenest-node-01
13.5090,0.020000,S001,S001_BREATH_PACED_20_04,1,BREATH_PACED_20,16.00,0.8610,,MR60BHA2_breath_phase,safenest-node-01
13.6090,0.040000,S001,S001_BREATH_PACED_20_04,1,BREATH_PACED_20,16.00,0.8610,,MR60BHA2_breath_phase,safenest-node-01
13.7090,0.060000,S001,S001_BREATH_PACED_20_04,1,BREATH_PACED_20,17.00,0.8610,,MR60BHA2_breath_phase,safenest-node-01
13.8090,0.070000,S001,S001_BREATH_PACED_20_04,1,BREATH_PACED_20,17.00,0.8610,,MR60BHA2_breath_phase,safenest-node-01
13.9090,0.100000,S001,S001_BREATH_PACED_20_04,1,BREATH_PACED_20,17.00,0.8610,,MR60BHA2_breath_phase,safenest-node-01
14.0090,0.110000,S001,S001_BREATH_PACED_20_04,1,BREATH_PACED_20,17.00,0.8610,,MR60BHA2_breath_phase,safenest-node-01
14.1090,0.120000,S001,S001_BREATH_PACED_20_04,1,BREATH_PACED_20,18.00,0.8610,,MR60BHA2_breath_phase,safenest-node-01
14.2090,0.130000,S001,S001_BREATH_PACED_20_04,1,BREATH_PACED_20,18.00,0.8610,,MR60BHA2_breath_phase,safenest-node-01
14.3090,0.130000,S001,S001_BREATH_PACED_20_04,1,BREATH_PACED_20,18.00,0.8610,,MR60BHA2_breath_phase,safenest-node-01
14.4090,0.120000,S001,S001_BREATH_PACED_20_04,1,BREATH_PACED_20,18.00,0.8610,,MR60BHA2_breath_phase,safenest-node-01
14.5090,0.100000,S001,S001_BREATH_PACED_20_04,1,BREATH_PACED_20,19.00,0.8610,,MR60BHA2_breath_phase,safenest-node-01
14.6090,0.090000,S001,S001_BREATH_PACED_20_04,1,BREATH_PACED_20,19.00,0.8610,,MR60BHA2_breath_phase,safenest-node-01
14.7090,0.060000,S001,S001_BREATH_PACED_20_04,1,BREATH_PACED_20,19.00,0.8610,,MR60BHA2_breath_phase,safenest-node-01
14.8090,0.020000,S001,S001_BREATH_PACED_20_04,1,BREATH_PACED_20,19.00,0.8610,,MR60BHA2_breath_phase,safenest-node-01
14.9090,-0.010000,S001,S001_BREATH_PACED_20_04,1,BREATH_PACED_20,19.00,0.8610,,MR60BHA2_breath_phase,safenest-node-01
15.0090,-0.030000,S001,S001_BREATH_PACED_20_04,1,BREATH_PACED_20,19.00,0.8610,,MR60BHA2_breath_phase,safenest-node-01
15.1090,-0.070000,S001,S001_BREATH_PACED_20_04,1,BREATH_PACED_20,20.00,0.8610,,MR60BHA2_breath_phase,safenest-node-01
15.2090,-0.090000,S001,S001_BREATH_PACED_20_04,1,BREATH_PACED_20,20.00,0.8610,,MR60BHA2_breath_phase,safenest-node-01
15.3090,-0.130000,S001,S001_BREATH_PACED_20_04,1,BREATH_PACED_20,20.00,0.8610,,MR60BHA2_breath_phase,safenest-node-01
15.4090,-0.160000,S001,S001_BREATH_PACED_20_04,1,BREATH_PACED_20,20.00,0.8610,,MR60BHA2_breath_phase,safenest-node-01
15.5090,-0.180000,S001,S001_BREATH_PACED_20_04,1,BREATH_PACED_20,20.00,0.8610,,MR60BHA2_breath_phase,safenest-node-01
15.6090,-0.200000,S001,S001_BREATH_PACED_20_04,1,BREATH_PACED_20,20.00,0.8610,,MR60BHA2_breath_phase,safenest-node-01
15.7090,-0.210000,S001,S001_BREATH_PACED_20_04,1,BREATH_PACED_20,20.00,0.8610,,MR60BHA2_breath_phase,safenest-node-01
15.8090,-0.220000,S001,S001_BREATH_PACED_20_04,1,BREATH_PACED_20,21.00,0.8610,,MR60BHA2_breath_phase,safenest-node-01
15.9090,-0.220000,S001,S001_BREATH_PACED_20_04,1,BREATH_PACED_20,21.00,0.8610,,MR60BHA2_breath_phase,safenest-node-01
16.0090,-0.210000,S001,S001_BREATH_PACED_20_04,1,BREATH_PACED_20,21.00,0.8610,,MR60BHA2_breath_phase,safenest-node-01
16.1100,-0.200000,S001,S001_BREATH_PACED_20_04,1,BREATH_PACED_20,21.00,0.8610,,MR60BHA2_breath_phase,safenest-node-01
16.2100,-0.180000,S001,S001_BREATH_PACED_20_04,1,BREATH_PACED_20,21.00,0.8610,,MR60BHA2_breath_phase,safenest-node-01
16.3100,-0.160000,S001,S001_BREATH_PACED_20_04,1,BREATH_PACED_20,20.00,0.8610,,MR60BHA2_breath_phase,safenest-node-01
16.4100,-0.150000,S001,S001_BREATH_PACED_20_04,1,BREATH_PACED_20,20.00,0.8610,,MR60BHA2_breath_phase,safenest-node-01
16.5100,-0.120000,S001,S001_BREATH_PACED_20_04,1,BREATH_PACED_20,20.00,0.8610,,MR60BHA2_breath_phase,safenest-node-01
16.6100,-0.090000,S001,S001_BREATH_PACED_20_04,1,BREATH_PACED_20,20.00,0.8610,,MR60BHA2_breath_phase,safenest-node-01
16.7100,-0.080000,S001,S001_BREATH_PACED_20_04,1,BREATH_PACED_20,20.00,0.8610,,MR60BHA2_breath_phase,safenest-node-01
16.8100,-0.060000,S001,S001_BREATH_PACED_20_04,1,BREATH_PACED_20,20.00,0.8610,,MR60BHA2_breath_phase,safenest-node-01
16.9100,-0.050000,S001,S001_BREATH_PACED_20_04,1,BREATH_PACED_20,20.00,0.8610,,MR60BHA2_breath_phase,safenest-node-01
17.0100,-0.030000,S001,S001_BREATH_PACED_20_04,1,BREATH_PACED_20,20.00,0.8610,,MR60BHA2_breath_phase,safenest-node-01
17.1100,-0.010000,S001,S001_BREATH_PACED_20_04,1,BREATH_PACED_20,20.00,0.8610,,MR60BHA2_breath_phase,safenest-node-01
17.2100,0.010000,S001,S001_BREATH_PACED_20_04,1,BREATH_PACED_20,20.00,0.8610,,MR60BHA2_breath_phase,safenest-node-01
17.3100,0.020000,S001,S001_BREATH_PACED_20_04,1,BREATH_PACED_20,20.00,0.8610,,MR60BHA2_breath_phase,safenest-node-01
17.4100,0.040000,S001,S001_BREATH_PACED_20_04,1,BREATH_PACED_20,20.00,0.8610,,MR60BHA2_breath_phase,safenest-node-01
17.5100,0.050000,S001,S001_BREATH_PACED_20_04,1,BREATH_PACED_20,20.00,0.8610,,MR60BHA2_breath_phase,safenest-node-01
17.6100,0.070000,S001,S001_BREATH_PACED_20_04,1,BREATH_PACED_20,20.00,0.8610,,MR60BHA2_breath_phase,safenest-node-01
17.7100,0.080000,S001,S001_BREATH_PACED_20_04,1,BREATH_PACED_20,20.00,0.8610,,MR60BHA2_breath_phase,safenest-node-01
17.8100,0.100000,S001,S001_BREATH_PACED_20_04,1,BREATH_PACED_20,20.00,0.8610,,MR60BHA2_breath_phase,safenest-node-01
17.9100,0.110000,S001,S001_BREATH_PACED_20_04,1,BREATH_PACED_20,20.00,0.8610,,MR60BHA2_breath_phase,safenest-node-01
18.0100,0.120000,S001,S001_BREATH_PACED_20_04,1,BREATH_PACED_20,20.00,0.8610,,MR60BHA2_breath_phase,safenest-node-01
18.1100,0.120000,S001,S001_BREATH_PACED_20_04,1,BREATH_PACED_20,20.00,0.8610,,MR60BHA2_breath_phase,safenest-node-01
18.2100,0.140000,S001,S001_BREATH_PACED_20_04,1,BREATH_PACED_20,21.00,0.8610,,MR60BHA2_breath_phase,safenest-node-01
18.3100,0.140000,S001,S001_BREATH_PACED_20_04,1,BREATH_PACED_20,20.00,0.8610,,MR60BHA2_breath_phase,safenest-node-01
18.4130,0.150000,S001,S001_BREATH_PACED_20_04,1,BREATH_PACED_20,20.00,0.8610,,MR60BHA2_breath_phase,safenest-node-01
18.5130,0.150000,S001,S001_BREATH_PACED_20_04,1,BREATH_PACED_20,20.00,0.8610,,MR60BHA2_breath_phase,safenest-node-01
18.6130,0.150000,S001,S001_BREATH_PACED_20_04,1,BREATH_PACED_20,20.00,0.8610,,MR60BHA2_breath_phase,safenest-node-01
18.7130,0.150000,S001,S001_BREATH_PACED_20_04,1,BREATH_PACED_20,20.00,0.8610,,MR60BHA2_breath_phase,safenest-node-01
18.8130,0.140000,S001,S001_BREATH_PACED_20_04,1,BREATH_PACED_20,19.00,0.8610,,MR60BHA2_breath_phase,safenest-node-01
18.9130,0.130000,S001,S001_BREATH_PACED_20_04,1,BREATH_PACED_20,19.00,0.8610,,MR60BHA2_breath_phase,safenest-node-01
19.0160,0.120000,S001,S001_BREATH_PACED_20_04,1,BREATH_PACED_20,19.00,0.8610,,MR60BHA2_breath_phase,safenest-node-01
19.1160,0.110000,S001,S001_BREATH_PACED_20_04,1,BREATH_PACED_20,19.00,0.8610,,MR60BHA2_breath_phase,safenest-node-01
19.2160,0.100000,S001,S001_BREATH_PACED_20_04,1,BREATH_PACED_20,19.00,0.8610,,MR60BHA2_breath_phase,safenest-node-01
19.3160,0.090000,S001,S001_BREATH_PACED_20_04,1,BREATH_PACED_20,18.00,0.8610,,MR60BHA2_breath_phase,safenest-node-01
19.4160,0.090000,S001,S001_BREATH_PACED_20_04,1,BREATH_PACED_20,18.00,0.8610,,MR60BHA2_breath_phase,safenest-node-01
19.5160,0.090000,S001,S001_BREATH_PACED_20_04,1,BREATH_PACED_20,18.00,0.8610,,MR60BHA2_breath_phase,safenest-node-01
19.6160,0.090000,S001,S001_BREATH_PACED_20_04,1,BREATH_PACED_20,18.00,0.8610,,MR60BHA2_breath_phase,safenest-node-01
19.7160,0.100000,S001,S001_BREATH_PACED_20_04,1,BREATH_PACED_20,18.00,0.8610,,MR60BHA2_breath_phase,safenest-node-01
19.8160,0.100000,S001,S001_BREATH_PACED_20_04,1,BREATH_PACED_20,18.00,0.8610,,MR60BHA2_breath_phase,safenest-node-01
19.9160,0.100000,S001,S001_BREATH_PACED_20_04,1,BREATH_PACED_20,17.00,0.8610,,MR60BHA2_breath_phase,safenest-node-01
20.0160,0.100000,S001,S001_BREATH_PACED_20_04,1,BREATH_PACED_20,17.00,0.8610,,MR60BHA2_breath_phase,safenest-node-01
20.1160,0.090000,S001,S001_BREATH_PACED_20_04,1,BREATH_PACED_20,17.00,0.8610,,MR60BHA2_breath_phase,safenest-node-01
20.2160,0.070000,S001,S001_BREATH_PACED_20_04,1,BREATH_PACED_20,17.00,0.8610,,MR60BHA2_breath_phase,safenest-node-01
20.3160,0.050000,S001,S001_BREATH_PACED_20_04,1,BREATH_PACED_20,17.00,0.8610,,MR60BHA2_breath_phase,safenest-node-01
20.4160,0.020000,S001,S001_BREATH_PACED_20_04,1,BREATH_PACED_20,17.00,0.8610,,MR60BHA2_breath_phase,safenest-node-01
20.5160,0.000000,S001,S001_BREATH_PACED_20_04,1,BREATH_PACED_20,17.00,0.8610,,MR60BHA2_breath_phase,safenest-node-01
20.6160,-0.030000,S001,S001_BREATH_PACED_20_04,1,BREATH_PACED_20,17.00,0.8610,,MR60BHA2_breath_phase,safenest-node-01
20.7160,-0.070000,S001,S001_BREATH_PACED_20_04,1,BREATH_PACED_20,16.00,0.8610,,MR60BHA2_breath_phase,safenest-node-01
20.8160,-0.080000,S001,S001_BREATH_PACED_20_04,1,BREATH_PACED_20,16.00,0.8610,,MR60BHA2_breath_phase,safenest-node-01
20.9160,-0.110000,S001,S001_BREATH_PACED_20_04,1,BREATH_PACED_20,16.00,0.8610,,MR60BHA2_breath_phase,safenest-node-01
21.0160,-0.130000,S001,S001_BREATH_PACED_20_04,1,BREATH_PACED_20,16.00,0.8610,,MR60BHA2_breath_phase,safenest-node-01
21.1160,-0.150000,S001,S001_BREATH_PACED_20_04,1,BREATH_PACED_20,16.00,0.8610,,MR60BHA2_breath_phase,safenest-node-01
21.2160,-0.170000,S001,S001_BREATH_PACED_20_04,1,BREATH_PACED_20,16.00,0.8610,,MR60BHA2_breath_phase,safenest-node-01
21.3160,-0.180000,S001,S001_BREATH_PACED_20_04,1,BREATH_PACED_20,16.00,0.8610,,MR60BHA2_breath_phase,safenest-node-01
21.4160,-0.180000,S001,S001_BREATH_PACED_20_04,1,BREATH_PACED_20,16.00,0.8610,,MR60BHA2_breath_phase,safenest-node-01
21.5160,-0.180000,S001,S001_BREATH_PACED_20_04,1,BREATH_PACED_20,16.00,0.8610,,MR60BHA2_breath_phase,safenest-node-01
21.6160,-0.170000,S001,S001_BREATH_PACED_20_04,1,BREATH_PACED_20,16.00,0.8610,,MR60BHA2_breath_phase,safenest-node-01
21.7160,-0.160000,S001,S001_BREATH_PACED_20_04,1,BREATH_PACED_20,16.00,0.8610,,MR60BHA2_breath_phase,safenest-node-01
21.8160,-0.150000,S001,S001_BREATH_PACED_20_04,1,BREATH_PACED_20,16.00,0.8610,,MR60BHA2_breath_phase,safenest-node-01
21.9160,-0.130000,S001,S001_BREATH_PACED_20_04,1,BREATH_PACED_20,15.00,0.8610,,MR60BHA2_breath_phase,safenest-node-01
22.0160,-0.120000,S001,S001_BREATH_PACED_20_04,1,BREATH_PACED_20,15.00,0.8610,,MR60BHA2_breath_phase,safenest-node-01
22.1160,-0.100000,S001,S001_BREATH_PACED_20_04,1,BREATH_PACED_20,15.00,0.8610,,MR60BHA2_breath_phase,safenest-node-01
22.2160,-0.080000,S001,S001_BREATH_PACED_20_04,1,BREATH_PACED_20,15.00,0.8610,,MR60BHA2_breath_phase,safenest-node-01
22.3160,-0.060000,S001,S001_BREATH_PACED_20_04,1,BREATH_PACED_20,15.00,0.8610,,MR60BHA2_breath_phase,safenest-node-01
22.4160,-0.030000,S001,S001_BREATH_PACED_20_04,1,BREATH_PACED_20,14.00,0.8610,,MR60BHA2_breath_phase,safenest-node-01
22.5160,-0.010000,S001,S001_BREATH_PACED_20_04,1,BREATH_PACED_20,13.00,0.8610,,MR60BHA2_breath_phase,safenest-node-01
22.6160,-0.010000,S001,S001_BREATH_PACED_20_04,1,BREATH_PACED_20,13.00,0.8610,,MR60BHA2_breath_phase,safenest-node-01
22.7160,0.010000,S001,S001_BREATH_PACED_20_04,1,BREATH_PACED_20,13.00,0.8610,,MR60BHA2_breath_phase,safenest-node-01
22.8160,0.010000,S001,S001_BREATH_PACED_20_04,1,BREATH_PACED_20,12.00,0.8610,,MR60BHA2_breath_phase,safenest-node-01
22.9160,0.020000,S001,S001_BREATH_PACED_20_04,1,BREATH_PACED_20,11.00,0.8610,,MR60BHA2_breath_phase,safenest-node-01
23.0160,0.030000,S001,S001_BREATH_PACED_20_04,1,BREATH_PACED_20,11.00,0.8610,,MR60BHA2_breath_phase,safenest-node-01
23.1160,0.030000,S001,S001_BREATH_PACED_20_04,1,BREATH_PACED_20,12.00,0.8610,,MR60BHA2_breath_phase,safenest-node-01
23.2160,0.040000,S001,S001_BREATH_PACED_20_04,1,BREATH_PACED_20,12.00,0.8610,,MR60BHA2_breath_phase,safenest-node-01
23.3160,0.050000,S001,S001_BREATH_PACED_20_04,1,BREATH_PACED_20,12.00,0.8610,,MR60BHA2_breath_phase,safenest-node-01
23.4160,0.050000,S001,S001_BREATH_PACED_20_04,1,BREATH_PACED_20,12.00,0.8610,,MR60BHA2_breath_phase,safenest-node-01
23.5160,0.060000,S001,S001_BREATH_PACED_20_04,1,BREATH_PACED_20,12.00,0.8610,,MR60BHA2_breath_phase,safenest-node-01
23.6160,0.070000,S001,S001_BREATH_PACED_20_04,1,BREATH_PACED_20,12.00,0.8610,,MR60BHA2_breath_phase,safenest-node-01
23.7160,0.070000,S001,S001_BREATH_PACED_20_04,1,BREATH_PACED_20,12.00,0.8610,,MR60BHA2_breath_phase,safenest-node-01
23.8160,0.070000,S001,S001_BREATH_PACED_20_04,1,BREATH_PACED_20,12.00,0.8610,,MR60BHA2_breath_phase,safenest-node-01
23.9160,0.070000,S001,S001_BREATH_PACED_20_04,1,BREATH_PACED_20,12.00,0.8610,,MR60BHA2_breath_phase,safenest-node-01
24.0160,0.070000,S001,S001_BREATH_PACED_20_04,1,BREATH_PACED_20,12.00,0.8610,,MR60BHA2_breath_phase,safenest-node-01
24.1160,0.060000,S001,S001_BREATH_PACED_20_04,1,BREATH_PACED_20,12.00,0.8610,,MR60BHA2_breath_phase,safenest-node-01
24.2160,0.050000,S001,S001_BREATH_PACED_20_04,1,BREATH_PACED_20,12.00,0.8610,,MR60BHA2_breath_phase,safenest-node-01
24.3160,0.050000,S001,S001_BREATH_PACED_20_04,1,BREATH_PACED_20,12.00,0.8610,,MR60BHA2_breath_phase,safenest-node-01
24.4160,0.030000,S001,S001_BREATH_PACED_20_04,1,BREATH_PACED_20,13.00,0.8610,,MR60BHA2_breath_phase,safenest-node-01
24.5160,0.020000,S001,S001_BREATH_PACED_20_04,1,BREATH_PACED_20,13.00,0.8610,,MR60BHA2_breath_phase,safenest-node-01
24.6160,0.010000,S001,S001_BREATH_PACED_20_04,1,BREATH_PACED_20,13.00,0.8610,,MR60BHA2_breath_phase,safenest-node-01
24.7160,0.000000,S001,S001_BREATH_PACED_20_04,1,BREATH_PACED_20,13.00,0.8610,,MR60BHA2_breath_phase,safenest-node-01
24.8160,-0.010000,S001,S001_BREATH_PACED_20_04,1,BREATH_PACED_20,13.00,0.8610,,MR60BHA2_breath_phase,safenest-node-01
24.9160,-0.010000,S001,S001_BREATH_PACED_20_04,1,BREATH_PACED_20,13.00,0.8610,,MR60BHA2_breath_phase,safenest-node-01
25.0160,-0.010000,S001,S001_BREATH_PACED_20_04,1,BREATH_PACED_20,13.00,0.8610,,MR60BHA2_breath_phase,safenest-node-01
25.1160,-0.010000,S001,S001_BREATH_PACED_20_04,1,BREATH_PACED_20,13.00,0.8610,,MR60BHA2_breath_phase,safenest-node-01
25.2160,-0.010000,S001,S001_BREATH_PACED_20_04,1,BREATH_PACED_20,13.00,0.8610,,MR60BHA2_breath_phase,safenest-node-01
25.3160,-0.010000,S001,S001_BREATH_PACED_20_04,1,BREATH_PACED_20,13.00,0.8610,,MR60BHA2_breath_phase,safenest-node-01
25.4160,-0.010000,S001,S001_BREATH_PACED_20_04,1,BREATH_PACED_20,13.00,0.8610,,MR60BHA2_breath_phase,safenest-node-01
25.5160,-0.010000,S001,S001_BREATH_PACED_20_04,1,BREATH_PACED_20,13.00,0.8610,,MR60BHA2_breath_phase,safenest-node-01
25.6160,-0.000000,S001,S001_BREATH_PACED_20_04,1,BREATH_PACED_20,13.00,0.8610,,MR60BHA2_breath_phase,safenest-node-01
25.7160,0.000000,S001,S001_BREATH_PACED_20_04,1,BREATH_PACED_20,13.00,0.8610,,MR60BHA2_breath_phase,safenest-node-01
25.8160,0.010000,S001,S001_BREATH_PACED_20_04,1,BREATH_PACED_20,13.00,0.8610,,MR60BHA2_breath_phase,safenest-node-01
25.9160,0.020000,S001,S001_BREATH_PACED_20_04,1,BREATH_PACED_20,13.00,0.8610,,MR60BHA2_breath_phase,safenest-node-01
26.0160,0.020000,S001,S001_BREATH_PACED_20_04,1,BREATH_PACED_20,13.00,0.8610,,MR60BHA2_breath_phase,safenest-node-01
26.1160,0.030000,S001,S001_BREATH_PACED_20_04,1,BREATH_PACED_20,13.00,0.8610,,MR60BHA2_breath_phase,safenest-node-01
26.2160,0.030000,S001,S001_BREATH_PACED_20_04,1,BREATH_PACED_20,13.00,0.8610,,MR60BHA2_breath_phase,safenest-node-01
26.3160,0.030000,S001,S001_BREATH_PACED_20_04,1,BREATH_PACED_20,14.00,0.8610,,MR60BHA2_breath_phase,safenest-node-01
26.4160,0.040000,S001,S001_BREATH_PACED_20_04,1,BREATH_PACED_20,14.00,0.8610,,MR60BHA2_breath_phase,safenest-node-01
26.5160,0.040000,S001,S001_BREATH_PACED_20_04,1,BREATH_PACED_20,14.00,0.8610,,MR60BHA2_breath_phase,safenest-node-01
26.6170,0.040000,S001,S001_BREATH_PACED_20_04,1,BREATH_PACED_20,14.00,0.8610,,MR60BHA2_breath_phase,safenest-node-01
26.7170,0.040000,S001,S001_BREATH_PACED_20_04,1,BREATH_PACED_20,14.00,0.8610,,MR60BHA2_breath_phase,safenest-node-01
26.8170,0.040000,S001,S001_BREATH_PACED_20_04,1,BREATH_PACED_20,15.00,0.8610,,MR60BHA2_breath_phase,safenest-node-01
26.9170,0.040000,S001,S001_BREATH_PACED_20_04,1,BREATH_PACED_20,15.00,0.8610,,MR60BHA2_breath_phase,safenest-node-01
27.0170,0.040000,S001,S001_BREATH_PACED_20_04,1,BREATH_PACED_20,15.00,0.8610,,MR60BHA2_breath_phase,safenest-node-01
27.1170,0.040000,S001,S001_BREATH_PACED_20_04,1,BREATH_PACED_20,15.00,0.8610,,MR60BHA2_breath_phase,safenest-node-01
27.2190,0.030000,S001,S001_BREATH_PACED_20_04,1,BREATH_PACED_20,15.00,0.8610,,MR60BHA2_breath_phase,safenest-node-01
27.3190,0.030000,S001,S001_BREATH_PACED_20_04,1,BREATH_PACED_20,15.00,0.8610,,MR60BHA2_breath_phase,safenest-node-01
27.4190,0.020000,S001,S001_BREATH_PACED_20_04,1,BREATH_PACED_20,16.00,0.8610,,MR60BHA2_breath_phase,safenest-node-01
27.5190,0.020000,S001,S001_BREATH_PACED_20_04,1,BREATH_PACED_20,16.00,0.8610,,MR60BHA2_breath_phase,safenest-node-01
27.6190,0.000000,S001,S001_BREATH_PACED_20_04,1,BREATH_PACED_20,16.00,0.8610,,MR60BHA2_breath_phase,safenest-node-01
27.7190,-0.010000,S001,S001_BREATH_PACED_20_04,1,BREATH_PACED_20,15.00,0.8610,,MR60BHA2_breath_phase,safenest-node-01
27.8190,-0.020000,S001,S001_BREATH_PACED_20_04,1,BREATH_PACED_20,15.00,0.8610,,MR60BHA2_breath_phase,safenest-node-01
27.9190,-0.030000,S001,S001_BREATH_PACED_20_04,1,BREATH_PACED_20,14.00,0.8610,,MR60BHA2_breath_phase,safenest-node-01
28.0190,-0.040000,S001,S001_BREATH_PACED_20_04,1,BREATH_PACED_20,14.00,0.8610,,MR60BHA2_breath_phase,safenest-node-01
28.1190,-0.050000,S001,S001_BREATH_PACED_20_04,1,BREATH_PACED_20,13.00,0.8610,,MR60BHA2_breath_phase,safenest-node-01
28.2190,-0.050000,S001,S001_BREATH_PACED_20_04,1,BREATH_PACED_20,12.00,0.8610,,MR60BHA2_breath_phase,safenest-node-01
28.3190,-0.060000,S001,S001_BREATH_PACED_20_04,1,BREATH_PACED_20,12.00,0.8610,,MR60BHA2_breath_phase,safenest-node-01
28.4190,-0.060000,S001,S001_BREATH_PACED_20_04,1,BREATH_PACED_20,12.00,0.8610,,MR60BHA2_breath_phase,safenest-node-01
28.5190,-0.060000,S001,S001_BREATH_PACED_20_04,1,BREATH_PACED_20,11.00,0.8610,,MR60BHA2_breath_phase,safenest-node-01
28.6190,-0.060000,S001,S001_BREATH_PACED_20_04,1,BREATH_PACED_20,11.00,0.8610,,MR60BHA2_breath_phase,safenest-node-01
28.7190,-0.060000,S001,S001_BREATH_PACED_20_04,1,BREATH_PACED_20,10.00,0.8610,,MR60BHA2_breath_phase,safenest-node-01
28.8190,-0.060000,S001,S001_BREATH_PACED_20_04,1,BREATH_PACED_20,9.00,0.8610,,MR60BHA2_breath_phase,safenest-node-01
28.9190,-0.050000,S001,S001_BREATH_PACED_20_04,1,BREATH_PACED_20,9.00,0.8610,,MR60BHA2_breath_phase,safenest-node-01
29.0190,-0.050000,S001,S001_BREATH_PACED_20_04,1,BREATH_PACED_20,9.00,0.8610,,MR60BHA2_breath_phase,safenest-node-01
29.1190,-0.040000,S001,S001_BREATH_PACED_20_04,1,BREATH_PACED_20,9.00,0.8610,,MR60BHA2_breath_phase,safenest-node-01
29.2190,-0.040000,S001,S001_BREATH_PACED_20_04,1,BREATH_PACED_20,8.00,0.8610,,MR60BHA2_breath_phase,safenest-node-01
29.3190,-0.030000,S001,S001_BREATH_PACED_20_04,1,BREATH_PACED_20,8.00,0.8610,,MR60BHA2_breath_phase,safenest-node-01
29.4190,-0.020000,S001,S001_BREATH_PACED_20_04,1,BREATH_PACED_20,7.00,0.8610,,MR60BHA2_breath_phase,safenest-node-01
29.5190,-0.000000,S001,S001_BREATH_PACED_20_04,1,BREATH_PACED_20,7.00,0.8610,,MR60BHA2_breath_phase,safenest-node-01
29.6190,0.010000,S001,S001_BREATH_PACED_20_04,1,BREATH_PACED_20,7.00,0.8610,,MR60BHA2_breath_phase,safenest-node-01
29.7190,0.020000,S001,S001_BREATH_PACED_20_04,1,BREATH_PACED_20,7.00,0.8610,,MR60BHA2_breath_phase,safenest-node-01
29.8190,0.030000,S001,S001_BREATH_PACED_20_04,1,BREATH_PACED_20,6.00,0.8610,,MR60BHA2_breath_phase,safenest-node-01
29.9190,0.040000,S001,S001_BREATH_PACED_20_04,1,BREATH_PACED_20,6.00,0.8610,,MR60BHA2_breath_phase,safenest-node-01
30.0190,0.040000,S001,S001_BREATH_PACED_20_04,1,BREATH_PACED_20,6.00,0.8610,,MR60BHA2_breath_phase,safenest-node-01
30.1190,0.050000,S001,S001_BREATH_PACED_20_04,1,BREATH_PACED_20,5.00,0.8610,,MR60BHA2_breath_phase,safenest-node-01
30.2190,0.040000,S001,S001_BREATH_PACED_20_04,1,BREATH_PACED_20,5.00,0.8610,,MR60BHA2_breath_phase,safenest-node-01
30.3190,0.040000,S001,S001_BREATH_PACED_20_04,1,BREATH_PACED_20,5.00,0.8610,,MR60BHA2_breath_phase,safenest-node-01
30.4190,0.040000,S001,S001_BREATH_PACED_20_04,1,BREATH_PACED_20,5.00,0.8610,,MR60BHA2_breath_phase,safenest-node-01
30.5190,0.030000,S001,S001_BREATH_PACED_20_04,1,BREATH_PACED_20,6.00,0.8610,,MR60BHA2_breath_phase,safenest-node-01
30.6190,0.020000,S001,S001_BREATH_PACED_20_04,1,BREATH_PACED_20,6.00,0.8610,,MR60BHA2_breath_phase,safenest-node-01
30.7200,0.010000,S001,S001_BREATH_PACED_20_04,1,BREATH_PACED_20,5.00,0.8610,,MR60BHA2_breath_phase,safenest-node-01
30.8200,-0.000000,S001,S001_BREATH_PACED_20_04,1,BREATH_PACED_20,5.00,0.8610,,MR60BHA2_breath_phase,safenest-node-01
30.9200,-0.010000,S001,S001_BREATH_PACED_20_04,1,BREATH_PACED_20,5.00,0.8610,,MR60BHA2_breath_phase,safenest-node-01
31.0200,-0.020000,S001,S001_BREATH_PACED_20_04,1,BREATH_PACED_20,5.00,0.8610,,MR60BHA2_breath_phase,safenest-node-01
31.1200,-0.030000,S001,S001_BREATH_PACED_20_04,1,BREATH_PACED_20,4.00,0.8610,,MR60BHA2_breath_phase,safenest-node-01
31.2200,-0.040000,S001,S001_BREATH_PACED_20_04,1,BREATH_PACED_20,4.00,0.8610,,MR60BHA2_breath_phase,safenest-node-01
31.3200,-0.040000,S001,S001_BREATH_PACED_20_04,1,BREATH_PACED_20,4.00,0.8610,,MR60BHA2_breath_phase,safenest-node-01
31.4200,-0.050000,S001,S001_BREATH_PACED_20_04,1,BREATH_PACED_20,4.00,0.8610,,MR60BHA2_breath_phase,safenest-node-01
31.5200,-0.050000,S001,S001_BREATH_PACED_20_04,1,BREATH_PACED_20,4.00,0.8610,,MR60BHA2_breath_phase,safenest-node-01
31.6200,-0.050000,S001,S001_BREATH_PACED_20_04,1,BREATH_PACED_20,4.00,0.8610,,MR60BHA2_breath_phase,safenest-node-01
31.7200,-0.050000,S001,S001_BREATH_PACED_20_04,1,BREATH_PACED_20,3.00,0.8610,,MR60BHA2_breath_phase,safenest-node-01
31.8200,-0.040000,S001,S001_BREATH_PACED_20_04,1,BREATH_PACED_20,3.00,0.8610,,MR60BHA2_breath_phase,safenest-node-01
31.9200,-0.040000,S001,S001_BREATH_PACED_20_04,1,BREATH_PACED_20,3.00,0.8610,,MR60BHA2_breath_phase,safenest-node-01
32.0200,-0.040000,S001,S001_BREATH_PACED_20_04,1,BREATH_PACED_20,3.00,0.8610,,MR60BHA2_breath_phase,safenest-node-01
32.1200,-0.030000,S001,S001_BREATH_PACED_20_04,1,BREATH_PACED_20,3.00,0.8610,,MR60BHA2_breath_phase,safenest-node-01
32.2200,-0.030000,S001,S001_BREATH_PACED_20_04,1,BREATH_PACED_20,3.00,0.8610,,MR60BHA2_breath_phase,safenest-node-01
32.3200,-0.020000,S001,S001_BREATH_PACED_20_04,1,BREATH_PACED_20,3.00,0.8610,,MR60BHA2_breath_phase,safenest-node-01
32.4200,-0.010000,S001,S001_BREATH_PACED_20_04,1,BREATH_PACED_20,3.00,0.8610,,MR60BHA2_breath_phase,safenest-node-01
32.5200,-0.000000,S001,S001_BREATH_PACED_20_04,1,BREATH_PACED_20,3.00,0.8610,,MR60BHA2_breath_phase,safenest-node-01
32.6200,0.010000,S001,S001_BREATH_PACED_20_04,1,BREATH_PACED_20,2.00,0.8610,,MR60BHA2_breath_phase,safenest-node-01
32.7200,0.010000,S001,S001_BREATH_PACED_20_04,1,BREATH_PACED_20,2.00,0.8610,,MR60BHA2_breath_phase,safenest-node-01
32.8200,0.030000,S001,S001_BREATH_PACED_20_04,1,BREATH_PACED_20,2.00,0.8610,,MR60BHA2_breath_phase,safenest-node-01
32.9200,0.040000,S001,S001_BREATH_PACED_20_04,1,BREATH_PACED_20,2.00,0.8610,,MR60BHA2_breath_phase,safenest-node-01
33.0200,0.050000,S001,S001_BREATH_PACED_20_04,1,BREATH_PACED_20,2.00,0.8610,,MR60BHA2_breath_phase,safenest-node-01
33.1200,0.050000,S001,S001_BREATH_PACED_20_04,1,BREATH_PACED_20,2.00,0.8610,,MR60BHA2_breath_phase,safenest-node-01
33.2200,0.050000,S001,S001_BREATH_PACED_20_04,1,BREATH_PACED_20,2.00,0.8610,,MR60BHA2_breath_phase,safenest-node-01
33.3200,0.050000,S001,S001_BREATH_PACED_20_04,1,BREATH_PACED_20,2.00,0.8610,,MR60BHA2_breath_phase,safenest-node-01
33.4200,0.050000,S001,S001_BREATH_PACED_20_04,1,BREATH_PACED_20,3.00,0.8610,,MR60BHA2_breath_phase,safenest-node-01
33.5200,0.040000,S001,S001_BREATH_PACED_20_04,1,BREATH_PACED_20,4.00,0.8610,,MR60BHA2_breath_phase,safenest-node-01
33.6200,0.030000,S001,S001_BREATH_PACED_20_04,1,BREATH_PACED_20,5.00,0.8610,,MR60BHA2_breath_phase,safenest-node-01
33.7200,0.030000,S001,S001_BREATH_PACED_20_04,1,BREATH_PACED_20,5.00,0.8610,,MR60BHA2_breath_phase,safenest-node-01
33.8200,0.010000,S001,S001_BREATH_PACED_20_04,1,BREATH_PACED_20,6.00,0.8610,,MR60BHA2_breath_phase,safenest-node-01
33.9200,0.010000,S001,S001_BREATH_PACED_20_04,1,BREATH_PACED_20,7.00,0.8610,,MR60BHA2_breath_phase,safenest-node-01
34.0200,-0.010000,S001,S001_BREATH_PACED_20_04,1,BREATH_PACED_20,8.00,0.8610,,MR60BHA2_breath_phase,safenest-node-01
34.1200,-0.020000,S001,S001_BREATH_PACED_20_04,1,BREATH_PACED_20,8.00,0.8610,,MR60BHA2_breath_phase,safenest-node-01
34.2220,-0.020000,S001,S001_BREATH_PACED_20_04,1,BREATH_PACED_20,8.00,0.8610,,MR60BHA2_breath_phase,safenest-node-01
34.3220,-0.030000,S001,S001_BREATH_PACED_20_04,1,BREATH_PACED_20,8.00,0.8610,,MR60BHA2_breath_phase,safenest-node-01
34.4220,-0.030000,S001,S001_BREATH_PACED_20_04,1,BREATH_PACED_20,8.00,0.8610,,MR60BHA2_breath_phase,safenest-node-01
34.5220,-0.040000,S001,S001_BREATH_PACED_20_04,1,BREATH_PACED_20,7.00,0.8610,,MR60BHA2_breath_phase,safenest-node-01
34.6220,-0.040000,S001,S001_BREATH_PACED_20_04,1,BREATH_PACED_20,7.00,0.8610,,MR60BHA2_breath_phase,safenest-node-01
34.7220,-0.040000,S001,S001_BREATH_PACED_20_04,1,BREATH_PACED_20,6.00,0.8610,,MR60BHA2_breath_phase,safenest-node-01
34.8220,-0.030000,S001,S001_BREATH_PACED_20_04,1,BREATH_PACED_20,6.00,0.8610,,MR60BHA2_breath_phase,safenest-node-01
34.9220,-0.030000,S001,S001_BREATH_PACED_20_04,1,BREATH_PACED_20,6.00,0.8610,,MR60BHA2_breath_phase,safenest-node-01
35.0220,-0.020000,S001,S001_BREATH_PACED_20_04,1,BREATH_PACED_20,6.00,0.8610,,MR60BHA2_breath_phase,safenest-node-01
35.1220,-0.010000,S001,S001_BREATH_PACED_20_04,1,BREATH_PACED_20,6.00,0.8610,,MR60BHA2_breath_phase,safenest-node-01
35.2220,0.000000,S001,S001_BREATH_PACED_20_04,1,BREATH_PACED_20,5.00,0.8610,,MR60BHA2_breath_phase,safenest-node-01
35.3220,0.020000,S001,S001_BREATH_PACED_20_04,1,BREATH_PACED_20,5.00,0.8610,,MR60BHA2_breath_phase,safenest-node-01
35.4230,0.020000,S001,S001_BREATH_PACED_20_04,1,BREATH_PACED_20,5.00,0.8610,,MR60BHA2_breath_phase,safenest-node-01
35.5230,0.040000,S001,S001_BREATH_PACED_20_04,1,BREATH_PACED_20,5.00,0.8610,,MR60BHA2_breath_phase,safenest-node-01
35.6240,0.050000,S001,S001_BREATH_PACED_20_04,1,BREATH_PACED_20,4.00,0.8610,,MR60BHA2_breath_phase,safenest-node-01
35.7240,0.050000,S001,S001_BREATH_PACED_20_04,1,BREATH_PACED_20,4.00,0.8610,,MR60BHA2_breath_phase,safenest-node-01
35.8240,0.050000,S001,S001_BREATH_PACED_20_04,1,BREATH_PACED_20,4.00,0.8610,,MR60BHA2_breath_phase,safenest-node-01
35.9240,0.050000,S001,S001_BREATH_PACED_20_04,1,BREATH_PACED_20,4.00,0.8610,,MR60BHA2_breath_phase,safenest-node-01
36.0240,0.050000,S001,S001_BREATH_PACED_20_04,1,BREATH_PACED_20,4.00,0.8610,,MR60BHA2_breath_phase,safenest-node-01
36.1240,0.050000,S001,S001_BREATH_PACED_20_04,1,BREATH_PACED_20,4.00,0.8610,,MR60BHA2_breath_phase,safenest-node-01
36.2240,0.040000,S001,S001_BREATH_PACED_20_04,1,BREATH_PACED_20,3.00,0.8610,,MR60BHA2_breath_phase,safenest-node-01
36.3240,0.030000,S001,S001_BREATH_PACED_20_04,1,BREATH_PACED_20,3.00,0.8610,,MR60BHA2_breath_phase,safenest-node-01
36.4240,0.020000,S001,S001_BREATH_PACED_20_04,1,BREATH_PACED_20,3.00,0.8610,,MR60BHA2_breath_phase,safenest-node-01
36.5240,0.010000,S001,S001_BREATH_PACED_20_04,1,BREATH_PACED_20,3.00,0.8610,,MR60BHA2_breath_phase,safenest-node-01
36.6240,0.010000,S001,S001_BREATH_PACED_20_04,1,BREATH_PACED_20,3.00,0.8610,,MR60BHA2_breath_phase,safenest-node-01
36.7240,-0.000000,S001,S001_BREATH_PACED_20_04,1,BREATH_PACED_20,3.00,0.8610,,MR60BHA2_breath_phase,safenest-node-01
36.8240,-0.010000,S001,S001_BREATH_PACED_20_04,1,BREATH_PACED_20,3.00,0.8610,,MR60BHA2_breath_phase,safenest-node-01
36.9240,-0.010000,S001,S001_BREATH_PACED_20_04,1,BREATH_PACED_20,3.00,0.8610,,MR60BHA2_breath_phase,safenest-node-01
37.0240,-0.020000,S001,S001_BREATH_PACED_20_04,1,BREATH_PACED_20,2.00,0.8610,,MR60BHA2_breath_phase,safenest-node-01
37.1240,-0.020000,S001,S001_BREATH_PACED_20_04,1,BREATH_PACED_20,2.00,0.8610,,MR60BHA2_breath_phase,safenest-node-01
37.2240,-0.020000,S001,S001_BREATH_PACED_20_04,1,BREATH_PACED_20,2.00,0.8610,,MR60BHA2_breath_phase,safenest-node-01
37.3240,-0.020000,S001,S001_BREATH_PACED_20_04,1,BREATH_PACED_20,2.00,0.8610,,MR60BHA2_breath_phase,safenest-node-01
37.4240,-0.020000,S001,S001_BREATH_PACED_20_04,1,BREATH_PACED_20,2.00,0.8610,,MR60BHA2_breath_phase,safenest-node-01
37.5240,-0.020000,S001,S001_BREATH_PACED_20_04,1,BREATH_PACED_20,2.00,0.8610,,MR60BHA2_breath_phase,safenest-node-01
37.6240,-0.010000,S001,S001_BREATH_PACED_20_04,1,BREATH_PACED_20,2.00,0.8610,,MR60BHA2_breath_phase,safenest-node-01
37.7240,-0.010000,S001,S001_BREATH_PACED_20_04,1,BREATH_PACED_20,2.00,0.8610,,MR60BHA2_breath_phase,safenest-node-01
37.8240,-0.010000,S001,S001_BREATH_PACED_20_04,1,BREATH_PACED_20,2.00,0.8610,,MR60BHA2_breath_phase,safenest-node-01
37.9240,-0.010000,S001,S001_BREATH_PACED_20_04,1,BREATH_PACED_20,2.00,0.8610,,MR60BHA2_breath_phase,safenest-node-01
38.0240,-0.000000,S001,S001_BREATH_PACED_20_04,1,BREATH_PACED_20,2.00,0.8610,,MR60BHA2_breath_phase,safenest-node-01
38.1240,-0.000000,S001,S001_BREATH_PACED_20_04,1,BREATH_PACED_20,2.00,0.8610,,MR60BHA2_breath_phase,safenest-node-01
38.2240,0.000000,S001,S001_BREATH_PACED_20_04,1,BREATH_PACED_20,1.00,0.8610,,MR60BHA2_breath_phase,safenest-node-01
38.3240,0.000000,S001,S001_BREATH_PACED_20_04,1,BREATH_PACED_20,1.00,0.8610,,MR60BHA2_breath_phase,safenest-node-01
38.4240,0.000000,S001,S001_BREATH_PACED_20_04,1,BREATH_PACED_20,1.00,0.8610,,MR60BHA2_breath_phase,safenest-node-01
38.5240,0.010000,S001,S001_BREATH_PACED_20_04,1,BREATH_PACED_20,1.00,0.8610,,MR60BHA2_breath_phase,safenest-node-01
38.6240,0.010000,S001,S001_BREATH_PACED_20_04,1,BREATH_PACED_20,1.00,0.8610,,MR60BHA2_breath_phase,safenest-node-01
38.7240,0.010000,S001,S001_BREATH_PACED_20_04,1,BREATH_PACED_20,1.00,0.8610,,MR60BHA2_breath_phase,safenest-node-01
38.8240,0.010000,S001,S001_BREATH_PACED_20_04,1,BREATH_PACED_20,1.00,0.8610,,MR60BHA2_breath_phase,safenest-node-01
38.9240,0.010000,S001,S001_BREATH_PACED_20_04,1,BREATH_PACED_20,1.00,0.8610,,MR60BHA2_breath_phase,safenest-node-01
39.0240,0.010000,S001,S001_BREATH_PACED_20_04,1,BREATH_PACED_20,1.00,0.8610,,MR60BHA2_breath_phase,safenest-node-01
39.1250,0.010000,S001,S001_BREATH_PACED_20_04,1,BREATH_PACED_20,1.00,0.8610,,MR60BHA2_breath_phase,safenest-node-01
39.2250,0.010000,S001,S001_BREATH_PACED_20_04,1,BREATH_PACED_20,1.00,0.8610,,MR60BHA2_breath_phase,safenest-node-01
39.3250,0.000000,S001,S001_BREATH_PACED_20_04,1,BREATH_PACED_20,1.00,0.8610,,MR60BHA2_breath_phase,safenest-node-01
39.4250,-0.000000,S001,S001_BREATH_PACED_20_04,1,BREATH_PACED_20,1.00,0.8610,,MR60BHA2_breath_phase,safenest-node-01
39.5250,-0.010000,S001,S001_BREATH_PACED_20_04,1,BREATH_PACED_20,1.00,0.8610,,MR60BHA2_breath_phase,safenest-node-01
39.6250,-0.010000,S001,S001_BREATH_PACED_20_04,1,BREATH_PACED_20,1.00,0.8610,,MR60BHA2_breath_phase,safenest-node-01
39.7250,-0.010000,S001,S001_BREATH_PACED_20_04,1,BREATH_PACED_20,1.00,0.8610,,MR60BHA2_breath_phase,safenest-node-01
39.8250,-0.010000,S001,S001_BREATH_PACED_20_04,1,BREATH_PACED_20,1.00,0.8610,,MR60BHA2_breath_phase,safenest-node-01
39.9250,-0.020000,S001,S001_BREATH_PACED_20_04,1,BREATH_PACED_20,1.00,0.8610,,MR60BHA2_breath_phase,safenest-node-01
40.0250,-0.020000,S001,S001_BREATH_PACED_20_04,1,BREATH_PACED_20,1.00,0.8610,,MR60BHA2_breath_phase,safenest-node-01
40.1250,-0.020000,S001,S001_BREATH_PACED_20_04,1,BREATH_PACED_20,1.00,0.8610,,MR60BHA2_breath_phase,safenest-node-01
40.2250,-0.020000,S001,S001_BREATH_PACED_20_04,1,BREATH_PACED_20,1.00,0.8610,,MR60BHA2_breath_phase,safenest-node-01
40.3250,-0.020000,S001,S001_BREATH_PACED_20_04,1,BREATH_PACED_20,1.00,0.8610,,MR60BHA2_breath_phase,safenest-node-01
40.4250,-0.010000,S001,S001_BREATH_PACED_20_04,1,BREATH_PACED_20,1.00,0.8610,,MR60BHA2_breath_phase,safenest-node-01
40.5250,-0.010000,S001,S001_BREATH_PACED_20_04,1,BREATH_PACED_20,1.00,0.8610,,MR60BHA2_breath_phase,safenest-node-01
40.6250,-0.000000,S001,S001_BREATH_PACED_20_04,1,BREATH_PACED_20,1.00,0.8610,,MR60BHA2_breath_phase,safenest-node-01
40.7250,0.000000,S001,S001_BREATH_PACED_20_04,1,BREATH_PACED_20,1.00,0.8610,,MR60BHA2_breath_phase,safenest-node-01
40.8250,0.010000,S001,S001_BREATH_PACED_20_04,1,BREATH_PACED_20,,0.8610,,MR60BHA2_breath_phase,safenest-node-01
40.9250,0.010000,S001,S001_BREATH_PACED_20_04,1,BREATH_PACED_20,,0.8610,,MR60BHA2_breath_phase,safenest-node-01
41.0250,0.010000,S001,S001_BREATH_PACED_20_04,1,BREATH_PACED_20,,0.8610,,MR60BHA2_breath_phase,safenest-node-01
41.1250,0.010000,S001,S001_BREATH_PACED_20_04,1,BREATH_PACED_20,,0.8610,,MR60BHA2_breath_phase,safenest-node-01
41.2250,0.010000,S001,S001_BREATH_PACED_20_04,1,BREATH_PACED_20,,0.8610,,MR60BHA2_breath_phase,safenest-node-01
41.3250,0.010000,S001,S001_BREATH_PACED_20_04,1,BREATH_PACED_20,,0.8610,,MR60BHA2_breath_phase,safenest-node-01
41.4250,0.010000,S001,S001_BREATH_PACED_20_04,1,BREATH_PACED_20,,0.8610,,MR60BHA2_breath_phase,safenest-node-01
41.5250,0.000000,S001,S001_BREATH_PACED_20_04,1,BREATH_PACED_20,,0.8610,,MR60BHA2_breath_phase,safenest-node-01
41.6250,0.000000,S001,S001_BREATH_PACED_20_04,1,BREATH_PACED_20,,0.8610,,MR60BHA2_breath_phase,safenest-node-01
41.7250,-0.000000,S001,S001_BREATH_PACED_20_04,1,BREATH_PACED_20,,0.8610,,MR60BHA2_breath_phase,safenest-node-01
41.8250,-0.010000,S001,S001_BREATH_PACED_20_04,1,BREATH_PACED_20,,0.8610,,MR60BHA2_breath_phase,safenest-node-01
41.9250,-0.010000,S001,S001_BREATH_PACED_20_04,1,BREATH_PACED_20,,0.8610,,MR60BHA2_breath_phase,safenest-node-01
42.0250,-0.010000,S001,S001_BREATH_PACED_20_04,1,BREATH_PACED_20,,0.8610,,MR60BHA2_breath_phase,safenest-node-01
42.1250,-0.010000,S001,S001_BREATH_PACED_20_04,1,BREATH_PACED_20,,0.8610,,MR60BHA2_breath_phase,safenest-node-01
42.2250,-0.000000,S001,S001_BREATH_PACED_20_04,1,BREATH_PACED_20,,0.8610,,MR60BHA2_breath_phase,safenest-node-01
42.3250,0.000000,S001,S001_BREATH_PACED_20_04,1,BREATH_PACED_20,,0.8610,,MR60BHA2_breath_phase,safenest-node-01
42.4260,0.000000,S001,S001_BREATH_PACED_20_04,1,BREATH_PACED_20,,0.8610,,MR60BHA2_breath_phase,safenest-node-01
42.5260,0.000000,S001,S001_BREATH_PACED_20_04,1,BREATH_PACED_20,,0.8610,,MR60BHA2_breath_phase,safenest-node-01
42.6260,0.000000,S001,S001_BREATH_PACED_20_04,1,BREATH_PACED_20,,0.8610,,MR60BHA2_breath_phase,safenest-node-01
42.7260,0.000000,S001,S001_BREATH_PACED_20_04,1,BREATH_PACED_20,,0.8610,,MR60BHA2_breath_phase,safenest-node-01
42.8260,0.000000,S001,S001_BREATH_PACED_20_04,1,BREATH_PACED_20,,0.8610,,MR60BHA2_breath_phase,safenest-node-01
42.9260,0.000000,S001,S001_BREATH_PACED_20_04,1,BREATH_PACED_20,,0.8610,,MR60BHA2_breath_phase,safenest-node-01
43.0260,0.000000,S001,S001_BREATH_PACED_20_04,1,BREATH_PACED_20,,0.8610,,MR60BHA2_breath_phase,safenest-node-01
43.1260,-0.000000,S001,S001_BREATH_PACED_20_04,1,BREATH_PACED_20,,0.8610,,MR60BHA2_breath_phase,safenest-node-01
43.2260,-0.000000,S001,S001_BREATH_PACED_20_04,1,BREATH_PACED_20,,0.8610,,MR60BHA2_breath_phase,safenest-node-01
43.3260,-0.000000,S001,S001_BREATH_PACED_20_04,1,BREATH_PACED_20,,0.8610,,MR60BHA2_breath_phase,safenest-node-01
43.4260,-0.000000,S001,S001_BREATH_PACED_20_04,1,BREATH_PACED_20,,0.8610,,MR60BHA2_breath_phase,safenest-node-01
43.5260,-0.000000,S001,S001_BREATH_PACED_20_04,1,BREATH_PACED_20,,0.8610,,MR60BHA2_breath_phase,safenest-node-01
43.6260,-0.000000,S001,S001_BREATH_PACED_20_04,1,BREATH_PACED_20,,0.8610,,MR60BHA2_breath_phase,safenest-node-01
43.7260,-0.000000,S001,S001_BREATH_PACED_20_04,1,BREATH_PACED_20,,0.8610,,MR60BHA2_breath_phase,safenest-node-01
43.8260,0.000000,S001,S001_BREATH_PACED_20_04,1,BREATH_PACED_20,,0.8610,,MR60BHA2_breath_phase,safenest-node-01
43.9260,0.000000,S001,S001_BREATH_PACED_20_04,1,BREATH_PACED_20,,0.8610,,MR60BHA2_breath_phase,safenest-node-01
44.0260,0.000000,S001,S001_BREATH_PACED_20_04,1,BREATH_PACED_20,,0.8610,,MR60BHA2_breath_phase,safenest-node-01
44.1260,0.000000,S001,S001_BREATH_PACED_20_04,1,BREATH_PACED_20,,0.8610,,MR60BHA2_breath_phase,safenest-node-01
44.2260,-0.000000,S001,S001_BREATH_PACED_20_04,1,BREATH_PACED_20,,0.8610,,MR60BHA2_breath_phase,safenest-node-01
44.3260,-0.000000,S001,S001_BREATH_PACED_20_04,1,BREATH_PACED_20,,0.8610,,MR60BHA2_breath_phase,safenest-node-01
44.4260,-0.010000,S001,S001_BREATH_PACED_20_04,1,BREATH_PACED_20,,0.8610,,MR60BHA2_breath_phase,safenest-node-01
44.5260,-0.010000,S001,S001_BREATH_PACED_20_04,1,BREATH_PACED_20,,0.8610,,MR60BHA2_breath_phase,safenest-node-01
44.6260,-0.010000,S001,S001_BREATH_PACED_20_04,1,BREATH_PACED_20,,0.8610,,MR60BHA2_breath_phase,safenest-node-01
44.7260,-0.010000,S001,S001_BREATH_PACED_20_04,1,BREATH_PACED_20,,0.8610,,MR60BHA2_breath_phase,safenest-node-01
44.8260,-0.010000,S001,S001_BREATH_PACED_20_04,1,BREATH_PACED_20,,0.8610,,MR60BHA2_breath_phase,safenest-node-01
44.9260,-0.020000,S001,S001_BREATH_PACED_20_04,1,BREATH_PACED_20,,0.8610,,MR60BHA2_breath_phase,safenest-node-01
45.0260,-0.020000,S001,S001_BREATH_PACED_20_04,1,BREATH_PACED_20,,0.8610,,MR60BHA2_breath_phase,safenest-node-01
45.1260,-0.020000,S001,S001_BREATH_PACED_20_04,1,BREATH_PACED_20,,0.8610,,MR60BHA2_breath_phase,safenest-node-01
45.2260,-0.020000,S001,S001_BREATH_PACED_20_04,1,BREATH_PACED_20,,0.8610,,MR60BHA2_breath_phase,safenest-node-01
45.3260,-0.020000,S001,S001_BREATH_PACED_20_04,1,BREATH_PACED_20,,0.8610,,MR60BHA2_breath_phase,safenest-node-01
45.4260,-0.020000,S001,S001_BREATH_PACED_20_04,1,BREATH_PACED_20,,0.8610,,MR60BHA2_breath_phase,safenest-node-01
45.5260,-0.020000,S001,S001_BREATH_PACED_20_04,1,BREATH_PACED_20,,0.8610,,MR60BHA2_breath_phase,safenest-node-01
45.6260,-0.020000,S001,S001_BREATH_PACED_20_04,1,BREATH_PACED_20,,0.8610,,MR60BHA2_breath_phase,safenest-node-01
45.7260,-0.020000,S001,S001_BREATH_PACED_20_04,1,BREATH_PACED_20,,0.8610,,MR60BHA2_breath_phase,safenest-node-01
45.8260,-0.020000,S001,S001_BREATH_PACED_20_04,1,BREATH_PACED_20,,0.8610,,MR60BHA2_breath_phase,safenest-node-01
45.9280,-0.010000,S001,S001_BREATH_PACED_20_04,1,BREATH_PACED_20,,0.8610,,MR60BHA2_breath_phase,safenest-node-01
46.0280,-0.010000,S001,S001_BREATH_PACED_20_04,1,BREATH_PACED_20,,0.8610,,MR60BHA2_breath_phase,safenest-node-01
46.1280,0.000000,S001,S001_BREATH_PACED_20_04,1,BREATH_PACED_20,,0.8610,,MR60BHA2_breath_phase,safenest-node-01
46.2280,0.010000,S001,S001_BREATH_PACED_20_04,1,BREATH_PACED_20,,0.8610,,MR60BHA2_breath_phase,safenest-node-01
46.3280,0.010000,S001,S001_BREATH_PACED_20_04,1,BREATH_PACED_20,,0.8610,,MR60BHA2_breath_phase,safenest-node-01
46.4280,0.020000,S001,S001_BREATH_PACED_20_04,1,BREATH_PACED_20,,0.8610,,MR60BHA2_breath_phase,safenest-node-01
46.5290,0.020000,S001,S001_BREATH_PACED_20_04,1,BREATH_PACED_20,,0.8610,,MR60BHA2_breath_phase,safenest-node-01
46.6290,0.020000,S001,S001_BREATH_PACED_20_04,1,BREATH_PACED_20,,0.8610,,MR60BHA2_breath_phase,safenest-node-01
46.7290,0.010000,S001,S001_BREATH_PACED_20_04,1,BREATH_PACED_20,,0.8610,,MR60BHA2_breath_phase,safenest-node-01
46.8290,0.010000,S001,S001_BREATH_PACED_20_04,1,BREATH_PACED_20,,0.8610,,MR60BHA2_breath_phase,safenest-node-01
46.9290,0.010000,S001,S001_BREATH_PACED_20_04,1,BREATH_PACED_20,,0.8610,,MR60BHA2_breath_phase,safenest-node-01
47.0290,0.000000,S001,S001_BREATH_PACED_20_04,1,BREATH_PACED_20,,0.8610,,MR60BHA2_breath_phase,safenest-node-01
47.1290,-0.000000,S001,S001_BREATH_PACED_20_04,1,BREATH_PACED_20,,0.8610,,MR60BHA2_breath_phase,safenest-node-01
47.2290,-0.000000,S001,S001_BREATH_PACED_20_04,1,BREATH_PACED_20,,0.8610,,MR60BHA2_breath_phase,safenest-node-01
47.3290,-0.000000,S001,S001_BREATH_PACED_20_04,1,BREATH_PACED_20,,0.8610,,MR60BHA2_breath_phase,safenest-node-01
47.4290,-0.000000,S001,S001_BREATH_PACED_20_04,1,BREATH_PACED_20,,0.8610,,MR60BHA2_breath_phase,safenest-node-01
47.5290,-0.000000,S001,S001_BREATH_PACED_20_04,1,BREATH_PACED_20,,0.8610,,MR60BHA2_breath_phase,safenest-node-01
47.6290,0.000000,S001,S001_BREATH_PACED_20_04,1,BREATH_PACED_20,,0.8610,,MR60BHA2_breath_phase,safenest-node-01
47.7290,0.010000,S001,S001_BREATH_PACED_20_04,1,BREATH_PACED_20,,0.8610,,MR60BHA2_breath_phase,safenest-node-01
47.8290,0.020000,S001,S001_BREATH_PACED_20_04,1,BREATH_PACED_20,,0.8610,,MR60BHA2_breath_phase,safenest-node-01
47.9290,0.020000,S001,S001_BREATH_PACED_20_04,1,BREATH_PACED_20,,0.8610,,MR60BHA2_breath_phase,safenest-node-01
48.0290,0.030000,S001,S001_BREATH_PACED_20_04,1,BREATH_PACED_20,,0.8610,,MR60BHA2_breath_phase,safenest-node-01
48.1290,0.040000,S001,S001_BREATH_PACED_20_04,1,BREATH_PACED_20,,0.8610,,MR60BHA2_breath_phase,safenest-node-01
48.2290,0.040000,S001,S001_BREATH_PACED_20_04,1,BREATH_PACED_20,,0.8610,,MR60BHA2_breath_phase,safenest-node-01
48.3290,0.050000,S001,S001_BREATH_PACED_20_04,1,BREATH_PACED_20,,0.8610,,MR60BHA2_breath_phase,safenest-node-01
48.4290,0.050000,S001,S001_BREATH_PACED_20_04,1,BREATH_PACED_20,,0.8610,,MR60BHA2_breath_phase,safenest-node-01
48.5290,0.040000,S001,S001_BREATH_PACED_20_04,1,BREATH_PACED_20,,0.8610,,MR60BHA2_breath_phase,safenest-node-01
48.6290,0.040000,S001,S001_BREATH_PACED_20_04,1,BREATH_PACED_20,,0.8610,,MR60BHA2_breath_phase,safenest-node-01
48.7290,0.040000,S001,S001_BREATH_PACED_20_04,1,BREATH_PACED_20,,0.8610,,MR60BHA2_breath_phase,safenest-node-01
48.8290,0.030000,S001,S001_BREATH_PACED_20_04,1,BREATH_PACED_20,,0.8610,,MR60BHA2_breath_phase,safenest-node-01
48.9290,0.030000,S001,S001_BREATH_PACED_20_04,1,BREATH_PACED_20,,0.8610,,MR60BHA2_breath_phase,safenest-node-01
49.0290,0.020000,S001,S001_BREATH_PACED_20_04,1,BREATH_PACED_20,,0.8610,,MR60BHA2_breath_phase,safenest-node-01
49.1290,0.010000,S001,S001_BREATH_PACED_20_04,1,BREATH_PACED_20,,0.8610,,MR60BHA2_breath_phase,safenest-node-01
49.2290,0.010000,S001,S001_BREATH_PACED_20_04,1,BREATH_PACED_20,,0.8610,,MR60BHA2_breath_phase,safenest-node-01
49.3290,-0.000000,S001,S001_BREATH_PACED_20_04,1,BREATH_PACED_20,,0.8610,,MR60BHA2_breath_phase,safenest-node-01
49.4300,-0.010000,S001,S001_BREATH_PACED_20_04,1,BREATH_PACED_20,,0.8610,,MR60BHA2_breath_phase,safenest-node-01
49.5300,-0.010000,S001,S001_BREATH_PACED_20_04,1,BREATH_PACED_20,,0.8610,,MR60BHA2_breath_phase,safenest-node-01
49.6310,-0.020000,S001,S001_BREATH_PACED_20_04,1,BREATH_PACED_20,,0.8610,,MR60BHA2_breath_phase,safenest-node-01
49.7310,-0.030000,S001,S001_BREATH_PACED_20_04,1,BREATH_PACED_20,,0.8610,,MR60BHA2_breath_phase,safenest-node-01
49.8310,-0.040000,S001,S001_BREATH_PACED_20_04,1,BREATH_PACED_20,,0.8610,,MR60BHA2_breath_phase,safenest-node-01
49.9310,-0.040000,S001,S001_BREATH_PACED_20_04,1,BREATH_PACED_20,,0.8610,,MR60BHA2_breath_phase,safenest-node-01
50.0310,-0.040000,S001,S001_BREATH_PACED_20_04,1,BREATH_PACED_20,,0.8610,,MR60BHA2_breath_phase,safenest-node-01
50.1310,-0.040000,S001,S001_BREATH_PACED_20_04,1,BREATH_PACED_20,,0.8610,,MR60BHA2_breath_phase,safenest-node-01
50.2310,-0.040000,S001,S001_BREATH_PACED_20_04,1,BREATH_PACED_20,,0.8610,,MR60BHA2_breath_phase,safenest-node-01
50.3310,-0.040000,S001,S001_BREATH_PACED_20_04,1,BREATH_PACED_20,,0.8610,,MR60BHA2_breath_phase,safenest-node-01
50.4310,-0.030000,S001,S001_BREATH_PACED_20_04,1,BREATH_PACED_20,,0.8610,,MR60BHA2_breath_phase,safenest-node-01
50.5310,-0.020000,S001,S001_BREATH_PACED_20_04,1,BREATH_PACED_20,,0.8610,,MR60BHA2_breath_phase,safenest-node-01
50.6310,-0.020000,S001,S001_BREATH_PACED_20_04,1,BREATH_PACED_20,,0.8610,,MR60BHA2_breath_phase,safenest-node-01
50.7310,-0.010000,S001,S001_BREATH_PACED_20_04,1,BREATH_PACED_20,,0.8610,,MR60BHA2_breath_phase,safenest-node-01
50.8310,-0.000000,S001,S001_BREATH_PACED_20_04,1,BREATH_PACED_20,,0.8610,,MR60BHA2_breath_phase,safenest-node-01
50.9310,0.000000,S001,S001_BREATH_PACED_20_04,1,BREATH_PACED_20,,0.8610,,MR60BHA2_breath_phase,safenest-node-01
51.0310,0.010000,S001,S001_BREATH_PACED_20_04,1,BREATH_PACED_20,,0.8610,,MR60BHA2_breath_phase,safenest-node-01
51.1310,0.010000,S001,S001_BREATH_PACED_20_04,1,BREATH_PACED_20,,0.8610,,MR60BHA2_breath_phase,safenest-node-01
51.2310,0.020000,S001,S001_BREATH_PACED_20_04,1,BREATH_PACED_20,,0.8610,,MR60BHA2_breath_phase,safenest-node-01
51.3310,0.020000,S001,S001_BREATH_PACED_20_04,1,BREATH_PACED_20,,0.8610,,MR60BHA2_breath_phase,safenest-node-01
51.4310,0.020000,S001,S001_BREATH_PACED_20_04,1,BREATH_PACED_20,,0.8610,,MR60BHA2_breath_phase,safenest-node-01
51.5310,0.030000,S001,S001_BREATH_PACED_20_04,1,BREATH_PACED_20,,0.8610,,MR60BHA2_breath_phase,safenest-node-01
51.6310,0.030000,S001,S001_BREATH_PACED_20_04,1,BREATH_PACED_20,,0.8610,,MR60BHA2_breath_phase,safenest-node-01
51.7320,0.030000,S001,S001_BREATH_PACED_20_04,1,BREATH_PACED_20,,0.8610,,MR60BHA2_breath_phase,safenest-node-01
51.8320,0.030000,S001,S001_BREATH_PACED_20_04,1,BREATH_PACED_20,,0.8610,,MR60BHA2_breath_phase,safenest-node-01
51.9320,0.020000,S001,S001_BREATH_PACED_20_04,1,BREATH_PACED_20,,0.8610,,MR60BHA2_breath_phase,safenest-node-01
52.0320,0.020000,S001,S001_BREATH_PACED_20_04,1,BREATH_PACED_20,,0.8610,,MR60BHA2_breath_phase,safenest-node-01
52.1320,0.020000,S001,S001_BREATH_PACED_20_04,1,BREATH_PACED_20,,0.8610,,MR60BHA2_breath_phase,safenest-node-01
52.2320,0.010000,S001,S001_BREATH_PACED_20_04,1,BREATH_PACED_20,,0.8610,,MR60BHA2_breath_phase,safenest-node-01
52.3320,0.010000,S001,S001_BREATH_PACED_20_04,1,BREATH_PACED_20,,0.8610,,MR60BHA2_breath_phase,safenest-node-01
52.4320,0.000000,S001,S001_BREATH_PACED_20_04,1,BREATH_PACED_20,,0.8610,,MR60BHA2_breath_phase,safenest-node-01
52.5320,-0.010000,S001,S001_BREATH_PACED_20_04,1,BREATH_PACED_20,,0.8610,,MR60BHA2_breath_phase,safenest-node-01
52.6320,-0.010000,S001,S001_BREATH_PACED_20_04,1,BREATH_PACED_20,,0.8610,,MR60BHA2_breath_phase,safenest-node-01
52.7320,-0.030000,S001,S001_BREATH_PACED_20_04,1,BREATH_PACED_20,,0.8610,,MR60BHA2_breath_phase,safenest-node-01
52.8320,-0.040000,S001,S001_BREATH_PACED_20_04,1,BREATH_PACED_20,,0.8610,,MR60BHA2_breath_phase,safenest-node-01
52.9320,-0.040000,S001,S001_BREATH_PACED_20_04,1,BREATH_PACED_20,,0.8610,,MR60BHA2_breath_phase,safenest-node-01
53.0320,-0.050000,S001,S001_BREATH_PACED_20_04,1,BREATH_PACED_20,,0.8610,,MR60BHA2_breath_phase,safenest-node-01
53.1320,-0.050000,S001,S001_BREATH_PACED_20_04,1,BREATH_PACED_20,,0.8610,,MR60BHA2_breath_phase,safenest-node-01
53.2320,-0.050000,S001,S001_BREATH_PACED_20_04,1,BREATH_PACED_20,,0.8610,,MR60BHA2_breath_phase,safenest-node-01
53.3320,-0.040000,S001,S001_BREATH_PACED_20_04,1,BREATH_PACED_20,,0.8610,,MR60BHA2_breath_phase,safenest-node-01
53.4320,-0.040000,S001,S001_BREATH_PACED_20_04,1,BREATH_PACED_20,,0.8610,,MR60BHA2_breath_phase,safenest-node-01
53.5320,-0.040000,S001,S001_BREATH_PACED_20_04,1,BREATH_PACED_20,,0.8610,,MR60BHA2_breath_phase,safenest-node-01
53.6320,-0.030000,S001,S001_BREATH_PACED_20_04,1,BREATH_PACED_20,,0.8610,,MR60BHA2_breath_phase,safenest-node-01
53.7320,-0.030000,S001,S001_BREATH_PACED_20_04,1,BREATH_PACED_20,,0.8610,,MR60BHA2_breath_phase,safenest-node-01
53.8320,-0.020000,S001,S001_BREATH_PACED_20_04,1,BREATH_PACED_20,,0.8610,,MR60BHA2_breath_phase,safenest-node-01
53.9320,-0.010000,S001,S001_BREATH_PACED_20_04,1,BREATH_PACED_20,,0.8610,,MR60BHA2_breath_phase,safenest-node-01
54.0320,0.000000,S001,S001_BREATH_PACED_20_04,1,BREATH_PACED_20,,0.8610,,MR60BHA2_breath_phase,safenest-node-01
54.1320,0.010000,S001,S001_BREATH_PACED_20_04,1,BREATH_PACED_20,,0.8610,,MR60BHA2_breath_phase,safenest-node-01
54.2320,0.020000,S001,S001_BREATH_PACED_20_04,1,BREATH_PACED_20,,0.8610,,MR60BHA2_breath_phase,safenest-node-01
54.3320,0.030000,S001,S001_BREATH_PACED_20_04,1,BREATH_PACED_20,,0.8610,,MR60BHA2_breath_phase,safenest-node-01
54.4320,0.030000,S001,S001_BREATH_PACED_20_04,1,BREATH_PACED_20,,0.8610,,MR60BHA2_breath_phase,safenest-node-01
54.5320,0.030000,S001,S001_BREATH_PACED_20_04,1,BREATH_PACED_20,,0.8610,,MR60BHA2_breath_phase,safenest-node-01
54.6320,0.030000,S001,S001_BREATH_PACED_20_04,1,BREATH_PACED_20,,0.8610,,MR60BHA2_breath_phase,safenest-node-01
54.7320,0.030000,S001,S001_BREATH_PACED_20_04,1,BREATH_PACED_20,,0.8610,,MR60BHA2_breath_phase,safenest-node-01
54.8320,0.020000,S001,S001_BREATH_PACED_20_04,1,BREATH_PACED_20,,0.8610,,MR60BHA2_breath_phase,safenest-node-01
54.9320,0.020000,S001,S001_BREATH_PACED_20_04,1,BREATH_PACED_20,,0.8610,,MR60BHA2_breath_phase,safenest-node-01
55.0320,0.000000,S001,S001_BREATH_PACED_20_04,1,BREATH_PACED_20,,0.8610,,MR60BHA2_breath_phase,safenest-node-01
55.1320,-0.010000,S001,S001_BREATH_PACED_20_04,1,BREATH_PACED_20,,0.8610,,MR60BHA2_breath_phase,safenest-node-01
55.2320,-0.010000,S001,S001_BREATH_PACED_20_04,1,BREATH_PACED_20,,0.8610,,MR60BHA2_breath_phase,safenest-node-01
55.3320,-0.010000,S001,S001_BREATH_PACED_20_04,1,BREATH_PACED_20,,0.8610,,MR60BHA2_breath_phase,safenest-node-01
55.4320,-0.000000,S001,S001_BREATH_PACED_20_04,1,BREATH_PACED_20,,0.8610,,MR60BHA2_breath_phase,safenest-node-01
55.5320,0.000000,S001,S001_BREATH_PACED_20_04,1,BREATH_PACED_20,,0.8610,,MR60BHA2_breath_phase,safenest-node-01
55.6320,0.020000,S001,S001_BREATH_PACED_20_04,1,BREATH_PACED_20,,0.8610,,MR60BHA2_breath_phase,safenest-node-01
55.7320,0.050000,S001,S001_BREATH_PACED_20_04,1,BREATH_PACED_20,,0.8610,,MR60BHA2_breath_phase,safenest-node-01
55.8320,0.070000,S001,S001_BREATH_PACED_20_04,1,BREATH_PACED_20,,0.8610,,MR60BHA2_breath_phase,safenest-node-01
55.9320,0.100000,S001,S001_BREATH_PACED_20_04,1,BREATH_PACED_20,,0.8610,,MR60BHA2_breath_phase,safenest-node-01
56.0320,0.130000,S001,S001_BREATH_PACED_20_04,1,BREATH_PACED_20,,0.8610,,MR60BHA2_breath_phase,safenest-node-01
56.1320,0.150000,S001,S001_BREATH_PACED_20_04,1,BREATH_PACED_20,,0.8610,,MR60BHA2_breath_phase,safenest-node-01
56.2320,0.170000,S001,S001_BREATH_PACED_20_04,1,BREATH_PACED_20,,0.8610,,MR60BHA2_breath_phase,safenest-node-01
56.3320,0.180000,S001,S001_BREATH_PACED_20_04,1,BREATH_PACED_20,,0.8610,,MR60BHA2_breath_phase,safenest-node-01
56.4320,0.170000,S001,S001_BREATH_PACED_20_04,1,BREATH_PACED_20,,0.8610,,MR60BHA2_breath_phase,safenest-node-01
56.5320,0.150000,S001,S001_BREATH_PACED_20_04,1,BREATH_PACED_20,,0.8610,,MR60BHA2_breath_phase,safenest-node-01
56.6320,0.100000,S001,S001_BREATH_PACED_20_04,1,BREATH_PACED_20,,0.8610,,MR60BHA2_breath_phase,safenest-node-01
56.7320,0.070000,S001,S001_BREATH_PACED_20_04,1,BREATH_PACED_20,,0.8610,,MR60BHA2_breath_phase,safenest-node-01
56.8320,0.010000,S001,S001_BREATH_PACED_20_04,1,BREATH_PACED_20,,0.8610,,MR60BHA2_breath_phase,safenest-node-01
56.9320,-0.070000,S001,S001_BREATH_PACED_20_04,1,BREATH_PACED_20,1.00,0.8610,,MR60BHA2_breath_phase,safenest-node-01
57.0320,-0.110000,S001,S001_BREATH_PACED_20_04,1,BREATH_PACED_20,1.00,0.8610,,MR60BHA2_breath_phase,safenest-node-01
57.1320,-0.190000,S001,S001_BREATH_PACED_20_04,1,BREATH_PACED_20,1.00,0.8610,,MR60BHA2_breath_phase,safenest-node-01
57.2320,-0.220000,S001,S001_BREATH_PACED_20_04,1,BREATH_PACED_20,1.00,0.8610,,MR60BHA2_breath_phase,safenest-node-01
57.3320,-0.280000,S001,S001_BREATH_PACED_20_04,1,BREATH_PACED_20,1.00,0.8610,,MR60BHA2_breath_phase,safenest-node-01
57.4320,-0.320000,S001,S001_BREATH_PACED_20_04,1,BREATH_PACED_20,2.00,0.8610,,MR60BHA2_breath_phase,safenest-node-01
57.5320,-0.340000,S001,S001_BREATH_PACED_20_04,1,BREATH_PACED_20,2.00,0.8610,,MR60BHA2_breath_phase,safenest-node-01
57.6320,-0.350000,S001,S001_BREATH_PACED_20_04,1,BREATH_PACED_20,2.00,0.8610,,MR60BHA2_breath_phase,safenest-node-01
57.7320,-0.340000,S001,S001_BREATH_PACED_20_04,1,BREATH_PACED_20,3.00,0.8610,,MR60BHA2_breath_phase,safenest-node-01
57.8320,-0.330000,S001,S001_BREATH_PACED_20_04,1,BREATH_PACED_20,4.00,0.8610,,MR60BHA2_breath_phase,safenest-node-01
57.9320,-0.290000,S001,S001_BREATH_PACED_20_04,1,BREATH_PACED_20,5.00,0.8610,,MR60BHA2_breath_phase,safenest-node-01
58.0320,-0.240000,S001,S001_BREATH_PACED_20_04,1,BREATH_PACED_20,5.00,0.8610,,MR60BHA2_breath_phase,safenest-node-01
58.1320,-0.180000,S001,S001_BREATH_PACED_20_04,1,BREATH_PACED_20,6.00,0.8610,,MR60BHA2_breath_phase,safenest-node-01
58.2320,-0.150000,S001,S001_BREATH_PACED_20_04,1,BREATH_PACED_20,6.00,0.8610,,MR60BHA2_breath_phase,safenest-node-01
58.3320,-0.080000,S001,S001_BREATH_PACED_20_04,1,BREATH_PACED_20,7.00,0.8610,,MR60BHA2_breath_phase,safenest-node-01
58.4320,-0.040000,S001,S001_BREATH_PACED_20_04,1,BREATH_PACED_20,7.00,0.8610,,MR60BHA2_breath_phase,safenest-node-01
58.5320,0.040000,S001,S001_BREATH_PACED_20_04,1,BREATH_PACED_20,8.00,0.8610,,MR60BHA2_breath_phase,safenest-node-01
58.6320,0.120000,S001,S001_BREATH_PACED_20_04,1,BREATH_PACED_20,8.00,0.8610,,MR60BHA2_breath_phase,safenest-node-01
58.7320,0.150000,S001,S001_BREATH_PACED_20_04,1,BREATH_PACED_20,8.00,0.8610,,MR60BHA2_breath_phase,safenest-node-01
58.8320,0.230000,S001,S001_BREATH_PACED_20_04,1,BREATH_PACED_20,9.00,0.8610,,MR60BHA2_breath_phase,safenest-node-01
58.9320,0.260000,S001,S001_BREATH_PACED_20_04,1,BREATH_PACED_20,9.00,0.8610,,MR60BHA2_breath_phase,safenest-node-01
59.0320,0.330000,S001,S001_BREATH_PACED_20_04,1,BREATH_PACED_20,11.00,0.8610,,MR60BHA2_breath_phase,safenest-node-01
59.1320,0.380000,S001,S001_BREATH_PACED_20_04,1,BREATH_PACED_20,12.00,0.8610,,MR60BHA2_breath_phase,safenest-node-01
59.2320,0.410000,S001,S001_BREATH_PACED_20_04,1,BREATH_PACED_20,12.00,0.8610,,MR60BHA2_breath_phase,safenest-node-01
59.3320,0.410000,S001,S001_BREATH_PACED_20_04,1,BREATH_PACED_20,12.00,0.8610,,MR60BHA2_breath_phase,safenest-node-01
59.4320,0.400000,S001,S001_BREATH_PACED_20_04,1,BREATH_PACED_20,13.00,0.8610,,MR60BHA2_breath_phase,safenest-node-01
59.5320,0.380000,S001,S001_BREATH_PACED_20_04,1,BREATH_PACED_20,13.00,0.8610,,MR60BHA2_breath_phase,safenest-node-01
59.6320,0.320000,S001,S001_BREATH_PACED_20_04,1,BREATH_PACED_20,14.00,0.8610,,MR60BHA2_breath_phase,safenest-node-01
59.7320,0.240000,S001,S001_BREATH_PACED_20_04,1,BREATH_PACED_20,14.00,0.8610,,MR60BHA2_breath_phase,safenest-node-01
59.8320,0.130000,S001,S001_BREATH_PACED_20_04,1,BREATH_PACED_20,15.00,0.8610,,MR60BHA2_breath_phase,safenest-node-01
59.9320,0.070000,S001,S001_BREATH_PACED_20_04,1,BREATH_PACED_20,15.00,0.8610,,MR60BHA2_breath_phase,safenest-node-01
60.0320,-0.050000,S001,S001_BREATH_PACED_20_04,1,BREATH_PACED_20,15.00,0.8610,,MR60BHA2_breath_phase,safenest-node-01
60.1320,-0.110000,S001,S001_BREATH_PACED_20_04,1,BREATH_PACED_20,16.00,0.8610,,MR60BHA2_breath_phase,safenest-node-01
60.2320,-0.220000,S001,S001_BREATH_PACED_20_04,1,BREATH_PACED_20,16.00,0.8610,,MR60BHA2_breath_phase,safenest-node-01
60.3320,-0.310000,S001,S001_BREATH_PACED_20_04,1,BREATH_PACED_20,16.00,0.8610,,MR60BHA2_breath_phase,safenest-node-01
60.4340,-0.370000,S001,S001_BREATH_PACED_20_04,1,BREATH_PACED_20,17.00,0.8610,,MR60BHA2_breath_phase,safenest-node-01
60.5340,-0.390000,S001,S001_BREATH_PACED_20_04,1,BREATH_PACED_20,17.00,0.8610,,MR60BHA2_breath_phase,safenest-node-01
60.6340,-0.400000,S001,S001_BREATH_PACED_20_04,1,BREATH_PACED_20,18.00,0.8610,,MR60BHA2_breath_phase,safenest-node-01
60.7340,-0.400000,S001,S001_BREATH_PACED_20_04,1,BREATH_PACED_20,18.00,0.8610,,MR60BHA2_breath_phase,safenest-node-01
60.8340,-0.370000,S001,S001_BREATH_PACED_20_04,1,BREATH_PACED_20,19.00,0.8610,,MR60BHA2_breath_phase,safenest-node-01
60.9340,-0.310000,S001,S001_BREATH_PACED_20_04,1,BREATH_PACED_20,19.00,0.8610,,MR60BHA2_breath_phase,safenest-node-01
61.0340,-0.280000,S001,S001_BREATH_PACED_20_04,1,BREATH_PACED_20,19.00,0.8610,,MR60BHA2_breath_phase,safenest-node-01
61.1340,-0.200000,S001,S001_BREATH_PACED_20_04,1,BREATH_PACED_20,19.00,0.8610,,MR60BHA2_breath_phase,safenest-node-01
61.2340,-0.120000,S001,S001_BREATH_PACED_20_04,1,BREATH_PACED_20,19.00,0.8610,,MR60BHA2_breath_phase,safenest-node-01
61.3340,-0.080000,S001,S001_BREATH_PACED_20_04,1,BREATH_PACED_20,19.00,0.8610,,MR60BHA2_breath_phase,safenest-node-01
61.4340,0.000000,S001,S001_BREATH_PACED_20_04,1,BREATH_PACED_20,20.00,0.8610,,MR60BHA2_breath_phase,safenest-node-01
61.5340,0.080000,S001,S001_BREATH_PACED_20_04,1,BREATH_PACED_20,20.00,0.8610,,MR60BHA2_breath_phase,safenest-node-01
61.6340,0.110000,S001,S001_BREATH_PACED_20_04,1,BREATH_PACED_20,20.00,0.8610,,MR60BHA2_breath_phase,safenest-node-01
61.7340,0.170000,S001,S001_BREATH_PACED_20_04,1,BREATH_PACED_20,20.00,0.8610,,MR60BHA2_breath_phase,safenest-node-01
61.8340,0.200000,S001,S001_BREATH_PACED_20_04,1,BREATH_PACED_20,20.00,0.8610,,MR60BHA2_breath_phase,safenest-node-01
61.9340,0.250000,S001,S001_BREATH_PACED_20_04,1,BREATH_PACED_20,20.00,0.8610,,MR60BHA2_breath_phase,safenest-node-01
62.0340,0.290000,S001,S001_BREATH_PACED_20_04,1,BREATH_PACED_20,21.00,0.8610,,MR60BHA2_breath_phase,safenest-node-01
62.1340,0.320000,S001,S001_BREATH_PACED_20_04,1,BREATH_PACED_20,21.00,0.8610,,MR60BHA2_breath_phase,safenest-node-01
62.2340,0.330000,S001,S001_BREATH_PACED_20_04,1,BREATH_PACED_20,21.00,0.8610,,MR60BHA2_breath_phase,safenest-node-01
62.3340,0.340000,S001,S001_BREATH_PACED_20_04,1,BREATH_PACED_20,21.00,0.8610,,MR60BHA2_breath_phase,safenest-node-01
62.4340,0.330000,S001,S001_BREATH_PACED_20_04,1,BREATH_PACED_20,21.00,0.8610,,MR60BHA2_breath_phase,safenest-node-01
62.5340,0.310000,S001,S001_BREATH_PACED_20_04,1,BREATH_PACED_20,21.00,0.8610,,MR60BHA2_breath_phase,safenest-node-01
62.6340,0.280000,S001,S001_BREATH_PACED_20_04,1,BREATH_PACED_20,21.00,0.8610,,MR60BHA2_breath_phase,safenest-node-01
62.7350,0.230000,S001,S001_BREATH_PACED_20_04,1,BREATH_PACED_20,21.00,0.8610,,MR60BHA2_breath_phase,safenest-node-01
62.8350,0.200000,S001,S001_BREATH_PACED_20_04,1,BREATH_PACED_20,21.00,0.8610,,MR60BHA2_breath_phase,safenest-node-01
62.9350,0.130000,S001,S001_BREATH_PACED_20_04,1,BREATH_PACED_20,21.00,0.8610,,MR60BHA2_breath_phase,safenest-node-01
63.0350,0.090000,S001,S001_BREATH_PACED_20_04,1,BREATH_PACED_20,22.00,0.8610,,MR60BHA2_breath_phase,safenest-node-01
63.1350,0.020000,S001,S001_BREATH_PACED_20_04,1,BREATH_PACED_20,22.00,0.8610,,MR60BHA2_breath_phase,safenest-node-01
63.2350,-0.050000,S001,S001_BREATH_PACED_20_04,1,BREATH_PACED_20,22.00,0.8610,,MR60BHA2_breath_phase,safenest-node-01
63.3360,-0.090000,S001,S001_BREATH_PACED_20_04,1,BREATH_PACED_20,22.00,0.8610,,MR60BHA2_breath_phase,safenest-node-01
63.4360,-0.150000,S001,S001_BREATH_PACED_20_04,1,BREATH_PACED_20,22.00,0.8610,,MR60BHA2_breath_phase,safenest-node-01
63.5360,-0.190000,S001,S001_BREATH_PACED_20_04,1,BREATH_PACED_20,22.00,0.8610,,MR60BHA2_breath_phase,safenest-node-01
63.6360,-0.210000,S001,S001_BREATH_PACED_20_04,1,BREATH_PACED_20,22.00,0.8610,,MR60BHA2_breath_phase,safenest-node-01
63.7360,-0.240000,S001,S001_BREATH_PACED_20_04,1,BREATH_PACED_20,22.00,0.8610,,MR60BHA2_breath_phase,safenest-node-01
63.8360,-0.250000,S001,S001_BREATH_PACED_20_04,1,BREATH_PACED_20,22.00,0.8610,,MR60BHA2_breath_phase,safenest-node-01
63.9360,-0.250000,S001,S001_BREATH_PACED_20_04,1,BREATH_PACED_20,22.00,0.8610,,MR60BHA2_breath_phase,safenest-node-01
64.0360,-0.240000,S001,S001_BREATH_PACED_20_04,1,BREATH_PACED_20,22.00,0.8610,,MR60BHA2_breath_phase,safenest-node-01
64.1360,-0.230000,S001,S001_BREATH_PACED_20_04,1,BREATH_PACED_20,22.00,0.8610,,MR60BHA2_breath_phase,safenest-node-01
64.2360,-0.200000,S001,S001_BREATH_PACED_20_04,1,BREATH_PACED_20,22.00,0.8610,,MR60BHA2_breath_phase,safenest-node-01
64.3360,-0.170000,S001,S001_BREATH_PACED_20_04,1,BREATH_PACED_20,22.00,0.8610,,MR60BHA2_breath_phase,safenest-node-01
64.4360,-0.130000,S001,S001_BREATH_PACED_20_04,1,BREATH_PACED_20,22.00,0.8610,,MR60BHA2_breath_phase,safenest-node-01
64.5360,-0.100000,S001,S001_BREATH_PACED_20_04,1,BREATH_PACED_20,22.00,0.8610,,MR60BHA2_breath_phase,safenest-node-01
64.6360,-0.060000,S001,S001_BREATH_PACED_20_04,1,BREATH_PACED_20,22.00,0.8610,,MR60BHA2_breath_phase,safenest-node-01
64.7360,-0.030000,S001,S001_BREATH_PACED_20_04,1,BREATH_PACED_20,22.00,0.8610,,MR60BHA2_breath_phase,safenest-node-01
64.8360,0.020000,S001,S001_BREATH_PACED_20_04,1,BREATH_PACED_20,23.00,0.8610,,MR60BHA2_breath_phase,safenest-node-01
64.9360,0.070000,S001,S001_BREATH_PACED_20_04,1,BREATH_PACED_20,23.00,0.8610,,MR60BHA2_breath_phase,safenest-node-01
65.0370,0.090000,S001,S001_BREATH_PACED_20_04,1,BREATH_PACED_20,23.00,0.8610,,MR60BHA2_breath_phase,safenest-node-01
65.1370,0.140000,S001,S001_BREATH_PACED_20_04,1,BREATH_PACED_20,23.00,0.8610,,MR60BHA2_breath_phase,safenest-node-01
65.2370,0.190000,S001,S001_BREATH_PACED_20_04,1,BREATH_PACED_20,23.00,0.8610,,MR60BHA2_breath_phase,safenest-node-01
65.3370,0.210000,S001,S001_BREATH_PACED_20_04,1,BREATH_PACED_20,23.00,0.8610,,MR60BHA2_breath_phase,safenest-node-01
65.4370,0.250000,S001,S001_BREATH_PACED_20_04,1,BREATH_PACED_20,23.00,0.8610,,MR60BHA2_breath_phase,safenest-node-01
65.5370,0.270000,S001,S001_BREATH_PACED_20_04,1,BREATH_PACED_20,23.00,0.8610,,MR60BHA2_breath_phase,safenest-node-01
65.6370,0.270000,S001,S001_BREATH_PACED_20_04,1,BREATH_PACED_20,23.00,0.8610,,MR60BHA2_breath_phase,safenest-node-01
65.7370,0.250000,S001,S001_BREATH_PACED_20_04,1,BREATH_PACED_20,23.00,0.8610,,MR60BHA2_breath_phase,safenest-node-01
65.8370,0.230000,S001,S001_BREATH_PACED_20_04,1,BREATH_PACED_20,23.00,0.8610,,MR60BHA2_breath_phase,safenest-node-01
65.9370,0.180000,S001,S001_BREATH_PACED_20_04,1,BREATH_PACED_20,23.00,0.8610,,MR60BHA2_breath_phase,safenest-node-01
66.0370,0.110000,S001,S001_BREATH_PACED_20_04,1,BREATH_PACED_20,23.00,0.8610,,MR60BHA2_breath_phase,safenest-node-01
66.1380,0.030000,S001,S001_BREATH_PACED_20_04,1,BREATH_PACED_20,23.00,0.8610,,MR60BHA2_breath_phase,safenest-node-01
66.2380,-0.020000,S001,S001_BREATH_PACED_20_04,1,BREATH_PACED_20,23.00,0.8610,,MR60BHA2_breath_phase,safenest-node-01
66.3380,-0.100000,S001,S001_BREATH_PACED_20_04,1,BREATH_PACED_20,23.00,0.8610,,MR60BHA2_breath_phase,safenest-node-01
66.4380,-0.140000,S001,S001_BREATH_PACED_20_04,1,BREATH_PACED_20,23.00,0.8610,,MR60BHA2_breath_phase,safenest-node-01
66.5380,-0.200000,S001,S001_BREATH_PACED_20_04,1,BREATH_PACED_20,23.00,0.8610,,MR60BHA2_breath_phase,safenest-node-01
66.6380,-0.250000,S001,S001_BREATH_PACED_20_04,1,BREATH_PACED_20,23.00,0.8610,,MR60BHA2_breath_phase,safenest-node-01
66.7380,-0.270000,S001,S001_BREATH_PACED_20_04,1,BREATH_PACED_20,23.00,0.8610,,MR60BHA2_breath_phase,safenest-node-01
66.8380,-0.290000,S001,S001_BREATH_PACED_20_04,1,BREATH_PACED_20,23.00,0.8610,,MR60BHA2_breath_phase,safenest-node-01
66.9380,-0.300000,S001,S001_BREATH_PACED_20_04,1,BREATH_PACED_20,23.00,0.8610,,MR60BHA2_breath_phase,safenest-node-01
67.0380,-0.290000,S001,S001_BREATH_PACED_20_04,1,BREATH_PACED_20,23.00,0.8610,,MR60BHA2_breath_phase,safenest-node-01
67.1380,-0.270000,S001,S001_BREATH_PACED_20_04,1,BREATH_PACED_20,23.00,0.8610,,MR60BHA2_breath_phase,safenest-node-01
67.2380,-0.230000,S001,S001_BREATH_PACED_20_04,1,BREATH_PACED_20,23.00,0.8610,,MR60BHA2_breath_phase,safenest-node-01
67.3380,-0.210000,S001,S001_BREATH_PACED_20_04,1,BREATH_PACED_20,23.00,0.8610,,MR60BHA2_breath_phase,safenest-node-01
67.4380,-0.160000,S001,S001_BREATH_PACED_20_04,1,BREATH_PACED_20,23.00,0.8610,,MR60BHA2_breath_phase,safenest-node-01
67.5380,-0.140000,S001,S001_BREATH_PACED_20_04,1,BREATH_PACED_20,23.00,0.8610,,MR60BHA2_breath_phase,safenest-node-01
67.6380,-0.080000,S001,S001_BREATH_PACED_20_04,1,BREATH_PACED_20,23.00,0.8610,,MR60BHA2_breath_phase,safenest-node-01
67.7380,-0.020000,S001,S001_BREATH_PACED_20_04,1,BREATH_PACED_20,23.00,0.8610,,MR60BHA2_breath_phase,safenest-node-01
67.8380,0.040000,S001,S001_BREATH_PACED_20_04,1,BREATH_PACED_20,23.00,0.8610,,MR60BHA2_breath_phase,safenest-node-01
67.9380,0.070000,S001,S001_BREATH_PACED_20_04,1,BREATH_PACED_20,23.00,0.8610,,MR60BHA2_breath_phase,safenest-node-01
68.0380,0.130000,S001,S001_BREATH_PACED_20_04,1,BREATH_PACED_20,23.00,0.8610,,MR60BHA2_breath_phase,safenest-node-01
68.1380,0.160000,S001,S001_BREATH_PACED_20_04,1,BREATH_PACED_20,23.00,0.8610,,MR60BHA2_breath_phase,safenest-node-01
68.2380,0.210000,S001,S001_BREATH_PACED_20_04,1,BREATH_PACED_20,23.00,0.8610,,MR60BHA2_breath_phase,safenest-node-01
68.3380,0.240000,S001,S001_BREATH_PACED_20_04,1,BREATH_PACED_20,23.00,0.8610,,MR60BHA2_breath_phase,safenest-node-01
68.4390,0.260000,S001,S001_BREATH_PACED_20_04,1,BREATH_PACED_20,23.00,0.8610,,MR60BHA2_breath_phase,safenest-node-01
68.5390,0.260000,S001,S001_BREATH_PACED_20_04,1,BREATH_PACED_20,23.00,0.8610,,MR60BHA2_breath_phase,safenest-node-01
68.6390,0.250000,S001,S001_BREATH_PACED_20_04,1,BREATH_PACED_20,23.00,0.8610,,MR60BHA2_breath_phase,safenest-node-01
68.7390,0.240000,S001,S001_BREATH_PACED_20_04,1,BREATH_PACED_20,23.00,0.8610,,MR60BHA2_breath_phase,safenest-node-01
68.8390,0.200000,S001,S001_BREATH_PACED_20_04,1,BREATH_PACED_20,23.00,0.8610,,MR60BHA2_breath_phase,safenest-node-01
68.9390,0.140000,S001,S001_BREATH_PACED_20_04,1,BREATH_PACED_20,23.00,0.8610,,MR60BHA2_breath_phase,safenest-node-01
69.0400,0.110000,S001,S001_BREATH_PACED_20_04,1,BREATH_PACED_20,23.00,0.8610,,MR60BHA2_breath_phase,safenest-node-01
69.1400,0.050000,S001,S001_BREATH_PACED_20_04,1,BREATH_PACED_20,23.00,0.8610,,MR60BHA2_breath_phase,safenest-node-01
69.2400,0.010000,S001,S001_BREATH_PACED_20_04,1,BREATH_PACED_20,23.00,0.8610,,MR60BHA2_breath_phase,safenest-node-01
69.3400,-0.060000,S001,S001_BREATH_PACED_20_04,1,BREATH_PACED_20,23.00,0.8610,,MR60BHA2_breath_phase,safenest-node-01
69.4400,-0.120000,S001,S001_BREATH_PACED_20_04,1,BREATH_PACED_20,23.00,0.8610,,MR60BHA2_breath_phase,safenest-node-01
69.5400,-0.170000,S001,S001_BREATH_PACED_20_04,1,BREATH_PACED_20,23.00,0.8610,,MR60BHA2_breath_phase,safenest-node-01
69.6400,-0.190000,S001,S001_BREATH_PACED_20_04,1,BREATH_PACED_20,23.00,0.8610,,MR60BHA2_breath_phase,safenest-node-01
69.7400,-0.210000,S001,S001_BREATH_PACED_20_04,1,BREATH_PACED_20,23.00,0.8610,,MR60BHA2_breath_phase,safenest-node-01
69.8400,-0.220000,S001,S001_BREATH_PACED_20_04,1,BREATH_PACED_20,23.00,0.8610,,MR60BHA2_breath_phase,safenest-node-01
69.9400,-0.220000,S001,S001_BREATH_PACED_20_04,1,BREATH_PACED_20,23.00,0.8610,,MR60BHA2_breath_phase,safenest-node-01
70.0400,-0.210000,S001,S001_BREATH_PACED_20_04,1,BREATH_PACED_20,23.00,0.8610,,MR60BHA2_breath_phase,safenest-node-01
70.1400,-0.190000,S001,S001_BREATH_PACED_20_04,1,BREATH_PACED_20,23.00,0.8610,,MR60BHA2_breath_phase,safenest-node-01
70.2400,-0.180000,S001,S001_BREATH_PACED_20_04,1,BREATH_PACED_20,23.00,0.8610,,MR60BHA2_breath_phase,safenest-node-01
70.3400,-0.140000,S001,S001_BREATH_PACED_20_04,1,BREATH_PACED_20,23.00,0.8610,,MR60BHA2_breath_phase,safenest-node-01
70.4400,-0.110000,S001,S001_BREATH_PACED_20_04,1,BREATH_PACED_20,23.00,0.8610,,MR60BHA2_breath_phase,safenest-node-01
70.5400,-0.060000,S001,S001_BREATH_PACED_20_04,1,BREATH_PACED_20,23.00,0.8610,,MR60BHA2_breath_phase,safenest-node-01
70.6400,-0.000000,S001,S001_BREATH_PACED_20_04,1,BREATH_PACED_20,23.00,0.8610,,MR60BHA2_breath_phase,safenest-node-01
70.7400,0.030000,S001,S001_BREATH_PACED_20_04,1,BREATH_PACED_20,23.00,0.8610,,MR60BHA2_breath_phase,safenest-node-01
70.8400,0.090000,S001,S001_BREATH_PACED_20_04,1,BREATH_PACED_20,23.00,0.8610,,MR60BHA2_breath_phase,safenest-node-01
70.9400,0.150000,S001,S001_BREATH_PACED_20_04,1,BREATH_PACED_20,23.00,0.8610,,MR60BHA2_breath_phase,safenest-node-01
71.0400,0.170000,S001,S001_BREATH_PACED_20_04,1,BREATH_PACED_20,23.00,0.8610,,MR60BHA2_breath_phase,safenest-node-01
71.1400,0.220000,S001,S001_BREATH_PACED_20_04,1,BREATH_PACED_20,23.00,0.8610,,MR60BHA2_breath_phase,safenest-node-01
71.2400,0.250000,S001,S001_BREATH_PACED_20_04,1,BREATH_PACED_20,23.00,0.8610,,MR60BHA2_breath_phase,safenest-node-01
71.3400,0.260000,S001,S001_BREATH_PACED_20_04,1,BREATH_PACED_20,23.00,0.8610,,MR60BHA2_breath_phase,safenest-node-01
71.4400,0.260000,S001,S001_BREATH_PACED_20_04,1,BREATH_PACED_20,23.00,0.8610,,MR60BHA2_breath_phase,safenest-node-01
71.5400,0.240000,S001,S001_BREATH_PACED_20_04,1,BREATH_PACED_20,23.00,0.8610,,MR60BHA2_breath_phase,safenest-node-01
71.6400,0.220000,S001,S001_BREATH_PACED_20_04,1,BREATH_PACED_20,23.00,0.8610,,MR60BHA2_breath_phase,safenest-node-01
71.7400,0.170000,S001,S001_BREATH_PACED_20_04,1,BREATH_PACED_20,23.00,0.8610,,MR60BHA2_breath_phase,safenest-node-01
71.8400,0.100000,S001,S001_BREATH_PACED_20_04,1,BREATH_PACED_20,23.00,0.8610,,MR60BHA2_breath_phase,safenest-node-01
71.9400,0.060000,S001,S001_BREATH_PACED_20_04,1,BREATH_PACED_20,23.00,0.8610,,MR60BHA2_breath_phase,safenest-node-01
72.0400,-0.020000,S001,S001_BREATH_PACED_20_04,1,BREATH_PACED_20,23.00,0.8610,,MR60BHA2_breath_phase,safenest-node-01
72.1400,-0.060000,S001,S001_BREATH_PACED_20_04,1,BREATH_PACED_20,23.00,0.8610,,MR60BHA2_breath_phase,safenest-node-01
72.2400,-0.130000,S001,S001_BREATH_PACED_20_04,1,BREATH_PACED_20,23.00,0.8610,,MR60BHA2_breath_phase,safenest-node-01
72.3400,-0.180000,S001,S001_BREATH_PACED_20_04,1,BREATH_PACED_20,23.00,0.8610,,MR60BHA2_breath_phase,safenest-node-01
72.4400,-0.220000,S001,S001_BREATH_PACED_20_04,1,BREATH_PACED_20,23.00,0.8610,,MR60BHA2_breath_phase,safenest-node-01
72.5400,-0.230000,S001,S001_BREATH_PACED_20_04,1,BREATH_PACED_20,23.00,0.8610,,MR60BHA2_breath_phase,safenest-node-01
72.6400,-0.240000,S001,S001_BREATH_PACED_20_04,1,BREATH_PACED_20,23.00,0.8610,,MR60BHA2_breath_phase,safenest-node-01
72.7400,-0.240000,S001,S001_BREATH_PACED_20_04,1,BREATH_PACED_20,23.00,0.8610,,MR60BHA2_breath_phase,safenest-node-01
72.8400,-0.220000,S001,S001_BREATH_PACED_20_04,1,BREATH_PACED_20,23.00,0.8610,,MR60BHA2_breath_phase,safenest-node-01
72.9400,-0.180000,S001,S001_BREATH_PACED_20_04,1,BREATH_PACED_20,23.00,0.8610,,MR60BHA2_breath_phase,safenest-node-01
73.0400,-0.160000,S001,S001_BREATH_PACED_20_04,1,BREATH_PACED_20,23.00,0.8610,,MR60BHA2_breath_phase,safenest-node-01
73.1400,-0.100000,S001,S001_BREATH_PACED_20_04,1,BREATH_PACED_20,23.00,0.8610,,MR60BHA2_breath_phase,safenest-node-01
73.2400,-0.030000,S001,S001_BREATH_PACED_20_04,1,BREATH_PACED_20,23.00,0.8610,,MR60BHA2_breath_phase,safenest-node-01
73.3400,0.000000,S001,S001_BREATH_PACED_20_04,1,BREATH_PACED_20,23.00,0.8610,,MR60BHA2_breath_phase,safenest-node-01
73.4400,0.070000,S001,S001_BREATH_PACED_20_04,1,BREATH_PACED_20,23.00,0.8610,,MR60BHA2_breath_phase,safenest-node-01
73.5400,0.140000,S001,S001_BREATH_PACED_20_04,1,BREATH_PACED_20,23.00,0.8610,,MR60BHA2_breath_phase,safenest-node-01
73.6400,0.170000,S001,S001_BREATH_PACED_20_04,1,BREATH_PACED_20,23.00,0.8610,,MR60BHA2_breath_phase,safenest-node-01
73.7400,0.210000,S001,S001_BREATH_PACED_20_04,1,BREATH_PACED_20,23.00,0.8610,,MR60BHA2_breath_phase,safenest-node-01
73.8410,0.240000,S001,S001_BREATH_PACED_20_04,1,BREATH_PACED_20,23.00,0.8610,,MR60BHA2_breath_phase,safenest-node-01
73.9410,0.250000,S001,S001_BREATH_PACED_20_04,1,BREATH_PACED_20,23.00,0.8610,,MR60BHA2_breath_phase,safenest-node-01
74.0410,0.240000,S001,S001_BREATH_PACED_20_04,1,BREATH_PACED_20,23.00,0.8610,,MR60BHA2_breath_phase,safenest-node-01
74.1410,0.220000,S001,S001_BREATH_PACED_20_04,1,BREATH_PACED_20,23.00,0.8610,,MR60BHA2_breath_phase,safenest-node-01
74.2410,0.200000,S001,S001_BREATH_PACED_20_04,1,BREATH_PACED_20,23.00,0.8610,,MR60BHA2_breath_phase,safenest-node-01
74.3410,0.140000,S001,S001_BREATH_PACED_20_04,1,BREATH_PACED_20,23.00,0.8610,,MR60BHA2_breath_phase,safenest-node-01
74.4410,0.110000,S001,S001_BREATH_PACED_20_04,1,BREATH_PACED_20,23.00,0.8610,,MR60BHA2_breath_phase,safenest-node-01
74.5410,0.040000,S001,S001_BREATH_PACED_20_04,1,BREATH_PACED_20,24.00,0.8610,,MR60BHA2_breath_phase,safenest-node-01
74.6410,-0.030000,S001,S001_BREATH_PACED_20_04,1,BREATH_PACED_20,24.00,0.8610,,MR60BHA2_breath_phase,safenest-node-01
74.7410,-0.090000,S001,S001_BREATH_PACED_20_04,1,BREATH_PACED_20,24.00,0.8610,,MR60BHA2_breath_phase,safenest-node-01
74.8410,-0.120000,S001,S001_BREATH_PACED_20_04,1,BREATH_PACED_20,24.00,0.8610,,MR60BHA2_breath_phase,safenest-node-01
74.9410,-0.170000,S001,S001_BREATH_PACED_20_04,1,BREATH_PACED_20,24.00,0.8610,,MR60BHA2_breath_phase,safenest-node-01
75.0410,-0.190000,S001,S001_BREATH_PACED_20_04,1,BREATH_PACED_20,24.00,0.8610,,MR60BHA2_breath_phase,safenest-node-01
75.1410,-0.220000,S001,S001_BREATH_PACED_20_04,1,BREATH_PACED_20,25.00,0.8610,,MR60BHA2_breath_phase,safenest-node-01
75.2410,-0.230000,S001,S001_BREATH_PACED_20_04,1,BREATH_PACED_20,25.00,0.8610,,MR60BHA2_breath_phase,safenest-node-01
75.3410,-0.230000,S001,S001_BREATH_PACED_20_04,1,BREATH_PACED_20,25.00,0.8610,,MR60BHA2_breath_phase,safenest-node-01
75.4410,-0.220000,S001,S001_BREATH_PACED_20_04,1,BREATH_PACED_20,25.00,0.8610,,MR60BHA2_breath_phase,safenest-node-01
75.5410,-0.190000,S001,S001_BREATH_PACED_20_04,1,BREATH_PACED_20,25.00,0.8610,,MR60BHA2_breath_phase,safenest-node-01
75.6410,-0.180000,S001,S001_BREATH_PACED_20_04,1,BREATH_PACED_20,25.00,0.8610,,MR60BHA2_breath_phase,safenest-node-01
75.7410,-0.140000,S001,S001_BREATH_PACED_20_04,1,BREATH_PACED_20,25.00,0.8610,,MR60BHA2_breath_phase,safenest-node-01
75.8410,-0.090000,S001,S001_BREATH_PACED_20_04,1,BREATH_PACED_20,26.00,0.8610,,MR60BHA2_breath_phase,safenest-node-01
75.9410,-0.070000,S001,S001_BREATH_PACED_20_04,1,BREATH_PACED_20,26.00,0.8610,,MR60BHA2_breath_phase,safenest-node-01
76.0410,-0.020000,S001,S001_BREATH_PACED_20_04,1,BREATH_PACED_20,26.00,0.8610,,MR60BHA2_breath_phase,safenest-node-01
76.1410,0.020000,S001,S001_BREATH_PACED_20_04,1,BREATH_PACED_20,26.00,0.8610,,MR60BHA2_breath_phase,safenest-node-01
76.2410,0.040000,S001,S001_BREATH_PACED_20_04,1,BREATH_PACED_20,26.00,0.8610,,MR60BHA2_breath_phase,safenest-node-01
76.3410,0.080000,S001,S001_BREATH_PACED_20_04,1,BREATH_PACED_20,26.00,0.8610,,MR60BHA2_breath_phase,safenest-node-01
76.4410,0.110000,S001,S001_BREATH_PACED_20_04,1,BREATH_PACED_20,26.00,0.8610,,MR60BHA2_breath_phase,safenest-node-01
76.5410,0.120000,S001,S001_BREATH_PACED_20_04,1,BREATH_PACED_20,26.00,0.8610,,MR60BHA2_breath_phase,safenest-node-01
76.6410,0.130000,S001,S001_BREATH_PACED_20_04,1,BREATH_PACED_20,26.00,0.8610,,MR60BHA2_breath_phase,safenest-node-01
76.7410,0.130000,S001,S001_BREATH_PACED_20_04,1,BREATH_PACED_20,26.00,0.8610,,MR60BHA2_breath_phase,safenest-node-01
76.8410,0.130000,S001,S001_BREATH_PACED_20_04,1,BREATH_PACED_20,26.00,0.8610,,MR60BHA2_breath_phase,safenest-node-01
76.9410,0.130000,S001,S001_BREATH_PACED_20_04,1,BREATH_PACED_20,27.00,0.8610,,MR60BHA2_breath_phase,safenest-node-01
77.0410,0.120000,S001,S001_BREATH_PACED_20_04,1,BREATH_PACED_20,27.00,0.8610,,MR60BHA2_breath_phase,safenest-node-01
77.1410,0.120000,S001,S001_BREATH_PACED_20_04,1,BREATH_PACED_20,27.00,0.8610,,MR60BHA2_breath_phase,safenest-node-01
77.2410,0.120000,S001,S001_BREATH_PACED_20_04,1,BREATH_PACED_20,27.00,0.8610,,MR60BHA2_breath_phase,safenest-node-01
77.3410,0.110000,S001,S001_BREATH_PACED_20_04,1,BREATH_PACED_20,27.00,0.8610,,MR60BHA2_breath_phase,safenest-node-01
77.4410,0.110000,S001,S001_BREATH_PACED_20_04,1,BREATH_PACED_20,27.00,0.8610,,MR60BHA2_breath_phase,safenest-node-01
77.5410,0.090000,S001,S001_BREATH_PACED_20_04,1,BREATH_PACED_20,27.00,0.8610,,MR60BHA2_breath_phase,safenest-node-01
77.6410,0.080000,S001,S001_BREATH_PACED_20_04,1,BREATH_PACED_20,27.00,0.8610,,MR60BHA2_breath_phase,safenest-node-01
77.7410,0.060000,S001,S001_BREATH_PACED_20_04,1,BREATH_PACED_20,27.00,0.8610,,MR60BHA2_breath_phase,safenest-node-01
77.8420,0.040000,S001,S001_BREATH_PACED_20_04,1,BREATH_PACED_20,27.00,0.8610,,MR60BHA2_breath_phase,safenest-node-01
77.9420,0.020000,S001,S001_BREATH_PACED_20_04,1,BREATH_PACED_20,27.00,0.8610,,MR60BHA2_breath_phase,safenest-node-01
78.0420,-0.010000,S001,S001_BREATH_PACED_20_04,1,BREATH_PACED_20,27.00,0.8610,,MR60BHA2_breath_phase,safenest-node-01
78.1420,-0.040000,S001,S001_BREATH_PACED_20_04,1,BREATH_PACED_20,27.00,0.8610,,MR60BHA2_breath_phase,safenest-node-01
78.2430,-0.060000,S001,S001_BREATH_PACED_20_04,1,BREATH_PACED_20,27.00,0.8610,,MR60BHA2_breath_phase,safenest-node-01
78.3430,-0.070000,S001,S001_BREATH_PACED_20_04,1,BREATH_PACED_20,27.00,0.8610,,MR60BHA2_breath_phase,safenest-node-01
78.4430,-0.080000,S001,S001_BREATH_PACED_20_04,1,BREATH_PACED_20,27.00,0.8610,,MR60BHA2_breath_phase,safenest-node-01
78.5430,-0.090000,S001,S001_BREATH_PACED_20_04,1,BREATH_PACED_20,27.00,0.8610,,MR60BHA2_breath_phase,safenest-node-01
78.6430,-0.090000,S001,S001_BREATH_PACED_20_04,1,BREATH_PACED_20,27.00,0.8610,,MR60BHA2_breath_phase,safenest-node-01
78.7430,-0.070000,S001,S001_BREATH_PACED_20_04,1,BREATH_PACED_20,27.00,0.8610,,MR60BHA2_breath_phase,safenest-node-01
78.8430,-0.070000,S001,S001_BREATH_PACED_20_04,1,BREATH_PACED_20,27.00,0.8610,,MR60BHA2_breath_phase,safenest-node-01
78.9430,-0.050000,S001,S001_BREATH_PACED_20_04,1,BREATH_PACED_20,27.00,0.8610,,MR60BHA2_breath_phase,safenest-node-01
79.0430,-0.040000,S001,S001_BREATH_PACED_20_04,1,BREATH_PACED_20,27.00,0.8610,,MR60BHA2_breath_phase,safenest-node-01
79.1430,-0.010000,S001,S001_BREATH_PACED_20_04,1,BREATH_PACED_20,27.00,0.8610,,MR60BHA2_breath_phase,safenest-node-01
79.2430,0.020000,S001,S001_BREATH_PACED_20_04,1,BREATH_PACED_20,27.00,0.8610,,MR60BHA2_breath_phase,safenest-node-01
79.3430,0.050000,S001,S001_BREATH_PACED_20_04,1,BREATH_PACED_20,27.00,0.8610,,MR60BHA2_breath_phase,safenest-node-01
79.4430,0.060000,S001,S001_BREATH_PACED_20_04,1,BREATH_PACED_20,27.00,0.8610,,MR60BHA2_breath_phase,safenest-node-01
79.5430,0.090000,S001,S001_BREATH_PACED_20_04,1,BREATH_PACED_20,27.00,0.8610,,MR60BHA2_breath_phase,safenest-node-01
79.6430,0.110000,S001,S001_BREATH_PACED_20_04,1,BREATH_PACED_20,27.00,0.8610,,MR60BHA2_breath_phase,safenest-node-01
79.7430,0.140000,S001,S001_BREATH_PACED_20_04,1,BREATH_PACED_20,27.00,0.8610,,MR60BHA2_breath_phase,safenest-node-01
79.8430,0.170000,S001,S001_BREATH_PACED_20_04,1,BREATH_PACED_20,26.00,0.8610,,MR60BHA2_breath_phase,safenest-node-01
79.9430,0.180000,S001,S001_BREATH_PACED_20_04,1,BREATH_PACED_20,26.00,0.8610,,MR60BHA2_breath_phase,safenest-node-01
80.0430,0.190000,S001,S001_BREATH_PACED_20_04,1,BREATH_PACED_20,26.00,0.8610,,MR60BHA2_breath_phase,safenest-node-01
80.1440,0.190000,S001,S001_BREATH_PACED_20_04,1,BREATH_PACED_20,26.00,0.8610,,MR60BHA2_breath_phase,safenest-node-01
80.2440,0.180000,S001,S001_BREATH_PACED_20_04,1,BREATH_PACED_20,26.00,0.8610,,MR60BHA2_breath_phase,safenest-node-01
80.3440,0.160000,S001,S001_BREATH_PACED_20_04,1,BREATH_PACED_20,26.00,0.8610,,MR60BHA2_breath_phase,safenest-node-01
80.4440,0.110000,S001,S001_BREATH_PACED_20_04,1,BREATH_PACED_20,26.00,0.8610,,MR60BHA2_breath_phase,safenest-node-01
80.5450,0.080000,S001,S001_BREATH_PACED_20_04,1,BREATH_PACED_20,26.00,0.8610,,MR60BHA2_breath_phase,safenest-node-01
80.6450,0.010000,S001,S001_BREATH_PACED_20_04,1,BREATH_PACED_20,26.00,0.8610,,MR60BHA2_breath_phase,safenest-node-01
80.7450,-0.030000,S001,S001_BREATH_PACED_20_04,1,BREATH_PACED_20,26.00,0.8610,,MR60BHA2_breath_phase,safenest-node-01
80.8450,-0.110000,S001,S001_BREATH_PACED_20_04,1,BREATH_PACED_20,25.00,0.8610,,MR60BHA2_breath_phase,safenest-node-01
80.9450,-0.200000,S001,S001_BREATH_PACED_20_04,1,BREATH_PACED_20,25.00,0.8610,,MR60BHA2_breath_phase,safenest-node-01
81.0450,-0.270000,S001,S001_BREATH_PACED_20_04,1,BREATH_PACED_20,25.00,0.8610,,MR60BHA2_breath_phase,safenest-node-01
81.1450,-0.300000,S001,S001_BREATH_PACED_20_04,1,BREATH_PACED_20,25.00,0.8610,,MR60BHA2_breath_phase,safenest-node-01
81.2450,-0.350000,S001,S001_BREATH_PACED_20_04,1,BREATH_PACED_20,25.00,0.8610,,MR60BHA2_breath_phase,safenest-node-01
81.3450,-0.360000,S001,S001_BREATH_PACED_20_04,1,BREATH_PACED_20,25.00,0.8610,,MR60BHA2_breath_phase,safenest-node-01
81.4450,-0.370000,S001,S001_BREATH_PACED_20_04,1,BREATH_PACED_20,25.00,0.8610,,MR60BHA2_breath_phase,safenest-node-01
81.5450,-0.360000,S001,S001_BREATH_PACED_20_04,1,BREATH_PACED_20,25.00,0.8610,,MR60BHA2_breath_phase,safenest-node-01
81.6450,-0.320000,S001,S001_BREATH_PACED_20_04,1,BREATH_PACED_20,25.00,0.8610,,MR60BHA2_breath_phase,safenest-node-01
81.7450,-0.300000,S001,S001_BREATH_PACED_20_04,1,BREATH_PACED_20,25.00,0.8610,,MR60BHA2_breath_phase,safenest-node-01
81.8450,-0.240000,S001,S001_BREATH_PACED_20_04,1,BREATH_PACED_20,25.00,0.8610,,MR60BHA2_breath_phase,safenest-node-01
81.9450,-0.200000,S001,S001_BREATH_PACED_20_04,1,BREATH_PACED_20,25.00,0.8610,,MR60BHA2_breath_phase,safenest-node-01
82.0450,-0.130000,S001,S001_BREATH_PACED_20_04,1,BREATH_PACED_20,25.00,0.8610,,MR60BHA2_breath_phase,safenest-node-01
82.1450,-0.060000,S001,S001_BREATH_PACED_20_04,1,BREATH_PACED_20,25.00,0.8610,,MR60BHA2_breath_phase,safenest-node-01
82.2450,0.010000,S001,S001_BREATH_PACED_20_04,1,BREATH_PACED_20,25.00,0.8610,,MR60BHA2_breath_phase,safenest-node-01
82.3450,0.050000,S001,S001_BREATH_PACED_20_04,1,BREATH_PACED_20,25.00,0.8610,,MR60BHA2_breath_phase,safenest-node-01
82.4450,0.100000,S001,S001_BREATH_PACED_20_04,1,BREATH_PACED_20,24.00,0.8610,,MR60BHA2_breath_phase,safenest-node-01
82.5450,0.130000,S001,S001_BREATH_PACED_20_04,1,BREATH_PACED_20,24.00,0.8610,,MR60BHA2_breath_phase,safenest-node-01
82.6450,0.170000,S001,S001_BREATH_PACED_20_04,1,BREATH_PACED_20,24.00,0.8610,,MR60BHA2_breath_phase,safenest-node-01
82.7450,0.190000,S001,S001_BREATH_PACED_20_04,1,BREATH_PACED_20,24.00,0.8610,,MR60BHA2_breath_phase,safenest-node-01
82.8450,0.200000,S001,S001_BREATH_PACED_20_04,1,BREATH_PACED_20,24.00,0.8610,,MR60BHA2_breath_phase,safenest-node-01
82.9450,0.220000,S001,S001_BREATH_PACED_20_04,1,BREATH_PACED_20,24.00,0.8610,,MR60BHA2_breath_phase,safenest-node-01
83.0450,0.220000,S001,S001_BREATH_PACED_20_04,1,BREATH_PACED_20,24.00,0.8610,,MR60BHA2_breath_phase,safenest-node-01
83.1450,0.210000,S001,S001_BREATH_PACED_20_04,1,BREATH_PACED_20,24.00,0.8610,,MR60BHA2_breath_phase,safenest-node-01
83.2450,0.200000,S001,S001_BREATH_PACED_20_04,1,BREATH_PACED_20,24.00,0.8610,,MR60BHA2_breath_phase,safenest-node-01
83.3450,0.180000,S001,S001_BREATH_PACED_20_04,1,BREATH_PACED_20,24.00,0.8610,,MR60BHA2_breath_phase,safenest-node-01
83.4450,0.160000,S001,S001_BREATH_PACED_20_04,1,BREATH_PACED_20,24.00,0.8610,,MR60BHA2_breath_phase,safenest-node-01
83.5450,0.130000,S001,S001_BREATH_PACED_20_04,1,BREATH_PACED_20,24.00,0.8610,,MR60BHA2_breath_phase,safenest-node-01
83.6450,0.120000,S001,S001_BREATH_PACED_20_04,1,BREATH_PACED_20,24.00,0.8610,,MR60BHA2_breath_phase,safenest-node-01
83.7450,0.090000,S001,S001_BREATH_PACED_20_04,1,BREATH_PACED_20,24.00,0.8610,,MR60BHA2_breath_phase,safenest-node-01
83.8450,0.060000,S001,S001_BREATH_PACED_20_04,1,BREATH_PACED_20,24.00,0.8610,,MR60BHA2_breath_phase,safenest-node-01
83.9450,0.030000,S001,S001_BREATH_PACED_20_04,1,BREATH_PACED_20,24.00,0.8610,,MR60BHA2_breath_phase,safenest-node-01
84.0450,0.020000,S001,S001_BREATH_PACED_20_04,1,BREATH_PACED_20,24.00,0.8610,,MR60BHA2_breath_phase,safenest-node-01
84.1450,0.010000,S001,S001_BREATH_PACED_20_04,1,BREATH_PACED_20,24.00,0.8610,,MR60BHA2_breath_phase,safenest-node-01
84.2450,0.000000,S001,S001_BREATH_PACED_20_04,1,BREATH_PACED_20,24.00,0.8610,,MR60BHA2_breath_phase,safenest-node-01
84.3450,-0.010000,S001,S001_BREATH_PACED_20_04,1,BREATH_PACED_20,24.00,0.8610,,MR60BHA2_breath_phase,safenest-node-01
84.4450,-0.010000,S001,S001_BREATH_PACED_20_04,1,BREATH_PACED_20,24.00,0.8610,,MR60BHA2_breath_phase,safenest-node-01
84.5450,-0.020000,S001,S001_BREATH_PACED_20_04,1,BREATH_PACED_20,24.00,0.8610,,MR60BHA2_breath_phase,safenest-node-01
84.6450,-0.010000,S001,S001_BREATH_PACED_20_04,1,BREATH_PACED_20,24.00,0.8610,,MR60BHA2_breath_phase,safenest-node-01
84.7450,-0.010000,S001,S001_BREATH_PACED_20_04,1,BREATH_PACED_20,24.00,0.8610,,MR60BHA2_breath_phase,safenest-node-01
84.8450,-0.010000,S001,S001_BREATH_PACED_20_04,1,BREATH_PACED_20,24.00,0.8610,,MR60BHA2_breath_phase,safenest-node-01
84.9450,0.000000,S001,S001_BREATH_PACED_20_04,1,BREATH_PACED_20,24.00,0.8610,,MR60BHA2_breath_phase,safenest-node-01
85.0460,0.000000,S001,S001_BREATH_PACED_20_04,1,BREATH_PACED_20,24.00,0.8610,,MR60BHA2_breath_phase,safenest-node-01
85.1460,0.010000,S001,S001_BREATH_PACED_20_04,1,BREATH_PACED_20,24.00,0.8610,,MR60BHA2_breath_phase,safenest-node-01
85.2460,0.020000,S001,S001_BREATH_PACED_20_04,1,BREATH_PACED_20,24.00,0.8610,,MR60BHA2_breath_phase,safenest-node-01
85.3460,0.020000,S001,S001_BREATH_PACED_20_04,1,BREATH_PACED_20,23.00,0.8610,,MR60BHA2_breath_phase,safenest-node-01
85.4460,0.010000,S001,S001_BREATH_PACED_20_04,1,BREATH_PACED_20,23.00,0.8610,,MR60BHA2_breath_phase,safenest-node-01
85.5460,0.010000,S001,S001_BREATH_PACED_20_04,1,BREATH_PACED_20,23.00,0.8610,,MR60BHA2_breath_phase,safenest-node-01
85.6460,0.000000,S001,S001_BREATH_PACED_20_04,1,BREATH_PACED_20,23.00,0.8610,,MR60BHA2_breath_phase,safenest-node-01
85.7460,-0.010000,S001,S001_BREATH_PACED_20_04,1,BREATH_PACED_20,23.00,0.8610,,MR60BHA2_breath_phase,safenest-node-01
85.8460,-0.020000,S001,S001_BREATH_PACED_20_04,1,BREATH_PACED_20,23.00,0.8610,,MR60BHA2_breath_phase,safenest-node-01
85.9460,-0.030000,S001,S001_BREATH_PACED_20_04,1,BREATH_PACED_20,23.00,0.8610,,MR60BHA2_breath_phase,safenest-node-01
86.0460,-0.040000,S001,S001_BREATH_PACED_20_04,1,BREATH_PACED_20,23.00,0.8610,,MR60BHA2_breath_phase,safenest-node-01
86.1460,-0.050000,S001,S001_BREATH_PACED_20_04,1,BREATH_PACED_20,23.00,0.8610,,MR60BHA2_breath_phase,safenest-node-01
86.2460,-0.060000,S001,S001_BREATH_PACED_20_04,1,BREATH_PACED_20,23.00,0.8610,,MR60BHA2_breath_phase,safenest-node-01
86.3460,-0.060000,S001,S001_BREATH_PACED_20_04,1,BREATH_PACED_20,23.00,0.8610,,MR60BHA2_breath_phase,safenest-node-01
86.4460,-0.060000,S001,S001_BREATH_PACED_20_04,1,BREATH_PACED_20,23.00,0.8610,,MR60BHA2_breath_phase,safenest-node-01
86.5460,-0.060000,S001,S001_BREATH_PACED_20_04,1,BREATH_PACED_20,23.00,0.8610,,MR60BHA2_breath_phase,safenest-node-01
86.6460,-0.060000,S001,S001_BREATH_PACED_20_04,1,BREATH_PACED_20,23.00,0.8610,,MR60BHA2_breath_phase,safenest-node-01
86.7460,-0.060000,S001,S001_BREATH_PACED_20_04,1,BREATH_PACED_20,23.00,0.8610,,MR60BHA2_breath_phase,safenest-node-01
86.8460,-0.060000,S001,S001_BREATH_PACED_20_04,1,BREATH_PACED_20,23.00,0.8610,,MR60BHA2_breath_phase,safenest-node-01
86.9460,-0.050000,S001,S001_BREATH_PACED_20_04,1,BREATH_PACED_20,23.00,0.8610,,MR60BHA2_breath_phase,safenest-node-01
87.0460,-0.050000,S001,S001_BREATH_PACED_20_04,1,BREATH_PACED_20,23.00,0.8610,,MR60BHA2_breath_phase,safenest-node-01
87.1460,-0.040000,S001,S001_BREATH_PACED_20_04,1,BREATH_PACED_20,23.00,0.8610,,MR60BHA2_breath_phase,safenest-node-01
87.2460,-0.040000,S001,S001_BREATH_PACED_20_04,1,BREATH_PACED_20,23.00,0.8610,,MR60BHA2_breath_phase,safenest-node-01
87.3460,-0.040000,S001,S001_BREATH_PACED_20_04,1,BREATH_PACED_20,23.00,0.8610,,MR60BHA2_breath_phase,safenest-node-01
87.4460,-0.030000,S001,S001_BREATH_PACED_20_04,1,BREATH_PACED_20,24.00,0.8610,,MR60BHA2_breath_phase,safenest-node-01
87.5460,-0.030000,S001,S001_BREATH_PACED_20_04,1,BREATH_PACED_20,24.00,0.8610,,MR60BHA2_breath_phase,safenest-node-01
87.6460,-0.020000,S001,S001_BREATH_PACED_20_04,1,BREATH_PACED_20,24.00,0.8610,,MR60BHA2_breath_phase,safenest-node-01
87.7460,-0.020000,S001,S001_BREATH_PACED_20_04,1,BREATH_PACED_20,24.00,0.8610,,MR60BHA2_breath_phase,safenest-node-01
87.8460,-0.020000,S001,S001_BREATH_PACED_20_04,1,BREATH_PACED_20,24.00,0.8610,,MR60BHA2_breath_phase,safenest-node-01
87.9460,-0.010000,S001,S001_BREATH_PACED_20_04,1,BREATH_PACED_20,24.00,0.8610,,MR60BHA2_breath_phase,safenest-node-01
88.0460,-0.010000,S001,S001_BREATH_PACED_20_04,1,BREATH_PACED_20,23.00,0.8610,,MR60BHA2_breath_phase,safenest-node-01
88.1460,-0.010000,S001,S001_BREATH_PACED_20_04,1,BREATH_PACED_20,23.00,0.8610,,MR60BHA2_breath_phase,safenest-node-01
88.2460,-0.010000,S001,S001_BREATH_PACED_20_04,1,BREATH_PACED_20,22.00,0.8610,,MR60BHA2_breath_phase,safenest-node-01
88.3460,-0.000000,S001,S001_BREATH_PACED_20_04,1,BREATH_PACED_20,22.00,0.8610,,MR60BHA2_breath_phase,safenest-node-01
88.4460,-0.010000,S001,S001_BREATH_PACED_20_04,1,BREATH_PACED_20,22.00,0.8610,,MR60BHA2_breath_phase,safenest-node-01
88.5460,-0.010000,S001,S001_BREATH_PACED_20_04,1,BREATH_PACED_20,22.00,0.8610,,MR60BHA2_breath_phase,safenest-node-01
88.6460,-0.010000,S001,S001_BREATH_PACED_20_04,1,BREATH_PACED_20,21.00,0.8610,,MR60BHA2_breath_phase,safenest-node-01
88.7460,-0.020000,S001,S001_BREATH_PACED_20_04,1,BREATH_PACED_20,21.00,0.8610,,MR60BHA2_breath_phase,safenest-node-01
88.8460,-0.030000,S001,S001_BREATH_PACED_20_04,1,BREATH_PACED_20,21.00,0.8610,,MR60BHA2_breath_phase,safenest-node-01
88.9460,-0.040000,S001,S001_BREATH_PACED_20_04,1,BREATH_PACED_20,21.00,0.8610,,MR60BHA2_breath_phase,safenest-node-01
89.0460,-0.050000,S001,S001_BREATH_PACED_20_04,1,BREATH_PACED_20,20.00,0.8610,,MR60BHA2_breath_phase,safenest-node-01
89.1460,-0.050000,S001,S001_BREATH_PACED_20_04,1,BREATH_PACED_20,20.00,0.8610,,MR60BHA2_breath_phase,safenest-node-01
89.2460,-0.050000,S001,S001_BREATH_PACED_20_04,1,BREATH_PACED_20,20.00,0.8610,,MR60BHA2_breath_phase,safenest-node-01
89.3460,-0.040000,S001,S001_BREATH_PACED_20_04,1,BREATH_PACED_20,21.00,0.8610,,MR60BHA2_breath_phase,safenest-node-01
89.4460,-0.030000,S001,S001_BREATH_PACED_20_04,1,BREATH_PACED_20,21.00,0.8610,,MR60BHA2_breath_phase,safenest-node-01
89.5460,-0.010000,S001,S001_BREATH_PACED_20_04,1,BREATH_PACED_20,20.00,0.8610,,MR60BHA2_breath_phase,safenest-node-01
89.6460,0.010000,S001,S001_BREATH_PACED_20_04,1,BREATH_PACED_20,19.00,0.8610,,MR60BHA2_breath_phase,safenest-node-01
89.7460,0.030000,S001,S001_BREATH_PACED_20_04,1,BREATH_PACED_20,18.00,0.8610,,MR60BHA2_breath_phase,safenest-node-01
89.8460,0.050000,S001,S001_BREATH_PACED_20_04,1,BREATH_PACED_20,17.00,0.8610,,MR60BHA2_breath_phase,safenest-node-01
89.9460,0.080000,S001,S001_BREATH_PACED_20_04,1,BREATH_PACED_20,16.00,0.8610,,MR60BHA2_breath_phase,safenest-node-01
90.0460,0.080000,S001,S001_BREATH_PACED_20_04,1,BREATH_PACED_20,16.00,0.8610,,MR60BHA2_breath_phase,safenest-node-01
90.1460,0.090000,S001,S001_BREATH_PACED_20_04,1,BREATH_PACED_20,15.00,0.8610,,MR60BHA2_breath_phase,safenest-node-01
90.2460,0.100000,S001,S001_BREATH_PACED_20_04,1,BREATH_PACED_20,14.00,0.8610,,MR60BHA2_breath_phase,safenest-node-01
90.3460,0.090000,S001,S001_BREATH_PACED_20_04,1,BREATH_PACED_20,14.00,0.8610,,MR60BHA2_breath_phase,safenest-node-01
90.4460,0.090000,S001,S001_BREATH_PACED_20_04,1,BREATH_PACED_20,13.00,0.8610,,MR60BHA2_breath_phase,safenest-node-01
90.5460,0.080000,S001,S001_BREATH_PACED_20_04,1,BREATH_PACED_20,12.00,0.8610,,MR60BHA2_breath_phase,safenest-node-01
90.6460,0.070000,S001,S001_BREATH_PACED_20_04,1,BREATH_PACED_20,12.00,0.8610,,MR60BHA2_breath_phase,safenest-node-01
90.7460,0.060000,S001,S001_BREATH_PACED_20_04,1,BREATH_PACED_20,12.00,0.8610,,MR60BHA2_breath_phase,safenest-node-01
90.8460,0.060000,S001,S001_BREATH_PACED_20_04,1,BREATH_PACED_20,11.00,0.8610,,MR60BHA2_breath_phase,safenest-node-01
90.9460,0.050000,S001,S001_BREATH_PACED_20_04,1,BREATH_PACED_20,11.00,0.8610,,MR60BHA2_breath_phase,safenest-node-01
91.0460,0.050000,S001,S001_BREATH_PACED_20_04,1,BREATH_PACED_20,10.00,0.8610,,MR60BHA2_breath_phase,safenest-node-01
91.1460,0.040000,S001,S001_BREATH_PACED_20_04,1,BREATH_PACED_20,10.00,0.8610,,MR60BHA2_breath_phase,safenest-node-01
91.2460,0.040000,S001,S001_BREATH_PACED_20_04,1,BREATH_PACED_20,10.00,0.8610,,MR60BHA2_breath_phase,safenest-node-01
91.3460,0.030000,S001,S001_BREATH_PACED_20_04,1,BREATH_PACED_20,9.00,0.8610,,MR60BHA2_breath_phase,safenest-node-01
91.4460,0.030000,S001,S001_BREATH_PACED_20_04,1,BREATH_PACED_20,9.00,0.8610,,MR60BHA2_breath_phase,safenest-node-01
91.5460,0.020000,S001,S001_BREATH_PACED_20_04,1,BREATH_PACED_20,8.00,0.8610,,MR60BHA2_breath_phase,safenest-node-01
91.6460,0.010000,S001,S001_BREATH_PACED_20_04,1,BREATH_PACED_20,8.00,0.8610,,MR60BHA2_breath_phase,safenest-node-01
91.7480,0.000000,S001,S001_BREATH_PACED_20_04,1,BREATH_PACED_20,7.00,0.8610,,MR60BHA2_breath_phase,safenest-node-01
91.8480,-0.000000,S001,S001_BREATH_PACED_20_04,1,BREATH_PACED_20,7.00,0.8610,,MR60BHA2_breath_phase,safenest-node-01
91.9480,-0.010000,S001,S001_BREATH_PACED_20_04,1,BREATH_PACED_20,7.00,0.8610,,MR60BHA2_breath_phase,safenest-node-01
92.0480,-0.020000,S001,S001_BREATH_PACED_20_04,1,BREATH_PACED_20,7.00,0.8610,,MR60BHA2_breath_phase,safenest-node-01
92.1480,-0.020000,S001,S001_BREATH_PACED_20_04,1,BREATH_PACED_20,6.00,0.8610,,MR60BHA2_breath_phase,safenest-node-01
92.2480,-0.030000,S001,S001_BREATH_PACED_20_04,1,BREATH_PACED_20,6.00,0.8610,,MR60BHA2_breath_phase,safenest-node-01
92.3480,-0.030000,S001,S001_BREATH_PACED_20_04,1,BREATH_PACED_20,6.00,0.8610,,MR60BHA2_breath_phase,safenest-node-01
92.4480,-0.040000,S001,S001_BREATH_PACED_20_04,1,BREATH_PACED_20,6.00,0.8610,,MR60BHA2_breath_phase,safenest-node-01
92.5480,-0.050000,S001,S001_BREATH_PACED_20_04,1,BREATH_PACED_20,5.00,0.8610,,MR60BHA2_breath_phase,safenest-node-01
92.6480,-0.050000,S001,S001_BREATH_PACED_20_04,1,BREATH_PACED_20,5.00,0.8610,,MR60BHA2_breath_phase,safenest-node-01
92.7480,-0.050000,S001,S001_BREATH_PACED_20_04,1,BREATH_PACED_20,5.00,0.8610,,MR60BHA2_breath_phase,safenest-node-01
92.8480,-0.060000,S001,S001_BREATH_PACED_20_04,1,BREATH_PACED_20,5.00,0.8610,,MR60BHA2_breath_phase,safenest-node-01
92.9480,-0.060000,S001,S001_BREATH_PACED_20_04,1,BREATH_PACED_20,5.00,0.8610,,MR60BHA2_breath_phase,safenest-node-01
93.0480,-0.060000,S001,S001_BREATH_PACED_20_04,1,BREATH_PACED_20,4.00,0.8610,,MR60BHA2_breath_phase,safenest-node-01
93.1480,-0.060000,S001,S001_BREATH_PACED_20_04,1,BREATH_PACED_20,4.00,0.8610,,MR60BHA2_breath_phase,safenest-node-01
93.2480,-0.060000,S001,S001_BREATH_PACED_20_04,1,BREATH_PACED_20,4.00,0.8610,,MR60BHA2_breath_phase,safenest-node-01
93.3480,-0.050000,S001,S001_BREATH_PACED_20_04,1,BREATH_PACED_20,4.00,0.8610,,MR60BHA2_breath_phase,safenest-node-01
93.4480,-0.040000,S001,S001_BREATH_PACED_20_04,1,BREATH_PACED_20,4.00,0.8610,,MR60BHA2_breath_phase,safenest-node-01
93.5480,-0.030000,S001,S001_BREATH_PACED_20_04,1,BREATH_PACED_20,4.00,0.8610,,MR60BHA2_breath_phase,safenest-node-01
93.6480,-0.020000,S001,S001_BREATH_PACED_20_04,1,BREATH_PACED_20,3.00,0.8610,,MR60BHA2_breath_phase,safenest-node-01
93.7480,-0.010000,S001,S001_BREATH_PACED_20_04,1,BREATH_PACED_20,3.00,0.8610,,MR60BHA2_breath_phase,safenest-node-01
93.8480,-0.000000,S001,S001_BREATH_PACED_20_04,1,BREATH_PACED_20,3.00,0.8610,,MR60BHA2_breath_phase,safenest-node-01
93.9480,0.000000,S001,S001_BREATH_PACED_20_04,1,BREATH_PACED_20,3.00,0.8610,,MR60BHA2_breath_phase,safenest-node-01
94.0480,0.010000,S001,S001_BREATH_PACED_20_04,1,BREATH_PACED_20,3.00,0.8610,,MR60BHA2_breath_phase,safenest-node-01
94.1480,0.020000,S001,S001_BREATH_PACED_20_04,1,BREATH_PACED_20,3.00,0.8610,,MR60BHA2_breath_phase,safenest-node-01
94.2480,0.020000,S001,S001_BREATH_PACED_20_04,1,BREATH_PACED_20,3.00,0.8610,,MR60BHA2_breath_phase,safenest-node-01
94.3480,0.030000,S001,S001_BREATH_PACED_20_04,1,BREATH_PACED_20,3.00,0.8610,,MR60BHA2_breath_phase,safenest-node-01
94.4480,0.030000,S001,S001_BREATH_PACED_20_04,1,BREATH_PACED_20,2.00,0.8610,,MR60BHA2_breath_phase,safenest-node-01
94.5480,0.030000,S001,S001_BREATH_PACED_20_04,1,BREATH_PACED_20,2.00,0.8610,,MR60BHA2_breath_phase,safenest-node-01
94.6500,0.040000,S001,S001_BREATH_PACED_20_04,1,BREATH_PACED_20,2.00,0.8610,,MR60BHA2_breath_phase,safenest-node-01
94.7500,0.030000,S001,S001_BREATH_PACED_20_04,1,BREATH_PACED_20,2.00,0.8610,,MR60BHA2_breath_phase,safenest-node-01
94.8500,0.030000,S001,S001_BREATH_PACED_20_04,1,BREATH_PACED_20,2.00,0.8610,,MR60BHA2_breath_phase,safenest-node-01
94.9500,0.030000,S001,S001_BREATH_PACED_20_04,1,BREATH_PACED_20,2.00,0.8610,,MR60BHA2_breath_phase,safenest-node-01
95.0500,0.030000,S001,S001_BREATH_PACED_20_04,1,BREATH_PACED_20,2.00,0.8610,,MR60BHA2_breath_phase,safenest-node-01
95.1500,0.020000,S001,S001_BREATH_PACED_20_04,1,BREATH_PACED_20,2.00,0.8610,,MR60BHA2_breath_phase,safenest-node-01
95.2500,0.020000,S001,S001_BREATH_PACED_20_04,1,BREATH_PACED_20,2.00,0.8610,,MR60BHA2_breath_phase,safenest-node-01
95.3500,0.020000,S001,S001_BREATH_PACED_20_04,1,BREATH_PACED_20,2.00,0.8610,,MR60BHA2_breath_phase,safenest-node-01
95.4500,0.010000,S001,S001_BREATH_PACED_20_04,1,BREATH_PACED_20,2.00,0.8610,,MR60BHA2_breath_phase,safenest-node-01
95.5500,0.010000,S001,S001_BREATH_PACED_20_04,1,BREATH_PACED_20,2.00,0.8610,,MR60BHA2_breath_phase,safenest-node-01
95.6500,0.010000,S001,S001_BREATH_PACED_20_04,1,BREATH_PACED_20,2.00,0.8610,,MR60BHA2_breath_phase,safenest-node-01
95.7500,0.000000,S001,S001_BREATH_PACED_20_04,1,BREATH_PACED_20,3.00,0.8610,,MR60BHA2_breath_phase,safenest-node-01
95.8500,-0.010000,S001,S001_BREATH_PACED_20_04,1,BREATH_PACED_20,3.00,0.8610,,MR60BHA2_breath_phase,safenest-node-01
95.9500,-0.010000,S001,S001_BREATH_PACED_20_04,1,BREATH_PACED_20,3.00,0.8610,,MR60BHA2_breath_phase,safenest-node-01
96.0500,-0.010000,S001,S001_BREATH_PACED_20_04,1,BREATH_PACED_20,4.00,0.8610,,MR60BHA2_breath_phase,safenest-node-01
96.1500,-0.020000,S001,S001_BREATH_PACED_20_04,1,BREATH_PACED_20,4.00,0.8610,,MR60BHA2_breath_phase,safenest-node-01
96.2500,-0.030000,S001,S001_BREATH_PACED_20_04,1,BREATH_PACED_20,5.00,0.8610,,MR60BHA2_breath_phase,safenest-node-01
96.3500,-0.030000,S001,S001_BREATH_PACED_20_04,1,BREATH_PACED_20,5.00,0.8610,,MR60BHA2_breath_phase,safenest-node-01
96.4500,-0.030000,S001,S001_BREATH_PACED_20_04,1,BREATH_PACED_20,5.00,0.8610,,MR60BHA2_breath_phase,safenest-node-01
96.5500,-0.030000,S001,S001_BREATH_PACED_20_04,1,BREATH_PACED_20,5.00,0.8610,,MR60BHA2_breath_phase,safenest-node-01
96.6500,-0.020000,S001,S001_BREATH_PACED_20_04,1,BREATH_PACED_20,5.00,0.8610,,MR60BHA2_breath_phase,safenest-node-01
96.7500,-0.020000,S001,S001_BREATH_PACED_20_04,1,BREATH_PACED_20,5.00,0.8610,,MR60BHA2_breath_phase,safenest-node-01
96.8500,-0.010000,S001,S001_BREATH_PACED_20_04,1,BREATH_PACED_20,5.00,0.8610,,MR60BHA2_breath_phase,safenest-node-01
96.9500,0.000000,S001,S001_BREATH_PACED_20_04,1,BREATH_PACED_20,6.00,0.8610,,MR60BHA2_breath_phase,safenest-node-01
97.0500,0.010000,S001,S001_BREATH_PACED_20_04,1,BREATH_PACED_20,6.00,0.8610,,MR60BHA2_breath_phase,safenest-node-01
97.1500,0.020000,S001,S001_BREATH_PACED_20_04,1,BREATH_PACED_20,7.00,0.8610,,MR60BHA2_breath_phase,safenest-node-01
97.2500,0.020000,S001,S001_BREATH_PACED_20_04,1,BREATH_PACED_20,6.00,0.8610,,MR60BHA2_breath_phase,safenest-node-01
97.3500,0.030000,S001,S001_BREATH_PACED_20_04,1,BREATH_PACED_20,7.00,0.8610,,MR60BHA2_breath_phase,safenest-node-01
97.4500,0.040000,S001,S001_BREATH_PACED_20_04,1,BREATH_PACED_20,7.00,0.8610,,MR60BHA2_breath_phase,safenest-node-01
97.5510,0.040000,S001,S001_BREATH_PACED_20_04,1,BREATH_PACED_20,6.00,0.8610,,MR60BHA2_breath_phase,safenest-node-01
97.6510,0.040000,S001,S001_BREATH_PACED_20_04,1,BREATH_PACED_20,6.00,0.8610,,MR60BHA2_breath_phase,safenest-node-01
97.7510,0.040000,S001,S001_BREATH_PACED_20_04,1,BREATH_PACED_20,6.00,0.8610,,MR60BHA2_breath_phase,safenest-node-01
97.8510,0.040000,S001,S001_BREATH_PACED_20_04,1,BREATH_PACED_20,6.00,0.8610,,MR60BHA2_breath_phase,safenest-node-01
97.9510,0.040000,S001,S001_BREATH_PACED_20_04,1,BREATH_PACED_20,5.00,0.8610,,MR60BHA2_breath_phase,safenest-node-01
98.0510,0.040000,S001,S001_BREATH_PACED_20_04,1,BREATH_PACED_20,5.00,0.8610,,MR60BHA2_breath_phase,safenest-node-01
98.1510,0.030000,S001,S001_BREATH_PACED_20_04,1,BREATH_PACED_20,5.00,0.8610,,MR60BHA2_breath_phase,safenest-node-01
98.2510,0.020000,S001,S001_BREATH_PACED_20_04,1,BREATH_PACED_20,5.00,0.8610,,MR60BHA2_breath_phase,safenest-node-01
98.3510,0.020000,S001,S001_BREATH_PACED_20_04,1,BREATH_PACED_20,5.00,0.8610,,MR60BHA2_breath_phase,safenest-node-01
98.4510,0.000000,S001,S001_BREATH_PACED_20_04,1,BREATH_PACED_20,4.00,0.8610,,MR60BHA2_breath_phase,safenest-node-01
98.5510,-0.010000,S001,S001_BREATH_PACED_20_04,1,BREATH_PACED_20,4.00,0.8610,,MR60BHA2_breath_phase,safenest-node-01
98.6510,-0.030000,S001,S001_BREATH_PACED_20_04,1,BREATH_PACED_20,4.00,0.8610,,MR60BHA2_breath_phase,safenest-node-01
98.7510,-0.030000,S001,S001_BREATH_PACED_20_04,1,BREATH_PACED_20,4.00,0.8610,,MR60BHA2_breath_phase,safenest-node-01
98.8510,-0.040000,S001,S001_BREATH_PACED_20_04,1,BREATH_PACED_20,4.00,0.8610,,MR60BHA2_breath_phase,safenest-node-01
98.9510,-0.050000,S001,S001_BREATH_PACED_20_04,1,BREATH_PACED_20,4.00,0.8610,,MR60BHA2_breath_phase,safenest-node-01
99.0510,-0.050000,S001,S001_BREATH_PACED_20_04,1,BREATH_PACED_20,3.00,0.8610,,MR60BHA2_breath_phase,safenest-node-01
99.1510,-0.060000,S001,S001_BREATH_PACED_20_04,1,BREATH_PACED_20,3.00,0.8610,,MR60BHA2_breath_phase,safenest-node-01
99.2510,-0.060000,S001,S001_BREATH_PACED_20_04,1,BREATH_PACED_20,3.00,0.8610,,MR60BHA2_breath_phase,safenest-node-01
99.3510,-0.050000,S001,S001_BREATH_PACED_20_04,1,BREATH_PACED_20,3.00,0.8610,,MR60BHA2_breath_phase,safenest-node-01
99.4510,-0.050000,S001,S001_BREATH_PACED_20_04,1,BREATH_PACED_20,3.00,0.8610,,MR60BHA2_breath_phase,safenest-node-01
99.5510,-0.050000,S001,S001_BREATH_PACED_20_04,1,BREATH_PACED_20,3.00,0.8610,,MR60BHA2_breath_phase,safenest-node-01
99.6510,-0.040000,S001,S001_BREATH_PACED_20_04,1,BREATH_PACED_20,3.00,0.8610,,MR60BHA2_breath_phase,safenest-node-01
99.7510,-0.040000,S001,S001_BREATH_PACED_20_04,1,BREATH_PACED_20,3.00,0.8610,,MR60BHA2_breath_phase,safenest-node-01
99.8510,-0.030000,S001,S001_BREATH_PACED_20_04,1,BREATH_PACED_20,3.00,0.8610,,MR60BHA2_breath_phase,safenest-node-01
99.9510,-0.020000,S001,S001_BREATH_PACED_20_04,1,BREATH_PACED_20,2.00,0.8610,,MR60BHA2_breath_phase,safenest-node-01
100.0510,-0.020000,S001,S001_BREATH_PACED_20_04,1,BREATH_PACED_20,2.00,0.8610,,MR60BHA2_breath_phase,safenest-node-01
100.1510,-0.010000,S001,S001_BREATH_PACED_20_04,1,BREATH_PACED_20,2.00,0.8610,,MR60BHA2_breath_phase,safenest-node-01
100.2510,-0.000000,S001,S001_BREATH_PACED_20_04,1,BREATH_PACED_20,2.00,0.8610,,MR60BHA2_breath_phase,safenest-node-01
100.3510,0.010000,S001,S001_BREATH_PACED_20_04,1,BREATH_PACED_20,2.00,0.8610,,MR60BHA2_breath_phase,safenest-node-01
100.4520,0.020000,S001,S001_BREATH_PACED_20_04,1,BREATH_PACED_20,2.00,0.8610,,MR60BHA2_breath_phase,safenest-node-01
100.5520,0.050000,S001,S001_BREATH_PACED_20_04,1,BREATH_PACED_20,2.00,0.8610,,MR60BHA2_breath_phase,safenest-node-01
100.6520,0.080000,S001,S001_BREATH_PACED_20_04,1,BREATH_PACED_20,2.00,0.8610,,MR60BHA2_breath_phase,safenest-node-01
100.7520,0.100000,S001,S001_BREATH_PACED_20_04,1,BREATH_PACED_20,2.00,0.8610,,MR60BHA2_breath_phase,safenest-node-01
100.8520,0.130000,S001,S001_BREATH_PACED_20_04,1,BREATH_PACED_20,2.00,0.8610,,MR60BHA2_breath_phase,safenest-node-01
100.9520,0.170000,S001,S001_BREATH_PACED_20_04,1,BREATH_PACED_20,3.00,0.8610,,MR60BHA2_breath_phase,safenest-node-01
101.0520,0.180000,S001,S001_BREATH_PACED_20_04,1,BREATH_PACED_20,3.00,0.8610,,MR60BHA2_breath_phase,safenest-node-01
101.1520,0.210000,S001,S001_BREATH_PACED_20_04,1,BREATH_PACED_20,4.00,0.8610,,MR60BHA2_breath_phase,safenest-node-01
101.2520,0.210000,S001,S001_BREATH_PACED_20_04,1,BREATH_PACED_20,5.00,0.8610,,MR60BHA2_breath_phase,safenest-node-01
101.3520,0.210000,S001,S001_BREATH_PACED_20_04,1,BREATH_PACED_20,6.00,0.8610,,MR60BHA2_breath_phase,safenest-node-01
101.4520,0.200000,S001,S001_BREATH_PACED_20_04,1,BREATH_PACED_20,7.00,0.8610,,MR60BHA2_breath_phase,safenest-node-01
101.5530,0.160000,S001,S001_BREATH_PACED_20_04,1,BREATH_PACED_20,7.00,0.8610,,MR60BHA2_breath_phase,safenest-node-01
101.6530,0.130000,S001,S001_BREATH_PACED_20_04,1,BREATH_PACED_20,7.00,0.8610,,MR60BHA2_breath_phase,safenest-node-01
101.7530,0.070000,S001,S001_BREATH_PACED_20_04,1,BREATH_PACED_20,8.00,0.8610,,MR60BHA2_breath_phase,safenest-node-01
101.8530,0.040000,S001,S001_BREATH_PACED_20_04,1,BREATH_PACED_20,9.00,0.8610,,MR60BHA2_breath_phase,safenest-node-01
101.9530,-0.040000,S001,S001_BREATH_PACED_20_04,1,BREATH_PACED_20,10.00,0.8610,,MR60BHA2_breath_phase,safenest-node-01
102.0530,-0.120000,S001,S001_BREATH_PACED_20_04,1,BREATH_PACED_20,10.00,0.8610,,MR60BHA2_breath_phase,safenest-node-01
102.1530,-0.160000,S001,S001_BREATH_PACED_20_04,1,BREATH_PACED_20,10.00,0.8610,,MR60BHA2_breath_phase,safenest-node-01
102.2530,-0.230000,S001,S001_BREATH_PACED_20_04,1,BREATH_PACED_20,11.00,0.8610,,MR60BHA2_breath_phase,safenest-node-01
102.3530,-0.280000,S001,S001_BREATH_PACED_20_04,1,BREATH_PACED_20,12.00,0.8610,,MR60BHA2_breath_phase,safenest-node-01
102.4530,-0.300000,S001,S001_BREATH_PACED_20_04,1,BREATH_PACED_20,12.00,0.8610,,MR60BHA2_breath_phase,safenest-node-01
102.5530,-0.340000,S001,S001_BREATH_PACED_20_04,1,BREATH_PACED_20,13.00,0.8610,,MR60BHA2_breath_phase,safenest-node-01
102.6530,-0.350000,S001,S001_BREATH_PACED_20_04,1,BREATH_PACED_20,13.00,0.8610,,MR60BHA2_breath_phase,safenest-node-01
102.7530,-0.350000,S001,S001_BREATH_PACED_20_04,1,BREATH_PACED_20,13.00,0.8610,,MR60BHA2_breath_phase,safenest-node-01
102.8530,-0.330000,S001,S001_BREATH_PACED_20_04,1,BREATH_PACED_20,14.00,0.8610,,MR60BHA2_breath_phase,safenest-node-01
102.9530,-0.300000,S001,S001_BREATH_PACED_20_04,1,BREATH_PACED_20,14.00,0.8610,,MR60BHA2_breath_phase,safenest-node-01
103.0530,-0.270000,S001,S001_BREATH_PACED_20_04,1,BREATH_PACED_20,14.00,0.8610,,MR60BHA2_breath_phase,safenest-node-01
103.1530,-0.220000,S001,S001_BREATH_PACED_20_04,1,BREATH_PACED_20,14.00,0.8610,,MR60BHA2_breath_phase,safenest-node-01
103.2530,-0.160000,S001,S001_BREATH_PACED_20_04,1,BREATH_PACED_20,15.00,0.8610,,MR60BHA2_breath_phase,safenest-node-01
103.3530,-0.120000,S001,S001_BREATH_PACED_20_04,1,BREATH_PACED_20,15.00,0.8610,,MR60BHA2_breath_phase,safenest-node-01
103.4530,-0.060000,S001,S001_BREATH_PACED_20_04,1,BREATH_PACED_20,15.00,0.8610,,MR60BHA2_breath_phase,safenest-node-01
103.5530,-0.030000,S001,S001_BREATH_PACED_20_04,1,BREATH_PACED_20,15.00,0.8610,,MR60BHA2_breath_phase,safenest-node-01
103.6530,0.030000,S001,S001_BREATH_PACED_20_04,1,BREATH_PACED_20,15.00,0.8610,,MR60BHA2_breath_phase,safenest-node-01
103.7530,0.080000,S001,S001_BREATH_PACED_20_04,1,BREATH_PACED_20,15.00,0.8610,,MR60BHA2_breath_phase,safenest-node-01
103.8530,0.120000,S001,S001_BREATH_PACED_20_04,1,BREATH_PACED_20,15.00,0.8610,,MR60BHA2_breath_phase,safenest-node-01
103.9530,0.130000,S001,S001_BREATH_PACED_20_04,1,BREATH_PACED_20,15.00,0.8610,,MR60BHA2_breath_phase,safenest-node-01
104.0530,0.160000,S001,S001_BREATH_PACED_20_04,1,BREATH_PACED_20,16.00,0.8610,,MR60BHA2_breath_phase,safenest-node-01
104.1530,0.170000,S001,S001_BREATH_PACED_20_04,1,BREATH_PACED_20,16.00,0.8610,,MR60BHA2_breath_phase,safenest-node-01
104.2530,0.180000,S001,S001_BREATH_PACED_20_04,1,BREATH_PACED_20,17.00,0.8610,,MR60BHA2_breath_phase,safenest-node-01
104.3530,0.180000,S001,S001_BREATH_PACED_20_04,1,BREATH_PACED_20,17.00,0.8610,,MR60BHA2_breath_phase,safenest-node-01
104.4530,0.170000,S001,S001_BREATH_PACED_20_04,1,BREATH_PACED_20,17.00,0.8610,,MR60BHA2_breath_phase,safenest-node-01
104.5530,0.160000,S001,S001_BREATH_PACED_20_04,1,BREATH_PACED_20,17.00,0.8610,,MR60BHA2_breath_phase,safenest-node-01
104.6530,0.130000,S001,S001_BREATH_PACED_20_04,1,BREATH_PACED_20,18.00,0.8610,,MR60BHA2_breath_phase,safenest-node-01
104.7530,0.120000,S001,S001_BREATH_PACED_20_04,1,BREATH_PACED_20,18.00,0.8610,,MR60BHA2_breath_phase,safenest-node-01
104.8530,0.070000,S001,S001_BREATH_PACED_20_04,1,BREATH_PACED_20,18.00,0.8610,,MR60BHA2_breath_phase,safenest-node-01
104.9530,0.020000,S001,S001_BREATH_PACED_20_04,1,BREATH_PACED_20,18.00,0.8610,,MR60BHA2_breath_phase,safenest-node-01
105.0540,-0.010000,S001,S001_BREATH_PACED_20_04,1,BREATH_PACED_20,18.00,0.8610,,MR60BHA2_breath_phase,safenest-node-01
105.1540,-0.070000,S001,S001_BREATH_PACED_20_04,1,BREATH_PACED_20,19.00,0.8610,,MR60BHA2_breath_phase,safenest-node-01
105.2540,-0.120000,S001,S001_BREATH_PACED_20_04,1,BREATH_PACED_20,19.00,0.8610,,MR60BHA2_breath_phase,safenest-node-01
105.3540,-0.140000,S001,S001_BREATH_PACED_20_04,1,BREATH_PACED_20,19.00,0.8610,,MR60BHA2_breath_phase,safenest-node-01
105.4540,-0.180000,S001,S001_BREATH_PACED_20_04,1,BREATH_PACED_20,19.00,0.8610,,MR60BHA2_breath_phase,safenest-node-01
105.5540,-0.200000,S001,S001_BREATH_PACED_20_04,1,BREATH_PACED_20,20.00,0.8610,,MR60BHA2_breath_phase,safenest-node-01
105.6540,-0.200000,S001,S001_BREATH_PACED_20_04,1,BREATH_PACED_20,20.00,0.8610,,MR60BHA2_breath_phase,safenest-node-01
105.7540,-0.190000,S001,S001_BREATH_PACED_20_04,1,BREATH_PACED_20,20.00,0.8610,,MR60BHA2_breath_phase,safenest-node-01
105.8540,-0.180000,S001,S001_BREATH_PACED_20_04,1,BREATH_PACED_20,20.00,0.8610,,MR60BHA2_breath_phase,safenest-node-01
105.9540,-0.130000,S001,S001_BREATH_PACED_20_04,1,BREATH_PACED_20,20.00,0.8610,,MR60BHA2_breath_phase,safenest-node-01
106.0540,-0.070000,S001,S001_BREATH_PACED_20_04,1,BREATH_PACED_20,20.00,0.8610,,MR60BHA2_breath_phase,safenest-node-01
106.1540,-0.000000,S001,S001_BREATH_PACED_20_04,1,BREATH_PACED_20,20.00,0.8610,,MR60BHA2_breath_phase,safenest-node-01
106.2540,0.040000,S001,S001_BREATH_PACED_20_04,1,BREATH_PACED_20,20.00,0.8610,,MR60BHA2_breath_phase,safenest-node-01
106.3540,0.120000,S001,S001_BREATH_PACED_20_04,1,BREATH_PACED_20,21.00,0.8610,,MR60BHA2_breath_phase,safenest-node-01
106.4540,0.150000,S001,S001_BREATH_PACED_20_04,1,BREATH_PACED_20,21.00,0.8610,,MR60BHA2_breath_phase,safenest-node-01
106.5540,0.220000,S001,S001_BREATH_PACED_20_04,1,BREATH_PACED_20,21.00,0.8610,,MR60BHA2_breath_phase,safenest-node-01
106.6540,0.280000,S001,S001_BREATH_PACED_20_04,1,BREATH_PACED_20,21.00,0.8610,,MR60BHA2_breath_phase,safenest-node-01
106.7560,0.320000,S001,S001_BREATH_PACED_20_04,1,BREATH_PACED_20,21.00,0.8610,,MR60BHA2_breath_phase,safenest-node-01
106.8560,0.340000,S001,S001_BREATH_PACED_20_04,1,BREATH_PACED_20,21.00,0.8610,,MR60BHA2_breath_phase,safenest-node-01
106.9560,0.360000,S001,S001_BREATH_PACED_20_04,1,BREATH_PACED_20,21.00,0.8610,,MR60BHA2_breath_phase,safenest-node-01
107.0560,0.370000,S001,S001_BREATH_PACED_20_04,1,BREATH_PACED_20,21.00,0.8610,,MR60BHA2_breath_phase,safenest-node-01
107.1560,0.370000,S001,S001_BREATH_PACED_20_04,1,BREATH_PACED_20,21.00,0.8610,,MR60BHA2_breath_phase,safenest-node-01
107.2560,0.350000,S001,S001_BREATH_PACED_20_04,1,BREATH_PACED_20,22.00,0.8610,,MR60BHA2_breath_phase,safenest-node-01
107.3560,0.340000,S001,S001_BREATH_PACED_20_04,1,BREATH_PACED_20,22.00,0.8610,,MR60BHA2_breath_phase,safenest-node-01
107.4560,0.300000,S001,S001_BREATH_PACED_20_04,1,BREATH_PACED_20,22.00,0.8610,,MR60BHA2_breath_phase,safenest-node-01
107.5570,0.250000,S001,S001_BREATH_PACED_20_04,1,BREATH_PACED_20,22.00,0.8610,,MR60BHA2_breath_phase,safenest-node-01
107.6570,0.230000,S001,S001_BREATH_PACED_20_04,1,BREATH_PACED_20,22.00,0.8610,,MR60BHA2_breath_phase,safenest-node-01
107.7570,0.170000,S001,S001_BREATH_PACED_20_04,1,BREATH_PACED_20,22.00,0.8610,,MR60BHA2_breath_phase,safenest-node-01
107.8570,0.110000,S001,S001_BREATH_PACED_20_04,1,BREATH_PACED_20,22.00,0.8610,,MR60BHA2_breath_phase,safenest-node-01
107.9580,0.050000,S001,S001_BREATH_PACED_20_04,1,BREATH_PACED_20,22.00,0.8610,,MR60BHA2_breath_phase,safenest-node-01
108.0580,0.020000,S001,S001_BREATH_PACED_20_04,1,BREATH_PACED_20,22.00,0.8610,,MR60BHA2_breath_phase,safenest-node-01
108.1580,-0.000000,S001,S001_BREATH_PACED_20_04,1,BREATH_PACED_20,22.00,0.8610,,MR60BHA2_breath_phase,safenest-node-01
108.2580,-0.050000,S001,S001_BREATH_PACED_20_04,1,BREATH_PACED_20,22.00,0.8610,,MR60BHA2_breath_phase,safenest-node-01
108.3580,-0.090000,S001,S001_BREATH_PACED_20_04,1,BREATH_PACED_20,22.00,0.8610,,MR60BHA2_breath_phase,safenest-node-01
108.4580,-0.110000,S001,S001_BREATH_PACED_20_04,1,BREATH_PACED_20,22.00,0.8610,,MR60BHA2_breath_phase,safenest-node-01
108.5580,-0.120000,S001,S001_BREATH_PACED_20_04,1,BREATH_PACED_20,22.00,0.8610,,MR60BHA2_breath_phase,safenest-node-01
108.6580,-0.130000,S001,S001_BREATH_PACED_20_04,1,BREATH_PACED_20,22.00,0.8610,,MR60BHA2_breath_phase,safenest-node-01
108.7580,-0.130000,S001,S001_BREATH_PACED_20_04,1,BREATH_PACED_20,22.00,0.8610,,MR60BHA2_breath_phase,safenest-node-01
108.8580,-0.130000,S001,S001_BREATH_PACED_20_04,1,BREATH_PACED_20,22.00,0.8610,,MR60BHA2_breath_phase,safenest-node-01
108.9580,-0.120000,S001,S001_BREATH_PACED_20_04,1,BREATH_PACED_20,23.00,0.8610,,MR60BHA2_breath_phase,safenest-node-01
109.0580,-0.110000,S001,S001_BREATH_PACED_20_04,1,BREATH_PACED_20,23.00,0.8610,,MR60BHA2_breath_phase,safenest-node-01
109.1580,-0.110000,S001,S001_BREATH_PACED_20_04,1,BREATH_PACED_20,23.00,0.8610,,MR60BHA2_breath_phase,safenest-node-01
109.2580,-0.090000,S001,S001_BREATH_PACED_20_04,1,BREATH_PACED_20,23.00,0.8610,,MR60BHA2_breath_phase,safenest-node-01
109.3580,-0.090000,S001,S001_BREATH_PACED_20_04,1,BREATH_PACED_20,23.00,0.8610,,MR60BHA2_breath_phase,safenest-node-01
109.4580,-0.080000,S001,S001_BREATH_PACED_20_04,1,BREATH_PACED_20,23.00,0.8610,,MR60BHA2_breath_phase,safenest-node-01
109.5580,-0.080000,S001,S001_BREATH_PACED_20_04,1,BREATH_PACED_20,23.00,0.8610,,MR60BHA2_breath_phase,safenest-node-01
109.6590,-0.080000,S001,S001_BREATH_PACED_20_04,1,BREATH_PACED_20,23.00,0.8610,,MR60BHA2_breath_phase,safenest-node-01
109.7590,-0.080000,S001,S001_BREATH_PACED_20_04,1,BREATH_PACED_20,23.00,0.8610,,MR60BHA2_breath_phase,safenest-node-01
109.8590,-0.070000,S001,S001_BREATH_PACED_20_04,1,BREATH_PACED_20,23.00,0.8610,,MR60BHA2_breath_phase,safenest-node-01
109.9590,-0.060000,S001,S001_BREATH_PACED_20_04,1,BREATH_PACED_20,23.00,0.8610,,MR60BHA2_breath_phase,safenest-node-01
110.0590,-0.050000,S001,S001_BREATH_PACED_20_04,1,BREATH_PACED_20,23.00,0.8610,,MR60BHA2_breath_phase,safenest-node-01
110.1590,-0.050000,S001,S001_BREATH_PACED_20_04,1,BREATH_PACED_20,23.00,0.8610,,MR60BHA2_breath_phase,safenest-node-01
110.2600,-0.040000,S001,S001_BREATH_PACED_20_04,1,BREATH_PACED_20,23.00,0.8610,,MR60BHA2_breath_phase,safenest-node-01
110.3600,-0.040000,S001,S001_BREATH_PACED_20_04,1,BREATH_PACED_20,23.00,0.8610,,MR60BHA2_breath_phase,safenest-node-01
110.4600,-0.040000,S001,S001_BREATH_PACED_20_04,1,BREATH_PACED_20,23.00,0.8610,,MR60BHA2_breath_phase,safenest-node-01
110.5600,-0.060000,S001,S001_BREATH_PACED_20_04,1,BREATH_PACED_20,23.00,0.8610,,MR60BHA2_breath_phase,safenest-node-01
110.6600,-0.080000,S001,S001_BREATH_PACED_20_04,1,BREATH_PACED_20,23.00,0.8610,,MR60BHA2_breath_phase,safenest-node-01
110.7600,-0.110000,S001,S001_BREATH_PACED_20_04,1,BREATH_PACED_20,23.00,0.8610,,MR60BHA2_breath_phase,safenest-node-01
110.8600,-0.120000,S001,S001_BREATH_PACED_20_04,1,BREATH_PACED_20,23.00,0.8610,,MR60BHA2_breath_phase,safenest-node-01
110.9600,-0.150000,S001,S001_BREATH_PACED_20_04,1,BREATH_PACED_20,23.00,0.8610,,MR60BHA2_breath_phase,safenest-node-01
111.0600,-0.170000,S001,S001_BREATH_PACED_20_04,1,BREATH_PACED_20,23.00,0.8610,,MR60BHA2_breath_phase,safenest-node-01
111.1600,-0.190000,S001,S001_BREATH_PACED_20_04,1,BREATH_PACED_20,23.00,0.8610,,MR60BHA2_breath_phase,safenest-node-01
111.2600,-0.210000,S001,S001_BREATH_PACED_20_04,1,BREATH_PACED_20,23.00,0.8610,,MR60BHA2_breath_phase,safenest-node-01
111.3600,-0.210000,S001,S001_BREATH_PACED_20_04,1,BREATH_PACED_20,23.00,0.8610,,MR60BHA2_breath_phase,safenest-node-01
111.4600,-0.210000,S001,S001_BREATH_PACED_20_04,1,BREATH_PACED_20,23.00,0.8610,,MR60BHA2_breath_phase,safenest-node-01
111.5600,-0.200000,S001,S001_BREATH_PACED_20_04,1,BREATH_PACED_20,24.00,0.8610,,MR60BHA2_breath_phase,safenest-node-01
111.6600,-0.180000,S001,S001_BREATH_PACED_20_04,1,BREATH_PACED_20,24.00,0.8610,,MR60BHA2_breath_phase,safenest-node-01
111.7600,-0.150000,S001,S001_BREATH_PACED_20_04,1,BREATH_PACED_20,24.00,0.8610,,MR60BHA2_breath_phase,safenest-node-01
111.8600,-0.120000,S001,S001_BREATH_PACED_20_04,1,BREATH_PACED_20,24.00,0.8610,,MR60BHA2_breath_phase,safenest-node-01
111.9610,-0.100000,S001,S001_BREATH_PACED_20_04,1,BREATH_PACED_20,24.00,0.8610,,MR60BHA2_breath_phase,safenest-node-01
112.0610,-0.060000,S001,S001_BREATH_PACED_20_04,1,BREATH_PACED_20,23.00,0.8610,,MR60BHA2_breath_phase,safenest-node-01
112.1610,-0.020000,S001,S001_BREATH_PACED_20_04,1,BREATH_PACED_20,22.00,0.8610,,MR60BHA2_breath_phase,safenest-node-01
112.2610,0.000000,S001,S001_BREATH_PACED_20_04,1,BREATH_PACED_20,21.00,0.8610,,MR60BHA2_breath_phase,safenest-node-01
112.3610,0.030000,S001,S001_BREATH_PACED_20_04,1,BREATH_PACED_20,20.00,0.8610,,MR60BHA2_breath_phase,safenest-node-01
112.4610,0.050000,S001,S001_BREATH_PACED_20_04,1,BREATH_PACED_20,19.00,0.8610,,MR60BHA2_breath_phase,safenest-node-01
112.5610,0.060000,S001,S001_BREATH_PACED_20_04,1,BREATH_PACED_20,19.00,0.8610,,MR60BHA2_breath_phase,safenest-node-01
112.6610,0.080000,S001,S001_BREATH_PACED_20_04,1,BREATH_PACED_20,18.00,0.8610,,MR60BHA2_breath_phase,safenest-node-01
112.7610,0.090000,S001,S001_BREATH_PACED_20_04,1,BREATH_PACED_20,17.00,0.8610,,MR60BHA2_breath_phase,safenest-node-01
112.8610,0.100000,S001,S001_BREATH_PACED_20_04,1,BREATH_PACED_20,16.00,0.8610,,MR60BHA2_breath_phase,safenest-node-01
112.9610,0.100000,S001,S001_BREATH_PACED_20_04,1,BREATH_PACED_20,15.00,0.8610,,MR60BHA2_breath_phase,safenest-node-01
113.0610,0.110000,S001,S001_BREATH_PACED_20_04,1,BREATH_PACED_20,15.00,0.8610,,MR60BHA2_breath_phase,safenest-node-01
113.1610,0.110000,S001,S001_BREATH_PACED_20_04,1,BREATH_PACED_20,15.00,0.8610,,MR60BHA2_breath_phase,safenest-node-01
113.2610,0.110000,S001,S001_BREATH_PACED_20_04,1,BREATH_PACED_20,15.00,0.8610,,MR60BHA2_breath_phase,safenest-node-01
113.3610,0.110000,S001,S001_BREATH_PACED_20_04,1,BREATH_PACED_20,15.00,0.8610,,MR60BHA2_breath_phase,safenest-node-01
113.4610,0.100000,S001,S001_BREATH_PACED_20_04,1,BREATH_PACED_20,15.00,0.8610,,MR60BHA2_breath_phase,safenest-node-01
113.5610,0.090000,S001,S001_BREATH_PACED_20_04,1,BREATH_PACED_20,14.00,0.8610,,MR60BHA2_breath_phase,safenest-node-01
113.6610,0.080000,S001,S001_BREATH_PACED_20_04,1,BREATH_PACED_20,14.00,0.8610,,MR60BHA2_breath_phase,safenest-node-01
113.7610,0.050000,S001,S001_BREATH_PACED_20_04,1,BREATH_PACED_20,13.00,0.8610,,MR60BHA2_breath_phase,safenest-node-01
113.8610,0.020000,S001,S001_BREATH_PACED_20_04,1,BREATH_PACED_20,13.00,0.8610,,MR60BHA2_breath_phase,safenest-node-01
113.9610,-0.000000,S001,S001_BREATH_PACED_20_04,1,BREATH_PACED_20,12.00,0.8610,,MR60BHA2_breath_phase,safenest-node-01
114.0610,-0.040000,S001,S001_BREATH_PACED_20_04,1,BREATH_PACED_20,11.00,0.8610,,MR60BHA2_breath_phase,safenest-node-01
114.1610,-0.080000,S001,S001_BREATH_PACED_20_04,1,BREATH_PACED_20,11.00,0.8610,,MR60BHA2_breath_phase,safenest-node-01
114.2610,-0.100000,S001,S001_BREATH_PACED_20_04,1,BREATH_PACED_20,11.00,0.8610,,MR60BHA2_breath_phase,safenest-node-01
114.3610,-0.120000,S001,S001_BREATH_PACED_20_04,1,BREATH_PACED_20,10.00,0.8610,,MR60BHA2_breath_phase,safenest-node-01
114.4610,-0.130000,S001,S001_BREATH_PACED_20_04,1,BREATH_PACED_20,10.00,0.8610,,MR60BHA2_breath_phase,safenest-node-01
114.5610,-0.140000,S001,S001_BREATH_PACED_20_04,1,BREATH_PACED_20,10.00,0.8610,,MR60BHA2_breath_phase,safenest-node-01
114.6610,-0.130000,S001,S001_BREATH_PACED_20_04,1,BREATH_PACED_20,11.00,0.8610,,MR60BHA2_breath_phase,safenest-node-01
114.7610,-0.110000,S001,S001_BREATH_PACED_20_04,1,BREATH_PACED_20,12.00,0.8610,,MR60BHA2_breath_phase,safenest-node-01
114.8610,-0.100000,S001,S001_BREATH_PACED_20_04,1,BREATH_PACED_20,12.00,0.8610,,MR60BHA2_breath_phase,safenest-node-01
114.9610,-0.060000,S001,S001_BREATH_PACED_20_04,1,BREATH_PACED_20,13.00,0.8610,,MR60BHA2_breath_phase,safenest-node-01
115.0610,-0.040000,S001,S001_BREATH_PACED_20_04,1,BREATH_PACED_20,14.00,0.8610,,MR60BHA2_breath_phase,safenest-node-01
115.1610,0.000000,S001,S001_BREATH_PACED_20_04,1,BREATH_PACED_20,14.00,0.8610,,MR60BHA2_breath_phase,safenest-node-01
115.2610,0.050000,S001,S001_BREATH_PACED_20_04,1,BREATH_PACED_20,15.00,0.8610,,MR60BHA2_breath_phase,safenest-node-01
115.3610,0.070000,S001,S001_BREATH_PACED_20_04,1,BREATH_PACED_20,15.00,0.8610,,MR60BHA2_breath_phase,safenest-node-01
115.4610,0.110000,S001,S001_BREATH_PACED_20_04,1,BREATH_PACED_20,16.00,0.8610,,MR60BHA2_breath_phase,safenest-node-01
115.5610,0.140000,S001,S001_BREATH_PACED_20_04,1,BREATH_PACED_20,16.00,0.8610,,MR60BHA2_breath_phase,safenest-node-01
115.6610,0.160000,S001,S001_BREATH_PACED_20_04,1,BREATH_PACED_20,16.00,0.8610,,MR60BHA2_breath_phase,safenest-node-01
115.7610,0.170000,S001,S001_BREATH_PACED_20_04,1,BREATH_PACED_20,17.00,0.8610,,MR60BHA2_breath_phase,safenest-node-01
115.8610,0.180000,S001,S001_BREATH_PACED_20_04,1,BREATH_PACED_20,17.00,0.8610,,MR60BHA2_breath_phase,safenest-node-01
115.9620,0.180000,S001,S001_BREATH_PACED_20_04,1,BREATH_PACED_20,17.00,0.8610,,MR60BHA2_breath_phase,safenest-node-01
116.0620,0.180000,S001,S001_BREATH_PACED_20_04,1,BREATH_PACED_20,17.00,0.8610,,MR60BHA2_breath_phase,safenest-node-01
116.1620,0.170000,S001,S001_BREATH_PACED_20_04,1,BREATH_PACED_20,18.00,0.8610,,MR60BHA2_breath_phase,safenest-node-01
116.2620,0.160000,S001,S001_BREATH_PACED_20_04,1,BREATH_PACED_20,18.00,0.8610,,MR60BHA2_breath_phase,safenest-node-01
116.3620,0.140000,S001,S001_BREATH_PACED_20_04,1,BREATH_PACED_20,18.00,0.8610,,MR60BHA2_breath_phase,safenest-node-01
116.4620,0.120000,S001,S001_BREATH_PACED_20_04,1,BREATH_PACED_20,19.00,0.8610,,MR60BHA2_breath_phase,safenest-node-01
116.5620,0.100000,S001,S001_BREATH_PACED_20_04,1,BREATH_PACED_20,19.00,0.8610,,MR60BHA2_breath_phase,safenest-node-01
116.6620,0.080000,S001,S001_BREATH_PACED_20_04,1,BREATH_PACED_20,19.00,0.8610,,MR60BHA2_breath_phase,safenest-node-01
116.7620,0.060000,S001,S001_BREATH_PACED_20_04,1,BREATH_PACED_20,19.00,0.8610,,MR60BHA2_breath_phase,safenest-node-01
116.8620,0.030000,S001,S001_BREATH_PACED_20_04,1,BREATH_PACED_20,19.00,0.8610,,MR60BHA2_breath_phase,safenest-node-01
116.9620,0.010000,S001,S001_BREATH_PACED_20_04,1,BREATH_PACED_20,19.00,0.8610,,MR60BHA2_breath_phase,safenest-node-01
117.0620,-0.020000,S001,S001_BREATH_PACED_20_04,1,BREATH_PACED_20,20.00,0.8610,,MR60BHA2_breath_phase,safenest-node-01
117.1620,-0.020000,S001,S001_BREATH_PACED_20_04,1,BREATH_PACED_20,20.00,0.8610,,MR60BHA2_breath_phase,safenest-node-01
117.2620,-0.040000,S001,S001_BREATH_PACED_20_04,1,BREATH_PACED_20,20.00,0.8610,,MR60BHA2_breath_phase,safenest-node-01
117.3620,-0.040000,S001,S001_BREATH_PACED_20_04,1,BREATH_PACED_20,20.00,0.8610,,MR60BHA2_breath_phase,safenest-node-01
117.4620,-0.040000,S001,S001_BREATH_PACED_20_04,1,BREATH_PACED_20,20.00,0.8610,,MR60BHA2_breath_phase,safenest-node-01
117.5620,-0.040000,S001,S001_BREATH_PACED_20_04,1,BREATH_PACED_20,20.00,0.8610,,MR60BHA2_breath_phase,safenest-node-01
117.6620,-0.020000,S001,S001_BREATH_PACED_20_04,1,BREATH_PACED_20,21.00,0.8610,,MR60BHA2_breath_phase,safenest-node-01
117.7620,-0.020000,S001,S001_BREATH_PACED_20_04,1,BREATH_PACED_20,21.00,0.8610,,MR60BHA2_breath_phase,safenest-node-01
117.8620,-0.010000,S001,S001_BREATH_PACED_20_04,1,BREATH_PACED_20,21.00,0.8610,,MR60BHA2_breath_phase,safenest-node-01
117.9620,-0.000000,S001,S001_BREATH_PACED_20_04,1,BREATH_PACED_20,21.00,0.8610,,MR60BHA2_breath_phase,safenest-node-01
118.0620,0.000000,S001,S001_BREATH_PACED_20_04,1,BREATH_PACED_20,21.00,0.8610,,MR60BHA2_breath_phase,safenest-node-01
118.1620,0.010000,S001,S001_BREATH_PACED_20_04,1,BREATH_PACED_20,21.00,0.8610,,MR60BHA2_breath_phase,safenest-node-01
118.2630,0.010000,S001,S001_BREATH_PACED_20_04,1,BREATH_PACED_20,21.00,0.8610,,MR60BHA2_breath_phase,safenest-node-01
118.3630,0.000000,S001,S001_BREATH_PACED_20_04,1,BREATH_PACED_20,21.00,0.8610,,MR60BHA2_breath_phase,safenest-node-01
118.4630,-0.000000,S001,S001_BREATH_PACED_20_04,1,BREATH_PACED_20,21.00,0.8610,,MR60BHA2_breath_phase,safenest-node-01
118.5630,-0.000000,S001,S001_BREATH_PACED_20_04,1,BREATH_PACED_20,21.00,0.8610,,MR60BHA2_breath_phase,safenest-node-01
118.6630,-0.010000,S001,S001_BREATH_PACED_20_04,1,BREATH_PACED_20,22.00,0.8610,,MR60BHA2_breath_phase,safenest-node-01
118.7630,-0.010000,S001,S001_BREATH_PACED_20_04,1,BREATH_PACED_20,22.00,0.8610,,MR60BHA2_breath_phase,safenest-node-01
118.8630,-0.010000,S001,S001_BREATH_PACED_20_04,1,BREATH_PACED_20,22.00,0.8610,,MR60BHA2_breath_phase,safenest-node-01
118.9630,-0.010000,S001,S001_BREATH_PACED_20_04,1,BREATH_PACED_20,22.00,0.8610,,MR60BHA2_breath_phase,safenest-node-01
119.0630,-0.010000,S001,S001_BREATH_PACED_20_04,1,BREATH_PACED_20,22.00,0.8610,,MR60BHA2_breath_phase,safenest-node-01
119.1630,-0.010000,S001,S001_BREATH_PACED_20_04,1,BREATH_PACED_20,22.00,0.8610,,MR60BHA2_breath_phase,safenest-node-01
119.2630,-0.000000,S001,S001_BREATH_PACED_20_04,1,BREATH_PACED_20,22.00,0.8610,,MR60BHA2_breath_phase,safenest-node-01
119.3630,-0.000000,S001,S001_BREATH_PACED_20_04,1,BREATH_PACED_20,22.00,0.8610,,MR60BHA2_breath_phase,safenest-node-01
119.4630,0.000000,S001,S001_BREATH_PACED_20_04,1,BREATH_PACED_20,22.00,0.8610,,MR60BHA2_breath_phase,safenest-node-01
119.5630,0.010000,S001,S001_BREATH_PACED_20_04,1,BREATH_PACED_20,22.00,0.8610,,MR60BHA2_breath_phase,safenest-node-01
119.6640,0.010000,S001,S001_BREATH_PACED_20_04,1,BREATH_PACED_20,22.00,0.8610,,MR60BHA2_breath_phase,safenest-node-01
119.7640,0.020000,S001,S001_BREATH_PACED_20_04,1,BREATH_PACED_20,22.00,0.8610,,MR60BHA2_breath_phase,safenest-node-01
119.8640,0.020000,S001,S001_BREATH_PACED_20_04,1,BREATH_PACED_20,22.00,0.8610,,MR60BHA2_breath_phase,safenest-node-01
119.9640,0.020000,S001,S001_BREATH_PACED_20_04,1,BREATH_PACED_20,22.00,0.8610,,MR60BHA2_breath_phase,safenest-node-01
120.0650,0.030000,S001,S001_BREATH_PACED_20_04,1,BREATH_PACED_20,22.00,0.8610,,MR60BHA2_breath_phase,safenest-node-01
120.1650,0.020000,S001,S001_BREATH_PACED_20_04,1,BREATH_PACED_20,22.00,0.8610,,MR60BHA2_breath_phase,safenest-node-01
120.2660,0.020000,S001,S001_BREATH_PACED_20_04,1,BREATH_PACED_20,22.00,0.8610,,MR60BHA2_breath_phase,safenest-node-01
120.3660,0.020000,S001,S001_BREATH_PACED_20_04,1,BREATH_PACED_20,23.00,0.8610,,MR60BHA2_breath_phase,safenest-node-01
120.4660,0.010000,S001,S001_BREATH_PACED_20_04,1,BREATH_PACED_20,23.00,0.8610,,MR60BHA2_breath_phase,safenest-node-01
120.5660,0.000000,S001,S001_BREATH_PACED_20_04,1,BREATH_PACED_20,23.00,0.8610,,MR60BHA2_breath_phase,safenest-node-01
120.6660,-0.010000,S001,S001_BREATH_PACED_20_04,1,BREATH_PACED_20,23.00,0.8610,,MR60BHA2_breath_phase,safenest-node-01
120.7660,-0.010000,S001,S001_BREATH_PACED_20_04,1,BREATH_PACED_20,24.00,0.8610,,MR60BHA2_breath_phase,safenest-node-01
120.8660,-0.020000,S001,S001_BREATH_PACED_20_04,1,BREATH_PACED_20,24.00,0.8610,,MR60BHA2_breath_phase,safenest-node-01
120.9660,-0.030000,S001,S001_BREATH_PACED_20_04,1,BREATH_PACED_20,24.00,0.8610,,MR60BHA2_breath_phase,safenest-node-01
121.0660,-0.050000,S001,S001_BREATH_PACED_20_04,1,BREATH_PACED_20,24.00,0.8610,,MR60BHA2_breath_phase,safenest-node-01
121.1660,-0.060000,S001,S001_BREATH_PACED_20_04,1,BREATH_PACED_20,24.00,0.8610,,MR60BHA2_breath_phase,safenest-node-01
121.2660,-0.070000,S001,S001_BREATH_PACED_20_04,1,BREATH_PACED_20,24.00,0.8610,,MR60BHA2_breath_phase,safenest-node-01
121.3660,-0.080000,S001,S001_BREATH_PACED_20_04,1,BREATH_PACED_20,24.00,0.8610,,MR60BHA2_breath_phase,safenest-node-01
121.4660,-0.080000,S001,S001_BREATH_PACED_20_04,1,BREATH_PACED_20,23.00,0.8610,,MR60BHA2_breath_phase,safenest-node-01
121.5660,-0.090000,S001,S001_BREATH_PACED_20_04,1,BREATH_PACED_20,23.00,0.8610,,MR60BHA2_breath_phase,safenest-node-01
121.6660,-0.090000,S001,S001_BREATH_PACED_20_04,1,BREATH_PACED_20,23.00,0.8610,,MR60BHA2_breath_phase,safenest-node-01
121.7660,-0.080000,S001,S001_BREATH_PACED_20_04,1,BREATH_PACED_20,23.00,0.8610,,MR60BHA2_breath_phase,safenest-node-01
121.8660,-0.080000,S001,S001_BREATH_PACED_20_04,1,BREATH_PACED_20,23.00,0.8610,,MR60BHA2_breath_phase,safenest-node-01
121.9660,-0.060000,S001,S001_BREATH_PACED_20_04,1,BREATH_PACED_20,23.00,0.8610,,MR60BHA2_breath_phase,safenest-node-01
122.0660,-0.050000,S001,S001_BREATH_PACED_20_04,1,BREATH_PACED_20,22.00,0.8610,,MR60BHA2_breath_phase,safenest-node-01
122.1660,-0.040000,S001,S001_BREATH_PACED_20_04,1,BREATH_PACED_20,22.00,0.8610,,MR60BHA2_breath_phase,safenest-node-01
122.2660,-0.020000,S001,S001_BREATH_PACED_20_04,1,BREATH_PACED_20,22.00,0.8610,,MR60BHA2_breath_phase,safenest-node-01
122.3660,0.010000,S001,S001_BREATH_PACED_20_04,1,BREATH_PACED_20,22.00,0.8610,,MR60BHA2_breath_phase,safenest-node-01
122.4660,0.020000,S001,S001_BREATH_PACED_20_04,1,BREATH_PACED_20,22.00,0.8610,,MR60BHA2_breath_phase,safenest-node-01
122.5660,0.030000,S001,S001_BREATH_PACED_20_04,1,BREATH_PACED_20,22.00,0.8610,,MR60BHA2_breath_phase,safenest-node-01
122.6660,0.040000,S001,S001_BREATH_PACED_20_04,1,BREATH_PACED_20,22.00,0.8610,,MR60BHA2_breath_phase,safenest-node-01
122.7660,0.040000,S001,S001_BREATH_PACED_20_04,1,BREATH_PACED_20,21.00,0.8610,,MR60BHA2_breath_phase,safenest-node-01
122.8660,0.040000,S001,S001_BREATH_PACED_20_04,1,BREATH_PACED_20,21.00,0.8610,,MR60BHA2_breath_phase,safenest-node-01
122.9660,0.030000,S001,S001_BREATH_PACED_20_04,1,BREATH_PACED_20,21.00,0.8610,,MR60BHA2_breath_phase,safenest-node-01
123.0660,0.030000,S001,S001_BREATH_PACED_20_04,1,BREATH_PACED_20,21.00,0.8610,,MR60BHA2_breath_phase,safenest-node-01
123.1660,0.010000,S001,S001_BREATH_PACED_20_04,1,BREATH_PACED_20,21.00,0.8610,,MR60BHA2_breath_phase,safenest-node-01
123.2660,0.000000,S001,S001_BREATH_PACED_20_04,1,BREATH_PACED_20,21.00,0.8610,,MR60BHA2_breath_phase,safenest-node-01
123.3660,-0.020000,S001,S001_BREATH_PACED_20_04,1,BREATH_PACED_20,21.00,0.8610,,MR60BHA2_breath_phase,safenest-node-01
123.4660,-0.030000,S001,S001_BREATH_PACED_20_04,1,BREATH_PACED_20,20.00,0.8610,,MR60BHA2_breath_phase,safenest-node-01
123.5660,-0.040000,S001,S001_BREATH_PACED_20_04,1,BREATH_PACED_20,20.00,0.8610,,MR60BHA2_breath_phase,safenest-node-01
123.6660,-0.050000,S001,S001_BREATH_PACED_20_04,1,BREATH_PACED_20,19.00,0.8610,,MR60BHA2_breath_phase,safenest-node-01
123.7670,-0.060000,S001,S001_BREATH_PACED_20_04,1,BREATH_PACED_20,18.00,0.8610,,MR60BHA2_breath_phase,safenest-node-01
123.8670,-0.060000,S001,S001_BREATH_PACED_20_04,1,BREATH_PACED_20,17.00,0.8610,,MR60BHA2_breath_phase,safenest-node-01
123.9670,-0.060000,S001,S001_BREATH_PACED_20_04,1,BREATH_PACED_20,16.00,0.8610,,MR60BHA2_breath_phase,safenest-node-01
124.0670,-0.060000,S001,S001_BREATH_PACED_20_04,1,BREATH_PACED_20,15.00,0.8610,,MR60BHA2_breath_phase,safenest-node-01
124.1680,-0.050000,S001,S001_BREATH_PACED_20_04,1,BREATH_PACED_20,15.00,0.8610,,MR60BHA2_breath_phase,safenest-node-01
124.2680,-0.040000,S001,S001_BREATH_PACED_20_04,1,BREATH_PACED_20,15.00,0.8610,,MR60BHA2_breath_phase,safenest-node-01
124.3680,-0.030000,S001,S001_BREATH_PACED_20_04,1,BREATH_PACED_20,14.00,0.8610,,MR60BHA2_breath_phase,safenest-node-01
124.4680,-0.010000,S001,S001_BREATH_PACED_20_04,1,BREATH_PACED_20,13.00,0.8610,,MR60BHA2_breath_phase,safenest-node-01
124.5680,0.010000,S001,S001_BREATH_PACED_20_04,1,BREATH_PACED_20,13.00,0.8610,,MR60BHA2_breath_phase,safenest-node-01
124.6680,0.030000,S001,S001_BREATH_PACED_20_04,1,BREATH_PACED_20,12.00,0.8610,,MR60BHA2_breath_phase,safenest-node-01
124.7680,0.040000,S001,S001_BREATH_PACED_20_04,1,BREATH_PACED_20,12.00,0.8610,,MR60BHA2_breath_phase,safenest-node-01
124.8680,0.050000,S001,S001_BREATH_PACED_20_04,1,BREATH_PACED_20,11.00,0.8610,,MR60BHA2_breath_phase,safenest-node-01
124.9680,0.060000,S001,S001_BREATH_PACED_20_04,1,BREATH_PACED_20,11.00,0.8610,,MR60BHA2_breath_phase,safenest-node-01
125.0680,0.060000,S001,S001_BREATH_PACED_20_04,1,BREATH_PACED_20,10.00,0.8610,,MR60BHA2_breath_phase,safenest-node-01
125.1680,0.070000,S001,S001_BREATH_PACED_20_04,1,BREATH_PACED_20,10.00,0.8610,,MR60BHA2_breath_phase,safenest-node-01
125.2680,0.060000,S001,S001_BREATH_PACED_20_04,1,BREATH_PACED_20,9.00,0.8610,,MR60BHA2_breath_phase,safenest-node-01
125.3680,0.060000,S001,S001_BREATH_PACED_20_04,1,BREATH_PACED_20,9.00,0.8610,,MR60BHA2_breath_phase,safenest-node-01
125.4680,0.050000,S001,S001_BREATH_PACED_20_04,1,BREATH_PACED_20,9.00,0.8610,,MR60BHA2_breath_phase,safenest-node-01
125.5680,0.040000,S001,S001_BREATH_PACED_20_04,1,BREATH_PACED_20,8.00,0.8610,,MR60BHA2_breath_phase,safenest-node-01
125.6680,0.030000,S001,S001_BREATH_PACED_20_04,1,BREATH_PACED_20,8.00,0.8610,,MR60BHA2_breath_phase,safenest-node-01
125.7680,0.010000,S001,S001_BREATH_PACED_20_04,1,BREATH_PACED_20,8.00,0.8610,,MR60BHA2_breath_phase,safenest-node-01
125.8700,-0.010000,S001,S001_BREATH_PACED_20_04,1,BREATH_PACED_20,7.00,0.8610,,MR60BHA2_breath_phase,safenest-node-01
125.9700,-0.010000,S001,S001_BREATH_PACED_20_04,1,BREATH_PACED_20,7.00,0.8610,,MR60BHA2_breath_phase,safenest-node-01
126.0700,-0.030000,S001,S001_BREATH_PACED_20_04,1,BREATH_PACED_20,7.00,0.8610,,MR60BHA2_breath_phase,safenest-node-01
126.1700,-0.030000,S001,S001_BREATH_PACED_20_04,1,BREATH_PACED_20,6.00,0.8610,,MR60BHA2_breath_phase,safenest-node-01
126.2700,-0.040000,S001,S001_BREATH_PACED_20_04,1,BREATH_PACED_20,6.00,0.8610,,MR60BHA2_breath_phase,safenest-node-01
126.3700,-0.050000,S001,S001_BREATH_PACED_20_04,1,BREATH_PACED_20,7.00,0.8610,,MR60BHA2_breath_phase,safenest-node-01
126.4700,-0.050000,S001,S001_BREATH_PACED_20_04,1,BREATH_PACED_20,7.00,0.8610,,MR60BHA2_breath_phase,safenest-node-01
126.5700,-0.040000,S001,S001_BREATH_PACED_20_04,1,BREATH_PACED_20,8.00,0.8610,,MR60BHA2_breath_phase,safenest-node-01
126.6700,-0.040000,S001,S001_BREATH_PACED_20_04,1,BREATH_PACED_20,9.00,0.8610,,MR60BHA2_breath_phase,safenest-node-01
126.7700,-0.040000,S001,S001_BREATH_PACED_20_04,1,BREATH_PACED_20,10.00,0.8610,,MR60BHA2_breath_phase,safenest-node-01
126.8700,-0.030000,S001,S001_BREATH_PACED_20_04,1,BREATH_PACED_20,11.00,0.8610,,MR60BHA2_breath_phase,safenest-node-01
126.9700,-0.020000,S001,S001_BREATH_PACED_20_04,1,BREATH_PACED_20,12.00,0.8610,,MR60BHA2_breath_phase,safenest-node-01
127.0700,-0.010000,S001,S001_BREATH_PACED_20_04,1,BREATH_PACED_20,12.00,0.8610,,MR60BHA2_breath_phase,safenest-node-01
127.1700,0.000000,S001,S001_BREATH_PACED_20_04,1,BREATH_PACED_20,13.00,0.8610,,MR60BHA2_breath_phase,safenest-node-01
127.2700,0.020000,S001,S001_BREATH_PACED_20_04,1,BREATH_PACED_20,14.00,0.8610,,MR60BHA2_breath_phase,safenest-node-01
127.3700,0.020000,S001,S001_BREATH_PACED_20_04,1,BREATH_PACED_20,14.00,0.8610,,MR60BHA2_breath_phase,safenest-node-01
127.4700,0.030000,S001,S001_BREATH_PACED_20_04,1,BREATH_PACED_20,14.00,0.8610,,MR60BHA2_breath_phase,safenest-node-01
127.5700,0.040000,S001,S001_BREATH_PACED_20_04,1,BREATH_PACED_20,13.00,0.8610,,MR60BHA2_breath_phase,safenest-node-01
127.6700,0.050000,S001,S001_BREATH_PACED_20_04,1,BREATH_PACED_20,13.00,0.8610,,MR60BHA2_breath_phase,safenest-node-01
127.7700,0.060000,S001,S001_BREATH_PACED_20_04,1,BREATH_PACED_20,12.00,0.8610,,MR60BHA2_breath_phase,safenest-node-01
127.8700,0.060000,S001,S001_BREATH_PACED_20_04,1,BREATH_PACED_20,12.00,0.8610,,MR60BHA2_breath_phase,safenest-node-01
127.9700,0.070000,S001,S001_BREATH_PACED_20_04,1,BREATH_PACED_20,11.00,0.8610,,MR60BHA2_breath_phase,safenest-node-01
128.0700,0.070000,S001,S001_BREATH_PACED_20_04,1,BREATH_PACED_20,10.00,0.8610,,MR60BHA2_breath_phase,safenest-node-01
128.1710,0.060000,S001,S001_BREATH_PACED_20_04,1,BREATH_PACED_20,10.00,0.8610,,MR60BHA2_breath_phase,safenest-node-01
128.2710,0.060000,S001,S001_BREATH_PACED_20_04,1,BREATH_PACED_20,10.00,0.8610,,MR60BHA2_breath_phase,safenest-node-01
128.3710,0.060000,S001,S001_BREATH_PACED_20_04,1,BREATH_PACED_20,9.00,0.8610,,MR60BHA2_breath_phase,safenest-node-01
128.4710,0.050000,S001,S001_BREATH_PACED_20_04,1,BREATH_PACED_20,9.00,0.8610,,MR60BHA2_breath_phase,safenest-node-01
128.5710,0.040000,S001,S001_BREATH_PACED_20_04,1,BREATH_PACED_20,9.00,0.8610,,MR60BHA2_breath_phase,safenest-node-01
128.6710,0.020000,S001,S001_BREATH_PACED_20_04,1,BREATH_PACED_20,8.00,0.8610,,MR60BHA2_breath_phase,safenest-node-01
128.7710,0.010000,S001,S001_BREATH_PACED_20_04,1,BREATH_PACED_20,8.00,0.8610,,MR60BHA2_breath_phase,safenest-node-01
128.8710,-0.000000,S001,S001_BREATH_PACED_20_04,1,BREATH_PACED_20,9.00,0.8610,,MR60BHA2_breath_phase,safenest-node-01
128.9710,-0.010000,S001,S001_BREATH_PACED_20_04,1,BREATH_PACED_20,10.00,0.8610,,MR60BHA2_breath_phase,safenest-node-01
129.0710,-0.030000,S001,S001_BREATH_PACED_20_04,1,BREATH_PACED_20,11.00,0.8610,,MR60BHA2_breath_phase,safenest-node-01
129.1710,-0.040000,S001,S001_BREATH_PACED_20_04,1,BREATH_PACED_20,12.00,0.8610,,MR60BHA2_breath_phase,safenest-node-01
129.2710,-0.050000,S001,S001_BREATH_PACED_20_04,1,BREATH_PACED_20,13.00,0.8610,,MR60BHA2_breath_phase,safenest-node-01
129.3710,-0.050000,S001,S001_BREATH_PACED_20_04,1,BREATH_PACED_20,13.00,0.8610,,MR60BHA2_breath_phase,safenest-node-01
129.4710,-0.050000,S001,S001_BREATH_PACED_20_04,1,BREATH_PACED_20,13.00,0.8610,,MR60BHA2_breath_phase,safenest-node-01
129.5710,-0.060000,S001,S001_BREATH_PACED_20_04,1,BREATH_PACED_20,14.00,0.8610,,MR60BHA2_breath_phase,safenest-node-01
129.6710,-0.060000,S001,S001_BREATH_PACED_20_04,1,BREATH_PACED_20,15.00,0.8610,,MR60BHA2_breath_phase,safenest-node-01
129.7710,-0.060000,S001,S001_BREATH_PACED_20_04,1,BREATH_PACED_20,16.00,0.8610,,MR60BHA2_breath_phase,safenest-node-01
129.8730,-0.050000,S001,S001_BREATH_PACED_20_04,1,BREATH_PACED_20,16.00,0.8610,,MR60BHA2_breath_phase,safenest-node-01
129.9730,-0.050000,S001,S001_BREATH_PACED_20_04,1,BREATH_PACED_20,16.00,0.8610,,MR60BHA2_breath_phase,safenest-node-01
130.0730,-0.040000,S001,S001_BREATH_PACED_20_04,1,BREATH_PACED_20,15.00,0.8610,,MR60BHA2_breath_phase,safenest-node-01
130.1730,-0.030000,S001,S001_BREATH_PACED_20_04,1,BREATH_PACED_20,15.00,0.8610,,MR60BHA2_breath_phase,safenest-node-01
130.2730,-0.020000,S001,S001_BREATH_PACED_20_04,1,BREATH_PACED_20,14.00,0.8610,,MR60BHA2_breath_phase,safenest-node-01
130.3730,-0.010000,S001,S001_BREATH_PACED_20_04,1,BREATH_PACED_20,13.00,0.8610,,MR60BHA2_breath_phase,safenest-node-01
130.4730,0.000000,S001,S001_BREATH_PACED_20_04,1,BREATH_PACED_20,13.00,0.8610,,MR60BHA2_breath_phase,safenest-node-01
130.5730,0.020000,S001,S001_BREATH_PACED_20_04,1,BREATH_PACED_20,12.00,0.8610,,MR60BHA2_breath_phase,safenest-node-01
130.6730,0.030000,S001,S001_BREATH_PACED_20_04,1,BREATH_PACED_20,12.00,0.8610,,MR60BHA2_breath_phase,safenest-node-01
130.7730,0.040000,S001,S001_BREATH_PACED_20_04,1,BREATH_PACED_20,11.00,0.8610,,MR60BHA2_breath_phase,safenest-node-01
130.8730,0.050000,S001,S001_BREATH_PACED_20_04,1,BREATH_PACED_20,11.00,0.8610,,MR60BHA2_breath_phase,safenest-node-01
130.9730,0.050000,S001,S001_BREATH_PACED_20_04,1,BREATH_PACED_20,11.00,0.8610,,MR60BHA2_breath_phase,safenest-node-01
131.0730,0.050000,S001,S001_BREATH_PACED_20_04,1,BREATH_PACED_20,11.00,0.8610,,MR60BHA2_breath_phase,safenest-node-01
131.1730,0.050000,S001,S001_BREATH_PACED_20_04,1,BREATH_PACED_20,12.00,0.8610,,MR60BHA2_breath_phase,safenest-node-01
131.2730,0.050000,S001,S001_BREATH_PACED_20_04,1,BREATH_PACED_20,13.00,0.8610,,MR60BHA2_breath_phase,safenest-node-01
131.3730,0.050000,S001,S001_BREATH_PACED_20_04,1,BREATH_PACED_20,13.00,0.8610,,MR60BHA2_breath_phase,safenest-node-01
131.4730,0.050000,S001,S001_BREATH_PACED_20_04,1,BREATH_PACED_20,14.00,0.8610,,MR60BHA2_breath_phase,safenest-node-01
131.5740,0.040000,S001,S001_BREATH_PACED_20_04,1,BREATH_PACED_20,14.00,0.8610,,MR60BHA2_breath_phase,safenest-node-01
131.6740,0.030000,S001,S001_BREATH_PACED_20_04,1,BREATH_PACED_20,14.00,0.8610,,MR60BHA2_breath_phase,safenest-node-01
131.7740,0.030000,S001,S001_BREATH_PACED_20_04,1,BREATH_PACED_20,15.00,0.8610,,MR60BHA2_breath_phase,safenest-node-01
131.8740,0.020000,S001,S001_BREATH_PACED_20_04,1,BREATH_PACED_20,15.00,0.8610,,MR60BHA2_breath_phase,safenest-node-01
131.9740,0.010000,S001,S001_BREATH_PACED_20_04,1,BREATH_PACED_20,15.00,0.8610,,MR60BHA2_breath_phase,safenest-node-01
132.0740,0.000000,S001,S001_BREATH_PACED_20_04,1,BREATH_PACED_20,16.00,0.8610,,MR60BHA2_breath_phase,safenest-node-01
132.1770,-0.010000,S001,S001_BREATH_PACED_20_04,1,BREATH_PACED_20,16.00,0.8610,,MR60BHA2_breath_phase,safenest-node-01
132.2770,-0.010000,S001,S001_BREATH_PACED_20_04,1,BREATH_PACED_20,16.00,0.8610,,MR60BHA2_breath_phase,safenest-node-01
132.3770,-0.020000,S001,S001_BREATH_PACED_20_04,1,BREATH_PACED_20,17.00,0.8610,,MR60BHA2_breath_phase,safenest-node-01
132.4770,-0.030000,S001,S001_BREATH_PACED_20_04,1,BREATH_PACED_20,16.00,0.8610,,MR60BHA2_breath_phase,safenest-node-01
132.5770,-0.030000,S001,S001_BREATH_PACED_20_04,1,BREATH_PACED_20,15.00,0.8610,,MR60BHA2_breath_phase,safenest-node-01
132.6770,-0.030000,S001,S001_BREATH_PACED_20_04,1,BREATH_PACED_20,14.00,0.8610,,MR60BHA2_breath_phase,safenest-node-01
132.7800,-0.040000,S001,S001_BREATH_PACED_20_04,1,BREATH_PACED_20,13.00,0.8610,,MR60BHA2_breath_phase,safenest-node-01
132.8800,-0.040000,S001,S001_BREATH_PACED_20_04,1,BREATH_PACED_20,13.00,0.8610,,MR60BHA2_breath_phase,safenest-node-01
132.9800,-0.030000,S001,S001_BREATH_PACED_20_04,1,BREATH_PACED_20,13.00,0.8610,,MR60BHA2_breath_phase,safenest-node-01
133.0800,-0.030000,S001,S001_BREATH_PACED_20_04,1,BREATH_PACED_20,12.00,0.8610,,MR60BHA2_breath_phase,safenest-node-01
133.1800,-0.030000,S001,S001_BREATH_PACED_20_04,1,BREATH_PACED_20,12.00,0.8610,,MR60BHA2_breath_phase,safenest-node-01
133.2800,-0.020000,S001,S001_BREATH_PACED_20_04,1,BREATH_PACED_20,11.00,0.8610,,MR60BHA2_breath_phase,safenest-node-01
133.3800,-0.010000,S001,S001_BREATH_PACED_20_04,1,BREATH_PACED_20,11.00,0.8610,,MR60BHA2_breath_phase,safenest-node-01
133.4800,-0.010000,S001,S001_BREATH_PACED_20_04,1,BREATH_PACED_20,10.00,0.8610,,MR60BHA2_breath_phase,safenest-node-01
133.5800,0.000000,S001,S001_BREATH_PACED_20_04,1,BREATH_PACED_20,10.00,0.8610,,MR60BHA2_breath_phase,safenest-node-01
133.6800,0.000000,S001,S001_BREATH_PACED_20_04,1,BREATH_PACED_20,9.00,0.8610,,MR60BHA2_breath_phase,safenest-node-01
133.7800,0.010000,S001,S001_BREATH_PACED_20_04,1,BREATH_PACED_20,9.00,0.8610,,MR60BHA2_breath_phase,safenest-node-01
133.8800,0.010000,S001,S001_BREATH_PACED_20_04,1,BREATH_PACED_20,9.00,0.8610,,MR60BHA2_breath_phase,safenest-node-01
133.9800,0.010000,S001,S001_BREATH_PACED_20_04,1,BREATH_PACED_20,9.00,0.8610,,MR60BHA2_breath_phase,safenest-node-01
134.0800,0.000000,S001,S001_BREATH_PACED_20_04,1,BREATH_PACED_20,8.00,0.8610,,MR60BHA2_breath_phase,safenest-node-01
134.1800,-0.000000,S001,S001_BREATH_PACED_20_04,1,BREATH_PACED_20,8.00,0.8610,,MR60BHA2_breath_phase,safenest-node-01
134.2800,-0.000000,S001,S001_BREATH_PACED_20_04,1,BREATH_PACED_20,7.00,0.8610,,MR60BHA2_breath_phase,safenest-node-01
134.3800,-0.010000,S001,S001_BREATH_PACED_20_04,1,BREATH_PACED_20,7.00,0.8610,,MR60BHA2_breath_phase,safenest-node-01
134.4800,-0.010000,S001,S001_BREATH_PACED_20_04,1,BREATH_PACED_20,7.00,0.8610,,MR60BHA2_breath_phase,safenest-node-01
134.5800,-0.000000,S001,S001_BREATH_PACED_20_04,1,BREATH_PACED_20,7.00,0.8610,,MR60BHA2_breath_phase,safenest-node-01
134.6800,-0.000000,S001,S001_BREATH_PACED_20_04,1,BREATH_PACED_20,7.00,0.8610,,MR60BHA2_breath_phase,safenest-node-01
134.7800,0.000000,S001,S001_BREATH_PACED_20_04,1,BREATH_PACED_20,7.00,0.8610,,MR60BHA2_breath_phase,safenest-node-01
134.8800,0.010000,S001,S001_BREATH_PACED_20_04,1,BREATH_PACED_20,7.00,0.8610,,MR60BHA2_breath_phase,safenest-node-01
134.9800,0.010000,S001,S001_BREATH_PACED_20_04,1,BREATH_PACED_20,6.00,0.8610,,MR60BHA2_breath_phase,safenest-node-01
135.0800,0.010000,S001,S001_BREATH_PACED_20_04,1,BREATH_PACED_20,6.00,0.8610,,MR60BHA2_breath_phase,safenest-node-01
135.1800,0.010000,S001,S001_BREATH_PACED_20_04,1,BREATH_PACED_20,6.00,0.8610,,MR60BHA2_breath_phase,safenest-node-01
135.2800,0.010000,S001,S001_BREATH_PACED_20_04,1,BREATH_PACED_20,6.00,0.8610,,MR60BHA2_breath_phase,safenest-node-01
135.3800,0.010000,S001,S001_BREATH_PACED_20_04,1,BREATH_PACED_20,5.00,0.8610,,MR60BHA2_breath_phase,safenest-node-01
135.4800,0.010000,S001,S001_BREATH_PACED_20_04,1,BREATH_PACED_20,5.00,0.8610,,MR60BHA2_breath_phase,safenest-node-01
135.5800,0.000000,S001,S001_BREATH_PACED_20_04,1,BREATH_PACED_20,5.00,0.8610,,MR60BHA2_breath_phase,safenest-node-01
135.6800,-0.000000,S001,S001_BREATH_PACED_20_04,1,BREATH_PACED_20,5.00,0.8610,,MR60BHA2_breath_phase,safenest-node-01
135.7800,-0.000000,S001,S001_BREATH_PACED_20_04,1,BREATH_PACED_20,5.00,0.8610,,MR60BHA2_breath_phase,safenest-node-01
135.8800,-0.010000,S001,S001_BREATH_PACED_20_04,1,BREATH_PACED_20,4.00,0.8610,,MR60BHA2_breath_phase,safenest-node-01
135.9800,-0.010000,S001,S001_BREATH_PACED_20_04,1,BREATH_PACED_20,4.00,0.8610,,MR60BHA2_breath_phase,safenest-node-01
136.0800,-0.020000,S001,S001_BREATH_PACED_20_04,1,BREATH_PACED_20,4.00,0.8610,,MR60BHA2_breath_phase,safenest-node-01
136.1800,-0.030000,S001,S001_BREATH_PACED_20_04,1,BREATH_PACED_20,4.00,0.8610,,MR60BHA2_breath_phase,safenest-node-01
136.2800,-0.030000,S001,S001_BREATH_PACED_20_04,1,BREATH_PACED_20,4.00,0.8610,,MR60BHA2_breath_phase,safenest-node-01
136.3800,-0.030000,S001,S001_BREATH_PACED_20_04,1,BREATH_PACED_20,4.00,0.8610,,MR60BHA2_breath_phase,safenest-node-01
136.4810,-0.030000,S001,S001_BREATH_PACED_20_04,1,BREATH_PACED_20,3.00,0.8610,,MR60BHA2_breath_phase,safenest-node-01
136.5810,-0.030000,S001,S001_BREATH_PACED_20_04,1,BREATH_PACED_20,3.00,0.8610,,MR60BHA2_breath_phase,safenest-node-01
136.6810,-0.020000,S001,S001_BREATH_PACED_20_04,1,BREATH_PACED_20,3.00,0.8610,,MR60BHA2_breath_phase,safenest-node-01
136.7810,-0.020000,S001,S001_BREATH_PACED_20_04,1,BREATH_PACED_20,3.00,0.8610,,MR60BHA2_breath_phase,safenest-node-01
136.8810,-0.020000,S001,S001_BREATH_PACED_20_04,1,BREATH_PACED_20,3.00,0.8610,,MR60BHA2_breath_phase,safenest-node-01
136.9810,-0.010000,S001,S001_BREATH_PACED_20_04,1,BREATH_PACED_20,3.00,0.8610,,MR60BHA2_breath_phase,safenest-node-01
137.0810,-0.010000,S001,S001_BREATH_PACED_20_04,1,BREATH_PACED_20,3.00,0.8610,,MR60BHA2_breath_phase,safenest-node-01
137.1810,-0.010000,S001,S001_BREATH_PACED_20_04,1,BREATH_PACED_20,3.00,0.8610,,MR60BHA2_breath_phase,safenest-node-01
137.2810,-0.010000,S001,S001_BREATH_PACED_20_04,1,BREATH_PACED_20,2.00,0.8610,,MR60BHA2_breath_phase,safenest-node-01
137.3810,0.000000,S001,S001_BREATH_PACED_20_04,1,BREATH_PACED_20,2.00,0.8610,,MR60BHA2_breath_phase,safenest-node-01
137.4810,0.000000,S001,S001_BREATH_PACED_20_04,1,BREATH_PACED_20,2.00,0.8610,,MR60BHA2_breath_phase,safenest-node-01
137.5810,0.010000,S001,S001_BREATH_PACED_20_04,1,BREATH_PACED_20,2.00,0.8610,,MR60BHA2_breath_phase,safenest-node-01
137.6810,0.010000,S001,S001_BREATH_PACED_20_04,1,BREATH_PACED_20,2.00,0.8610,,MR60BHA2_breath_phase,safenest-node-01
137.7810,0.020000,S001,S001_BREATH_PACED_20_04,1,BREATH_PACED_20,2.00,0.8610,,MR60BHA2_breath_phase,safenest-node-01
137.8810,0.030000,S001,S001_BREATH_PACED_20_04,1,BREATH_PACED_20,2.00,0.8610,,MR60BHA2_breath_phase,safenest-node-01
137.9810,0.030000,S001,S001_BREATH_PACED_20_04,1,BREATH_PACED_20,2.00,0.8610,,MR60BHA2_breath_phase,safenest-node-01
138.0810,0.030000,S001,S001_BREATH_PACED_20_04,1,BREATH_PACED_20,2.00,0.8610,,MR60BHA2_breath_phase,safenest-node-01
138.1810,0.030000,S001,S001_BREATH_PACED_20_04,1,BREATH_PACED_20,2.00,0.8610,,MR60BHA2_breath_phase,safenest-node-01
138.2810,0.030000,S001,S001_BREATH_PACED_20_04,1,BREATH_PACED_20,2.00,0.8610,,MR60BHA2_breath_phase,safenest-node-01
138.3810,0.030000,S001,S001_BREATH_PACED_20_04,1,BREATH_PACED_20,2.00,0.8610,,MR60BHA2_breath_phase,safenest-node-01
138.4810,0.030000,S001,S001_BREATH_PACED_20_04,1,BREATH_PACED_20,1.00,0.8610,,MR60BHA2_breath_phase,safenest-node-01
138.5810,0.020000,S001,S001_BREATH_PACED_20_04,1,BREATH_PACED_20,1.00,0.8610,,MR60BHA2_breath_phase,safenest-node-01
138.6810,0.020000,S001,S001_BREATH_PACED_20_04,1,BREATH_PACED_20,1.00,0.8610,,MR60BHA2_breath_phase,safenest-node-01
138.7810,0.010000,S001,S001_BREATH_PACED_20_04,1,BREATH_PACED_20,1.00,0.8610,,MR60BHA2_breath_phase,safenest-node-01
138.8810,0.010000,S001,S001_BREATH_PACED_20_04,1,BREATH_PACED_20,1.00,0.8610,,MR60BHA2_breath_phase,safenest-node-01
138.9810,0.000000,S001,S001_BREATH_PACED_20_04,1,BREATH_PACED_20,1.00,0.8610,,MR60BHA2_breath_phase,safenest-node-01
139.0810,-0.000000,S001,S001_BREATH_PACED_20_04,1,BREATH_PACED_20,1.00,0.8610,,MR60BHA2_breath_phase,safenest-node-01
139.1810,-0.000000,S001,S001_BREATH_PACED_20_04,1,BREATH_PACED_20,1.00,0.8610,,MR60BHA2_breath_phase,safenest-node-01
139.2810,-0.010000,S001,S001_BREATH_PACED_20_04,1,BREATH_PACED_20,1.00,0.8610,,MR60BHA2_breath_phase,safenest-node-01
139.3810,-0.010000,S001,S001_BREATH_PACED_20_04,1,BREATH_PACED_20,1.00,0.8610,,MR60BHA2_breath_phase,safenest-node-01
139.4810,-0.010000,S001,S001_BREATH_PACED_20_04,1,BREATH_PACED_20,1.00,0.8610,,MR60BHA2_breath_phase,safenest-node-01
139.5810,-0.010000,S001,S001_BREATH_PACED_20_04,1,BREATH_PACED_20,1.00,0.8610,,MR60BHA2_breath_phase,safenest-node-01
139.6810,-0.010000,S001,S001_BREATH_PACED_20_04,1,BREATH_PACED_20,1.00,0.8610,,MR60BHA2_breath_phase,safenest-node-01
139.7810,-0.010000,S001,S001_BREATH_PACED_20_04,1,BREATH_PACED_20,1.00,0.8610,,MR60BHA2_breath_phase,safenest-node-01
139.8810,-0.010000,S001,S001_BREATH_PACED_20_04,1,BREATH_PACED_20,1.00,0.8610,,MR60BHA2_breath_phase,safenest-node-01
139.9810,-0.010000,S001,S001_BREATH_PACED_20_04,1,BREATH_PACED_20,1.00,0.8610,,MR60BHA2_breath_phase,safenest-node-01
140.0810,-0.010000,S001,S001_BREATH_PACED_20_04,1,BREATH_PACED_20,1.00,0.8610,,MR60BHA2_breath_phase,safenest-node-01
140.1810,-0.010000,S001,S001_BREATH_PACED_20_04,1,BREATH_PACED_20,1.00,0.8610,,MR60BHA2_breath_phase,safenest-node-01
140.2810,-0.010000,S001,S001_BREATH_PACED_20_04,1,BREATH_PACED_20,1.00,0.8610,,MR60BHA2_breath_phase,safenest-node-01
140.3810,-0.000000,S001,S001_BREATH_PACED_20_04,1,BREATH_PACED_20,1.00,0.8610,,MR60BHA2_breath_phase,safenest-node-01
140.4810,-0.000000,S001,S001_BREATH_PACED_20_04,1,BREATH_PACED_20,1.00,0.8610,,MR60BHA2_breath_phase,safenest-node-01
140.5810,0.000000,S001,S001_BREATH_PACED_20_04,1,BREATH_PACED_20,1.00,0.8610,,MR60BHA2_breath_phase,safenest-node-01
140.6810,0.000000,S001,S001_BREATH_PACED_20_04,1,BREATH_PACED_20,1.00,0.8610,,MR60BHA2_breath_phase,safenest-node-01
140.7830,0.000000,S001,S001_BREATH_PACED_20_04,1,BREATH_PACED_20,1.00,0.8610,,MR60BHA2_breath_phase,safenest-node-01
140.8830,0.000000,S001,S001_BREATH_PACED_20_04,1,BREATH_PACED_20,1.00,0.8610,,MR60BHA2_breath_phase,safenest-node-01
140.9830,-0.000000,S001,S001_BREATH_PACED_20_04,1,BREATH_PACED_20,1.00,0.8610,,MR60BHA2_breath_phase,safenest-node-01
141.0830,-0.000000,S001,S001_BREATH_PACED_20_04,1,BREATH_PACED_20,,0.8610,,MR60BHA2_breath_phase,safenest-node-01
141.1830,-0.010000,S001,S001_BREATH_PACED_20_04,1,BREATH_PACED_20,,0.8610,,MR60BHA2_breath_phase,safenest-node-01
141.2830,-0.010000,S001,S001_BREATH_PACED_20_04,1,BREATH_PACED_20,,0.8610,,MR60BHA2_breath_phase,safenest-node-01
141.3850,-0.010000,S001,S001_BREATH_PACED_20_04,1,BREATH_PACED_20,,0.8610,,MR60BHA2_breath_phase,safenest-node-01
141.4850,-0.010000,S001,S001_BREATH_PACED_20_04,1,BREATH_PACED_20,,0.8610,,MR60BHA2_breath_phase,safenest-node-01
141.5850,-0.010000,S001,S001_BREATH_PACED_20_04,1,BREATH_PACED_20,,0.8610,,MR60BHA2_breath_phase,safenest-node-01
141.6850,-0.010000,S001,S001_BREATH_PACED_20_04,1,BREATH_PACED_20,,0.8610,,MR60BHA2_breath_phase,safenest-node-01
141.7850,-0.000000,S001,S001_BREATH_PACED_20_04,1,BREATH_PACED_20,,0.8610,,MR60BHA2_breath_phase,safenest-node-01
141.8850,-0.000000,S001,S001_BREATH_PACED_20_04,1,BREATH_PACED_20,,0.8610,,MR60BHA2_breath_phase,safenest-node-01
141.9850,-0.000000,S001,S001_BREATH_PACED_20_04,1,BREATH_PACED_20,,0.8610,,MR60BHA2_breath_phase,safenest-node-01
142.0850,-0.010000,S001,S001_BREATH_PACED_20_04,1,BREATH_PACED_20,,0.8610,,MR60BHA2_breath_phase,safenest-node-01
142.1850,-0.010000,S001,S001_BREATH_PACED_20_04,1,BREATH_PACED_20,,0.8610,,MR60BHA2_breath_phase,safenest-node-01
142.2850,-0.010000,S001,S001_BREATH_PACED_20_04,1,BREATH_PACED_20,,0.8610,,MR60BHA2_breath_phase,safenest-node-01
142.3850,-0.010000,S001,S001_BREATH_PACED_20_04,1,BREATH_PACED_20,,0.8610,,MR60BHA2_breath_phase,safenest-node-01
142.4850,-0.000000,S001,S001_BREATH_PACED_20_04,1,BREATH_PACED_20,,0.8610,,MR60BHA2_breath_phase,safenest-node-01
142.5850,-0.000000,S001,S001_BREATH_PACED_20_04,1,BREATH_PACED_20,,0.8610,,MR60BHA2_breath_phase,safenest-node-01
142.6850,0.000000,S001,S001_BREATH_PACED_20_04,1,BREATH_PACED_20,,0.8610,,MR60BHA2_breath_phase,safenest-node-01
142.7850,0.010000,S001,S001_BREATH_PACED_20_04,1,BREATH_PACED_20,,0.8610,,MR60BHA2_breath_phase,safenest-node-01
142.8850,0.010000,S001,S001_BREATH_PACED_20_04,1,BREATH_PACED_20,,0.8610,,MR60BHA2_breath_phase,safenest-node-01
142.9850,0.010000,S001,S001_BREATH_PACED_20_04,1,BREATH_PACED_20,,0.8610,,MR60BHA2_breath_phase,safenest-node-01
143.0850,0.010000,S001,S001_BREATH_PACED_20_04,1,BREATH_PACED_20,,0.8610,,MR60BHA2_breath_phase,safenest-node-01
143.1850,0.010000,S001,S001_BREATH_PACED_20_04,1,BREATH_PACED_20,,0.8610,,MR60BHA2_breath_phase,safenest-node-01
143.2850,0.010000,S001,S001_BREATH_PACED_20_04,1,BREATH_PACED_20,,0.8610,,MR60BHA2_breath_phase,safenest-node-01
143.3850,0.010000,S001,S001_BREATH_PACED_20_04,1,BREATH_PACED_20,,0.8610,,MR60BHA2_breath_phase,safenest-node-01
143.4850,0.010000,S001,S001_BREATH_PACED_20_04,1,BREATH_PACED_20,,0.8610,,MR60BHA2_breath_phase,safenest-node-01
143.5850,0.010000,S001,S001_BREATH_PACED_20_04,1,BREATH_PACED_20,,0.8610,,MR60BHA2_breath_phase,safenest-node-01
143.6850,0.010000,S001,S001_BREATH_PACED_20_04,1,BREATH_PACED_20,,0.8610,,MR60BHA2_breath_phase,safenest-node-01
143.7850,0.010000,S001,S001_BREATH_PACED_20_04,1,BREATH_PACED_20,,0.8610,,MR60BHA2_breath_phase,safenest-node-01
143.8850,0.010000,S001,S001_BREATH_PACED_20_04,1,BREATH_PACED_20,,0.8610,,MR60BHA2_breath_phase,safenest-node-01
143.9850,0.010000,S001,S001_BREATH_PACED_20_04,1,BREATH_PACED_20,,0.8610,,MR60BHA2_breath_phase,safenest-node-01
144.0850,0.010000,S001,S001_BREATH_PACED_20_04,1,BREATH_PACED_20,,0.8610,,MR60BHA2_breath_phase,safenest-node-01
144.1850,-0.000000,S001,S001_BREATH_PACED_20_04,1,BREATH_PACED_20,,0.8610,,MR60BHA2_breath_phase,safenest-node-01
144.2880,-0.010000,S001,S001_BREATH_PACED_20_04,1,BREATH_PACED_20,,0.8610,,MR60BHA2_breath_phase,safenest-node-01
144.3880,-0.010000,S001,S001_BREATH_PACED_20_04,1,BREATH_PACED_20,,0.8610,,MR60BHA2_breath_phase,safenest-node-01
144.4880,-0.010000,S001,S001_BREATH_PACED_20_04,1,BREATH_PACED_20,,0.8610,,MR60BHA2_breath_phase,safenest-node-01
144.5880,-0.020000,S001,S001_BREATH_PACED_20_04,1,BREATH_PACED_20,,0.8610,,MR60BHA2_breath_phase,safenest-node-01
144.6880,-0.020000,S001,S001_BREATH_PACED_20_04,1,BREATH_PACED_20,,0.8610,,MR60BHA2_breath_phase,safenest-node-01
144.7880,-0.020000,S001,S001_BREATH_PACED_20_04,1,BREATH_PACED_20,,0.8610,,MR60BHA2_breath_phase,safenest-node-01
144.8900,-0.020000,S001,S001_BREATH_PACED_20_04,1,BREATH_PACED_20,,0.8610,,MR60BHA2_breath_phase,safenest-node-01
144.9900,-0.020000,S001,S001_BREATH_PACED_20_04,1,BREATH_PACED_20,,0.8610,,MR60BHA2_breath_phase,safenest-node-01
145.0900,-0.020000,S001,S001_BREATH_PACED_20_04,1,BREATH_PACED_20,,0.8610,,MR60BHA2_breath_phase,safenest-node-01
145.1900,-0.020000,S001,S001_BREATH_PACED_20_04,1,BREATH_PACED_20,,0.8610,,MR60BHA2_breath_phase,safenest-node-01
145.2900,-0.010000,S001,S001_BREATH_PACED_20_04,1,BREATH_PACED_20,,0.8610,,MR60BHA2_breath_phase,safenest-node-01
145.3900,-0.000000,S001,S001_BREATH_PACED_20_04,1,BREATH_PACED_20,,0.8610,,MR60BHA2_breath_phase,safenest-node-01
145.4900,0.000000,S001,S001_BREATH_PACED_20_04,1,BREATH_PACED_20,,0.8610,,MR60BHA2_breath_phase,safenest-node-01
145.5900,0.010000,S001,S001_BREATH_PACED_20_04,1,BREATH_PACED_20,,0.8610,,MR60BHA2_breath_phase,safenest-node-01
145.6900,0.020000,S001,S001_BREATH_PACED_20_04,1,BREATH_PACED_20,,0.8610,,MR60BHA2_breath_phase,safenest-node-01
145.7900,0.020000,S001,S001_BREATH_PACED_20_04,1,BREATH_PACED_20,,0.8610,,MR60BHA2_breath_phase,safenest-node-01
145.8900,0.020000,S001,S001_BREATH_PACED_20_04,1,BREATH_PACED_20,,0.8610,,MR60BHA2_breath_phase,safenest-node-01
145.9900,0.020000,S001,S001_BREATH_PACED_20_04,1,BREATH_PACED_20,,0.8610,,MR60BHA2_breath_phase,safenest-node-01
146.0900,0.020000,S001,S001_BREATH_PACED_20_04,1,BREATH_PACED_20,,0.8610,,MR60BHA2_breath_phase,safenest-node-01
146.1900,0.020000,S001,S001_BREATH_PACED_20_04,1,BREATH_PACED_20,,0.8610,,MR60BHA2_breath_phase,safenest-node-01
146.2900,0.010000,S001,S001_BREATH_PACED_20_04,1,BREATH_PACED_20,,0.8610,,MR60BHA2_breath_phase,safenest-node-01
146.3900,0.010000,S001,S001_BREATH_PACED_20_04,1,BREATH_PACED_20,,0.8610,,MR60BHA2_breath_phase,safenest-node-01
146.4900,-0.000000,S001,S001_BREATH_PACED_20_04,1,BREATH_PACED_20,,0.8610,,MR60BHA2_breath_phase,safenest-node-01
146.5900,-0.010000,S001,S001_BREATH_PACED_20_04,1,BREATH_PACED_20,,0.8610,,MR60BHA2_breath_phase,safenest-node-01
146.6910,-0.010000,S001,S001_BREATH_PACED_20_04,1,BREATH_PACED_20,,0.8610,,MR60BHA2_breath_phase,safenest-node-01
146.7910,-0.020000,S001,S001_BREATH_PACED_20_04,1,BREATH_PACED_20,,0.8610,,MR60BHA2_breath_phase,safenest-node-01
146.8910,-0.020000,S001,S001_BREATH_PACED_20_04,1,BREATH_PACED_20,,0.8610,,MR60BHA2_breath_phase,safenest-node-01
146.9910,-0.020000,S001,S001_BREATH_PACED_20_04,1,BREATH_PACED_20,,0.8610,,MR60BHA2_breath_phase,safenest-node-01
147.0910,-0.020000,S001,S001_BREATH_PACED_20_04,1,BREATH_PACED_20,,0.8610,,MR60BHA2_breath_phase,safenest-node-01
147.1910,-0.020000,S001,S001_BREATH_PACED_20_04,1,BREATH_PACED_20,,0.8610,,MR60BHA2_breath_phase,safenest-node-01
147.2910,-0.020000,S001,S001_BREATH_PACED_20_04,1,BREATH_PACED_20,,0.8610,,MR60BHA2_breath_phase,safenest-node-01
147.3910,-0.020000,S001,S001_BREATH_PACED_20_04,1,BREATH_PACED_20,,0.8610,,MR60BHA2_breath_phase,safenest-node-01
147.4910,-0.010000,S001,S001_BREATH_PACED_20_04,1,BREATH_PACED_20,,0.8610,,MR60BHA2_breath_phase,safenest-node-01
147.5910,-0.010000,S001,S001_BREATH_PACED_20_04,1,BREATH_PACED_20,,0.8610,,MR60BHA2_breath_phase,safenest-node-01
147.6910,-0.010000,S001,S001_BREATH_PACED_20_04,1,BREATH_PACED_20,,0.8610,,MR60BHA2_breath_phase,safenest-node-01
147.7910,-0.000000,S001,S001_BREATH_PACED_20_04,1,BREATH_PACED_20,,0.8610,,MR60BHA2_breath_phase,safenest-node-01
147.8910,-0.000000,S001,S001_BREATH_PACED_20_04,1,BREATH_PACED_20,,0.8610,,MR60BHA2_breath_phase,safenest-node-01
147.9910,0.000000,S001,S001_BREATH_PACED_20_04,1,BREATH_PACED_20,,0.8610,,MR60BHA2_breath_phase,safenest-node-01
148.0910,0.000000,S001,S001_BREATH_PACED_20_04,1,BREATH_PACED_20,,0.8610,,MR60BHA2_breath_phase,safenest-node-01
148.1910,0.010000,S001,S001_BREATH_PACED_20_04,1,BREATH_PACED_20,,0.8610,,MR60BHA2_breath_phase,safenest-node-01
148.2910,0.020000,S001,S001_BREATH_PACED_20_04,1,BREATH_PACED_20,,0.8610,,MR60BHA2_breath_phase,safenest-node-01
148.3910,0.020000,S001,S001_BREATH_PACED_20_04,1,BREATH_PACED_20,,0.8610,,MR60BHA2_breath_phase,safenest-node-01
148.4910,0.030000,S001,S001_BREATH_PACED_20_04,1,BREATH_PACED_20,,0.8610,,MR60BHA2_breath_phase,safenest-node-01
148.5910,0.030000,S001,S001_BREATH_PACED_20_04,1,BREATH_PACED_20,,0.8610,,MR60BHA2_breath_phase,safenest-node-01
148.6910,0.030000,S001,S001_BREATH_PACED_20_04,1,BREATH_PACED_20,,0.8610,,MR60BHA2_breath_phase,safenest-node-01
148.7910,0.030000,S001,S001_BREATH_PACED_20_04,1,BREATH_PACED_20,,0.8610,,MR60BHA2_breath_phase,safenest-node-01
148.8910,0.030000,S001,S001_BREATH_PACED_20_04,1,BREATH_PACED_20,,0.8610,,MR60BHA2_breath_phase,safenest-node-01
148.9920,0.030000,S001,S001_BREATH_PACED_20_04,1,BREATH_PACED_20,,0.8610,,MR60BHA2_breath_phase,safenest-node-01
149.0920,0.020000,S001,S001_BREATH_PACED_20_04,1,BREATH_PACED_20,,0.8610,,MR60BHA2_breath_phase,safenest-node-01
149.1920,0.020000,S001,S001_BREATH_PACED_20_04,1,BREATH_PACED_20,,0.8610,,MR60BHA2_breath_phase,safenest-node-01
149.2920,0.020000,S001,S001_BREATH_PACED_20_04,1,BREATH_PACED_20,,0.8610,,MR60BHA2_breath_phase,safenest-node-01
149.3920,0.010000,S001,S001_BREATH_PACED_20_04,1,BREATH_PACED_20,,0.8610,,MR60BHA2_breath_phase,safenest-node-01
149.4920,0.000000,S001,S001_BREATH_PACED_20_04,1,BREATH_PACED_20,,0.8610,,MR60BHA2_breath_phase,safenest-node-01
149.5920,0.000000,S001,S001_BREATH_PACED_20_04,1,BREATH_PACED_20,,0.8610,,MR60BHA2_breath_phase,safenest-node-01
149.6920,-0.010000,S001,S001_BREATH_PACED_20_04,1,BREATH_PACED_20,,0.8610,,MR60BHA2_breath_phase,safenest-node-01
149.7920,-0.020000,S001,S001_BREATH_PACED_20_04,1,BREATH_PACED_20,,0.8610,,MR60BHA2_breath_phase,safenest-node-01
149.8920,-0.020000,S001,S001_BREATH_PACED_20_04,1,BREATH_PACED_20,,0.8610,,MR60BHA2_breath_phase,safenest-node-01
149.9920,-0.030000,S001,S001_BREATH_PACED_20_04,1,BREATH_PACED_20,,0.8610,,MR60BHA2_breath_phase,safenest-node-01
150.0920,-0.040000,S001,S001_BREATH_PACED_20_04,1,BREATH_PACED_20,,0.8610,,MR60BHA2_breath_phase,safenest-node-01
150.1930,-0.040000,S001,S001_BREATH_PACED_20_04,1,BREATH_PACED_20,,0.8610,,MR60BHA2_breath_phase,safenest-node-01
150.2930,-0.040000,S001,S001_BREATH_PACED_20_04,1,BREATH_PACED_20,,0.8610,,MR60BHA2_breath_phase,safenest-node-01
150.3930,-0.040000,S001,S001_BREATH_PACED_20_04,1,BREATH_PACED_20,,0.8610,,MR60BHA2_breath_phase,safenest-node-01
150.4930,-0.050000,S001,S001_BREATH_PACED_20_04,1,BREATH_PACED_20,,0.8610,,MR60BHA2_breath_phase,safenest-node-01
150.5930,-0.050000,S001,S001_BREATH_PACED_20_04,1,BREATH_PACED_20,,0.8610,,MR60BHA2_breath_phase,safenest-node-01
150.6930,-0.040000,S001,S001_BREATH_PACED_20_04,1,BREATH_PACED_20,,0.8610,,MR60BHA2_breath_phase,safenest-node-01
150.7930,-0.040000,S001,S001_BREATH_PACED_20_04,1,BREATH_PACED_20,,0.8610,,MR60BHA2_breath_phase,safenest-node-01
150.8930,-0.040000,S001,S001_BREATH_PACED_20_04,1,BREATH_PACED_20,,0.8610,,MR60BHA2_breath_phase,safenest-node-01
150.9930,-0.030000,S001,S001_BREATH_PACED_20_04,1,BREATH_PACED_20,,0.8610,,MR60BHA2_breath_phase,safenest-node-01
151.0930,-0.030000,S001,S001_BREATH_PACED_20_04,1,BREATH_PACED_20,,0.8610,,MR60BHA2_breath_phase,safenest-node-01
151.1930,-0.020000,S001,S001_BREATH_PACED_20_04,1,BREATH_PACED_20,,0.8610,,MR60BHA2_breath_phase,safenest-node-01
151.2930,-0.000000,S001,S001_BREATH_PACED_20_04,1,BREATH_PACED_20,,0.8610,,MR60BHA2_breath_phase,safenest-node-01
151.3930,0.000000,S001,S001_BREATH_PACED_20_04,1,BREATH_PACED_20,,0.8610,,MR60BHA2_breath_phase,safenest-node-01
151.4930,0.020000,S001,S001_BREATH_PACED_20_04,1,BREATH_PACED_20,,0.8610,,MR60BHA2_breath_phase,safenest-node-01
151.5930,0.020000,S001,S001_BREATH_PACED_20_04,1,BREATH_PACED_20,,0.8610,,MR60BHA2_breath_phase,safenest-node-01
151.6930,0.040000,S001,S001_BREATH_PACED_20_04,1,BREATH_PACED_20,,0.8610,,MR60BHA2_breath_phase,safenest-node-01
151.7930,0.050000,S001,S001_BREATH_PACED_20_04,1,BREATH_PACED_20,,0.8610,,MR60BHA2_breath_phase,safenest-node-01
151.8930,0.060000,S001,S001_BREATH_PACED_20_04,1,BREATH_PACED_20,,0.8610,,MR60BHA2_breath_phase,safenest-node-01
151.9930,0.070000,S001,S001_BREATH_PACED_20_04,1,BREATH_PACED_20,,0.8610,,MR60BHA2_breath_phase,safenest-node-01
152.0930,0.070000,S001,S001_BREATH_PACED_20_04,1,BREATH_PACED_20,,0.8610,,MR60BHA2_breath_phase,safenest-node-01
152.1930,0.070000,S001,S001_BREATH_PACED_20_04,1,BREATH_PACED_20,,0.8610,,MR60BHA2_breath_phase,safenest-node-01
152.2930,0.060000,S001,S001_BREATH_PACED_20_04,1,BREATH_PACED_20,,0.8610,,MR60BHA2_breath_phase,safenest-node-01
152.3930,0.040000,S001,S001_BREATH_PACED_20_04,1,BREATH_PACED_20,,0.8610,,MR60BHA2_breath_phase,safenest-node-01
152.4930,0.020000,S001,S001_BREATH_PACED_20_04,1,BREATH_PACED_20,,0.8610,,MR60BHA2_breath_phase,safenest-node-01
152.5930,0.000000,S001,S001_BREATH_PACED_20_04,1,BREATH_PACED_20,,0.8610,,MR60BHA2_breath_phase,safenest-node-01
152.6930,-0.040000,S001,S001_BREATH_PACED_20_04,1,BREATH_PACED_20,,0.8610,,MR60BHA2_breath_phase,safenest-node-01
152.7930,-0.060000,S001,S001_BREATH_PACED_20_04,1,BREATH_PACED_20,,0.8610,,MR60BHA2_breath_phase,safenest-node-01
152.8930,-0.100000,S001,S001_BREATH_PACED_20_04,1,BREATH_PACED_20,,0.8610,,MR60BHA2_breath_phase,safenest-node-01
152.9930,-0.130000,S001,S001_BREATH_PACED_20_04,1,BREATH_PACED_20,,0.8610,,MR60BHA2_breath_phase,safenest-node-01
153.0930,-0.150000,S001,S001_BREATH_PACED_20_04,1,BREATH_PACED_20,,0.8610,,MR60BHA2_breath_phase,safenest-node-01
153.1930,-0.170000,S001,S001_BREATH_PACED_20_04,1,BREATH_PACED_20,,0.8610,,MR60BHA2_breath_phase,safenest-node-01
153.2930,-0.170000,S001,S001_BREATH_PACED_20_04,1,BREATH_PACED_20,,0.8610,,MR60BHA2_breath_phase,safenest-node-01
153.3930,-0.170000,S001,S001_BREATH_PACED_20_04,1,BREATH_PACED_20,,0.8610,,MR60BHA2_breath_phase,safenest-node-01
153.4930,-0.150000,S001,S001_BREATH_PACED_20_04,1,BREATH_PACED_20,1.00,0.8610,,MR60BHA2_breath_phase,safenest-node-01
153.5930,-0.110000,S001,S001_BREATH_PACED_20_04,1,BREATH_PACED_20,1.00,0.8610,,MR60BHA2_breath_phase,safenest-node-01
153.6930,-0.090000,S001,S001_BREATH_PACED_20_04,1,BREATH_PACED_20,1.00,0.8610,,MR60BHA2_breath_phase,safenest-node-01
153.7930,-0.040000,S001,S001_BREATH_PACED_20_04,1,BREATH_PACED_20,1.00,0.8610,,MR60BHA2_breath_phase,safenest-node-01
153.8940,0.020000,S001,S001_BREATH_PACED_20_04,1,BREATH_PACED_20,1.00,0.8610,,MR60BHA2_breath_phase,safenest-node-01
153.9940,0.050000,S001,S001_BREATH_PACED_20_04,1,BREATH_PACED_20,1.00,0.8610,,MR60BHA2_breath_phase,safenest-node-01
154.0940,0.110000,S001,S001_BREATH_PACED_20_04,1,BREATH_PACED_20,1.00,0.8610,,MR60BHA2_breath_phase,safenest-node-01
154.1940,0.160000,S001,S001_BREATH_PACED_20_04,1,BREATH_PACED_20,1.00,0.8610,,MR60BHA2_breath_phase,safenest-node-01
154.2940,0.190000,S001,S001_BREATH_PACED_20_04,1,BREATH_PACED_20,1.00,0.8610,,MR60BHA2_breath_phase,safenest-node-01
154.3940,0.230000,S001,S001_BREATH_PACED_20_04,1,BREATH_PACED_20,2.00,0.8610,,MR60BHA2_breath_phase,safenest-node-01
154.4940,0.250000,S001,S001_BREATH_PACED_20_04,1,BREATH_PACED_20,3.00,0.8610,,MR60BHA2_breath_phase,safenest-node-01
154.5940,0.270000,S001,S001_BREATH_PACED_20_04,1,BREATH_PACED_20,4.00,0.8610,,MR60BHA2_breath_phase,safenest-node-01
154.6940,0.280000,S001,S001_BREATH_PACED_20_04,1,BREATH_PACED_20,5.00,0.8610,,MR60BHA2_breath_phase,safenest-node-01
154.7940,0.270000,S001,S001_BREATH_PACED_20_04,1,BREATH_PACED_20,6.00,0.8610,,MR60BHA2_breath_phase,safenest-node-01
154.8940,0.260000,S001,S001_BREATH_PACED_20_04,1,BREATH_PACED_20,6.00,0.8610,,MR60BHA2_breath_phase,safenest-node-01
154.9940,0.240000,S001,S001_BREATH_PACED_20_04,1,BREATH_PACED_20,7.00,0.8610,,MR60BHA2_breath_phase,safenest-node-01
155.0940,0.230000,S001,S001_BREATH_PACED_20_04,1,BREATH_PACED_20,8.00,0.8610,,MR60BHA2_breath_phase,safenest-node-01
155.1940,0.190000,S001,S001_BREATH_PACED_20_04,1,BREATH_PACED_20,9.00,0.8610,,MR60BHA2_breath_phase,safenest-node-01
155.2940,0.150000,S001,S001_BREATH_PACED_20_04,1,BREATH_PACED_20,9.00,0.8610,,MR60BHA2_breath_phase,safenest-node-01
155.3940,0.110000,S001,S001_BREATH_PACED_20_04,1,BREATH_PACED_20,10.00,0.8610,,MR60BHA2_breath_phase,safenest-node-01
155.4940,0.080000,S001,S001_BREATH_PACED_20_04,1,BREATH_PACED_20,10.00,0.8610,,MR60BHA2_breath_phase,safenest-node-01
155.5940,0.030000,S001,S001_BREATH_PACED_20_04,1,BREATH_PACED_20,11.00,0.8610,,MR60BHA2_breath_phase,safenest-node-01
155.6940,0.010000,S001,S001_BREATH_PACED_20_04,1,BREATH_PACED_20,11.00,0.8610,,MR60BHA2_breath_phase,safenest-node-01
155.7940,-0.050000,S001,S001_BREATH_PACED_20_04,1,BREATH_PACED_20,12.00,0.8610,,MR60BHA2_breath_phase,safenest-node-01
155.8940,-0.100000,S001,S001_BREATH_PACED_20_04,1,BREATH_PACED_20,13.00,0.8610,,MR60BHA2_breath_phase,safenest-node-01
155.9940,-0.140000,S001,S001_BREATH_PACED_20_04,1,BREATH_PACED_20,13.00,0.8610,,MR60BHA2_breath_phase,safenest-node-01
156.0940,-0.160000,S001,S001_BREATH_PACED_20_04,1,BREATH_PACED_20,13.00,0.8610,,MR60BHA2_breath_phase,safenest-node-01
156.1940,-0.190000,S001,S001_BREATH_PACED_20_04,1,BREATH_PACED_20,14.00,0.8610,,MR60BHA2_breath_phase,safenest-node-01
156.2940,-0.200000,S001,S001_BREATH_PACED_20_04,1,BREATH_PACED_20,15.00,0.8610,,MR60BHA2_breath_phase,safenest-node-01
156.3940,-0.220000,S001,S001_BREATH_PACED_20_04,1,BREATH_PACED_20,15.00,0.8610,,MR60BHA2_breath_phase,safenest-node-01
156.4940,-0.210000,S001,S001_BREATH_PACED_20_04,1,BREATH_PACED_20,16.00,0.8610,,MR60BHA2_breath_phase,safenest-node-01
156.5940,-0.210000,S001,S001_BREATH_PACED_20_04,1,BREATH_PACED_20,16.00,0.8610,,MR60BHA2_breath_phase,safenest-node-01
156.6940,-0.190000,S001,S001_BREATH_PACED_20_04,1,BREATH_PACED_20,16.00,0.8610,,MR60BHA2_breath_phase,safenest-node-01
156.7940,-0.160000,S001,S001_BREATH_PACED_20_04,1,BREATH_PACED_20,17.00,0.8610,,MR60BHA2_breath_phase,safenest-node-01
156.8940,-0.140000,S001,S001_BREATH_PACED_20_04,1,BREATH_PACED_20,17.00,0.8610,,MR60BHA2_breath_phase,safenest-node-01
156.9940,-0.110000,S001,S001_BREATH_PACED_20_04,1,BREATH_PACED_20,17.00,0.8610,,MR60BHA2_breath_phase,safenest-node-01
157.0940,-0.080000,S001,S001_BREATH_PACED_20_04,1,BREATH_PACED_20,18.00,0.8610,,MR60BHA2_breath_phase,safenest-node-01
157.1940,-0.060000,S001,S001_BREATH_PACED_20_04,1,BREATH_PACED_20,18.00,0.8610,,MR60BHA2_breath_phase,safenest-node-01
157.2940,-0.030000,S001,S001_BREATH_PACED_20_04,1,BREATH_PACED_20,18.00,0.8610,,MR60BHA2_breath_phase,safenest-node-01
157.3950,-0.000000,S001,S001_BREATH_PACED_20_04,1,BREATH_PACED_20,18.00,0.8610,,MR60BHA2_breath_phase,safenest-node-01
157.4950,0.010000,S001,S001_BREATH_PACED_20_04,1,BREATH_PACED_20,19.00,0.8610,,MR60BHA2_breath_phase,safenest-node-01
157.5950,0.030000,S001,S001_BREATH_PACED_20_04,1,BREATH_PACED_20,19.00,0.8610,,MR60BHA2_breath_phase,safenest-node-01
157.6950,0.040000,S001,S001_BREATH_PACED_20_04,1,BREATH_PACED_20,19.00,0.8610,,MR60BHA2_breath_phase,safenest-node-01
157.7950,0.040000,S001,S001_BREATH_PACED_20_04,1,BREATH_PACED_20,19.00,0.8610,,MR60BHA2_breath_phase,safenest-node-01
157.8950,0.050000,S001,S001_BREATH_PACED_20_04,1,BREATH_PACED_20,19.00,0.8610,,MR60BHA2_breath_phase,safenest-node-01
157.9950,0.050000,S001,S001_BREATH_PACED_20_04,1,BREATH_PACED_20,19.00,0.8610,,MR60BHA2_breath_phase,safenest-node-01
158.0950,0.040000,S001,S001_BREATH_PACED_20_04,1,BREATH_PACED_20,20.00,0.8610,,MR60BHA2_breath_phase,safenest-node-01
158.1950,0.030000,S001,S001_BREATH_PACED_20_04,1,BREATH_PACED_20,20.00,0.8610,,MR60BHA2_breath_phase,safenest-node-01
158.2950,0.010000,S001,S001_BREATH_PACED_20_04,1,BREATH_PACED_20,20.00,0.8610,,MR60BHA2_breath_phase,safenest-node-01
158.3950,-0.010000,S001,S001_BREATH_PACED_20_04,1,BREATH_PACED_20,20.00,0.8610,,MR60BHA2_breath_phase,safenest-node-01
158.4950,-0.040000,S001,S001_BREATH_PACED_20_04,1,BREATH_PACED_20,20.00,0.8610,,MR60BHA2_breath_phase,safenest-node-01
158.5950,-0.060000,S001,S001_BREATH_PACED_20_04,1,BREATH_PACED_20,20.00,0.8610,,MR60BHA2_breath_phase,safenest-node-01
158.6950,-0.110000,S001,S001_BREATH_PACED_20_04,1,BREATH_PACED_20,21.00,0.8610,,MR60BHA2_breath_phase,safenest-node-01
158.7950,-0.150000,S001,S001_BREATH_PACED_20_04,1,BREATH_PACED_20,21.00,0.8610,,MR60BHA2_breath_phase,safenest-node-01
158.8950,-0.180000,S001,S001_BREATH_PACED_20_04,1,BREATH_PACED_20,21.00,0.8610,,MR60BHA2_breath_phase,safenest-node-01
158.9950,-0.200000,S001,S001_BREATH_PACED_20_04,1,BREATH_PACED_20,21.00,0.8610,,MR60BHA2_breath_phase,safenest-node-01
159.0950,-0.210000,S001,S001_BREATH_PACED_20_04,1,BREATH_PACED_20,21.00,0.8610,,MR60BHA2_breath_phase,safenest-node-01
159.1950,-0.210000,S001,S001_BREATH_PACED_20_04,1,BREATH_PACED_20,21.00,0.8610,,MR60BHA2_breath_phase,safenest-node-01
159.2950,-0.200000,S001,S001_BREATH_PACED_20_04,1,BREATH_PACED_20,21.00,0.8610,,MR60BHA2_breath_phase,safenest-node-01
159.3950,-0.170000,S001,S001_BREATH_PACED_20_04,1,BREATH_PACED_20,21.00,0.8610,,MR60BHA2_breath_phase,safenest-node-01
159.4960,-0.150000,S001,S001_BREATH_PACED_20_04,1,BREATH_PACED_20,21.00,0.8610,,MR60BHA2_breath_phase,safenest-node-01
159.5960,-0.100000,S001,S001_BREATH_PACED_20_04,1,BREATH_PACED_20,21.00,0.8610,,MR60BHA2_breath_phase,safenest-node-01
159.6960,-0.030000,S001,S001_BREATH_PACED_20_04,1,BREATH_PACED_20,22.00,0.8610,,MR60BHA2_breath_phase,safenest-node-01
159.7960,-0.000000,S001,S001_BREATH_PACED_20_04,1,BREATH_PACED_20,22.00,0.8610,,MR60BHA2_breath_phase,safenest-node-01
159.8960,0.060000,S001,S001_BREATH_PACED_20_04,1,BREATH_PACED_20,22.00,0.8610,,MR60BHA2_breath_phase,safenest-node-01
159.9960,0.130000,S001,S001_BREATH_PACED_20_04,1,BREATH_PACED_20,22.00,0.8610,,MR60BHA2_breath_phase,safenest-node-01
160.0970,0.150000,S001,S001_BREATH_PACED_20_04,1,BREATH_PACED_20,22.00,0.8610,,MR60BHA2_breath_phase,safenest-node-01
160.1970,0.200000,S001,S001_BREATH_PACED_20_04,1,BREATH_PACED_20,22.00,0.8610,,MR60BHA2_breath_phase,safenest-node-01
160.2970,0.220000,S001,S001_BREATH_PACED_20_04,1,BREATH_PACED_20,22.00,0.8610,,MR60BHA2_breath_phase,safenest-node-01
160.3970,0.250000,S001,S001_BREATH_PACED_20_04,1,BREATH_PACED_20,22.00,0.8610,,MR60BHA2_breath_phase,safenest-node-01
160.4970,0.260000,S001,S001_BREATH_PACED_20_04,1,BREATH_PACED_20,22.00,0.8610,,MR60BHA2_breath_phase,safenest-node-01
160.5970,0.260000,S001,S001_BREATH_PACED_20_04,1,BREATH_PACED_20,22.00,0.8610,,MR60BHA2_breath_phase,safenest-node-01
160.6970,0.250000,S001,S001_BREATH_PACED_20_04,1,BREATH_PACED_20,22.00,0.8610,,MR60BHA2_breath_phase,safenest-node-01
160.7970,0.220000,S001,S001_BREATH_PACED_20_04,1,BREATH_PACED_20,22.00,0.8610,,MR60BHA2_breath_phase,safenest-node-01
160.8970,0.210000,S001,S001_BREATH_PACED_20_04,1,BREATH_PACED_20,22.00,0.8610,,MR60BHA2_breath_phase,safenest-node-01
160.9970,0.180000,S001,S001_BREATH_PACED_20_04,1,BREATH_PACED_20,22.00,0.8610,,MR60BHA2_breath_phase,safenest-node-01
161.0970,0.150000,S001,S001_BREATH_PACED_20_04,1,BREATH_PACED_20,22.00,0.8610,,MR60BHA2_breath_phase,safenest-node-01
161.1980,0.120000,S001,S001_BREATH_PACED_20_04,1,BREATH_PACED_20,22.00,0.8610,,MR60BHA2_breath_phase,safenest-node-01
161.2980,0.110000,S001,S001_BREATH_PACED_20_04,1,BREATH_PACED_20,22.00,0.8610,,MR60BHA2_breath_phase,safenest-node-01
161.3980,0.090000,S001,S001_BREATH_PACED_20_04,1,BREATH_PACED_20,22.00,0.8610,,MR60BHA2_breath_phase,safenest-node-01
161.4980,0.090000,S001,S001_BREATH_PACED_20_04,1,BREATH_PACED_20,23.00,0.8610,,MR60BHA2_breath_phase,safenest-node-01
161.5980,0.070000,S001,S001_BREATH_PACED_20_04,1,BREATH_PACED_20,23.00,0.8610,,MR60BHA2_breath_phase,safenest-node-01
161.6980,0.050000,S001,S001_BREATH_PACED_20_04,1,BREATH_PACED_20,23.00,0.8610,,MR60BHA2_breath_phase,safenest-node-01
161.7980,0.040000,S001,S001_BREATH_PACED_20_04,1,BREATH_PACED_20,23.00,0.8610,,MR60BHA2_breath_phase,safenest-node-01
161.8980,0.010000,S001,S001_BREATH_PACED_20_04,1,BREATH_PACED_20,23.00,0.8610,,MR60BHA2_breath_phase,safenest-node-01
161.9980,-0.020000,S001,S001_BREATH_PACED_20_04,1,BREATH_PACED_20,23.00,0.8610,,MR60BHA2_breath_phase,safenest-node-01
162.0980,-0.040000,S001,S001_BREATH_PACED_20_04,1,BREATH_PACED_20,23.00,0.8610,,MR60BHA2_breath_phase,safenest-node-01
162.1980,-0.070000,S001,S001_BREATH_PACED_20_04,1,BREATH_PACED_20,23.00,0.8610,,MR60BHA2_breath_phase,safenest-node-01
162.2980,-0.100000,S001,S001_BREATH_PACED_20_04,1,BREATH_PACED_20,23.00,0.8610,,MR60BHA2_breath_phase,safenest-node-01
162.3980,-0.120000,S001,S001_BREATH_PACED_20_04,1,BREATH_PACED_20,23.00,0.8610,,MR60BHA2_breath_phase,safenest-node-01
162.4980,-0.130000,S001,S001_BREATH_PACED_20_04,1,BREATH_PACED_20,23.00,0.8610,,MR60BHA2_breath_phase,safenest-node-01
162.5980,-0.140000,S001,S001_BREATH_PACED_20_04,1,BREATH_PACED_20,23.00,0.8610,,MR60BHA2_breath_phase,safenest-node-01
162.6980,-0.140000,S001,S001_BREATH_PACED_20_04,1,BREATH_PACED_20,23.00,0.8610,,MR60BHA2_breath_phase,safenest-node-01
162.7980,-0.140000,S001,S001_BREATH_PACED_20_04,1,BREATH_PACED_20,23.00,0.8610,,MR60BHA2_breath_phase,safenest-node-01
162.8980,-0.130000,S001,S001_BREATH_PACED_20_04,1,BREATH_PACED_20,23.00,0.8610,,MR60BHA2_breath_phase,safenest-node-01
162.9980,-0.120000,S001,S001_BREATH_PACED_20_04,1,BREATH_PACED_20,23.00,0.8610,,MR60BHA2_breath_phase,safenest-node-01
163.0980,-0.100000,S001,S001_BREATH_PACED_20_04,1,BREATH_PACED_20,23.00,0.8610,,MR60BHA2_breath_phase,safenest-node-01
163.1980,-0.080000,S001,S001_BREATH_PACED_20_04,1,BREATH_PACED_20,23.00,0.8610,,MR60BHA2_breath_phase,safenest-node-01
163.2980,-0.070000,S001,S001_BREATH_PACED_20_04,1,BREATH_PACED_20,23.00,0.8610,,MR60BHA2_breath_phase,safenest-node-01
163.3980,-0.050000,S001,S001_BREATH_PACED_20_04,1,BREATH_PACED_20,23.00,0.8610,,MR60BHA2_breath_phase,safenest-node-01
163.4980,-0.030000,S001,S001_BREATH_PACED_20_04,1,BREATH_PACED_20,23.00,0.8610,,MR60BHA2_breath_phase,safenest-node-01
163.5980,-0.020000,S001,S001_BREATH_PACED_20_04,1,BREATH_PACED_20,23.00,0.8610,,MR60BHA2_breath_phase,safenest-node-01
163.6980,-0.010000,S001,S001_BREATH_PACED_20_04,1,BREATH_PACED_20,23.00,0.8610,,MR60BHA2_breath_phase,safenest-node-01
163.7980,-0.000000,S001,S001_BREATH_PACED_20_04,1,BREATH_PACED_20,23.00,0.8610,,MR60BHA2_breath_phase,safenest-node-01
163.8980,0.010000,S001,S001_BREATH_PACED_20_04,1,BREATH_PACED_20,23.00,0.8610,,MR60BHA2_breath_phase,safenest-node-01
163.9980,0.010000,S001,S001_BREATH_PACED_20_04,1,BREATH_PACED_20,23.00,0.8610,,MR60BHA2_breath_phase,safenest-node-01
164.0980,0.020000,S001,S001_BREATH_PACED_20_04,1,BREATH_PACED_20,23.00,0.8610,,MR60BHA2_breath_phase,safenest-node-01
164.1980,0.020000,S001,S001_BREATH_PACED_20_04,1,BREATH_PACED_20,23.00,0.8610,,MR60BHA2_breath_phase,safenest-node-01
164.2980,0.020000,S001,S001_BREATH_PACED_20_04,1,BREATH_PACED_20,23.00,0.8610,,MR60BHA2_breath_phase,safenest-node-01
164.3980,0.030000,S001,S001_BREATH_PACED_20_04,1,BREATH_PACED_20,23.00,0.8610,,MR60BHA2_breath_phase,safenest-node-01
164.4980,0.030000,S001,S001_BREATH_PACED_20_04,1,BREATH_PACED_20,23.00,0.8610,,MR60BHA2_breath_phase,safenest-node-01
164.5980,0.030000,S001,S001_BREATH_PACED_20_04,1,BREATH_PACED_20,23.00,0.8610,,MR60BHA2_breath_phase,safenest-node-01
164.6980,0.030000,S001,S001_BREATH_PACED_20_04,1,BREATH_PACED_20,23.00,0.8610,,MR60BHA2_breath_phase,safenest-node-01
164.7980,0.020000,S001,S001_BREATH_PACED_20_04,1,BREATH_PACED_20,23.00,0.8610,,MR60BHA2_breath_phase,safenest-node-01
164.8980,0.010000,S001,S001_BREATH_PACED_20_04,1,BREATH_PACED_20,23.00,0.8610,,MR60BHA2_breath_phase,safenest-node-01
164.9980,0.010000,S001,S001_BREATH_PACED_20_04,1,BREATH_PACED_20,23.00,0.8610,,MR60BHA2_breath_phase,safenest-node-01
165.0980,-0.010000,S001,S001_BREATH_PACED_20_04,1,BREATH_PACED_20,23.00,0.8610,,MR60BHA2_breath_phase,safenest-node-01
165.1980,-0.030000,S001,S001_BREATH_PACED_20_04,1,BREATH_PACED_20,22.00,0.8610,,MR60BHA2_breath_phase,safenest-node-01
165.2990,-0.030000,S001,S001_BREATH_PACED_20_04,1,BREATH_PACED_20,22.00,0.8610,,MR60BHA2_breath_phase,safenest-node-01
165.3990,-0.050000,S001,S001_BREATH_PACED_20_04,1,BREATH_PACED_20,22.00,0.8610,,MR60BHA2_breath_phase,safenest-node-01
165.4990,-0.050000,S001,S001_BREATH_PACED_20_04,1,BREATH_PACED_20,22.00,0.8610,,MR60BHA2_breath_phase,safenest-node-01
165.5990,-0.060000,S001,S001_BREATH_PACED_20_04,1,BREATH_PACED_20,22.00,0.8610,,MR60BHA2_breath_phase,safenest-node-01
165.6990,-0.060000,S001,S001_BREATH_PACED_20_04,1,BREATH_PACED_20,22.00,0.8610,,MR60BHA2_breath_phase,safenest-node-01
165.7990,-0.060000,S001,S001_BREATH_PACED_20_04,1,BREATH_PACED_20,22.00,0.8610,,MR60BHA2_breath_phase,safenest-node-01
165.8990,-0.060000,S001,S001_BREATH_PACED_20_04,1,BREATH_PACED_20,22.00,0.8610,,MR60BHA2_breath_phase,safenest-node-01
165.9990,-0.050000,S001,S001_BREATH_PACED_20_04,1,BREATH_PACED_20,21.00,0.8610,,MR60BHA2_breath_phase,safenest-node-01
166.0990,-0.050000,S001,S001_BREATH_PACED_20_04,1,BREATH_PACED_20,21.00,0.8610,,MR60BHA2_breath_phase,safenest-node-01
166.1990,-0.030000,S001,S001_BREATH_PACED_20_04,1,BREATH_PACED_20,21.00,0.8610,,MR60BHA2_breath_phase,safenest-node-01
166.2990,-0.020000,S001,S001_BREATH_PACED_20_04,1,BREATH_PACED_20,21.00,0.8610,,MR60BHA2_breath_phase,safenest-node-01
166.3990,-0.010000,S001,S001_BREATH_PACED_20_04,1,BREATH_PACED_20,21.00,0.8610,,MR60BHA2_breath_phase,safenest-node-01
166.4990,-0.010000,S001,S001_BREATH_PACED_20_04,1,BREATH_PACED_20,21.00,0.8610,,MR60BHA2_breath_phase,safenest-node-01
166.5990,0.000000,S001,S001_BREATH_PACED_20_04,1,BREATH_PACED_20,21.00,0.8610,,MR60BHA2_breath_phase,safenest-node-01
166.6990,0.010000,S001,S001_BREATH_PACED_20_04,1,BREATH_PACED_20,21.00,0.8610,,MR60BHA2_breath_phase,safenest-node-01
166.7990,0.020000,S001,S001_BREATH_PACED_20_04,1,BREATH_PACED_20,21.00,0.8610,,MR60BHA2_breath_phase,safenest-node-01
166.8990,0.020000,S001,S001_BREATH_PACED_20_04,1,BREATH_PACED_20,21.00,0.8610,,MR60BHA2_breath_phase,safenest-node-01
166.9990,0.030000,S001,S001_BREATH_PACED_20_04,1,BREATH_PACED_20,20.00,0.8610,,MR60BHA2_breath_phase,safenest-node-01
167.0990,0.030000,S001,S001_BREATH_PACED_20_04,1,BREATH_PACED_20,20.00,0.8610,,MR60BHA2_breath_phase,safenest-node-01
167.1990,0.040000,S001,S001_BREATH_PACED_20_04,1,BREATH_PACED_20,20.00,0.8610,,MR60BHA2_breath_phase,safenest-node-01
167.2990,0.040000,S001,S001_BREATH_PACED_20_04,1,BREATH_PACED_20,20.00,0.8610,,MR60BHA2_breath_phase,safenest-node-01
167.3990,0.050000,S001,S001_BREATH_PACED_20_04,1,BREATH_PACED_20,20.00,0.8610,,MR60BHA2_breath_phase,safenest-node-01
167.4990,0.050000,S001,S001_BREATH_PACED_20_04,1,BREATH_PACED_20,20.00,0.8610,,MR60BHA2_breath_phase,safenest-node-01
167.5990,0.040000,S001,S001_BREATH_PACED_20_04,1,BREATH_PACED_20,19.00,0.8610,,MR60BHA2_breath_phase,safenest-node-01
167.6990,0.040000,S001,S001_BREATH_PACED_20_04,1,BREATH_PACED_20,19.00,0.8610,,MR60BHA2_breath_phase,safenest-node-01
167.7990,0.030000,S001,S001_BREATH_PACED_20_04,1,BREATH_PACED_20,19.00,0.8610,,MR60BHA2_breath_phase,safenest-node-01
167.8990,0.030000,S001,S001_BREATH_PACED_20_04,1,BREATH_PACED_20,20.00,0.8610,,MR60BHA2_breath_phase,safenest-node-01
167.9990,0.020000,S001,S001_BREATH_PACED_20_04,1,BREATH_PACED_20,20.00,0.8610,,MR60BHA2_breath_phase,safenest-node-01
168.0990,0.010000,S001,S001_BREATH_PACED_20_04,1,BREATH_PACED_20,20.00,0.8610,,MR60BHA2_breath_phase,safenest-node-01
168.1990,0.000000,S001,S001_BREATH_PACED_20_04,1,BREATH_PACED_20,20.00,0.8610,,MR60BHA2_breath_phase,safenest-node-01
168.2990,-0.010000,S001,S001_BREATH_PACED_20_04,1,BREATH_PACED_20,20.00,0.8610,,MR60BHA2_breath_phase,safenest-node-01
168.3990,-0.010000,S001,S001_BREATH_PACED_20_04,1,BREATH_PACED_20,20.00,0.8610,,MR60BHA2_breath_phase,safenest-node-01
168.4990,-0.020000,S001,S001_BREATH_PACED_20_04,1,BREATH_PACED_20,20.00,0.8610,,MR60BHA2_breath_phase,safenest-node-01
168.5990,-0.020000,S001,S001_BREATH_PACED_20_04,1,BREATH_PACED_20,21.00,0.8610,,MR60BHA2_breath_phase,safenest-node-01
168.6990,-0.010000,S001,S001_BREATH_PACED_20_04,1,BREATH_PACED_20,21.00,0.8610,,MR60BHA2_breath_phase,safenest-node-01
168.7990,-0.010000,S001,S001_BREATH_PACED_20_04,1,BREATH_PACED_20,21.00,0.8610,,MR60BHA2_breath_phase,safenest-node-01
168.8990,-0.000000,S001,S001_BREATH_PACED_20_04,1,BREATH_PACED_20,21.00,0.8610,,MR60BHA2_breath_phase,safenest-node-01
168.9990,0.000000,S001,S001_BREATH_PACED_20_04,1,BREATH_PACED_20,21.00,0.8610,,MR60BHA2_breath_phase,safenest-node-01
169.0990,0.010000,S001,S001_BREATH_PACED_20_04,1,BREATH_PACED_20,20.00,0.8610,,MR60BHA2_breath_phase,safenest-node-01
169.1990,0.020000,S001,S001_BREATH_PACED_20_04,1,BREATH_PACED_20,19.00,0.8610,,MR60BHA2_breath_phase,safenest-node-01
169.2990,0.040000,S001,S001_BREATH_PACED_20_04,1,BREATH_PACED_20,18.00,0.8610,,MR60BHA2_breath_phase,safenest-node-01
169.3990,0.040000,S001,S001_BREATH_PACED_20_04,1,BREATH_PACED_20,18.00,0.8610,,MR60BHA2_breath_phase,safenest-node-01
169.4990,0.050000,S001,S001_BREATH_PACED_20_04,1,BREATH_PACED_20,17.00,0.8610,,MR60BHA2_breath_phase,safenest-node-01
169.5990,0.060000,S001,S001_BREATH_PACED_20_04,1,BREATH_PACED_20,16.00,0.8610,,MR60BHA2_breath_phase,safenest-node-01
169.6990,0.060000,S001,S001_BREATH_PACED_20_04,1,BREATH_PACED_20,15.00,0.8610,,MR60BHA2_breath_phase,safenest-node-01
169.7990,0.060000,S001,S001_BREATH_PACED_20_04,1,BREATH_PACED_20,15.00,0.8610,,MR60BHA2_breath_phase,safenest-node-01
169.8990,0.060000,S001,S001_BREATH_PACED_20_04,1,BREATH_PACED_20,15.00,0.8610,,MR60BHA2_breath_phase,safenest-node-01
169.9990,0.050000,S001,S001_BREATH_PACED_20_04,1,BREATH_PACED_20,14.00,0.8610,,MR60BHA2_breath_phase,safenest-node-01
170.0990,0.030000,S001,S001_BREATH_PACED_20_04,1,BREATH_PACED_20,13.00,0.8610,,MR60BHA2_breath_phase,safenest-node-01
170.1990,0.020000,S001,S001_BREATH_PACED_20_04,1,BREATH_PACED_20,13.00,0.8610,,MR60BHA2_breath_phase,safenest-node-01
170.2990,0.010000,S001,S001_BREATH_PACED_20_04,1,BREATH_PACED_20,12.00,0.8610,,MR60BHA2_breath_phase,safenest-node-01
170.3990,-0.010000,S001,S001_BREATH_PACED_20_04,1,BREATH_PACED_20,11.00,0.8610,,MR60BHA2_breath_phase,safenest-node-01
170.4990,-0.020000,S001,S001_BREATH_PACED_20_04,1,BREATH_PACED_20,11.00,0.8610,,MR60BHA2_breath_phase,safenest-node-01
170.5990,-0.050000,S001,S001_BREATH_PACED_20_04,1,BREATH_PACED_20,11.00,0.8610,,MR60BHA2_breath_phase,safenest-node-01
170.6990,-0.060000,S001,S001_BREATH_PACED_20_04,1,BREATH_PACED_20,10.00,0.8610,,MR60BHA2_breath_phase,safenest-node-01
170.7990,-0.090000,S001,S001_BREATH_PACED_20_04,1,BREATH_PACED_20,10.00,0.8610,,MR60BHA2_breath_phase,safenest-node-01
170.8990,-0.120000,S001,S001_BREATH_PACED_20_04,1,BREATH_PACED_20,9.00,0.8610,,MR60BHA2_breath_phase,safenest-node-01
170.9990,-0.140000,S001,S001_BREATH_PACED_20_04,1,BREATH_PACED_20,9.00,0.8610,,MR60BHA2_breath_phase,safenest-node-01
171.0990,-0.150000,S001,S001_BREATH_PACED_20_04,1,BREATH_PACED_20,9.00,0.8610,,MR60BHA2_breath_phase,safenest-node-01
171.1990,-0.160000,S001,S001_BREATH_PACED_20_04,1,BREATH_PACED_20,10.00,0.8610,,MR60BHA2_breath_phase,safenest-node-01
171.2990,-0.160000,S001,S001_BREATH_PACED_20_04,1,BREATH_PACED_20,11.00,0.8610,,MR60BHA2_breath_phase,safenest-node-01
171.3990,-0.140000,S001,S001_BREATH_PACED_20_04,1,BREATH_PACED_20,12.00,0.8610,,MR60BHA2_breath_phase,safenest-node-01
171.4990,-0.120000,S001,S001_BREATH_PACED_20_04,1,BREATH_PACED_20,12.00,0.8610,,MR60BHA2_breath_phase,safenest-node-01
171.6000,-0.100000,S001,S001_BREATH_PACED_20_04,1,BREATH_PACED_20,12.00,0.8610,,MR60BHA2_breath_phase,safenest-node-01
171.7000,-0.060000,S001,S001_BREATH_PACED_20_04,1,BREATH_PACED_20,13.00,0.8610,,MR60BHA2_breath_phase,safenest-node-01
171.8000,-0.010000,S001,S001_BREATH_PACED_20_04,1,BREATH_PACED_20,14.00,0.8610,,MR60BHA2_breath_phase,safenest-node-01
171.9000,0.010000,S001,S001_BREATH_PACED_20_04,1,BREATH_PACED_20,15.00,0.8610,,MR60BHA2_breath_phase,safenest-node-01
172.0000,0.070000,S001,S001_BREATH_PACED_20_04,1,BREATH_PACED_20,15.00,0.8610,,MR60BHA2_breath_phase,safenest-node-01
172.1000,0.120000,S001,S001_BREATH_PACED_20_04,1,BREATH_PACED_20,16.00,0.8610,,MR60BHA2_breath_phase,safenest-node-01
172.2000,0.150000,S001,S001_BREATH_PACED_20_04,1,BREATH_PACED_20,16.00,0.8610,,MR60BHA2_breath_phase,safenest-node-01
172.3000,0.200000,S001,S001_BREATH_PACED_20_04,1,BREATH_PACED_20,17.00,0.8610,,MR60BHA2_breath_phase,safenest-node-01
172.4000,0.220000,S001,S001_BREATH_PACED_20_04,1,BREATH_PACED_20,17.00,0.8610,,MR60BHA2_breath_phase,safenest-node-01
172.5000,0.270000,S001,S001_BREATH_PACED_20_04,1,BREATH_PACED_20,18.00,0.8610,,MR60BHA2_breath_phase,safenest-node-01
172.6000,0.320000,S001,S001_BREATH_PACED_20_04,1,BREATH_PACED_20,18.00,0.8610,,MR60BHA2_breath_phase,safenest-node-01
172.7000,0.360000,S001,S001_BREATH_PACED_20_04,1,BREATH_PACED_20,18.00,0.8610,,MR60BHA2_breath_phase,safenest-node-01
172.8000,0.380000,S001,S001_BREATH_PACED_20_04,1,BREATH_PACED_20,18.00,0.8610,,MR60BHA2_breath_phase,safenest-node-01
172.9000,0.390000,S001,S001_BREATH_PACED_20_04,1,BREATH_PACED_20,19.00,0.8610,,MR60BHA2_breath_phase,safenest-node-01
173.0000,0.390000,S001,S001_BREATH_PACED_20_04,1,BREATH_PACED_20,19.00,0.8610,,MR60BHA2_breath_phase,safenest-node-01
173.1000,0.390000,S001,S001_BREATH_PACED_20_04,1,BREATH_PACED_20,19.00,0.8610,,MR60BHA2_breath_phase,safenest-node-01
173.2000,0.360000,S001,S001_BREATH_PACED_20_04,1,BREATH_PACED_20,19.00,0.8610,,MR60BHA2_breath_phase,safenest-node-01
173.3010,0.350000,S001,S001_BREATH_PACED_20_04,1,BREATH_PACED_20,19.00,0.8610,,MR60BHA2_breath_phase,safenest-node-01
173.4010,0.310000,S001,S001_BREATH_PACED_20_04,1,BREATH_PACED_20,19.00,0.8610,,MR60BHA2_breath_phase,safenest-node-01
173.5010,0.000000,S001,S001_BREATH_PACED_20_04,1,BREATH_PACED_20,,0.8610,,MR60BHA2_breath_phase,safenest-node-01
173.6010,0.000000,S001,S001_BREATH_PACED_20_04,0,BREATH_PACED_20,,,,MR60BHA2_breath_phase,safenest-node-01
173.7010,0.000000,S001,S001_BREATH_PACED_20_04,0,BREATH_PACED_20,,,,MR60BHA2_breath_phase,safenest-node-01
173.8010,0.000000,S001,S001_BREATH_PACED_20_04,0,BREATH_PACED_20,,,,MR60BHA2_breath_phase,safenest-node-01
173.9010,0.000000,S001,S001_BREATH_PACED_20_04,0,BREATH_PACED_20,,,,MR60BHA2_breath_phase,safenest-node-01
174.0010,0.000000,S001,S001_BREATH_PACED_20_04,0,BREATH_PACED_20,,,,MR60BHA2_breath_phase,safenest-node-01
174.1010,0.000000,S001,S001_BREATH_PACED_20_04,0,BREATH_PACED_20,,,,MR60BHA2_breath_phase,safenest-node-01
174.2010,0.000000,S001,S001_BREATH_PACED_20_04,0,BREATH_PACED_20,,,,MR60BHA2_breath_phase,safenest-node-01
174.3010,0.000000,S001,S001_BREATH_PACED_20_04,0,BREATH_PACED_20,,,,MR60BHA2_breath_phase,safenest-node-01
174.4010,0.000000,S001,S001_BREATH_PACED_20_04,0,BREATH_PACED_20,,,,MR60BHA2_breath_phase,safenest-node-01
174.5010,0.000000,S001,S001_BREATH_PACED_20_04,0,BREATH_PACED_20,,,,MR60BHA2_breath_phase,safenest-node-01
174.6010,0.000000,S001,S001_BREATH_PACED_20_04,0,BREATH_PACED_20,,,,MR60BHA2_breath_phase,safenest-node-01
174.7010,0.000000,S001,S001_BREATH_PACED_20_04,0,BREATH_PACED_20,,,,MR60BHA2_breath_phase,safenest-node-01
174.8010,0.000000,S001,S001_BREATH_PACED_20_04,0,BREATH_PACED_20,,,,MR60BHA2_breath_phase,safenest-node-01
174.9010,0.000000,S001,S001_BREATH_PACED_20_04,0,BREATH_PACED_20,,,,MR60BHA2_breath_phase,safenest-node-01
175.0010,0.000000,S001,S001_BREATH_PACED_20_04,0,BREATH_PACED_20,,,,MR60BHA2_breath_phase,safenest-node-01
175.1010,0.000000,S001,S001_BREATH_PACED_20_04,0,BREATH_PACED_20,,,,MR60BHA2_breath_phase,safenest-node-01
175.2010,0.000000,S001,S001_BREATH_PACED_20_04,0,BREATH_PACED_20,,,,MR60BHA2_breath_phase,safenest-node-01
175.3010,0.000000,S001,S001_BREATH_PACED_20_04,0,BREATH_PACED_20,,,,MR60BHA2_breath_phase,safenest-node-01
175.4020,0.000000,S001,S001_BREATH_PACED_20_04,0,BREATH_PACED_20,,,,MR60BHA2_breath_phase,safenest-node-01
175.5020,0.000000,S001,S001_BREATH_PACED_20_04,0,BREATH_PACED_20,,,,MR60BHA2_breath_phase,safenest-node-01
175.6020,0.000000,S001,S001_BREATH_PACED_20_04,0,BREATH_PACED_20,,,,MR60BHA2_breath_phase,safenest-node-01
175.7020,0.000000,S001,S001_BREATH_PACED_20_04,0,BREATH_PACED_20,,,,MR60BHA2_breath_phase,safenest-node-01
175.8020,0.000000,S001,S001_BREATH_PACED_20_04,0,BREATH_PACED_20,,,,MR60BHA2_breath_phase,safenest-node-01
175.9020,0.000000,S001,S001_BREATH_PACED_20_04,0,BREATH_PACED_20,,,,MR60BHA2_breath_phase,safenest-node-01
176.0020,0.000000,S001,S001_BREATH_PACED_20_04,0,BREATH_PACED_20,,,,MR60BHA2_breath_phase,safenest-node-01
176.1020,0.000000,S001,S001_BREATH_PACED_20_04,0,BREATH_PACED_20,,,,MR60BHA2_breath_phase,safenest-node-01
176.2020,0.000000,S001,S001_BREATH_PACED_20_04,0,BREATH_PACED_20,,,,MR60BHA2_breath_phase,safenest-node-01
176.3020,0.000000,S001,S001_BREATH_PACED_20_04,0,BREATH_PACED_20,,,,MR60BHA2_breath_phase,safenest-node-01
176.4020,0.000000,S001,S001_BREATH_PACED_20_04,0,BREATH_PACED_20,,,,MR60BHA2_breath_phase,safenest-node-01
176.5020,0.000000,S001,S001_BREATH_PACED_20_04,0,BREATH_PACED_20,,,,MR60BHA2_breath_phase,safenest-node-01
176.6020,0.000000,S001,S001_BREATH_PACED_20_04,0,BREATH_PACED_20,,,,MR60BHA2_breath_phase,safenest-node-01
176.7020,0.000000,S001,S001_BREATH_PACED_20_04,0,BREATH_PACED_20,,,,MR60BHA2_breath_phase,safenest-node-01
176.8020,0.000000,S001,S001_BREATH_PACED_20_04,0,BREATH_PACED_20,,,,MR60BHA2_breath_phase,safenest-node-01
176.9020,0.000000,S001,S001_BREATH_PACED_20_04,0,BREATH_PACED_20,,,,MR60BHA2_breath_phase,safenest-node-01
177.0020,0.000000,S001,S001_BREATH_PACED_20_04,0,BREATH_PACED_20,,,,MR60BHA2_breath_phase,safenest-node-01
177.1020,0.000000,S001,S001_BREATH_PACED_20_04,0,BREATH_PACED_20,,,,MR60BHA2_breath_phase,safenest-node-01
177.2020,0.000000,S001,S001_BREATH_PACED_20_04,0,BREATH_PACED_20,,,,MR60BHA2_breath_phase,safenest-node-01
177.3020,0.000000,S001,S001_BREATH_PACED_20_04,0,BREATH_PACED_20,,,,MR60BHA2_breath_phase,safenest-node-01
177.4020,0.000000,S001,S001_BREATH_PACED_20_04,0,BREATH_PACED_20,,,,MR60BHA2_breath_phase,safenest-node-01
177.5030,0.000000,S001,S001_BREATH_PACED_20_04,0,BREATH_PACED_20,,,,MR60BHA2_breath_phase,safenest-node-01
177.6030,0.000000,S001,S001_BREATH_PACED_20_04,0,BREATH_PACED_20,,,,MR60BHA2_breath_phase,safenest-node-01
177.7030,0.000000,S001,S001_BREATH_PACED_20_04,0,BREATH_PACED_20,,,,MR60BHA2_breath_phase,safenest-node-01
177.8030,0.000000,S001,S001_BREATH_PACED_20_04,0,BREATH_PACED_20,,,,MR60BHA2_breath_phase,safenest-node-01
177.9030,0.000000,S001,S001_BREATH_PACED_20_04,0,BREATH_PACED_20,,,,MR60BHA2_breath_phase,safenest-node-01
178.0030,0.000000,S001,S001_BREATH_PACED_20_04,0,BREATH_PACED_20,,,,MR60BHA2_breath_phase,safenest-node-01
178.1030,0.000000,S001,S001_BREATH_PACED_20_04,0,BREATH_PACED_20,,,,MR60BHA2_breath_phase,safenest-node-01
178.2030,0.000000,S001,S001_BREATH_PACED_20_04,0,BREATH_PACED_20,,,,MR60BHA2_breath_phase,safenest-node-01
178.3030,0.000000,S001,S001_BREATH_PACED_20_04,0,BREATH_PACED_20,,,,MR60BHA2_breath_phase,safenest-node-01
178.4030,0.000000,S001,S001_BREATH_PACED_20_04,0,BREATH_PACED_20,,,,MR60BHA2_breath_phase,safenest-node-01
