timestamp_s,resp_phase,subject_id,session_id,presence,label,breath_rpm,range_m,quality,signal_source,device_id
0.0000,-0.010000,S001,S001_NORMAL_D15,1,NORMAL_D15,15.00,1.8368,,MR60BHA2_breath_phase,safenest-node-01
0.1000,-0.010000,S001,S001_NORMAL_D15,1,NORMAL_D15,15.00,1.8368,,MR60BHA2_breath_phase,safenest-node-01
0.2000,-0.010000,S001,S001_NORMAL_D15,1,NORMAL_D15,15.00,1.8368,,MR60BHA2_breath_phase,safenest-node-01
0.3010,-0.010000,S001,S001_NORMAL_D15,1,NORMAL_D15,15.00,1.8368,,MR60BHA2_breath_phase,safenest-node-01
0.4010,-0.010000,S001,S001_NORMAL_D15,1,NORMAL_D15,15.00,1.8368,,MR60BHA2_breath_phase,safenest-node-01
0.5010,-0.010000,S001,S001_NORMAL_D15,1,NORMAL_D15,15.00,1.8368,,MR60BHA2_breath_phase,safenest-node-01
0.6010,-0.010000,S001,S001_NORMAL_D15,1,NORMAL_D15,15.00,1.8368,,MR60BHA2_breath_phase,safenest-node-01
0.7010,-0.010000,S001,S001_NORMAL_D15,1,NORMAL_D15,15.00,1.8368,,MR60BHA2_breath_phase,safenest-node-01
0.8010,-0.010000,S001,S001_NORMAL_D15,1,NORMAL_D15,15.00,1.8368,,MR60BHA2_breath_phase,safenest-node-01
0.9010,-0.010000,S001,S001_NORMAL_D15,1,NORMAL_D15,15.00,1.8368,,MR60BHA2_breath_phase,safenest-node-01
1.0010,-0.010000,S001,S001_NORMAL_D15,1,NORMAL_D15,15.00,1.8368,,MR60BHA2_breath_phase,safenest-node-01
1.1010,-0.010000,S001,S001_NORMAL_D15,1,NORMAL_D15,15.00,1.8368,,MR60BHA2_breath_phase,safenest-node-01
1.2010,-0.010000,S001,S001_NORMAL_D15,1,NORMAL_D15,15.00,1.8368,,MR60BHA2_breath_phase,safenest-node-01
1.3010,-0.010000,S001,S001_NORMAL_D15,1,NORMAL_D15,15.00,1.8368,,MR60BHA2_breath_phase,safenest-node-01
1.4010,-0.010000,S001,S001_NORMAL_D15,1,NORMAL_D15,15.00,1.8368,,MR60BHA2_breath_phase,safenest-node-01
1.5010,-0.010000,S001,S001_NORMAL_D15,1,NORMAL_D15,15.00,1.8368,,MR60BHA2_breath_phase,safenest-node-01
1.6010,-0.010000,S001,S001_NORMAL_D15,1,NORMAL_D15,15.00,1.8368,,MR60BHA2_breath_phase,safenest-node-01
1.7010,-0.010000,S001,S001_NORMAL_D15,1,NORMAL_D15,15.00,1.8368,,MR60BHA2_breath_phase,safenest-node-01
1.8010,-0.010000,S001,S001_NORMAL_D15,1,NORMAL_D15,15.00,1.8368,,MR60BHA2_breath_phase,safenest-node-01
1.9010,-0.010000,S001,S001_NORMAL_D15,1,NORMAL_D15,15.00,1.8368,,MR60BHA2_breath_phase,safenest-node-01
2.0010,-0.010000,S001,S001_NORMAL_D15,1,NORMAL_D15,15.00,1.8368,,MR60BHA2_breath_phase,safenest-node-01
2.1010,-0.010000,S001,S001_NORMAL_D15,1,NORMAL_D15,15.00,1.8368,,MR60BHA2_breath_phase,safenest-node-01
2.2010,-0.010000,S001,S001_NORMAL_D15,1,NORMAL_D15,15.00,1.8368,,MR60BHA2_breath_phase,safenest-node-01
2.3010,-0.010000,S001,S001_NORMAL_D15,1,NORMAL_D15,15.00,1.8368,,MR60BHA2_breath_phase,safenest-node-01
2.4010,-0.010000,S001,S001_NORMAL_D15,1,NORMAL_D15,15.00,1.8368,,MR60BHA2_breath_phase,safenest-node-01
2.5010,-0.010000,S001,S001_NORMAL_D15,1,NORMAL_D15,15.00,1.8368,,MR60BHA2_breath_phase,safenest-node-01
2.6010,-0.010000,S001,S001_NORMAL_D15,1,NORMAL_D15,15.00,1.8368,,MR60BHA2_breath_phase,safenest-node-01
2.7010,-0.010000,S001,S001_NORMAL_D15,1,NORMAL_D15,15.00,1.8368,,MR60BHA2_breath_phase,safenest-node-01
2.8010,-0.010000,S001,S001_NORMAL_D15,1,NORMAL_D15,15.00,1.8368,,MR60BHA2_breath_phase,safenest-node-01
2.9010,-0.010000,S001,S001_NORMAL_D15,1,NORMAL_D15,15.00,1.8368,,MR60BHA2_breath_phase,safenest-node-01
3.0010,-0.010000,S001,S001_NORMAL_D15,1,NORMAL_D15,15.00,1.8368,,MR60BHA2_breath_phase,safenest-node-01
3.1010,-0.010000,S001,S001_NORMAL_D15,1,NORMAL_D15,15.00,1.8368,,MR60BHA2_breath_phase,safenest-node-01
3.2010,-0.010000,S001,S001_NORMAL_D15,1,NORMAL_D15,15.00,1.8368,,MR60BHA2_breath_phase,safenest-node-01
3.3010,-0.010000,S001,S001_NORMAL_D15,1,NORMAL_D15,15.00,1.8368,,MR60BHA2_breath_phase,safenest-node-01
3.4010,-0.010000,S001,S001_NORMAL_D15,1,NORMAL_D15,15.00,1.8368,,MR60BHA2_breath_phase,safenest-node-01
3.5010,-0.010000,S001,S001_NORMAL_D15,1,NORMAL_D15,15.00,1.8368,,MR60BHA2_breath_phase,safenest-node-01
3.6010,-0.010000,S001,S001_NORMAL_D15,1,NORMAL_D15,15.00,1.8368,,MR60BHA2_breath_phase,safenest-node-01
3.7010,-0.010000,S001,S001_NORMAL_D15,1,NORMAL_D15,15.00,1.8368,,MR60BHA2_breath_phase,safenest-node-01
3.8010,-0.010000,S001,S001_NORMAL_D15,1,NORMAL_D15,15.00,1.8368,,MR60BHA2_breath_phase,safenest-node-01
3.9010,-0.010000,S001,S001_NORMAL_D15,1,NORMAL_D15,15.00,1.8368,,MR60BHA2_breath_phase,safenest-node-01
4.0010,-0.010000,S001,S001_NORMAL_D15,1,NORMAL_D15,15.00,1.8368,,MR60BHA2_breath_phase,safenest-node-01
4.1010,-0.010000,S001,S001_NORMAL_D15,1,NORMAL_D15,15.00,1.8368,,MR60BHA2_breath_phase,safenest-node-01
4.2010,-0.010000,S001,S001_NORMAL_D15,1,NORMAL_D15,15.00,1.8368,,MR60BHA2_breath_phase,safenest-node-01
4.3010,-0.010000,S001,S001_NORMAL_D15,1,NORMAL_D15,15.00,1.8368,,MR60BHA2_breath_phase,safenest-node-01
4.4010,-0.010000,S001,S001_NORMAL_D15,1,NORMAL_D15,15.00,1.8368,,MR60BHA2_breath_phase,safenest-node-01
4.5010,-0.010000,S001,S001_NORMAL_D15,1,NORMAL_D15,15.00,1.8368,,MR60BHA2_breath_phase,safenest-node-01
4.6010,-0.010000,S001,S001_NORMAL_D15,1,NORMAL_D15,15.00,1.8368,,MR60BHA2_breath_phase,safenest-node-01
4.7010,-0.010000,S001,S001_NORMAL_D15,1,NORMAL_D15,15.00,1.8368,,MR60BHA2_breath_phase,safenest-node-01
4.8010,-0.010000,S001,S001_NORMAL_D15,1,NORMAL_D15,15.00,1.8368,,MR60BHA2_breath_phase,safenest-node-01
4.9010,-0.010000,S001,S001_NORMAL_D15,1,NORMAL_D15,15.00,1.8368,,MR60BHA2_breath_phase,safenest-node-01
5.0010,-0.010000,S001,S001_NORMAL_D15,1,NORMAL_D15,15.00,1.8368,,MR60BHA2_breath_phase,safenest-node-01
5.1010,-0.010000,S001,S001_NORMAL_D15,1,NORMAL_D15,15.00,1.8368,,MR60BHA2_breath_phase,safenest-node-01
5.2010,-0.010000,S001,S001_NORMAL_D15,1,NORMAL_D15,15.00,1.8368,,MR60BHA2_breath_phase,safenest-node-01
5.3010,-0.010000,S001,S001_NORMAL_D15,1,NORMAL_D15,15.00,1.8368,,MR60BHA2_breath_phase,safenest-node-01
5.4010,-0.010000,S001,S001_NORMAL_D15,1,NORMAL_D15,15.00,1.8368,,MR60BHA2_breath_phase,safenest-node-01
5.5010,-0.010000,S001,S001_NORMAL_D15,1,NORMAL_D15,15.00,1.8368,,MR60BHA2_breath_phase,safenest-node-01
5.6010,-0.010000,S001,S001_NORMAL_D15,1,NORMAL_D15,15.00,1.8368,,MR60BHA2_breath_phase,safenest-node-01
5.7010,-0.010000,S001,S001_NORMAL_D15,1,NORMAL_D15,15.00,1.8368,,MR60BHA2_breath_phase,safenest-node-01
5.8010,-0.010000,S001,S001_NORMAL_D15,1,NORMAL_D15,15.00,1.8368,,MR60BHA2_breath_phase,safenest-node-01
5.9010,-0.010000,S001,S001_NORMAL_D15,1,NORMAL_D15,15.00,1.8368,,MR60BHA2_breath_phase,safenest-node-01
6.0010,-0.010000,S001,S001_NORMAL_D15,1,NORMAL_D15,15.00,1.8368,,MR60BHA2_breath_phase,safenest-node-01
6.1010,-0.010000,S001,S001_NORMAL_D15,1,NORMAL_D15,15.00,1.8368,,MR60BHA2_breath_phase,safenest-node-01
6.2010,-0.010000,S001,S001_NORMAL_D15,1,NORMAL_D15,15.00,1.8368,,MR60BHA2_breath_phase,safenest-node-01
6.3010,-0.010000,S001,S001_NORMAL_D15,1,NORMAL_D15,15.00,1.8368,,MR60BHA2_breath_phase,safenest-node-01
6.4010,-0.010000,S001,S001_NORMAL_D15,1,NORMAL_D15,15.00,1.8368,,MR60BHA2_breath_phase,safenest-node-01
6.5010,-0.010000,S001,S001_NORMAL_D15,1,NORMAL_D15,15.00,1.8368,,MR60BHA2_breath_phase,safenest-node-01
6.6010,-0.010000,S001,S001_NORMAL_D15,1,NORMAL_D15,15.00,1.8368,,MR60BHA2_breath_phase,safenest-node-01
6.7010,-0.010000,S001,S001_NORMAL_D15,1,NORMAL_D15,15.00,1.8368,,MR60BHA2_breath_phase,safenest-node-01
6.8010,-0.010000,S001,S001_NORMAL_D15,1,NORMAL_D15,15.00,1.8368,,MR60BHA2_breath_phase,safenest-node-01
6.9010,-0.010000,S001,S001_NORMAL_D15,1,NORMAL_D15,15.00,1.8368,,MR60BHA2_breath_phase,safenest-node-01
7.0010,-0.010000,S001,S001_NORMAL_D15,1,NORMAL_D15,15.00,1.8368,,MR60BHA2_breath_phase,safenest-node-01
7.1010,-0.010000,S001,S001_NORMAL_D15,1,NORMAL_D15,15.00,1.8368,,MR60BHA2_breath_phase,safenest-node-01
7.2010,-0.010000,S001,S001_NORMAL_D15,1,NORMAL_D15,15.00,1.8368,,MR60BHA2_breath_phase,safenest-node-01
7.3010,-0.010000,S001,S001_NORMAL_D15,1,NORMAL_D15,15.00,1.8368,,MR60BHA2_breath_phase,safenest-node-01
7.4010,-0.010000,S001,S001_NORMAL_D15,1,NORMAL_D15,15.00,1.8368,,MR60BHA2_breath_phase,safenest-node-01
7.5010,-0.010000,S001,S001_NORMAL_D15,1,NORMAL_D15,15.00,1.8368,,MR60BHA2_breath_phase,safenest-node-01
7.6010,-0.010000,S001,S001_NORMAL_D15,1,NORMAL_D15,15.00,1.8368,,MR60BHA2_breath_phase,safenest-node-01
7.7010,-0.010000,S001,S001_NORMAL_D15,1,NORMAL_D15,15.00,1.8368,,MR60BHA2_breath_phase,safenest-node-01
7.8010,-0.010000,S001,S001_NORMAL_D15,1,NORMAL_D15,15.00,1.8368,,MR60BHA2_breath_phase,safenest-node-01
7.9010,-0.010000,S001,S001_NORMAL_D15,1,NORMAL_D15,15.00,1.8368,,MR60BHA2_breath_phase,safenest-node-01
8.0010,-0.010000,S001,S001_NORMAL_D15,1,NORMAL_D15,15.00,1.8368,,MR60BHA2_breath_phase,safenest-node-01
8.1010,-0.010000,S001,S001_NORMAL_D15,1,NORMAL_D15,15.00,1.8368,,MR60BHA2_breath_phase,safenest-node-01
8.2010,-0.010000,S001,S001_NORMAL_D15,1,NORMAL_D15,15.00,1.8368,,MR60BHA2_breath_phase,safenest-node-01
8.3010,-0.010000,S001,S001_NORMAL_D15,1,NORMAL_D15,15.00,1.8368,,MR60BHA2_breath_phase,safenest-node-01
8.4010,-0.010000,S001,S001_NORMAL_D15,1,NORMAL_D15,15.00,1.8368,,MR60BHA2_breath_phase,safenest-node-01
8.5010,-0.010000,S001,S001_NORMAL_D15,1,NORMAL_D15,15.00,1.8368,,MR60BHA2_breath_phase,safenest-node-01
8.6010,-0.010000,S001,S001_NORMAL_D15,1,NORMAL_D15,15.00,1.8368,,MR60BHA2_breath_phase,safenest-node-01
8.7020,-0.010000,S001,S001_NORMAL_D15,1,NORMAL_D15,15.00,1.8368,,MR60BHA2_breath_phase,safenest-node-01
8.8020,-0.010000,S001,S001_NORMAL_D15,1,NORMAL_D15,15.00,1.8368,,MR60BHA2_breath_phase,safenest-node-01
8.9020,-0.010000,S001,S001_NORMAL_D15,1,NORMAL_D15,15.00,1.8368,,MR60BHA2_breath_phase,safenest-node-01
9.0020,-0.010000,S001,S001_NORMAL_D15,1,NORMAL_D15,15.00,1.8368,,MR60BHA2_breath_phase,safenest-node-01
9.1020,-0.010000,S001,S001_NORMAL_D15,1,NORMAL_D15,15.00,1.8368,,MR60BHA2_breath_phase,safenest-node-01
9.2020,-0.010000,S001,S001_NORMAL_D15,1,NORMAL_D15,15.00,1.8368,,MR60BHA2_breath_phase,safenest-node-01
9.3020,-0.010000,S001,S001_NORMAL_D15,1,NORMAL_D15,15.00,1.8368,,MR60BHA2_breath_phase,safenest-node-01
9.4020,-0.010000,S001,S001_NORMAL_D15,1,NORMAL_D15,15.00,1.8368,,MR60BHA2_breath_phase,safenest-node-01
9.5020,-0.010000,S001,S001_NORMAL_D15,1,NORMAL_D15,15.00,1.8368,,MR60BHA2_breath_phase,safenest-node-01
9.6020,-0.010000,S001,S001_NORMAL_D15,1,NORMAL_D15,15.00,1.8368,,MR60BHA2_breath_phase,safenest-node-01
9.7020,-0.010000,S001,S001_NORMAL_D15,1,NORMAL_D15,15.00,1.8368,,MR60BHA2_breath_phase,safenest-node-01
9.8020,-0.010000,S001,S001_NORMAL_D15,1,NORMAL_D15,15.00,1.8368,,MR60BHA2_breath_phase,safenest-node-01
9.9020,-0.010000,S001,S001_NORMAL_D15,1,NORMAL_D15,15.00,1.8368,,MR60BHA2_breath_phase,safenest-node-01
10.0020,-0.010000,S001,S001_NORMAL_D15,1,NORMAL_D15,15.00,1.8368,,MR60BHA2_breath_phase,safenest-node-01
10.1020,-0.010000,S001,S001_NORMAL_D15,1,NORMAL_D15,15.00,1.8368,,MR60BHA2_breath_phase,safenest-node-01
10.2020,-0.010000,S001,S001_NORMAL_D15,1,NORMAL_D15,15.00,1.8368,,MR60BHA2_breath_phase,safenest-node-01
10.3020,-0.010000,S001,S001_NORMAL_D15,1,NORMAL_D15,15.00,1.8368,,MR60BHA2_breath_phase,safenest-node-01
10.4020,-0.010000,S001,S001_NORMAL_D15,1,NORMAL_D15,15.00,1.8368,,MR60BHA2_breath_phase,safenest-node-01
10.5020,-0.010000,S001,S001_NORMAL_D15,1,NORMAL_D15,15.00,1.8368,,MR60BHA2_breath_phase,safenest-node-01
10.6020,-0.010000,S001,S001_NORMAL_D15,1,NORMAL_D15,15.00,1.8368,,MR60BHA2_breath_phase,safenest-node-01
10.7020,-0.010000,S001,S001_NORMAL_D15,1,NORMAL_D15,15.00,1.8368,,MR60BHA2_breath_phase,safenest-node-01
10.8020,-0.010000,S001,S001_NORMAL_D15,1,NORMAL_D15,15.00,1.8368,,MR60BHA2_breath_phase,safenest-node-01
10.9020,-0.010000,S001,S001_NORMAL_D15,1,NORMAL_D15,15.00,1.8368,,MR60BHA2_breath_phase,safenest-node-01
11.0020,-0.010000,S001,S001_NORMAL_D15,1,NORMAL_D15,15.00,1.8368,,MR60BHA2_breath_phase,safenest-node-01
11.1020,-0.010000,S001,S001_NORMAL_D15,1,NORMAL_D15,15.00,1.8368,,MR60BHA2_breath_phase,safenest-node-01
11.2020,-0.010000,S001,S001_NORMAL_D15,1,NORMAL_D15,15.00,1.8368,,MR60BHA2_breath_phase,safenest-node-01
11.3020,-0.010000,S001,S001_NORMAL_D15,1,NORMAL_D15,15.00,1.8368,,MR60BHA2_breath_phase,safenest-node-01
11.4020,-0.010000,S001,S001_NORMAL_D15,1,NORMAL_D15,15.00,1.7794,,MR60BHA2_breath_phase,safenest-node-01
11.5020,-0.010000,S001,S001_NORMAL_D15,1,NORMAL_D15,15.00,1.7794,,MR60BHA2_breath_phase,safenest-node-01
11.6020,-0.010000,S001,S001_NORMAL_D15,1,NORMAL_D15,15.00,1.7794,,MR60BHA2_breath_phase,safenest-node-01
11.7020,-0.010000,S001,S001_NORMAL_D15,1,NORMAL_D15,15.00,1.7794,,MR60BHA2_breath_phase,safenest-node-01
11.8020,-0.010000,S001,S001_NORMAL_D15,1,NORMAL_D15,15.00,1.7794,,MR60BHA2_breath_phase,safenest-node-01
11.9020,-0.010000,S001,S001_NORMAL_D15,1,NORMAL_D15,15.00,1.7794,,MR60BHA2_breath_phase,safenest-node-01
12.0020,-0.010000,S001,S001_NORMAL_D15,1,NORMAL_D15,15.00,1.7794,,MR60BHA2_breath_phase,safenest-node-01
12.1020,-0.010000,S001,S001_NORMAL_D15,1,NORMAL_D15,15.00,1.7794,,MR60BHA2_breath_phase,safenest-node-01
12.2020,-0.010000,S001,S001_NORMAL_D15,1,NORMAL_D15,15.00,1.7794,,MR60BHA2_breath_phase,safenest-node-01
12.3020,-0.010000,S001,S001_NORMAL_D15,1,NORMAL_D15,15.00,1.7794,,MR60BHA2_breath_phase,safenest-node-01
12.4020,-0.010000,S001,S001_NORMAL_D15,1,NORMAL_D15,15.00,1.7794,,MR60BHA2_breath_phase,safenest-node-01
12.5020,-0.010000,S001,S001_NORMAL_D15,1,NORMAL_D15,15.00,1.7794,,MR60BHA2_breath_phase,safenest-node-01
12.6020,-0.010000,S001,S001_NORMAL_D15,1,NORMAL_D15,15.00,1.7794,,MR60BHA2_breath_phase,safenest-node-01
12.7020,-0.010000,S001,S001_NORMAL_D15,1,NORMAL_D15,15.00,1.7794,,MR60BHA2_breath_phase,safenest-node-01
12.8020,-0.010000,S001,S001_NORMAL_D15,1,NORMAL_D15,15.00,1.7794,,MR60BHA2_breath_phase,safenest-node-01
12.9020,-0.010000,S001,S001_NORMAL_D15,1,NORMAL_D15,15.00,1.7794,,MR60BHA2_breath_phase,safenest-node-01
13.0020,-0.010000,S001,S001_NORMAL_D15,1,NORMAL_D15,15.00,1.7794,,MR60BHA2_breath_phase,safenest-node-01
13.1020,-0.010000,S001,S001_NORMAL_D15,1,NORMAL_D15,15.00,1.7794,,MR60BHA2_breath_phase,safenest-node-01
13.2020,-0.010000,S001,S001_NORMAL_D15,1,NORMAL_D15,15.00,1.7794,,MR60BHA2_breath_phase,safenest-node-01
13.3020,-0.010000,S001,S001_NORMAL_D15,1,NORMAL_D15,15.00,1.7794,,MR60BHA2_breath_phase,safenest-node-01
13.4020,-0.010000,S001,S001_NORMAL_D15,1,NORMAL_D15,15.00,1.7794,,MR60BHA2_breath_phase,safenest-node-01
13.5020,-0.010000,S001,S001_NORMAL_D15,1,NORMAL_D15,15.00,1.7794,,MR60BHA2_breath_phase,safenest-node-01
13.6020,-0.010000,S001,S001_NORMAL_D15,1,NORMAL_D15,15.00,1.7794,,MR60BHA2_breath_phase,safenest-node-01
13.7020,-0.010000,S001,S001_NORMAL_D15,1,NORMAL_D15,15.00,1.7794,,MR60BHA2_breath_phase,safenest-node-01
13.8020,-0.010000,S001,S001_NORMAL_D15,1,NORMAL_D15,15.00,1.7794,,MR60BHA2_breath_phase,safenest-node-01
13.9020,-0.010000,S001,S001_NORMAL_D15,1,NORMAL_D15,15.00,1.7794,,MR60BHA2_breath_phase,safenest-node-01
14.0020,-0.010000,S001,S001_NORMAL_D15,1,NORMAL_D15,15.00,1.7794,,MR60BHA2_breath_phase,safenest-node-01
14.1020,-0.010000,S001,S001_NORMAL_D15,1,NORMAL_D15,15.00,1.7794,,MR60BHA2_breath_phase,safenest-node-01
14.2020,-0.010000,S001,S001_NORMAL_D15,1,NORMAL_D15,15.00,1.7794,,MR60BHA2_breath_phase,safenest-node-01
14.3020,-0.010000,S001,S001_NORMAL_D15,1,NORMAL_D15,15.00,1.7794,,MR60BHA2_breath_phase,safenest-node-01
14.4020,-0.010000,S001,S001_NORMAL_D15,1,NORMAL_D15,15.00,1.7794,,MR60BHA2_breath_phase,safenest-node-01
14.5020,-0.010000,S001,S001_NORMAL_D15,1,NORMAL_D15,15.00,1.7794,,MR60BHA2_breath_phase,safenest-node-01
14.6020,-0.010000,S001,S001_NORMAL_D15,1,NORMAL_D15,15.00,1.7794,,MR60BHA2_breath_phase,safenest-node-01
14.7020,-0.010000,S001,S001_NORMAL_D15,1,NORMAL_D15,15.00,1.7794,,MR60BHA2_breath_phase,safenest-node-01
14.8020,-0.010000,S001,S001_NORMAL_D15,1,NORMAL_D15,15.00,1.7794,,MR60BHA2_breath_phase,safenest-node-01
14.9030,-0.010000,S001,S001_NORMAL_D15,1,NORMAL_D15,15.00,1.7794,,MR60BHA2_breath_phase,safenest-node-01
15.0030,-0.010000,S001,S001_NORMAL_D15,1,NORMAL_D15,15.00,1.7794,,MR60BHA2_breath_phase,safenest-node-01
15.1030,-0.010000,S001,S001_NORMAL_D15,1,NORMAL_D15,15.00,1.7794,,MR60BHA2_breath_phase,safenest-node-01
15.2030,-0.010000,S001,S001_NORMAL_D15,1,NORMAL_D15,15.00,1.7794,,MR60BHA2_breath_phase,safenest-node-01
15.3030,-0.010000,S001,S001_NORMAL_D15,1,NORMAL_D15,15.00,1.7794,,MR60BHA2_breath_phase,safenest-node-01
15.4030,-0.010000,S001,S001_NORMAL_D15,1,NORMAL_D15,15.00,1.7794,,MR60BHA2_breath_phase,safenest-node-01
15.5030,-0.010000,S001,S001_NORMAL_D15,1,NORMAL_D15,15.00,1.7794,,MR60BHA2_breath_phase,safenest-node-01
15.6030,-0.010000,S001,S001_NORMAL_D15,1,NORMAL_D15,15.00,1.7794,,MR60BHA2_breath_phase,safenest-node-01
15.7030,-0.010000,S001,S001_NORMAL_D15,1,NORMAL_D15,15.00,1.7794,,MR60BHA2_breath_phase,safenest-node-01
15.8030,-0.010000,S001,S001_NORMAL_D15,1,NORMAL_D15,15.00,1.7794,,MR60BHA2_breath_phase,safenest-node-01
15.9030,-0.010000,S001,S001_NORMAL_D15,1,NORMAL_D15,15.00,1.7794,,MR60BHA2_breath_phase,safenest-node-01
16.0030,-0.010000,S001,S001_NORMAL_D15,1,NORMAL_D15,15.00,1.7794,,MR60BHA2_breath_phase,safenest-node-01
16.1030,-0.010000,S001,S001_NORMAL_D15,1,NORMAL_D15,15.00,1.7794,,MR60BHA2_breath_phase,safenest-node-01
16.2030,-0.010000,S001,S001_NORMAL_D15,1,NORMAL_D15,15.00,1.7794,,MR60BHA2_breath_phase,safenest-node-01
16.3030,-0.010000,S001,S001_NORMAL_D15,1,NORMAL_D15,15.00,1.7794,,MR60BHA2_breath_phase,safenest-node-01
16.4030,-0.010000,S001,S001_NORMAL_D15,1,NORMAL_D15,15.00,1.7794,,MR60BHA2_breath_phase,safenest-node-01
16.5030,-0.010000,S001,S001_NORMAL_D15,1,NORMAL_D15,15.00,1.7794,,MR60BHA2_breath_phase,safenest-node-01
16.6030,-0.010000,S001,S001_NORMAL_D15,1,NORMAL_D15,15.00,1.7794,,MR60BHA2_breath_phase,safenest-node-01
16.7030,-0.010000,S001,S001_NORMAL_D15,1,NORMAL_D15,15.00,1.8368,,MR60BHA2_breath_phase,safenest-node-01
16.8030,-0.010000,S001,S001_NORMAL_D15,1,NORMAL_D15,15.00,1.8368,,MR60BHA2_breath_phase,safenest-node-01
16.9030,-0.010000,S001,S001_NORMAL_D15,1,NORMAL_D15,15.00,1.8368,,MR60BHA2_breath_phase,safenest-node-01
17.0030,-0.010000,S001,S001_NORMAL_D15,1,NORMAL_D15,15.00,1.8368,,MR60BHA2_breath_phase,safenest-node-01
17.1030,-0.010000,S001,S001_NORMAL_D15,1,NORMAL_D15,15.00,1.8368,,MR60BHA2_breath_phase,safenest-node-01
17.2030,-0.010000,S001,S001_NORMAL_D15,1,NORMAL_D15,15.00,1.8368,,MR60BHA2_breath_phase,safenest-node-01
17.3030,-0.010000,S001,S001_NORMAL_D15,1,NORMAL_D15,15.00,1.8368,,MR60BHA2_breath_phase,safenest-node-01
17.4030,-0.010000,S001,S001_NORMAL_D15,1,NORMAL_D15,15.00,1.8368,,MR60BHA2_breath_phase,safenest-node-01
17.5030,-0.010000,S001,S001_NORMAL_D15,1,NORMAL_D15,15.00,1.8368,,MR60BHA2_breath_phase,safenest-node-01
17.6030,-0.010000,S001,S001_NORMAL_D15,1,NORMAL_D15,15.00,1.8368,,MR60BHA2_breath_phase,safenest-node-01
17.7030,-0.010000,S001,S001_NORMAL_D15,1,NORMAL_D15,15.00,1.8368,,MR60BHA2_breath_phase,safenest-node-01
17.8030,-0.010000,S001,S001_NORMAL_D15,1,NORMAL_D15,15.00,1.7794,,MR60BHA2_breath_phase,safenest-node-01
17.9030,-0.010000,S001,S001_NORMAL_D15,1,NORMAL_D15,15.00,1.7794,,MR60BHA2_breath_phase,safenest-node-01
18.0030,-0.010000,S001,S001_NORMAL_D15,1,NORMAL_D15,15.00,1.7794,,MR60BHA2_breath_phase,safenest-node-01
18.1030,-0.010000,S001,S001_NORMAL_D15,1,NORMAL_D15,15.00,1.7794,,MR60BHA2_breath_phase,safenest-node-01
18.2030,-0.010000,S001,S001_NORMAL_D15,1,NORMAL_D15,15.00,1.7794,,MR60BHA2_breath_phase,safenest-node-01
18.3030,-0.010000,S001,S001_NORMAL_D15,1,NORMAL_D15,15.00,1.7794,,MR60BHA2_breath_phase,safenest-node-01
18.4030,-0.010000,S001,S001_NORMAL_D15,1,NORMAL_D15,15.00,1.7794,,MR60BHA2_breath_phase,safenest-node-01
18.5030,-0.010000,S001,S001_NORMAL_D15,1,NORMAL_D15,15.00,1.7794,,MR60BHA2_breath_phase,safenest-node-01
18.6030,-0.010000,S001,S001_NORMAL_D15,1,NORMAL_D15,15.00,1.7794,,MR60BHA2_breath_phase,safenest-node-01
18.7030,-0.010000,S001,S001_NORMAL_D15,1,NORMAL_D15,15.00,1.7794,,MR60BHA2_breath_phase,safenest-node-01
18.8030,-0.010000,S001,S001_NORMAL_D15,1,NORMAL_D15,15.00,1.7794,,MR60BHA2_breath_phase,safenest-node-01
18.9030,-0.010000,S001,S001_NORMAL_D15,1,NORMAL_D15,15.00,1.7794,,MR60BHA2_breath_phase,safenest-node-01
19.0030,-0.010000,S001,S001_NORMAL_D15,1,NORMAL_D15,15.00,1.7794,,MR60BHA2_breath_phase,safenest-node-01
19.1030,-0.010000,S001,S001_NORMAL_D15,1,NORMAL_D15,15.00,1.7794,,MR60BHA2_breath_phase,safenest-node-01
19.2030,-0.010000,S001,S001_NORMAL_D15,1,NORMAL_D15,15.00,1.7794,,MR60BHA2_breath_phase,safenest-node-01
19.3030,-0.010000,S001,S001_NORMAL_D15,1,NORMAL_D15,15.00,1.7794,,MR60BHA2_breath_phase,safenest-node-01
19.4030,-0.010000,S001,S001_NORMAL_D15,1,NORMAL_D15,15.00,1.7794,,MR60BHA2_breath_phase,safenest-node-01
19.5030,-0.010000,S001,S001_NORMAL_D15,1,NORMAL_D15,15.00,1.7794,,MR60BHA2_breath_phase,safenest-node-01
19.6030,-0.010000,S001,S001_NORMAL_D15,1,NORMAL_D15,15.00,1.7794,,MR60BHA2_breath_phase,safenest-node-01
19.7030,-0.010000,S001,S001_NORMAL_D15,1,NORMAL_D15,15.00,1.7794,,MR60BHA2_breath_phase,safenest-node-01
19.8030,-0.010000,S001,S001_NORMAL_D15,1,NORMAL_D15,15.00,1.7794,,MR60BHA2_breath_phase,safenest-node-01
19.9030,-0.010000,S001,S001_NORMAL_D15,1,NORMAL_D15,15.00,1.7794,,MR60BHA2_breath_phase,safenest-node-01
20.0030,-0.010000,S001,S001_NORMAL_D15,1,NORMAL_D15,15.00,1.7794,,MR60BHA2_breath_phase,safenest-node-01
20.1030,-0.010000,S001,S001_NORMAL_D15,1,NORMAL_D15,15.00,1.7794,,MR60BHA2_breath_phase,safenest-node-01
20.2030,-0.010000,S001,S001_NORMAL_D15,1,NORMAL_D15,15.00,1.7794,,MR60BHA2_breath_phase,safenest-node-01
20.3030,-0.010000,S001,S001_NORMAL_D15,1,NORMAL_D15,15.00,1.7794,,MR60BHA2_breath_phase,safenest-node-01
20.4030,-0.010000,S001,S001_NORMAL_D15,1,NORMAL_D15,15.00,1.7794,,MR60BHA2_breath_phase,safenest-node-01
20.5030,-0.010000,S001,S001_NORMAL_D15,1,NORMAL_D15,15.00,1.7794,,MR60BHA2_breath_phase,safenest-node-01
20.6030,-0.010000,S001,S001_NORMAL_D15,1,NORMAL_D15,15.00,1.7794,,MR60BHA2_breath_phase,safenest-node-01
20.7030,-0.010000,S001,S001_NORMAL_D15,1,NORMAL_D15,15.00,1.7794,,MR60BHA2_breath_phase,safenest-node-01
20.8030,-0.010000,S001,S001_NORMAL_D15,1,NORMAL_D15,15.00,1.7794,,MR60BHA2_breath_phase,safenest-node-01
20.9030,-0.010000,S001,S001_NORMAL_D15,1,NORMAL_D15,15.00,1.7794,,MR60BHA2_breath_phase,safenest-node-01
21.0030,-0.010000,S001,S001_NORMAL_D15,1,NORMAL_D15,15.00,1.7794,,MR60BHA2_breath_phase,safenest-node-01
21.1030,-0.010000,S001,S001_NORMAL_D15,1,NORMAL_D15,15.00,1.7794,,MR60BHA2_breath_phase,safenest-node-01
21.2030,-0.010000,S001,S001_NORMAL_D15,1,NORMAL_D15,15.00,1.7794,,MR60BHA2_breath_phase,safenest-node-01
21.3030,-0.010000,S001,S001_NORMAL_D15,1,NORMAL_D15,15.00,1.7794,,MR60BHA2_breath_phase,safenest-node-01
21.4030,-0.010000,S001,S001_NORMAL_D15,1,NORMAL_D15,15.00,1.7794,,MR60BHA2_breath_phase,safenest-node-01
21.5030,-0.010000,S001,S001_NORMAL_D15,1,NORMAL_D15,15.00,1.7794,,MR60BHA2_breath_phase,safenest-node-01
21.6030,-0.010000,S001,S001_NORMAL_D15,1,NORMAL_D15,15.00,1.7794,,MR60BHA2_breath_phase,safenest-node-01
21.7030,-0.010000,S001,S001_NORMAL_D15,1,NORMAL_D15,15.00,1.7794,,MR60BHA2_breath_phase,safenest-node-01
21.8030,-0.010000,S001,S001_NORMAL_D15,1,NORMAL_D15,15.00,1.7794,,MR60BHA2_breath_phase,safenest-node-01
21.9030,-0.010000,S001,S001_NORMAL_D15,1,NORMAL_D15,15.00,1.7794,,MR60BHA2_breath_phase,safenest-node-01
22.0030,-0.010000,S001,S001_NORMAL_D15,1,NORMAL_D15,15.00,1.7794,,MR60BHA2_breath_phase,safenest-node-01
22.1030,-0.010000,S001,S001_NORMAL_D15,1,NORMAL_D15,15.00,1.7794,,MR60BHA2_breath_phase,safenest-node-01
22.2030,-0.010000,S001,S001_NORMAL_D15,1,NORMAL_D15,15.00,1.7794,,MR60BHA2_breath_phase,safenest-node-01
22.3030,-0.010000,S001,S001_NORMAL_D15,1,NORMAL_D15,15.00,1.7794,,MR60BHA2_breath_phase,safenest-node-01
22.4030,-0.010000,S001,S001_NORMAL_D15,1,NORMAL_D15,15.00,1.7794,,MR60BHA2_breath_phase,safenest-node-01
22.5030,-0.010000,S001,S001_NORMAL_D15,1,NORMAL_D15,15.00,1.7794,,MR60BHA2_breath_phase,safenest-node-01
22.6030,-0.010000,S001,S001_NORMAL_D15,1,NORMAL_D15,15.00,1.7794,,MR60BHA2_breath_phase,safenest-node-01
22.7030,-0.010000,S001,S001_NORMAL_D15,1,NORMAL_D15,15.00,1.7794,,MR60BHA2_breath_phase,safenest-node-01
22.8030,-0.010000,S001,S001_NORMAL_D15,1,NORMAL_D15,15.00,1.7794,,MR60BHA2_breath_phase,safenest-node-01
22.9030,-0.010000,S001,S001_NORMAL_D15,1,NORMAL_D15,15.00,1.7220,,MR60BHA2_breath_phase,safenest-node-01
23.0030,-0.010000,S001,S001_NORMAL_D15,1,NORMAL_D15,15.00,1.7220,,MR60BHA2_breath_phase,safenest-node-01
23.1030,-0.010000,S001,S001_NORMAL_D15,1,NORMAL_D15,15.00,1.7220,,MR60BHA2_breath_phase,safenest-node-01
23.2030,-0.010000,S001,S001_NORMAL_D15,1,NORMAL_D15,15.00,1.7220,,MR60BHA2_breath_phase,safenest-node-01
23.3030,-0.010000,S001,S001_NORMAL_D15,1,NORMAL_D15,15.00,1.7220,,MR60BHA2_breath_phase,safenest-node-01
23.4030,-0.010000,S001,S001_NORMAL_D15,1,NORMAL_D15,15.00,1.7220,,MR60BHA2_breath_phase,safenest-node-01
23.5030,-0.010000,S001,S001_NORMAL_D15,1,NORMAL_D15,15.00,1.7220,,MR60BHA2_breath_phase,safenest-node-01
23.6030,-0.010000,S001,S001_NORMAL_D15,1,NORMAL_D15,15.00,1.7220,,MR60BHA2_breath_phase,safenest-node-01
23.7030,-0.010000,S001,S001_NORMAL_D15,1,NORMAL_D15,15.00,1.7220,,MR60BHA2_breath_phase,safenest-node-01
23.8030,-0.010000,S001,S001_NORMAL_D15,1,NORMAL_D15,15.00,1.7220,,MR60BHA2_breath_phase,safenest-node-01
23.9040,-0.010000,S001,S001_NORMAL_D15,1,NORMAL_D15,15.00,1.7220,,MR60BHA2_breath_phase,safenest-node-01
24.0040,-0.010000,S001,S001_NORMAL_D15,1,NORMAL_D15,15.00,1.7220,,MR60BHA2_breath_phase,safenest-node-01
24.1040,-0.010000,S001,S001_NORMAL_D15,1,NORMAL_D15,15.00,1.7220,,MR60BHA2_breath_phase,safenest-node-01
24.2040,-0.010000,S001,S001_NORMAL_D15,1,NORMAL_D15,15.00,1.7220,,MR60BHA2_breath_phase,safenest-node-01
24.3040,-0.010000,S001,S001_NORMAL_D15,1,NORMAL_D15,15.00,1.7220,,MR60BHA2_breath_phase,safenest-node-01
24.4040,-0.010000,S001,S001_NORMAL_D15,1,NORMAL_D15,15.00,1.7220,,MR60BHA2_breath_phase,safenest-node-01
24.5040,-0.010000,S001,S001_NORMAL_D15,1,NORMAL_D15,15.00,1.7220,,MR60BHA2_breath_phase,safenest-node-01
24.6040,-0.010000,S001,S001_NORMAL_D15,1,NORMAL_D15,15.00,1.7220,,MR60BHA2_breath_phase,safenest-node-01
24.7050,-0.010000,S001,S001_NORMAL_D15,1,NORMAL_D15,15.00,1.7220,,MR60BHA2_breath_phase,safenest-node-01
24.8050,-0.010000,S001,S001_NORMAL_D15,1,NORMAL_D15,15.00,1.7220,,MR60BHA2_breath_phase,safenest-node-01
24.9050,-0.010000,S001,S001_NORMAL_D15,1,NORMAL_D15,15.00,1.7220,,MR60BHA2_breath_phase,safenest-node-01
25.0050,-0.010000,S001,S001_NORMAL_D15,1,NORMAL_D15,15.00,1.7220,,MR60BHA2_breath_phase,safenest-node-01
25.1050,-0.010000,S001,S001_NORMAL_D15,1,NORMAL_D15,15.00,1.7220,,MR60BHA2_breath_phase,safenest-node-01
25.2050,-0.010000,S001,S001_NORMAL_D15,1,NORMAL_D15,15.00,1.7220,,MR60BHA2_breath_phase,safenest-node-01
25.3050,-0.010000,S001,S001_NORMAL_D15,1,NORMAL_D15,15.00,1.7220,,MR60BHA2_breath_phase,safenest-node-01
25.4050,-0.010000,S001,S001_NORMAL_D15,1,NORMAL_D15,15.00,1.7220,,MR60BHA2_breath_phase,safenest-node-01
25.5050,-0.010000,S001,S001_NORMAL_D15,1,NORMAL_D15,15.00,1.7220,,MR60BHA2_breath_phase,safenest-node-01
25.6050,-0.010000,S001,S001_NORMAL_D15,1,NORMAL_D15,15.00,1.7220,,MR60BHA2_breath_phase,safenest-node-01
25.7050,-0.010000,S001,S001_NORMAL_D15,1,NORMAL_D15,15.00,1.7220,,MR60BHA2_breath_phase,safenest-node-01
25.8050,-0.010000,S001,S001_NORMAL_D15,1,NORMAL_D15,15.00,1.7220,,MR60BHA2_breath_phase,safenest-node-01
25.9050,-0.010000,S001,S001_NORMAL_D15,1,NORMAL_D15,15.00,1.7220,,MR60BHA2_breath_phase,safenest-node-01
26.0050,-0.010000,S001,S001_NORMAL_D15,1,NORMAL_D15,15.00,1.7220,,MR60BHA2_breath_phase,safenest-node-01
26.1050,-0.010000,S001,S001_NORMAL_D15,1,NORMAL_D15,15.00,1.7220,,MR60BHA2_breath_phase,safenest-node-01
26.2050,-0.010000,S001,S001_NORMAL_D15,1,NORMAL_D15,15.00,1.7220,,MR60BHA2_breath_phase,safenest-node-01
26.3050,-0.010000,S001,S001_NORMAL_D15,1,NORMAL_D15,15.00,1.7220,,MR60BHA2_breath_phase,safenest-node-01
26.4050,-0.010000,S001,S001_NORMAL_D15,1,NORMAL_D15,15.00,1.7220,,MR60BHA2_breath_phase,safenest-node-01
26.5050,-0.010000,S001,S001_NORMAL_D15,1,NORMAL_D15,15.00,1.7220,,MR60BHA2_breath_phase,safenest-node-01
26.6050,-0.010000,S001,S001_NORMAL_D15,1,NORMAL_D15,15.00,1.7220,,MR60BHA2_breath_phase,safenest-node-01
26.7050,-0.010000,S001,S001_NORMAL_D15,1,NORMAL_D15,15.00,1.7220,,MR60BHA2_breath_phase,safenest-node-01
26.8050,-0.010000,S001,S001_NORMAL_D15,1,NORMAL_D15,15.00,1.7220,,MR60BHA2_breath_phase,safenest-node-01
26.9050,-0.010000,S001,S001_NORMAL_D15,1,NORMAL_D15,15.00,1.7220,,MR60BHA2_breath_phase,safenest-node-01
27.0050,-0.010000,S001,S001_NORMAL_D15,1,NORMAL_D15,15.00,1.7220,,MR60BHA2_breath_phase,safenest-node-01
27.1050,-0.010000,S001,S001_NORMAL_D15,1,NORMAL_D15,15.00,1.7220,,MR60BHA2_breath_phase,safenest-node-01
27.2050,-0.010000,S001,S001_NORMAL_D15,1,NORMAL_D15,15.00,1.7220,,MR60BHA2_breath_phase,safenest-node-01
27.3050,-0.010000,S001,S001_NORMAL_D15,1,NORMAL_D15,15.00,1.7220,,MR60BHA2_breath_phase,safenest-node-01
27.4050,-0.010000,S001,S001_NORMAL_D15,1,NORMAL_D15,15.00,1.7220,,MR60BHA2_breath_phase,safenest-node-01
27.5050,-0.010000,S001,S001_NORMAL_D15,1,NORMAL_D15,15.00,1.7220,,MR60BHA2_breath_phase,safenest-node-01
27.6050,-0.010000,S001,S001_NORMAL_D15,1,NORMAL_D15,15.00,1.7220,,MR60BHA2_breath_phase,safenest-node-01
27.7050,-0.010000,S001,S001_NORMAL_D15,1,NORMAL_D15,15.00,1.7220,,MR60BHA2_breath_phase,safenest-node-01
27.8050,-0.010000,S001,S001_NORMAL_D15,1,NORMAL_D15,15.00,1.7220,,MR60BHA2_breath_phase,safenest-node-01
27.9050,-0.010000,S001,S001_NORMAL_D15,1,NORMAL_D15,15.00,1.7220,,MR60BHA2_breath_phase,safenest-node-01
28.0050,-0.010000,S001,S001_NORMAL_D15,1,NORMAL_D15,15.00,1.7220,,MR60BHA2_breath_phase,safenest-node-01
28.1050,-0.010000,S001,S001_NORMAL_D15,1,NORMAL_D15,15.00,1.7220,,MR60BHA2_breath_phase,safenest-node-01
28.2050,-0.010000,S001,S001_NORMAL_D15,1,NORMAL_D15,15.00,1.7220,,MR60BHA2_breath_phase,safenest-node-01
28.3050,-0.010000,S001,S001_NORMAL_D15,1,NORMAL_D15,15.00,1.7220,,MR60BHA2_breath_phase,safenest-node-01
28.4050,-0.010000,S001,S001_NORMAL_D15,1,NORMAL_D15,15.00,1.7220,,MR60BHA2_breath_phase,safenest-node-01
28.5050,-0.010000,S001,S001_NORMAL_D15,1,NORMAL_D15,15.00,1.7220,,MR60BHA2_breath_phase,safenest-node-01
28.6050,-0.010000,S001,S001_NORMAL_D15,1,NORMAL_D15,15.00,1.7794,,MR60BHA2_breath_phase,safenest-node-01
28.7050,-0.010000,S001,S001_NORMAL_D15,1,NORMAL_D15,15.00,1.7794,,MR60BHA2_breath_phase,safenest-node-01
28.8050,-0.010000,S001,S001_NORMAL_D15,1,NORMAL_D15,15.00,1.7794,,MR60BHA2_breath_phase,safenest-node-01
28.9050,-0.010000,S001,S001_NORMAL_D15,1,NORMAL_D15,15.00,1.7794,,MR60BHA2_breath_phase,safenest-node-01
29.0050,-0.010000,S001,S001_NORMAL_D15,1,NORMAL_D15,15.00,1.7794,,MR60BHA2_breath_phase,safenest-node-01
29.1050,-0.010000,S001,S001_NORMAL_D15,1,NORMAL_D15,15.00,1.7794,,MR60BHA2_breath_phase,safenest-node-01
29.2050,-0.010000,S001,S001_NORMAL_D15,1,NORMAL_D15,15.00,1.7794,,MR60BHA2_breath_phase,safenest-node-01
29.3050,-0.010000,S001,S001_NORMAL_D15,1,NORMAL_D15,15.00,1.7794,,MR60BHA2_breath_phase,safenest-node-01
29.4050,-0.010000,S001,S001_NORMAL_D15,1,NORMAL_D15,15.00,1.7794,,MR60BHA2_breath_phase,safenest-node-01
29.5050,-0.010000,S001,S001_NORMAL_D15,1,NORMAL_D15,15.00,1.7794,,MR60BHA2_breath_phase,safenest-node-01
29.6050,-0.010000,S001,S001_NORMAL_D15,1,NORMAL_D15,15.00,1.8368,,MR60BHA2_breath_phase,safenest-node-01
29.7050,-0.010000,S001,S001_NORMAL_D15,1,NORMAL_D15,15.00,1.8368,,MR60BHA2_breath_phase,safenest-node-01
29.8050,-0.010000,S001,S001_NORMAL_D15,1,NORMAL_D15,15.00,1.8368,,MR60BHA2_breath_phase,safenest-node-01
29.9050,-0.010000,S001,S001_NORMAL_D15,1,NORMAL_D15,15.00,1.8368,,MR60BHA2_breath_phase,safenest-node-01
30.0050,-0.010000,S001,S001_NORMAL_D15,1,NORMAL_D15,15.00,1.8368,,MR60BHA2_breath_phase,safenest-node-01
30.1050,-0.010000,S001,S001_NORMAL_D15,1,NORMAL_D15,15.00,1.8368,,MR60BHA2_breath_phase,safenest-node-01
30.2050,-0.010000,S001,S001_NORMAL_D15,1,NORMAL_D15,15.00,1.7794,,MR60BHA2_breath_phase,safenest-node-01
30.3050,-0.010000,S001,S001_NORMAL_D15,1,NORMAL_D15,15.00,1.7794,,MR60BHA2_breath_phase,safenest-node-01
30.4050,-0.010000,S001,S001_NORMAL_D15,1,NORMAL_D15,15.00,1.7794,,MR60BHA2_breath_phase,safenest-node-01
30.5050,-0.010000,S001,S001_NORMAL_D15,1,NORMAL_D15,15.00,1.7794,,MR60BHA2_breath_phase,safenest-node-01
30.6050,-0.010000,S001,S001_NORMAL_D15,1,NORMAL_D15,15.00,1.7794,,MR60BHA2_breath_phase,safenest-node-01
30.7050,-0.010000,S001,S001_NORMAL_D15,1,NORMAL_D15,15.00,1.7794,,MR60BHA2_breath_phase,safenest-node-01
30.8050,-0.010000,S001,S001_NORMAL_D15,1,NORMAL_D15,15.00,1.7794,,MR60BHA2_breath_phase,safenest-node-01
30.9050,-0.010000,S001,S001_NORMAL_D15,1,NORMAL_D15,15.00,1.7794,,MR60BHA2_breath_phase,safenest-node-01
31.0050,-0.010000,S001,S001_NORMAL_D15,1,NORMAL_D15,15.00,1.7794,,MR60BHA2_breath_phase,safenest-node-01
31.1050,-0.010000,S001,S001_NORMAL_D15,1,NORMAL_D15,15.00,1.7794,,MR60BHA2_breath_phase,safenest-node-01
31.2050,-0.010000,S001,S001_NORMAL_D15,1,NORMAL_D15,15.00,1.7794,,MR60BHA2_breath_phase,safenest-node-01
31.3050,-0.010000,S001,S001_NORMAL_D15,1,NORMAL_D15,15.00,1.7794,,MR60BHA2_breath_phase,safenest-node-01
31.4050,-0.010000,S001,S001_NORMAL_D15,1,NORMAL_D15,15.00,1.7794,,MR60BHA2_breath_phase,safenest-node-01
31.5050,-0.010000,S001,S001_NORMAL_D15,1,NORMAL_D15,15.00,1.7794,,MR60BHA2_breath_phase,safenest-node-01
31.6050,-0.010000,S001,S001_NORMAL_D15,1,NORMAL_D15,15.00,1.7794,,MR60BHA2_breath_phase,safenest-node-01
31.7050,-0.010000,S001,S001_NORMAL_D15,1,NORMAL_D15,15.00,1.7794,,MR60BHA2_breath_phase,safenest-node-01
31.8050,-0.010000,S001,S001_NORMAL_D15,1,NORMAL_D15,15.00,1.7794,,MR60BHA2_breath_phase,safenest-node-01
31.9050,-0.010000,S001,S001_NORMAL_D15,1,NORMAL_D15,15.00,1.7794,,MR60BHA2_breath_phase,safenest-node-01
32.0050,-0.010000,S001,S001_NORMAL_D15,1,NORMAL_D15,15.00,1.7794,,MR60BHA2_breath_phase,safenest-node-01
32.1050,-0.010000,S001,S001_NORMAL_D15,1,NORMAL_D15,15.00,1.7794,,MR60BHA2_breath_phase,safenest-node-01
32.2050,-0.010000,S001,S001_NORMAL_D15,1,NORMAL_D15,15.00,1.7794,,MR60BHA2_breath_phase,safenest-node-01
32.3050,-0.010000,S001,S001_NORMAL_D15,1,NORMAL_D15,15.00,1.7794,,MR60BHA2_breath_phase,safenest-node-01
32.4050,-0.010000,S001,S001_NORMAL_D15,1,NORMAL_D15,15.00,1.7794,,MR60BHA2_breath_phase,safenest-node-01
32.5050,-0.010000,S001,S001_NORMAL_D15,1,NORMAL_D15,15.00,1.7794,,MR60BHA2_breath_phase,safenest-node-01
32.6050,-0.010000,S001,S001_NORMAL_D15,1,NORMAL_D15,15.00,1.7794,,MR60BHA2_breath_phase,safenest-node-01
32.7050,-0.010000,S001,S001_NORMAL_D15,1,NORMAL_D15,15.00,1.7794,,MR60BHA2_breath_phase,safenest-node-01
32.8050,-0.010000,S001,S001_NORMAL_D15,1,NORMAL_D15,15.00,1.7794,,MR60BHA2_breath_phase,safenest-node-01
32.9050,-0.010000,S001,S001_NORMAL_D15,1,NORMAL_D15,15.00,1.7794,,MR60BHA2_breath_phase,safenest-node-01
33.0050,-0.010000,S001,S001_NORMAL_D15,1,NORMAL_D15,15.00,1.7794,,MR60BHA2_breath_phase,safenest-node-01
33.1050,-0.010000,S001,S001_NORMAL_D15,1,NORMAL_D15,15.00,1.7794,,MR60BHA2_breath_phase,safenest-node-01
33.2050,-0.010000,S001,S001_NORMAL_D15,1,NORMAL_D15,15.00,1.7794,,MR60BHA2_breath_phase,safenest-node-01
33.3050,-0.010000,S001,S001_NORMAL_D15,1,NORMAL_D15,15.00,1.7794,,MR60BHA2_breath_phase,safenest-node-01
33.4050,-0.010000,S001,S001_NORMAL_D15,1,NORMAL_D15,15.00,1.7794,,MR60BHA2_breath_phase,safenest-node-01
33.5050,-0.010000,S001,S001_NORMAL_D15,1,NORMAL_D15,15.00,1.7794,,MR60BHA2_breath_phase,safenest-node-01
33.6050,-0.010000,S001,S001_NORMAL_D15,1,NORMAL_D15,15.00,1.7794,,MR60BHA2_breath_phase,safenest-node-01
33.7050,-0.010000,S001,S001_NORMAL_D15,1,NORMAL_D15,15.00,1.7794,,MR60BHA2_breath_phase,safenest-node-01
33.8050,-0.010000,S001,S001_NORMAL_D15,1,NORMAL_D15,15.00,1.7794,,MR60BHA2_breath_phase,safenest-node-01
33.9050,-0.010000,S001,S001_NORMAL_D15,1,NORMAL_D15,15.00,1.7794,,MR60BHA2_breath_phase,safenest-node-01
34.0050,-0.010000,S001,S001_NORMAL_D15,1,NORMAL_D15,15.00,1.7794,,MR60BHA2_breath_phase,safenest-node-01
34.1050,-0.010000,S001,S001_NORMAL_D15,1,NORMAL_D15,15.00,1.7794,,MR60BHA2_breath_phase,safenest-node-01
34.2050,-0.010000,S001,S001_NORMAL_D15,1,NORMAL_D15,15.00,1.7794,,MR60BHA2_breath_phase,safenest-node-01
34.3050,-0.010000,S001,S001_NORMAL_D15,1,NORMAL_D15,15.00,1.7794,,MR60BHA2_breath_phase,safenest-node-01
34.4050,-0.010000,S001,S001_NORMAL_D15,1,NORMAL_D15,15.00,1.8368,,MR60BHA2_breath_phase,safenest-node-01
34.5050,-0.010000,S001,S001_NORMAL_D15,1,NORMAL_D15,15.00,1.8368,,MR60BHA2_breath_phase,safenest-node-01
34.6050,-0.010000,S001,S001_NORMAL_D15,1,NORMAL_D15,15.00,1.8368,,MR60BHA2_breath_phase,safenest-node-01
34.7050,-0.010000,S001,S001_NORMAL_D15,1,NORMAL_D15,15.00,1.8368,,MR60BHA2_breath_phase,safenest-node-01
34.8050,-0.010000,S001,S001_NORMAL_D15,1,NORMAL_D15,15.00,1.8368,,MR60BHA2_breath_phase,safenest-node-01
34.9050,-0.010000,S001,S001_NORMAL_D15,1,NORMAL_D15,15.00,1.8368,,MR60BHA2_breath_phase,safenest-node-01
35.0050,-0.010000,S001,S001_NORMAL_D15,1,NORMAL_D15,15.00,1.8368,,MR60BHA2_breath_phase,safenest-node-01
35.1050,-0.010000,S001,S001_NORMAL_D15,1,NORMAL_D15,15.00,1.8368,,MR60BHA2_breath_phase,safenest-node-01
35.2050,-0.010000,S001,S001_NORMAL_D15,1,NORMAL_D15,15.00,1.8368,,MR60BHA2_breath_phase,safenest-node-01
35.3060,-0.010000,S001,S001_NORMAL_D15,1,NORMAL_D15,15.00,1.8368,,MR60BHA2_breath_phase,safenest-node-01
35.4060,-0.010000,S001,S001_NORMAL_D15,1,NORMAL_D15,15.00,1.8368,,MR60BHA2_breath_phase,safenest-node-01
35.5060,-0.010000,S001,S001_NORMAL_D15,1,NORMAL_D15,15.00,1.8368,,MR60BHA2_breath_phase,safenest-node-01
35.6060,-0.010000,S001,S001_NORMAL_D15,1,NORMAL_D15,15.00,1.8368,,MR60BHA2_breath_phase,safenest-node-01
35.7060,-0.010000,S001,S001_NORMAL_D15,1,NORMAL_D15,15.00,1.8368,,MR60BHA2_breath_phase,safenest-node-01
35.8060,-0.010000,S001,S001_NORMAL_D15,1,NORMAL_D15,15.00,1.8368,,MR60BHA2_breath_phase,safenest-node-01
35.9060,-0.010000,S001,S001_NORMAL_D15,1,NORMAL_D15,15.00,1.8368,,MR60BHA2_breath_phase,safenest-node-01
36.0060,-0.010000,S001,S001_NORMAL_D15,1,NORMAL_D15,15.00,1.8368,,MR60BHA2_breath_phase,safenest-node-01
36.1060,-0.010000,S001,S001_NORMAL_D15,1,NORMAL_D15,15.00,1.8368,,MR60BHA2_breath_phase,safenest-node-01
36.2060,-0.010000,S001,S001_NORMAL_D15,1,NORMAL_D15,15.00,1.8368,,MR60BHA2_breath_phase,safenest-node-01
36.3060,-0.010000,S001,S001_NORMAL_D15,1,NORMAL_D15,15.00,1.8368,,MR60BHA2_breath_phase,safenest-node-01
36.4060,-0.010000,S001,S001_NORMAL_D15,1,NORMAL_D15,15.00,1.8368,,MR60BHA2_breath_phase,safenest-node-01
36.5060,-0.010000,S001,S001_NORMAL_D15,1,NORMAL_D15,15.00,1.8368,,MR60BHA2_breath_phase,safenest-node-01
36.6060,-0.010000,S001,S001_NORMAL_D15,1,NORMAL_D15,15.00,1.8368,,MR60BHA2_breath_phase,safenest-node-01
36.7060,-0.010000,S001,S001_NORMAL_D15,1,NORMAL_D15,15.00,1.8368,,MR60BHA2_breath_phase,safenest-node-01
36.8060,-0.010000,S001,S001_NORMAL_D15,1,NORMAL_D15,15.00,1.8368,,MR60BHA2_breath_phase,safenest-node-01
36.9060,-0.010000,S001,S001_NORMAL_D15,1,NORMAL_D15,15.00,1.8368,,MR60BHA2_breath_phase,safenest-node-01
37.0060,-0.010000,S001,S001_NORMAL_D15,1,NORMAL_D15,15.00,1.8368,,MR60BHA2_breath_phase,safenest-node-01
37.1060,-0.010000,S001,S001_NORMAL_D15,1,NORMAL_D15,15.00,1.8368,,MR60BHA2_breath_phase,safenest-node-01
37.2060,-0.010000,S001,S001_NORMAL_D15,1,NORMAL_D15,15.00,1.8368,,MR60BHA2_breath_phase,safenest-node-01
37.3060,-0.010000,S001,S001_NORMAL_D15,1,NORMAL_D15,15.00,1.8368,,MR60BHA2_breath_phase,safenest-node-01
37.4060,-0.010000,S001,S001_NORMAL_D15,1,NORMAL_D15,15.00,1.8368,,MR60BHA2_breath_phase,safenest-node-01
37.5060,-0.010000,S001,S001_NORMAL_D15,1,NORMAL_D15,15.00,1.8368,,MR60BHA2_breath_phase,safenest-node-01
37.6060,-0.010000,S001,S001_NORMAL_D15,1,NORMAL_D15,15.00,1.8368,,MR60BHA2_breath_phase,safenest-node-01
37.7060,-0.010000,S001,S001_NORMAL_D15,1,NORMAL_D15,15.00,1.8368,,MR60BHA2_breath_phase,safenest-node-01
37.8060,-0.010000,S001,S001_NORMAL_D15,1,NORMAL_D15,15.00,1.8368,,MR60BHA2_breath_phase,safenest-node-01
37.9060,-0.010000,S001,S001_NORMAL_D15,1,NORMAL_D15,15.00,1.8368,,MR60BHA2_breath_phase,safenest-node-01
38.0060,-0.010000,S001,S001_NORMAL_D15,1,NORMAL_D15,15.00,1.8368,,MR60BHA2_breath_phase,safenest-node-01
38.1060,-0.010000,S001,S001_NORMAL_D15,1,NORMAL_D15,15.00,1.8368,,MR60BHA2_breath_phase,safenest-node-01
38.2060,-0.010000,S001,S001_NORMAL_D15,1,NORMAL_D15,15.00,1.8368,,MR60BHA2_breath_phase,safenest-node-01
38.3060,-0.010000,S001,S001_NORMAL_D15,1,NORMAL_D15,15.00,1.8368,,MR60BHA2_breath_phase,safenest-node-01
38.4060,-0.010000,S001,S001_NORMAL_D15,1,NORMAL_D15,15.00,1.8368,,MR60BHA2_breath_phase,safenest-node-01
38.5060,-0.010000,S001,S001_NORMAL_D15,1,NORMAL_D15,15.00,1.8368,,MR60BHA2_breath_phase,safenest-node-01
38.6060,-0.010000,S001,S001_NORMAL_D15,1,NORMAL_D15,15.00,1.8368,,MR60BHA2_breath_phase,safenest-node-01
38.7060,-0.010000,S001,S001_NORMAL_D15,1,NORMAL_D15,15.00,1.8368,,MR60BHA2_breath_phase,safenest-node-01
38.8060,-0.010000,S001,S001_NORMAL_D15,1,NORMAL_D15,15.00,1.8368,,MR60BHA2_breath_phase,safenest-node-01
38.9070,-0.010000,S001,S001_NORMAL_D15,1,NORMAL_D15,15.00,1.8368,,MR60BHA2_breath_phase,safenest-node-01
39.0070,-0.010000,S001,S001_NORMAL_D15,1,NORMAL_D15,15.00,1.8368,,MR60BHA2_breath_phase,safenest-node-01
39.1070,-0.010000,S001,S001_NORMAL_D15,1,NORMAL_D15,15.00,1.8368,,MR60BHA2_breath_phase,safenest-node-01
39.2070,-0.010000,S001,S001_NORMAL_D15,1,NORMAL_D15,15.00,1.8368,,MR60BHA2_breath_phase,safenest-node-01
39.3070,-0.010000,S001,S001_NORMAL_D15,1,NORMAL_D15,15.00,1.8368,,MR60BHA2_breath_phase,safenest-node-01
39.4070,-0.010000,S001,S001_NORMAL_D15,1,NORMAL_D15,15.00,1.8368,,MR60BHA2_breath_phase,safenest-node-01
39.5070,-0.010000,S001,S001_NORMAL_D15,1,NORMAL_D15,15.00,1.8368,,MR60BHA2_breath_phase,safenest-node-01
39.6070,-0.010000,S001,S001_NORMAL_D15,1,NORMAL_D15,15.00,1.8368,,MR60BHA2_breath_phase,safenest-node-01
39.7080,-0.010000,S001,S001_NORMAL_D15,1,NORMAL_D15,15.00,1.8368,,MR60BHA2_breath_phase,safenest-node-01
39.8080,-0.010000,S001,S001_NORMAL_D15,1,NORMAL_D15,15.00,1.7794,,MR60BHA2_breath_phase,safenest-node-01
39.9080,-0.010000,S001,S001_NORMAL_D15,1,NORMAL_D15,15.00,1.7794,,MR60BHA2_breath_phase,safenest-node-01
40.0080,-0.010000,S001,S001_NORMAL_D15,1,NORMAL_D15,15.00,1.7794,,MR60BHA2_breath_phase,safenest-node-01
40.1080,-0.010000,S001,S001_NORMAL_D15,1,NORMAL_D15,15.00,1.7794,,MR60BHA2_breath_phase,safenest-node-01
40.2080,-0.010000,S001,S001_NORMAL_D15,1,NORMAL_D15,15.00,1.7794,,MR60BHA2_breath_phase,safenest-node-01
40.3080,-0.010000,S001,S001_NORMAL_D15,1,NORMAL_D15,15.00,1.7794,,MR60BHA2_breath_phase,safenest-node-01
40.4080,-0.010000,S001,S001_NORMAL_D15,1,NORMAL_D15,15.00,1.7794,,MR60BHA2_breath_phase,safenest-node-01
40.5080,-0.010000,S001,S001_NORMAL_D15,1,NORMAL_D15,15.00,1.7794,,MR60BHA2_breath_phase,safenest-node-01
40.6080,-0.010000,S001,S001_NORMAL_D15,1,NORMAL_D15,15.00,1.7794,,MR60BHA2_breath_phase,safenest-node-01
40.7080,-0.010000,S001,S001_NORMAL_D15,1,NORMAL_D15,15.00,1.7794,,MR60BHA2_breath_phase,safenest-node-01
40.8080,-0.010000,S001,S001_NORMAL_D15,1,NORMAL_D15,15.00,1.7794,,MR60BHA2_breath_phase,safenest-node-01
40.9080,-0.010000,S001,S001_NORMAL_D15,1,NORMAL_D15,15.00,1.7794,,MR60BHA2_breath_phase,safenest-node-01
41.0080,-0.010000,S001,S001_NORMAL_D15,1,NORMAL_D15,15.00,1.8368,,MR60BHA2_breath_phase,safenest-node-01
41.1080,-0.010000,S001,S001_NORMAL_D15,1,NORMAL_D15,15.00,1.8368,,MR60BHA2_breath_phase,safenest-node-01
41.2080,-0.010000,S001,S001_NORMAL_D15,1,NORMAL_D15,15.00,1.8368,,MR60BHA2_breath_phase,safenest-node-01
41.3080,-0.010000,S001,S001_NORMAL_D15,1,NORMAL_D15,15.00,1.8368,,MR60BHA2_breath_phase,safenest-node-01
41.4080,-0.010000,S001,S001_NORMAL_D15,1,NORMAL_D15,15.00,1.8368,,MR60BHA2_breath_phase,safenest-node-01
41.5080,-0.010000,S001,S001_NORMAL_D15,1,NORMAL_D15,15.00,1.8368,,MR60BHA2_breath_phase,safenest-node-01
41.6080,-0.010000,S001,S001_NORMAL_D15,1,NORMAL_D15,15.00,1.8368,,MR60BHA2_breath_phase,safenest-node-01
41.7080,-0.010000,S001,S001_NORMAL_D15,1,NORMAL_D15,15.00,1.8368,,MR60BHA2_breath_phase,safenest-node-01
41.8080,-0.010000,S001,S001_NORMAL_D15,1,NORMAL_D15,15.00,1.8368,,MR60BHA2_breath_phase,safenest-node-01
41.9080,-0.010000,S001,S001_NORMAL_D15,1,NORMAL_D15,15.00,1.8368,,MR60BHA2_breath_phase,safenest-node-01
42.0080,-0.010000,S001,S001_NORMAL_D15,1,NORMAL_D15,15.00,1.8368,,MR60BHA2_breath_phase,safenest-node-01
42.1080,-0.010000,S001,S001_NORMAL_D15,1,NORMAL_D15,15.00,1.8368,,MR60BHA2_breath_phase,safenest-node-01
42.2080,-0.010000,S001,S001_NORMAL_D15,1,NORMAL_D15,15.00,1.8368,,MR60BHA2_breath_phase,safenest-node-01
42.3080,-0.010000,S001,S001_NORMAL_D15,1,NORMAL_D15,15.00,1.8368,,MR60BHA2_breath_phase,safenest-node-01
42.4080,-0.010000,S001,S001_NORMAL_D15,0,NORMAL_D15,15.00,,,MR60BHA2_breath_phase,safenest-node-01
42.5080,-0.010000,S001,S001_NORMAL_D15,0,NORMAL_D15,15.00,,,MR60BHA2_breath_phase,safenest-node-01
42.6080,-0.010000,S001,S001_NORMAL_D15,0,NORMAL_D15,15.00,,,MR60BHA2_breath_phase,safenest-node-01
42.7080,-0.010000,S001,S001_NORMAL_D15,0,NORMAL_D15,15.00,,,MR60BHA2_breath_phase,safenest-node-01
42.8080,-0.010000,S001,S001_NORMAL_D15,0,NORMAL_D15,15.00,,,MR60BHA2_breath_phase,safenest-node-01
42.9080,-0.010000,S001,S001_NORMAL_D15,0,NORMAL_D15,15.00,,,MR60BHA2_breath_phase,safenest-node-01
43.0080,-0.010000,S001,S001_NORMAL_D15,0,NORMAL_D15,15.00,,,MR60BHA2_breath_phase,safenest-node-01
43.1080,-0.010000,S001,S001_NORMAL_D15,0,NORMAL_D15,15.00,,,MR60BHA2_breath_phase,safenest-node-01
43.2080,-0.010000,S001,S001_NORMAL_D15,0,NORMAL_D15,15.00,,,MR60BHA2_breath_phase,safenest-node-01
43.3080,-0.010000,S001,S001_NORMAL_D15,0,NORMAL_D15,15.00,,,MR60BHA2_breath_phase,safenest-node-01
43.4080,-0.010000,S001,S001_NORMAL_D15,0,NORMAL_D15,15.00,,,MR60BHA2_breath_phase,safenest-node-01
43.5080,-0.010000,S001,S001_NORMAL_D15,0,NORMAL_D15,15.00,,,MR60BHA2_breath_phase,safenest-node-01
43.6080,-0.010000,S001,S001_NORMAL_D15,0,NORMAL_D15,15.00,,,MR60BHA2_breath_phase,safenest-node-01
43.7080,-0.010000,S001,S001_NORMAL_D15,0,NORMAL_D15,15.00,,,MR60BHA2_breath_phase,safenest-node-01
43.8080,-0.010000,S001,S001_NORMAL_D15,0,NORMAL_D15,15.00,,,MR60BHA2_breath_phase,safenest-node-01
43.9080,-0.010000,S001,S001_NORMAL_D15,0,NORMAL_D15,15.00,,,MR60BHA2_breath_phase,safenest-node-01
44.0080,-0.010000,S001,S001_NORMAL_D15,0,NORMAL_D15,15.00,,,MR60BHA2_breath_phase,safenest-node-01
44.1080,-0.010000,S001,S001_NORMAL_D15,0,NORMAL_D15,15.00,,,MR60BHA2_breath_phase,safenest-node-01
44.2080,-0.010000,S001,S001_NORMAL_D15,0,NORMAL_D15,15.00,,,MR60BHA2_breath_phase,safenest-node-01
44.3080,-0.010000,S001,S001_NORMAL_D15,0,NORMAL_D15,15.00,,,MR60BHA2_breath_phase,safenest-node-01
44.4080,-0.010000,S001,S001_NORMAL_D15,0,NORMAL_D15,15.00,,,MR60BHA2_breath_phase,safenest-node-01
44.5080,-0.010000,S001,S001_NORMAL_D15,0,NORMAL_D15,15.00,,,MR60BHA2_breath_phase,safenest-node-01
44.6080,-0.010000,S001,S001_NORMAL_D15,0,NORMAL_D15,15.00,,,MR60BHA2_breath_phase,safenest-node-01
44.7080,-0.010000,S001,S001_NORMAL_D15,0,NORMAL_D15,15.00,,,MR60BHA2_breath_phase,safenest-node-01
44.8080,-0.010000,S001,S001_NORMAL_D15,0,NORMAL_D15,15.00,,,MR60BHA2_breath_phase,safenest-node-01
44.9080,-0.010000,S001,S001_NORMAL_D15,0,NORMAL_D15,15.00,,,MR60BHA2_breath_phase,safenest-node-01
45.0080,-0.010000,S001,S001_NORMAL_D15,0,NORMAL_D15,15.00,,,MR60BHA2_breath_phase,safenest-node-01
45.1080,-0.010000,S001,S001_NORMAL_D15,0,NORMAL_D15,15.00,,,MR60BHA2_breath_phase,safenest-node-01
45.2080,-0.010000,S001,S001_NORMAL_D15,0,NORMAL_D15,15.00,,,MR60BHA2_breath_phase,safenest-node-01
45.3080,-0.010000,S001,S001_NORMAL_D15,0,NORMAL_D15,15.00,,,MR60BHA2_breath_phase,safenest-node-01
45.4080,-0.010000,S001,S001_NORMAL_D15,0,NORMAL_D15,15.00,,,MR60BHA2_breath_phase,safenest-node-01
45.5080,-0.010000,S001,S001_NORMAL_D15,0,NORMAL_D15,15.00,,,MR60BHA2_breath_phase,safenest-node-01
45.6080,-0.010000,S001,S001_NORMAL_D15,0,NORMAL_D15,15.00,,,MR60BHA2_breath_phase,safenest-node-01
45.7080,-0.010000,S001,S001_NORMAL_D15,0,NORMAL_D15,15.00,,,MR60BHA2_breath_phase,safenest-node-01
45.8080,-0.010000,S001,S001_NORMAL_D15,0,NORMAL_D15,15.00,,,MR60BHA2_breath_phase,safenest-node-01
45.9080,-0.010000,S001,S001_NORMAL_D15,0,NORMAL_D15,15.00,,,MR60BHA2_breath_phase,safenest-node-01
46.0080,-0.010000,S001,S001_NORMAL_D15,0,NORMAL_D15,15.00,,,MR60BHA2_breath_phase,safenest-node-01
46.1080,-0.010000,S001,S001_NORMAL_D15,0,NORMAL_D15,15.00,,,MR60BHA2_breath_phase,safenest-node-01
46.2080,-0.010000,S001,S001_NORMAL_D15,0,NORMAL_D15,15.00,,,MR60BHA2_breath_phase,safenest-node-01
46.3080,-0.010000,S001,S001_NORMAL_D15,0,NORMAL_D15,15.00,,,MR60BHA2_breath_phase,safenest-node-01
46.4080,-0.010000,S001,S001_NORMAL_D15,0,NORMAL_D15,15.00,,,MR60BHA2_breath_phase,safenest-node-01
46.5080,-0.010000,S001,S001_NORMAL_D15,0,NORMAL_D15,15.00,,,MR60BHA2_breath_phase,safenest-node-01
46.6080,-0.010000,S001,S001_NORMAL_D15,0,NORMAL_D15,15.00,,,MR60BHA2_breath_phase,safenest-node-01
46.7080,-0.010000,S001,S001_NORMAL_D15,0,NORMAL_D15,15.00,,,MR60BHA2_breath_phase,safenest-node-01
46.8080,-0.010000,S001,S001_NORMAL_D15,0,NORMAL_D15,15.00,,,MR60BHA2_breath_phase,safenest-node-01
46.9080,-0.010000,S001,S001_NORMAL_D15,0,NORMAL_D15,15.00,,,MR60BHA2_breath_phase,safenest-node-01
47.0080,-0.010000,S001,S001_NORMAL_D15,0,NORMAL_D15,15.00,,,MR60BHA2_breath_phase,safenest-node-01
47.1080,-0.010000,S001,S001_NORMAL_D15,0,NORMAL_D15,15.00,,,MR60BHA2_breath_phase,safenest-node-01
47.2080,-0.010000,S001,S001_NORMAL_D15,0,NORMAL_D15,15.00,,,MR60BHA2_breath_phase,safenest-node-01
47.3080,-0.010000,S001,S001_NORMAL_D15,0,NORMAL_D15,15.00,,,MR60BHA2_breath_phase,safenest-node-01
47.4080,-0.010000,S001,S001_NORMAL_D15,0,NORMAL_D15,15.00,,,MR60BHA2_breath_phase,safenest-node-01
47.5080,-0.010000,S001,S001_NORMAL_D15,0,NORMAL_D15,15.00,,,MR60BHA2_breath_phase,safenest-node-01
47.6080,-0.010000,S001,S001_NORMAL_D15,0,NORMAL_D15,15.00,,,MR60BHA2_breath_phase,safenest-node-01
47.7080,-0.010000,S001,S001_NORMAL_D15,0,NORMAL_D15,15.00,,,MR60BHA2_breath_phase,safenest-node-01
47.8080,-0.010000,S001,S001_NORMAL_D15,0,NORMAL_D15,15.00,,,MR60BHA2_breath_phase,safenest-node-01
47.9080,-0.010000,S001,S001_NORMAL_D15,0,NORMAL_D15,15.00,,,MR60BHA2_breath_phase,safenest-node-01
48.0080,-0.010000,S001,S001_NORMAL_D15,0,NORMAL_D15,15.00,,,MR60BHA2_breath_phase,safenest-node-01
48.1080,-0.010000,S001,S001_NORMAL_D15,0,NORMAL_D15,15.00,,,MR60BHA2_breath_phase,safenest-node-01
48.2080,-0.010000,S001,S001_NORMAL_D15,0,NORMAL_D15,15.00,,,MR60BHA2_breath_phase,safenest-node-01
48.3080,-0.010000,S001,S001_NORMAL_D15,0,NORMAL_D15,15.00,,,MR60BHA2_breath_phase,safenest-node-01
48.4080,-0.010000,S001,S001_NORMAL_D15,0,NORMAL_D15,15.00,,,MR60BHA2_breath_phase,safenest-node-01
48.5080,-0.010000,S001,S001_NORMAL_D15,0,NORMAL_D15,15.00,,,MR60BHA2_breath_phase,safenest-node-01
48.6080,-0.010000,S001,S001_NORMAL_D15,0,NORMAL_D15,15.00,,,MR60BHA2_breath_phase,safenest-node-01
48.7080,-0.010000,S001,S001_NORMAL_D15,0,NORMAL_D15,15.00,,,MR60BHA2_breath_phase,safenest-node-01
48.8080,-0.010000,S001,S001_NORMAL_D15,0,NORMAL_D15,15.00,,,MR60BHA2_breath_phase,safenest-node-01
48.9080,-0.010000,S001,S001_NORMAL_D15,0,NORMAL_D15,15.00,,,MR60BHA2_breath_phase,safenest-node-01
49.0080,-0.010000,S001,S001_NORMAL_D15,0,NORMAL_D15,15.00,,,MR60BHA2_breath_phase,safenest-node-01
49.1080,-0.010000,S001,S001_NORMAL_D15,0,NORMAL_D15,15.00,,,MR60BHA2_breath_phase,safenest-node-01
49.2080,-0.010000,S001,S001_NORMAL_D15,0,NORMAL_D15,15.00,,,MR60BHA2_breath_phase,safenest-node-01
49.3080,-0.010000,S001,S001_NORMAL_D15,0,NORMAL_D15,15.00,,,MR60BHA2_breath_phase,safenest-node-01
49.4080,-0.010000,S001,S001_NORMAL_D15,0,NORMAL_D15,15.00,,,MR60BHA2_breath_phase,safenest-node-01
49.5080,-0.010000,S001,S001_NORMAL_D15,0,NORMAL_D15,15.00,,,MR60BHA2_breath_phase,safenest-node-01
49.6080,-0.010000,S001,S001_NORMAL_D15,0,NORMAL_D15,15.00,,,MR60BHA2_breath_phase,safenest-node-01
49.7080,-0.010000,S001,S001_NORMAL_D15,0,NORMAL_D15,15.00,,,MR60BHA2_breath_phase,safenest-node-01
49.8080,-0.010000,S001,S001_NORMAL_D15,0,NORMAL_D15,15.00,,,MR60BHA2_breath_phase,safenest-node-01
49.9080,-0.010000,S001,S001_NORMAL_D15,0,NORMAL_D15,15.00,,,MR60BHA2_breath_phase,safenest-node-01
50.0080,-0.010000,S001,S001_NORMAL_D15,0,NORMAL_D15,15.00,,,MR60BHA2_breath_phase,safenest-node-01
50.1080,-0.010000,S001,S001_NORMAL_D15,0,NORMAL_D15,15.00,,,MR60BHA2_breath_phase,safenest-node-01
50.2080,-0.010000,S001,S001_NORMAL_D15,0,NORMAL_D15,15.00,,,MR60BHA2_breath_phase,safenest-node-01
50.3080,-0.010000,S001,S001_NORMAL_D15,0,NORMAL_D15,15.00,,,MR60BHA2_breath_phase,safenest-node-01
50.4080,-0.010000,S001,S001_NORMAL_D15,0,NORMAL_D15,15.00,,,MR60BHA2_breath_phase,safenest-node-01
50.5080,-0.010000,S001,S001_NORMAL_D15,0,NORMAL_D15,15.00,,,MR60BHA2_breath_phase,safenest-node-01
50.6080,-0.010000,S001,S001_NORMAL_D15,0,NORMAL_D15,15.00,,,MR60BHA2_breath_phase,safenest-node-01
50.7080,-0.010000,S001,S001_NORMAL_D15,0,NORMAL_D15,15.00,,,MR60BHA2_breath_phase,safenest-node-01
50.8080,-0.010000,S001,S001_NORMAL_D15,0,NORMAL_D15,15.00,,,MR60BHA2_breath_phase,safenest-node-01
50.9080,-0.010000,S001,S001_NORMAL_D15,0,NORMAL_D15,15.00,,,MR60BHA2_breath_phase,safenest-node-01
51.0080,-0.010000,S001,S001_NORMAL_D15,0,NORMAL_D15,15.00,,,MR60BHA2_breath_phase,safenest-node-01
51.1080,-0.010000,S001,S001_NORMAL_D15,0,NORMAL_D15,15.00,,,MR60BHA2_breath_phase,safenest-node-01
51.2080,-0.010000,S001,S001_NORMAL_D15,0,NORMAL_D15,15.00,,,MR60BHA2_breath_phase,safenest-node-01
51.3080,-0.010000,S001,S001_NORMAL_D15,0,NORMAL_D15,15.00,,,MR60BHA2_breath_phase,safenest-node-01
51.4080,-0.010000,S001,S001_NORMAL_D15,0,NORMAL_D15,15.00,,,MR60BHA2_breath_phase,safenest-node-01
51.5080,-0.010000,S001,S001_NORMAL_D15,0,NORMAL_D15,15.00,,,MR60BHA2_breath_phase,safenest-node-01
51.6080,-0.010000,S001,S001_NORMAL_D15,0,NORMAL_D15,15.00,,,MR60BHA2_breath_phase,safenest-node-01
51.7080,-0.010000,S001,S001_NORMAL_D15,0,NORMAL_D15,15.00,,,MR60BHA2_breath_phase,safenest-node-01
51.8080,-0.010000,S001,S001_NORMAL_D15,0,NORMAL_D15,15.00,,,MR60BHA2_breath_phase,safenest-node-01
51.9080,-0.010000,S001,S001_NORMAL_D15,0,NORMAL_D15,15.00,,,MR60BHA2_breath_phase,safenest-node-01
52.0080,-0.010000,S001,S001_NORMAL_D15,0,NORMAL_D15,15.00,,,MR60BHA2_breath_phase,safenest-node-01
52.1080,-0.010000,S001,S001_NORMAL_D15,0,NORMAL_D15,15.00,,,MR60BHA2_breath_phase,safenest-node-01
52.2080,-0.010000,S001,S001_NORMAL_D15,0,NORMAL_D15,15.00,,,MR60BHA2_breath_phase,safenest-node-01
52.3080,-0.010000,S001,S001_NORMAL_D15,0,NORMAL_D15,15.00,,,MR60BHA2_breath_phase,safenest-node-01
52.4080,-0.010000,S001,S001_NORMAL_D15,0,NORMAL_D15,15.00,,,MR60BHA2_breath_phase,safenest-node-01
52.5080,-0.010000,S001,S001_NORMAL_D15,0,NORMAL_D15,15.00,,,MR60BHA2_breath_phase,safenest-node-01
52.6080,-0.010000,S001,S001_NORMAL_D15,0,NORMAL_D15,15.00,,,MR60BHA2_breath_phase,safenest-node-01
52.7080,-0.010000,S001,S001_NORMAL_D15,0,NORMAL_D15,15.00,,,MR60BHA2_breath_phase,safenest-node-01
52.8080,-0.010000,S001,S001_NORMAL_D15,0,NORMAL_D15,15.00,,,MR60BHA2_breath_phase,safenest-node-01
52.9080,-0.010000,S001,S001_NORMAL_D15,0,NORMAL_D15,15.00,,,MR60BHA2_breath_phase,safenest-node-01
53.0080,-0.010000,S001,S001_NORMAL_D15,0,NORMAL_D15,15.00,,,MR60BHA2_breath_phase,safenest-node-01
53.1080,-0.010000,S001,S001_NORMAL_D15,0,NORMAL_D15,15.00,,,MR60BHA2_breath_phase,safenest-node-01
53.2080,-0.010000,S001,S001_NORMAL_D15,0,NORMAL_D15,15.00,,,MR60BHA2_breath_phase,safenest-node-01
53.3080,-0.010000,S001,S001_NORMAL_D15,0,NORMAL_D15,15.00,,,MR60BHA2_breath_phase,safenest-node-01
53.4080,-0.010000,S001,S001_NORMAL_D15,0,NORMAL_D15,15.00,,,MR60BHA2_breath_phase,safenest-node-01
53.5080,-0.010000,S001,S001_NORMAL_D15,0,NORMAL_D15,15.00,,,MR60BHA2_breath_phase,safenest-node-01
53.6080,-0.010000,S001,S001_NORMAL_D15,0,NORMAL_D15,15.00,,,MR60BHA2_breath_phase,safenest-node-01
53.7080,-0.010000,S001,S001_NORMAL_D15,0,NORMAL_D15,15.00,,,MR60BHA2_breath_phase,safenest-node-01
53.8080,-0.010000,S001,S001_NORMAL_D15,0,NORMAL_D15,15.00,,,MR60BHA2_breath_phase,safenest-node-01
53.9080,-0.010000,S001,S001_NORMAL_D15,0,NORMAL_D15,15.00,,,MR60BHA2_breath_phase,safenest-node-01
54.0080,-0.010000,S001,S001_NORMAL_D15,0,NORMAL_D15,15.00,,,MR60BHA2_breath_phase,safenest-node-01
54.1080,-0.010000,S001,S001_NORMAL_D15,0,NORMAL_D15,15.00,,,MR60BHA2_breath_phase,safenest-node-01
54.2080,-0.010000,S001,S001_NORMAL_D15,0,NORMAL_D15,15.00,,,MR60BHA2_breath_phase,safenest-node-01
54.3080,-0.010000,S001,S001_NORMAL_D15,0,NORMAL_D15,15.00,,,MR60BHA2_breath_phase,safenest-node-01
54.4080,-0.010000,S001,S001_NORMAL_D15,0,NORMAL_D15,15.00,,,MR60BHA2_breath_phase,safenest-node-01
54.5080,-0.010000,S001,S001_NORMAL_D15,0,NORMAL_D15,15.00,,,MR60BHA2_breath_phase,safenest-node-01
54.6080,-0.010000,S001,S001_NORMAL_D15,0,NORMAL_D15,15.00,,,MR60BHA2_breath_phase,safenest-node-01
54.7080,-0.010000,S001,S001_NORMAL_D15,0,NORMAL_D15,15.00,,,MR60BHA2_breath_phase,safenest-node-01
54.8080,-0.010000,S001,S001_NORMAL_D15,0,NORMAL_D15,15.00,,,MR60BHA2_breath_phase,safenest-node-01
54.9080,-0.010000,S001,S001_NORMAL_D15,0,NORMAL_D15,15.00,,,MR60BHA2_breath_phase,safenest-node-01
55.0080,-0.010000,S001,S001_NORMAL_D15,0,NORMAL_D15,15.00,,,MR60BHA2_breath_phase,safenest-node-01
55.1080,-0.010000,S001,S001_NORMAL_D15,1,NORMAL_D15,15.00,1.8368,,MR60BHA2_breath_phase,safenest-node-01
55.2080,-0.010000,S001,S001_NORMAL_D15,1,NORMAL_D15,15.00,1.8368,,MR60BHA2_breath_phase,safenest-node-01
55.3080,-0.010000,S001,S001_NORMAL_D15,1,NORMAL_D15,15.00,1.8368,,MR60BHA2_breath_phase,safenest-node-01
55.4080,-0.010000,S001,S001_NORMAL_D15,1,NORMAL_D15,15.00,1.8368,,MR60BHA2_breath_phase,safenest-node-01
55.5080,-0.010000,S001,S001_NORMAL_D15,1,NORMAL_D15,15.00,1.8368,,MR60BHA2_breath_phase,safenest-node-01
55.6080,-0.010000,S001,S001_NORMAL_D15,1,NORMAL_D15,15.00,1.8368,,MR60BHA2_breath_phase,safenest-node-01
55.7080,-0.010000,S001,S001_NORMAL_D15,1,NORMAL_D15,15.00,1.8368,,MR60BHA2_breath_phase,safenest-node-01
55.8080,-0.010000,S001,S001_NORMAL_D15,1,NORMAL_D15,15.00,1.8368,,MR60BHA2_breath_phase,safenest-node-01
55.9080,-0.010000,S001,S001_NORMAL_D15,1,NORMAL_D15,15.00,1.8368,,MR60BHA2_breath_phase,safenest-node-01
56.0080,-0.010000,S001,S001_NORMAL_D15,1,NORMAL_D15,15.00,1.8368,,MR60BHA2_breath_phase,safenest-node-01
56.1080,-0.010000,S001,S001_NORMAL_D15,1,NORMAL_D15,15.00,1.8368,,MR60BHA2_breath_phase,safenest-node-01
56.2080,-0.010000,S001,S001_NORMAL_D15,1,NORMAL_D15,15.00,1.8368,,MR60BHA2_breath_phase,safenest-node-01
56.3080,-0.010000,S001,S001_NORMAL_D15,1,NORMAL_D15,15.00,1.8368,,MR60BHA2_breath_phase,safenest-node-01
56.4080,-0.010000,S001,S001_NORMAL_D15,1,NORMAL_D15,15.00,1.8368,,MR60BHA2_breath_phase,safenest-node-01
56.5080,-0.010000,S001,S001_NORMAL_D15,1,NORMAL_D15,15.00,1.8368,,MR60BHA2_breath_phase,safenest-node-01
56.6080,-0.010000,S001,S001_NORMAL_D15,1,NORMAL_D15,15.00,1.8368,,MR60BHA2_breath_phase,safenest-node-01
56.7080,-0.010000,S001,S001_NORMAL_D15,1,NORMAL_D15,15.00,1.8368,,MR60BHA2_breath_phase,safenest-node-01
56.8080,-0.010000,S001,S001_NORMAL_D15,1,NORMAL_D15,15.00,1.8368,,MR60BHA2_breath_phase,safenest-node-01
56.9080,-0.010000,S001,S001_NORMAL_D15,1,NORMAL_D15,15.00,1.8368,,MR60BHA2_breath_phase,safenest-node-01
57.0080,-0.010000,S001,S001_NORMAL_D15,1,NORMAL_D15,15.00,1.8368,,MR60BHA2_breath_phase,safenest-node-01
57.1080,-0.010000,S001,S001_NORMAL_D15,0,NORMAL_D15,15.00,,,MR60BHA2_breath_phase,safenest-node-01
57.2080,-0.010000,S001,S001_NORMAL_D15,0,NORMAL_D15,15.00,,,MR60BHA2_breath_phase,safenest-node-01
57.3080,-0.010000,S001,S001_NORMAL_D15,0,NORMAL_D15,15.00,,,MR60BHA2_breath_phase,safenest-node-01
57.4080,-0.010000,S001,S001_NORMAL_D15,0,NORMAL_D15,15.00,,,MR60BHA2_breath_phase,safenest-node-01
57.5080,-0.010000,S001,S001_NORMAL_D15,0,NORMAL_D15,15.00,,,MR60BHA2_breath_phase,safenest-node-01
57.6080,-0.010000,S001,S001_NORMAL_D15,0,NORMAL_D15,15.00,,,MR60BHA2_breath_phase,safenest-node-01
57.7080,-0.010000,S001,S001_NORMAL_D15,0,NORMAL_D15,15.00,,,MR60BHA2_breath_phase,safenest-node-01
57.8080,-0.010000,S001,S001_NORMAL_D15,0,NORMAL_D15,15.00,,,MR60BHA2_breath_phase,safenest-node-01
57.9080,-0.010000,S001,S001_NORMAL_D15,0,NORMAL_D15,15.00,,,MR60BHA2_breath_phase,safenest-node-01
58.0080,-0.010000,S001,S001_NORMAL_D15,0,NORMAL_D15,15.00,,,MR60BHA2_breath_phase,safenest-node-01
58.1080,-0.010000,S001,S001_NORMAL_D15,0,NORMAL_D15,15.00,,,MR60BHA2_breath_phase,safenest-node-01
58.2080,-0.010000,S001,S001_NORMAL_D15,0,NORMAL_D15,15.00,,,MR60BHA2_breath_phase,safenest-node-01
58.3080,-0.010000,S001,S001_NORMAL_D15,0,NORMAL_D15,15.00,,,MR60BHA2_breath_phase,safenest-node-01
58.4080,-0.010000,S001,S001_NORMAL_D15,0,NORMAL_D15,15.00,,,MR60BHA2_breath_phase,safenest-node-01
58.5080,-0.010000,S001,S001_NORMAL_D15,0,NORMAL_D15,15.00,,,MR60BHA2_breath_phase,safenest-node-01
58.6080,-0.010000,S001,S001_NORMAL_D15,0,NORMAL_D15,15.00,,,MR60BHA2_breath_phase,safenest-node-01
58.7080,-0.010000,S001,S001_NORMAL_D15,0,NORMAL_D15,15.00,,,MR60BHA2_breath_phase,safenest-node-01
58.8080,-0.010000,S001,S001_NORMAL_D15,0,NORMAL_D15,15.00,,,MR60BHA2_breath_phase,safenest-node-01
58.9080,-0.010000,S001,S001_NORMAL_D15,0,NORMAL_D15,15.00,,,MR60BHA2_breath_phase,safenest-node-01
59.0080,-0.010000,S001,S001_NORMAL_D15,0,NORMAL_D15,15.00,,,MR60BHA2_breath_phase,safenest-node-01
59.1080,-0.010000,S001,S001_NORMAL_D15,0,NORMAL_D15,15.00,,,MR60BHA2_breath_phase,safenest-node-01
59.2080,-0.010000,S001,S001_NORMAL_D15,0,NORMAL_D15,15.00,,,MR60BHA2_breath_phase,safenest-node-01
59.3080,-0.010000,S001,S001_NORMAL_D15,0,NORMAL_D15,15.00,,,MR60BHA2_breath_phase,safenest-node-01
59.4080,-0.010000,S001,S001_NORMAL_D15,0,NORMAL_D15,15.00,,,MR60BHA2_breath_phase,safenest-node-01
59.5080,-0.010000,S001,S001_NORMAL_D15,0,NORMAL_D15,15.00,,,MR60BHA2_breath_phase,safenest-node-01
59.6080,-0.010000,S001,S001_NORMAL_D15,0,NORMAL_D15,15.00,,,MR60BHA2_breath_phase,safenest-node-01
59.7080,-0.010000,S001,S001_NORMAL_D15,0,NORMAL_D15,15.00,,,MR60BHA2_breath_phase,safenest-node-01
59.8080,-0.010000,S001,S001_NORMAL_D15,0,NORMAL_D15,15.00,,,MR60BHA2_breath_phase,safenest-node-01
59.9080,-0.010000,S001,S001_NORMAL_D15,0,NORMAL_D15,15.00,,,MR60BHA2_breath_phase,safenest-node-01
60.0080,-0.010000,S001,S001_NORMAL_D15,0,NORMAL_D15,15.00,,,MR60BHA2_breath_phase,safenest-node-01
60.1080,-0.010000,S001,S001_NORMAL_D15,0,NORMAL_D15,15.00,,,MR60BHA2_breath_phase,safenest-node-01
60.2080,-0.010000,S001,S001_NORMAL_D15,0,NORMAL_D15,15.00,,,MR60BHA2_breath_phase,safenest-node-01
60.3080,-0.010000,S001,S001_NORMAL_D15,0,NORMAL_D15,15.00,,,MR60BHA2_breath_phase,safenest-node-01
60.4080,-0.010000,S001,S001_NORMAL_D15,0,NORMAL_D15,15.00,,,MR60BHA2_breath_phase,safenest-node-01
60.5080,-0.010000,S001,S001_NORMAL_D15,0,NORMAL_D15,15.00,,,MR60BHA2_breath_phase,safenest-node-01
60.6080,-0.010000,S001,S001_NORMAL_D15,0,NORMAL_D15,15.00,,,MR60BHA2_breath_phase,safenest-node-01
60.7080,-0.010000,S001,S001_NORMAL_D15,0,NORMAL_D15,15.00,,,MR60BHA2_breath_phase,safenest-node-01
60.8080,-0.010000,S001,S001_NORMAL_D15,0,NORMAL_D15,15.00,,,MR60BHA2_breath_phase,safenest-node-01
60.9080,-0.010000,S001,S001_NORMAL_D15,0,NORMAL_D15,15.00,,,MR60BHA2_breath_phase,safenest-node-01
61.0080,-0.010000,S001,S001_NORMAL_D15,0,NORMAL_D15,15.00,,,MR60BHA2_breath_phase,safenest-node-01
61.1080,-0.010000,S001,S001_NORMAL_D15,0,NORMAL_D15,15.00,,,MR60BHA2_breath_phase,safenest-node-01
61.2080,-0.010000,S001,S001_NORMAL_D15,0,NORMAL_D15,15.00,,,MR60BHA2_breath_phase,safenest-node-01
61.3080,-0.010000,S001,S001_NORMAL_D15,0,NORMAL_D15,15.00,,,MR60BHA2_breath_phase,safenest-node-01
61.4080,-0.010000,S001,S001_NORMAL_D15,0,NORMAL_D15,15.00,,,MR60BHA2_breath_phase,safenest-node-01
61.5080,-0.010000,S001,S001_NORMAL_D15,0,NORMAL_D15,15.00,,,MR60BHA2_breath_phase,safenest-node-01
61.6080,-0.010000,S001,S001_NORMAL_D15,0,NORMAL_D15,15.00,,,MR60BHA2_breath_phase,safenest-node-01
61.7080,-0.010000,S001,S001_NORMAL_D15,0,NORMAL_D15,15.00,,,MR60BHA2_breath_phase,safenest-node-01
61.8080,-0.010000,S001,S001_NORMAL_D15,0,NORMAL_D15,15.00,,,MR60BHA2_breath_phase,safenest-node-01
61.9080,-0.010000,S001,S001_NORMAL_D15,0,NORMAL_D15,15.00,,,MR60BHA2_breath_phase,safenest-node-01
62.0080,-0.010000,S001,S001_NORMAL_D15,0,NORMAL_D15,15.00,,,MR60BHA2_breath_phase,safenest-node-01
62.1080,-0.010000,S001,S001_NORMAL_D15,0,NORMAL_D15,15.00,,,MR60BHA2_breath_phase,safenest-node-01
62.2080,-0.010000,S001,S001_NORMAL_D15,0,NORMAL_D15,15.00,,,MR60BHA2_breath_phase,safenest-node-01
62.3080,-0.010000,S001,S001_NORMAL_D15,0,NORMAL_D15,15.00,,,MR60BHA2_breath_phase,safenest-node-01
62.4080,-0.010000,S001,S001_NORMAL_D15,0,NORMAL_D15,15.00,,,MR60BHA2_breath_phase,safenest-node-01
62.5080,-0.010000,S001,S001_NORMAL_D15,0,NORMAL_D15,15.00,,,MR60BHA2_breath_phase,safenest-node-01
62.6080,-0.010000,S001,S001_NORMAL_D15,0,NORMAL_D15,15.00,,,MR60BHA2_breath_phase,safenest-node-01
62.7080,-0.010000,S001,S001_NORMAL_D15,0,NORMAL_D15,15.00,,,MR60BHA2_breath_phase,safenest-node-01
62.8080,-0.010000,S001,S001_NORMAL_D15,0,NORMAL_D15,15.00,,,MR60BHA2_breath_phase,safenest-node-01
62.9080,-0.010000,S001,S001_NORMAL_D15,0,NORMAL_D15,15.00,,,MR60BHA2_breath_phase,safenest-node-01
63.0080,-0.010000,S001,S001_NORMAL_D15,0,NORMAL_D15,15.00,,,MR60BHA2_breath_phase,safenest-node-01
63.1080,-0.010000,S001,S001_NORMAL_D15,0,NORMAL_D15,15.00,,,MR60BHA2_breath_phase,safenest-node-01
63.2080,-0.010000,S001,S001_NORMAL_D15,0,NORMAL_D15,15.00,,,MR60BHA2_breath_phase,safenest-node-01
63.3080,-0.010000,S001,S001_NORMAL_D15,0,NORMAL_D15,15.00,,,MR60BHA2_breath_phase,safenest-node-01
63.4080,-0.010000,S001,S001_NORMAL_D15,0,NORMAL_D15,15.00,,,MR60BHA2_breath_phase,safenest-node-01
63.5080,-0.010000,S001,S001_NORMAL_D15,0,NORMAL_D15,15.00,,,MR60BHA2_breath_phase,safenest-node-01
63.6080,-0.010000,S001,S001_NORMAL_D15,0,NORMAL_D15,15.00,,,MR60BHA2_breath_phase,safenest-node-01
63.7080,-0.010000,S001,S001_NORMAL_D15,0,NORMAL_D15,15.00,,,MR60BHA2_breath_phase,safenest-node-01
63.8080,-0.010000,S001,S001_NORMAL_D15,0,NORMAL_D15,15.00,,,MR60BHA2_breath_phase,safenest-node-01
63.9080,-0.010000,S001,S001_NORMAL_D15,0,NORMAL_D15,15.00,,,MR60BHA2_breath_phase,safenest-node-01
64.0080,-0.010000,S001,S001_NORMAL_D15,0,NORMAL_D15,15.00,,,MR60BHA2_breath_phase,safenest-node-01
64.1080,-0.010000,S001,S001_NORMAL_D15,0,NORMAL_D15,15.00,,,MR60BHA2_breath_phase,safenest-node-01
64.2080,-0.010000,S001,S001_NORMAL_D15,0,NORMAL_D15,15.00,,,MR60BHA2_breath_phase,safenest-node-01
64.3080,-0.010000,S001,S001_NORMAL_D15,0,NORMAL_D15,15.00,,,MR60BHA2_breath_phase,safenest-node-01
64.4080,-0.010000,S001,S001_NORMAL_D15,0,NORMAL_D15,15.00,,,MR60BHA2_breath_phase,safenest-node-01
64.5080,-0.010000,S001,S001_NORMAL_D15,0,NORMAL_D15,15.00,,,MR60BHA2_breath_phase,safenest-node-01
64.6080,-0.010000,S001,S001_NORMAL_D15,0,NORMAL_D15,15.00,,,MR60BHA2_breath_phase,safenest-node-01
64.7080,-0.010000,S001,S001_NORMAL_D15,0,NORMAL_D15,15.00,,,MR60BHA2_breath_phase,safenest-node-01
64.8080,-0.010000,S001,S001_NORMAL_D15,0,NORMAL_D15,15.00,,,MR60BHA2_breath_phase,safenest-node-01
64.9080,-0.010000,S001,S001_NORMAL_D15,0,NORMAL_D15,15.00,,,MR60BHA2_breath_phase,safenest-node-01
65.0080,-0.010000,S001,S001_NORMAL_D15,0,NORMAL_D15,15.00,,,MR60BHA2_breath_phase,safenest-node-01
65.1080,-0.010000,S001,S001_NORMAL_D15,1,NORMAL_D15,15.00,1.8368,,MR60BHA2_breath_phase,safenest-node-01
65.2080,-0.010000,S001,S001_NORMAL_D15,1,NORMAL_D15,15.00,1.8368,,MR60BHA2_breath_phase,safenest-node-01
65.3080,-0.010000,S001,S001_NORMAL_D15,1,NORMAL_D15,15.00,1.8368,,MR60BHA2_breath_phase,safenest-node-01
65.4080,-0.010000,S001,S001_NORMAL_D15,1,NORMAL_D15,15.00,1.8368,,MR60BHA2_breath_phase,safenest-node-01
65.5080,-0.010000,S001,S001_NORMAL_D15,1,NORMAL_D15,15.00,1.8368,,MR60BHA2_breath_phase,safenest-node-01
65.6080,-0.010000,S001,S001_NORMAL_D15,1,NORMAL_D15,15.00,1.8368,,MR60BHA2_breath_phase,safenest-node-01
65.7080,-0.010000,S001,S001_NORMAL_D15,1,NORMAL_D15,15.00,1.8368,,MR60BHA2_breath_phase,safenest-node-01
65.8080,-0.010000,S001,S001_NORMAL_D15,1,NORMAL_D15,15.00,1.8368,,MR60BHA2_breath_phase,safenest-node-01
65.9080,-0.010000,S001,S001_NORMAL_D15,1,NORMAL_D15,15.00,1.8368,,MR60BHA2_breath_phase,safenest-node-01
66.0080,-0.010000,S001,S001_NORMAL_D15,1,NORMAL_D15,15.00,1.8368,,MR60BHA2_breath_phase,safenest-node-01
66.1080,-0.010000,S001,S001_NORMAL_D15,1,NORMAL_D15,15.00,1.8368,,MR60BHA2_breath_phase,safenest-node-01
66.2080,-0.010000,S001,S001_NORMAL_D15,1,NORMAL_D15,15.00,1.8368,,MR60BHA2_breath_phase,safenest-node-01
66.3080,-0.010000,S001,S001_NORMAL_D15,1,NORMAL_D15,15.00,1.8368,,MR60BHA2_breath_phase,safenest-node-01
66.4080,-0.010000,S001,S001_NORMAL_D15,1,NORMAL_D15,15.00,1.8368,,MR60BHA2_breath_phase,safenest-node-01
66.5080,-0.010000,S001,S001_NORMAL_D15,1,NORMAL_D15,15.00,1.8368,,MR60BHA2_breath_phase,safenest-node-01
66.6080,-0.010000,S001,S001_NORMAL_D15,1,NORMAL_D15,15.00,1.8368,,MR60BHA2_breath_phase,safenest-node-01
66.7080,-0.010000,S001,S001_NORMAL_D15,1,NORMAL_D15,15.00,1.8368,,MR60BHA2_breath_phase,safenest-node-01
66.8080,-0.010000,S001,S001_NORMAL_D15,1,NORMAL_D15,15.00,1.8368,,MR60BHA2_breath_phase,safenest-node-01
66.9080,-0.010000,S001,S001_NORMAL_D15,1,NORMAL_D15,15.00,1.8368,,MR60BHA2_breath_phase,safenest-node-01
67.0080,-0.010000,S001,S001_NORMAL_D15,1,NORMAL_D15,15.00,1.8368,,MR60BHA2_breath_phase,safenest-node-01
67.1080,-0.010000,S001,S001_NORMAL_D15,1,NORMAL_D15,15.00,1.8368,,MR60BHA2_breath_phase,safenest-node-01
67.2080,-0.010000,S001,S001_NORMAL_D15,1,NORMAL_D15,15.00,1.8368,,MR60BHA2_breath_phase,safenest-node-01
67.3080,-0.010000,S001,S001_NORMAL_D15,1,NORMAL_D15,15.00,1.8368,,MR60BHA2_breath_phase,safenest-node-01
67.4080,-0.010000,S001,S001_NORMAL_D15,1,NORMAL_D15,15.00,1.8368,,MR60BHA2_breath_phase,safenest-node-01
67.5080,-0.010000,S001,S001_NORMAL_D15,1,NORMAL_D15,15.00,1.8368,,MR60BHA2_breath_phase,safenest-node-01
67.6080,-0.010000,S001,S001_NORMAL_D15,1,NORMAL_D15,15.00,1.8368,,MR60BHA2_breath_phase,safenest-node-01
67.7080,-0.010000,S001,S001_NORMAL_D15,1,NORMAL_D15,15.00,1.8368,,MR60BHA2_breath_phase,safenest-node-01
67.8080,-0.010000,S001,S001_NORMAL_D15,1,NORMAL_D15,15.00,1.8368,,MR60BHA2_breath_phase,safenest-node-01
67.9080,-0.010000,S001,S001_NORMAL_D15,1,NORMAL_D15,15.00,1.8368,,MR60BHA2_breath_phase,safenest-node-01
68.0080,-0.010000,S001,S001_NORMAL_D15,1,NORMAL_D15,15.00,1.8368,,MR60BHA2_breath_phase,safenest-node-01
68.1080,-0.010000,S001,S001_NORMAL_D15,1,NORMAL_D15,15.00,1.8368,,MR60BHA2_breath_phase,safenest-node-01
68.2080,-0.010000,S001,S001_NORMAL_D15,1,NORMAL_D15,15.00,1.8368,,MR60BHA2_breath_phase,safenest-node-01
68.3080,-0.010000,S001,S001_NORMAL_D15,1,NORMAL_D15,15.00,1.8368,,MR60BHA2_breath_phase,safenest-node-01
68.4080,-0.010000,S001,S001_NORMAL_D15,1,NORMAL_D15,15.00,1.8368,,MR60BHA2_breath_phase,safenest-node-01
68.5080,-0.010000,S001,S001_NORMAL_D15,1,NORMAL_D15,15.00,1.8368,,MR60BHA2_breath_phase,safenest-node-01
68.6080,-0.010000,S001,S001_NORMAL_D15,1,NORMAL_D15,15.00,1.8368,,MR60BHA2_breath_phase,safenest-node-01
68.7080,-0.010000,S001,S001_NORMAL_D15,1,NORMAL_D15,15.00,1.8368,,MR60BHA2_breath_phase,safenest-node-01
68.8080,-0.010000,S001,S001_NORMAL_D15,1,NORMAL_D15,15.00,1.8368,,MR60BHA2_breath_phase,safenest-node-01
68.9080,-0.010000,S001,S001_NORMAL_D15,1,NORMAL_D15,15.00,1.8368,,MR60BHA2_breath_phase,safenest-node-01
69.0080,-0.010000,S001,S001_NORMAL_D15,1,NORMAL_D15,15.00,1.8368,,MR60BHA2_breath_phase,safenest-node-01
69.1080,-0.010000,S001,S001_NORMAL_D15,1,NORMAL_D15,15.00,1.8368,,MR60BHA2_breath_phase,safenest-node-01
69.2080,-0.010000,S001,S001_NORMAL_D15,1,NORMAL_D15,15.00,1.8368,,MR60BHA2_breath_phase,safenest-node-01
69.3080,-0.010000,S001,S001_NORMAL_D15,0,NORMAL_D15,15.00,,,MR60BHA2_breath_phase,safenest-node-01
69.4080,-0.010000,S001,S001_NORMAL_D15,0,NORMAL_D15,15.00,,,MR60BHA2_breath_phase,safenest-node-01
69.5080,-0.010000,S001,S001_NORMAL_D15,0,NORMAL_D15,15.00,,,MR60BHA2_breath_phase,safenest-node-01
69.6080,-0.010000,S001,S001_NORMAL_D15,0,NORMAL_D15,15.00,,,MR60BHA2_breath_phase,safenest-node-01
69.7080,-0.010000,S001,S001_NORMAL_D15,0,NORMAL_D15,15.00,,,MR60BHA2_breath_phase,safenest-node-01
69.8080,-0.010000,S001,S001_NORMAL_D15,0,NORMAL_D15,15.00,,,MR60BHA2_breath_phase,safenest-node-01
69.9080,-0.010000,S001,S001_NORMAL_D15,0,NORMAL_D15,15.00,,,MR60BHA2_breath_phase,safenest-node-01
70.0080,-0.010000,S001,S001_NORMAL_D15,0,NORMAL_D15,15.00,,,MR60BHA2_breath_phase,safenest-node-01
70.1080,-0.010000,S001,S001_NORMAL_D15,0,NORMAL_D15,15.00,,,MR60BHA2_breath_phase,safenest-node-01
70.2080,-0.010000,S001,S001_NORMAL_D15,0,NORMAL_D15,15.00,,,MR60BHA2_breath_phase,safenest-node-01
70.3080,-0.010000,S001,S001_NORMAL_D15,0,NORMAL_D15,15.00,,,MR60BHA2_breath_phase,safenest-node-01
70.4080,-0.010000,S001,S001_NORMAL_D15,0,NORMAL_D15,15.00,,,MR60BHA2_breath_phase,safenest-node-01
70.5080,-0.010000,S001,S001_NORMAL_D15,0,NORMAL_D15,15.00,,,MR60BHA2_breath_phase,safenest-node-01
70.6080,-0.010000,S001,S001_NORMAL_D15,0,NORMAL_D15,15.00,,,MR60BHA2_breath_phase,safenest-node-01
70.7080,-0.010000,S001,S001_NORMAL_D15,0,NORMAL_D15,15.00,,,MR60BHA2_breath_phase,safenest-node-01
70.8080,-0.010000,S001,S001_NORMAL_D15,0,NORMAL_D15,15.00,,,MR60BHA2_breath_phase,safenest-node-01
70.9080,-0.010000,S001,S001_NORMAL_D15,0,NORMAL_D15,15.00,,,MR60BHA2_breath_phase,safenest-node-01
71.0080,-0.010000,S001,S001_NORMAL_D15,0,NORMAL_D15,15.00,,,MR60BHA2_breath_phase,safenest-node-01
71.1080,-0.010000,S001,S001_NORMAL_D15,0,NORMAL_D15,15.00,,,MR60BHA2_breath_phase,safenest-node-01
71.2080,-0.010000,S001,S001_NORMAL_D15,0,NORMAL_D15,15.00,,,MR60BHA2_breath_phase,safenest-node-01
71.3080,-0.010000,S001,S001_NORMAL_D15,0,NORMAL_D15,15.00,,,MR60BHA2_breath_phase,safenest-node-01
71.4080,-0.010000,S001,S001_NORMAL_D15,0,NORMAL_D15,15.00,,,MR60BHA2_breath_phase,safenest-node-01
71.5080,-0.010000,S001,S001_NORMAL_D15,0,NORMAL_D15,15.00,,,MR60BHA2_breath_phase,safenest-node-01
71.6080,-0.010000,S001,S001_NORMAL_D15,0,NORMAL_D15,15.00,,,MR60BHA2_breath_phase,safenest-node-01
71.7080,-0.010000,S001,S001_NORMAL_D15,0,NORMAL_D15,15.00,,,MR60BHA2_breath_phase,safenest-node-01
71.8080,-0.010000,S001,S001_NORMAL_D15,0,NORMAL_D15,15.00,,,MR60BHA2_breath_phase,safenest-node-01
71.9080,-0.010000,S001,S001_NORMAL_D15,0,NORMAL_D15,15.00,,,MR60BHA2_breath_phase,safenest-node-01
72.0080,-0.010000,S001,S001_NORMAL_D15,0,NORMAL_D15,15.00,,,MR60BHA2_breath_phase,safenest-node-01
72.1080,-0.010000,S001,S001_NORMAL_D15,0,NORMAL_D15,15.00,,,MR60BHA2_breath_phase,safenest-node-01
72.2080,-0.010000,S001,S001_NORMAL_D15,0,NORMAL_D15,15.00,,,MR60BHA2_breath_phase,safenest-node-01
72.3080,-0.010000,S001,S001_NORMAL_D15,0,NORMAL_D15,15.00,,,MR60BHA2_breath_phase,safenest-node-01
72.4080,-0.010000,S001,S001_NORMAL_D15,0,NORMAL_D15,15.00,,,MR60BHA2_breath_phase,safenest-node-01
72.5080,-0.010000,S001,S001_NORMAL_D15,0,NORMAL_D15,15.00,,,MR60BHA2_breath_phase,safenest-node-01
72.6080,-0.010000,S001,S001_NORMAL_D15,0,NORMAL_D15,15.00,,,MR60BHA2_breath_phase,safenest-node-01
72.7080,-0.010000,S001,S001_NORMAL_D15,0,NORMAL_D15,15.00,,,MR60BHA2_breath_phase,safenest-node-01
72.8080,-0.010000,S001,S001_NORMAL_D15,0,NORMAL_D15,15.00,,,MR60BHA2_breath_phase,safenest-node-01
72.9080,-0.010000,S001,S001_NORMAL_D15,0,NORMAL_D15,15.00,,,MR60BHA2_breath_phase,safenest-node-01
73.0080,-0.010000,S001,S001_NORMAL_D15,0,NORMAL_D15,15.00,,,MR60BHA2_breath_phase,safenest-node-01
73.1080,-0.010000,S001,S001_NORMAL_D15,0,NORMAL_D15,15.00,,,MR60BHA2_breath_phase,safenest-node-01
73.2080,-0.010000,S001,S001_NORMAL_D15,0,NORMAL_D15,15.00,,,MR60BHA2_breath_phase,safenest-node-01
73.3080,-0.010000,S001,S001_NORMAL_D15,0,NORMAL_D15,15.00,,,MR60BHA2_breath_phase,safenest-node-01
73.4080,-0.010000,S001,S001_NORMAL_D15,0,NORMAL_D15,15.00,,,MR60BHA2_breath_phase,safenest-node-01
73.5080,-0.010000,S001,S001_NORMAL_D15,0,NORMAL_D15,15.00,,,MR60BHA2_breath_phase,safenest-node-01
73.6080,-0.010000,S001,S001_NORMAL_D15,0,NORMAL_D15,15.00,,,MR60BHA2_breath_phase,safenest-node-01
73.7080,-0.010000,S001,S001_NORMAL_D15,0,NORMAL_D15,15.00,,,MR60BHA2_breath_phase,safenest-node-01
73.8080,-0.010000,S001,S001_NORMAL_D15,0,NORMAL_D15,15.00,,,MR60BHA2_breath_phase,safenest-node-01
73.9080,-0.010000,S001,S001_NORMAL_D15,0,NORMAL_D15,15.00,,,MR60BHA2_breath_phase,safenest-node-01
74.0080,-0.010000,S001,S001_NORMAL_D15,0,NORMAL_D15,15.00,,,MR60BHA2_breath_phase,safenest-node-01
74.1080,-0.010000,S001,S001_NORMAL_D15,0,NORMAL_D15,15.00,,,MR60BHA2_breath_phase,safenest-node-01
74.2080,-0.010000,S001,S001_NORMAL_D15,0,NORMAL_D15,15.00,,,MR60BHA2_breath_phase,safenest-node-01
74.3080,-0.010000,S001,S001_NORMAL_D15,0,NORMAL_D15,15.00,,,MR60BHA2_breath_phase,safenest-node-01
74.4080,-0.010000,S001,S001_NORMAL_D15,0,NORMAL_D15,15.00,,,MR60BHA2_breath_phase,safenest-node-01
74.5080,-0.010000,S001,S001_NORMAL_D15,0,NORMAL_D15,15.00,,,MR60BHA2_breath_phase,safenest-node-01
74.6080,-0.010000,S001,S001_NORMAL_D15,0,NORMAL_D15,15.00,,,MR60BHA2_breath_phase,safenest-node-01
74.7080,-0.010000,S001,S001_NORMAL_D15,0,NORMAL_D15,15.00,,,MR60BHA2_breath_phase,safenest-node-01
74.8080,-0.010000,S001,S001_NORMAL_D15,0,NORMAL_D15,15.00,,,MR60BHA2_breath_phase,safenest-node-01
74.9080,-0.010000,S001,S001_NORMAL_D15,0,NORMAL_D15,15.00,,,MR60BHA2_breath_phase,safenest-node-01
75.0080,-0.010000,S001,S001_NORMAL_D15,0,NORMAL_D15,15.00,,,MR60BHA2_breath_phase,safenest-node-01
75.1080,-0.010000,S001,S001_NORMAL_D15,0,NORMAL_D15,15.00,,,MR60BHA2_breath_phase,safenest-node-01
75.2080,-0.010000,S001,S001_NORMAL_D15,0,NORMAL_D15,15.00,,,MR60BHA2_breath_phase,safenest-node-01
75.3080,-0.010000,S001,S001_NORMAL_D15,0,NORMAL_D15,15.00,,,MR60BHA2_breath_phase,safenest-node-01
75.4080,-0.010000,S001,S001_NORMAL_D15,0,NORMAL_D15,15.00,,,MR60BHA2_breath_phase,safenest-node-01
75.5080,-0.010000,S001,S001_NORMAL_D15,0,NORMAL_D15,15.00,,,MR60BHA2_breath_phase,safenest-node-01
75.6080,-0.010000,S001,S001_NORMAL_D15,0,NORMAL_D15,15.00,,,MR60BHA2_breath_phase,safenest-node-01
75.7080,-0.010000,S001,S001_NORMAL_D15,0,NORMAL_D15,15.00,,,MR60BHA2_breath_phase,safenest-node-01
75.8080,-0.010000,S001,S001_NORMAL_D15,0,NORMAL_D15,15.00,,,MR60BHA2_breath_phase,safenest-node-01
75.9080,-0.010000,S001,S001_NORMAL_D15,0,NORMAL_D15,15.00,,,MR60BHA2_breath_phase,safenest-node-01
76.0080,-0.010000,S001,S001_NORMAL_D15,0,NORMAL_D15,15.00,,,MR60BHA2_breath_phase,safenest-node-01
76.1090,-0.010000,S001,S001_NORMAL_D15,0,NORMAL_D15,15.00,,,MR60BHA2_breath_phase,safenest-node-01
76.2090,-0.010000,S001,S001_NORMAL_D15,0,NORMAL_D15,15.00,,,MR60BHA2_breath_phase,safenest-node-01
76.3090,-0.010000,S001,S001_NORMAL_D15,0,NORMAL_D15,15.00,,,MR60BHA2_breath_phase,safenest-node-01
76.4090,-0.010000,S001,S001_NORMAL_D15,0,NORMAL_D15,15.00,,,MR60BHA2_breath_phase,safenest-node-01
76.5100,-0.010000,S001,S001_NORMAL_D15,0,NORMAL_D15,15.00,,,MR60BHA2_breath_phase,safenest-node-01
76.6100,-0.010000,S001,S001_NORMAL_D15,0,NORMAL_D15,15.00,,,MR60BHA2_breath_phase,safenest-node-01
76.7100,-0.010000,S001,S001_NORMAL_D15,1,NORMAL_D15,15.00,1.8368,,MR60BHA2_breath_phase,safenest-node-01
76.8100,-0.010000,S001,S001_NORMAL_D15,1,NORMAL_D15,15.00,1.8368,,MR60BHA2_breath_phase,safenest-node-01
76.9110,-0.010000,S001,S001_NORMAL_D15,1,NORMAL_D15,15.00,1.8368,,MR60BHA2_breath_phase,safenest-node-01
77.0110,-0.010000,S001,S001_NORMAL_D15,1,NORMAL_D15,15.00,1.8368,,MR60BHA2_breath_phase,safenest-node-01
77.1110,-0.010000,S001,S001_NORMAL_D15,1,NORMAL_D15,15.00,1.8368,,MR60BHA2_breath_phase,safenest-node-01
77.2110,-0.010000,S001,S001_NORMAL_D15,1,NORMAL_D15,15.00,1.8368,,MR60BHA2_breath_phase,safenest-node-01
77.3110,-0.010000,S001,S001_NORMAL_D15,1,NORMAL_D15,15.00,1.8368,,MR60BHA2_breath_phase,safenest-node-01
77.4110,-0.010000,S001,S001_NORMAL_D15,1,NORMAL_D15,15.00,1.8368,,MR60BHA2_breath_phase,safenest-node-01
77.5110,-0.010000,S001,S001_NORMAL_D15,1,NORMAL_D15,15.00,1.8368,,MR60BHA2_breath_phase,safenest-node-01
77.6110,-0.010000,S001,S001_NORMAL_D15,1,NORMAL_D15,15.00,1.8368,,MR60BHA2_breath_phase,safenest-node-01
77.7110,-0.010000,S001,S001_NORMAL_D15,1,NORMAL_D15,15.00,1.8368,,MR60BHA2_breath_phase,safenest-node-01
77.8110,-0.010000,S001,S001_NORMAL_D15,1,NORMAL_D15,15.00,1.8368,,MR60BHA2_breath_phase,safenest-node-01
77.9110,-0.010000,S001,S001_NORMAL_D15,1,NORMAL_D15,15.00,1.8368,,MR60BHA2_breath_phase,safenest-node-01
78.0110,-0.010000,S001,S001_NORMAL_D15,1,NORMAL_D15,15.00,1.8368,,MR60BHA2_breath_phase,safenest-node-01
78.1110,-0.010000,S001,S001_NORMAL_D15,1,NORMAL_D15,15.00,1.8368,,MR60BHA2_breath_phase,safenest-node-01
78.2110,-0.010000,S001,S001_NORMAL_D15,1,NORMAL_D15,15.00,1.8368,,MR60BHA2_breath_phase,safenest-node-01
78.3110,-0.010000,S001,S001_NORMAL_D15,1,NORMAL_D15,15.00,1.8368,,MR60BHA2_breath_phase,safenest-node-01
78.4110,-0.010000,S001,S001_NORMAL_D15,1,NORMAL_D15,15.00,1.8368,,MR60BHA2_breath_phase,safenest-node-01
78.5110,-0.010000,S001,S001_NORMAL_D15,1,NORMAL_D15,15.00,1.8368,,MR60BHA2_breath_phase,safenest-node-01
78.6110,-0.010000,S001,S001_NORMAL_D15,1,NORMAL_D15,15.00,1.8368,,MR60BHA2_breath_phase,safenest-node-01
78.7110,-0.010000,S001,S001_NORMAL_D15,1,NORMAL_D15,15.00,1.8368,,MR60BHA2_breath_phase,safenest-node-01
78.8110,-0.010000,S001,S001_NORMAL_D15,1,NORMAL_D15,15.00,1.8368,,MR60BHA2_breath_phase,safenest-node-01
78.9110,-0.010000,S001,S001_NORMAL_D15,0,NORMAL_D15,15.00,,,MR60BHA2_breath_phase,safenest-node-01
79.0110,-0.010000,S001,S001_NORMAL_D15,0,NORMAL_D15,15.00,,,MR60BHA2_breath_phase,safenest-node-01
79.1110,-0.010000,S001,S001_NORMAL_D15,0,NORMAL_D15,15.00,,,MR60BHA2_breath_phase,safenest-node-01
79.2110,-0.010000,S001,S001_NORMAL_D15,0,NORMAL_D15,15.00,,,MR60BHA2_breath_phase,safenest-node-01
79.3110,-0.010000,S001,S001_NORMAL_D15,0,NORMAL_D15,15.00,,,MR60BHA2_breath_phase,safenest-node-01
79.4110,-0.010000,S001,S001_NORMAL_D15,0,NORMAL_D15,15.00,,,MR60BHA2_breath_phase,safenest-node-01
79.5110,-0.010000,S001,S001_NORMAL_D15,0,NORMAL_D15,15.00,,,MR60BHA2_breath_phase,safenest-node-01
79.6110,-0.010000,S001,S001_NORMAL_D15,0,NORMAL_D15,15.00,,,MR60BHA2_breath_phase,safenest-node-01
79.7110,-0.010000,S001,S001_NORMAL_D15,0,NORMAL_D15,15.00,,,MR60BHA2_breath_phase,safenest-node-01
79.8110,-0.010000,S001,S001_NORMAL_D15,0,NORMAL_D15,15.00,,,MR60BHA2_breath_phase,safenest-node-01
79.9110,-0.010000,S001,S001_NORMAL_D15,0,NORMAL_D15,15.00,,,MR60BHA2_breath_phase,safenest-node-01
80.0110,-0.010000,S001,S001_NORMAL_D15,0,NORMAL_D15,15.00,,,MR60BHA2_breath_phase,safenest-node-01
80.1110,-0.010000,S001,S001_NORMAL_D15,0,NORMAL_D15,15.00,,,MR60BHA2_breath_phase,safenest-node-01
80.2110,-0.010000,S001,S001_NORMAL_D15,0,NORMAL_D15,15.00,,,MR60BHA2_breath_phase,safenest-node-01
80.3110,-0.010000,S001,S001_NORMAL_D15,0,NORMAL_D15,15.00,,,MR60BHA2_breath_phase,safenest-node-01
80.4110,-0.010000,S001,S001_NORMAL_D15,0,NORMAL_D15,15.00,,,MR60BHA2_breath_phase,safenest-node-01
80.5110,-0.010000,S001,S001_NORMAL_D15,0,NORMAL_D15,15.00,,,MR60BHA2_breath_phase,safenest-node-01
80.6110,-0.010000,S001,S001_NORMAL_D15,0,NORMAL_D15,15.00,,,MR60BHA2_breath_phase,safenest-node-01
80.7110,-0.010000,S001,S001_NORMAL_D15,0,NORMAL_D15,15.00,,,MR60BHA2_breath_phase,safenest-node-01
80.8110,-0.010000,S001,S001_NORMAL_D15,0,NORMAL_D15,15.00,,,MR60BHA2_breath_phase,safenest-node-01
80.9110,-0.010000,S001,S001_NORMAL_D15,0,NORMAL_D15,15.00,,,MR60BHA2_breath_phase,safenest-node-01
81.0110,-0.010000,S001,S001_NORMAL_D15,0,NORMAL_D15,15.00,,,MR60BHA2_breath_phase,safenest-node-01
81.1110,-0.010000,S001,S001_NORMAL_D15,0,NORMAL_D15,15.00,,,MR60BHA2_breath_phase,safenest-node-01
81.2110,-0.010000,S001,S001_NORMAL_D15,0,NORMAL_D15,15.00,,,MR60BHA2_breath_phase,safenest-node-01
81.3110,-0.010000,S001,S001_NORMAL_D15,0,NORMAL_D15,15.00,,,MR60BHA2_breath_phase,safenest-node-01
81.4110,-0.010000,S001,S001_NORMAL_D15,0,NORMAL_D15,15.00,,,MR60BHA2_breath_phase,safenest-node-01
81.5110,-0.010000,S001,S001_NORMAL_D15,0,NORMAL_D15,15.00,,,MR60BHA2_breath_phase,safenest-node-01
81.6110,-0.010000,S001,S001_NORMAL_D15,0,NORMAL_D15,15.00,,,MR60BHA2_breath_phase,safenest-node-01
81.7110,-0.010000,S001,S001_NORMAL_D15,0,NORMAL_D15,15.00,,,MR60BHA2_breath_phase,safenest-node-01
81.8110,-0.010000,S001,S001_NORMAL_D15,0,NORMAL_D15,15.00,,,MR60BHA2_breath_phase,safenest-node-01
81.9110,-0.010000,S001,S001_NORMAL_D15,0,NORMAL_D15,15.00,,,MR60BHA2_breath_phase,safenest-node-01
82.0110,-0.010000,S001,S001_NORMAL_D15,0,NORMAL_D15,15.00,,,MR60BHA2_breath_phase,safenest-node-01
82.1110,-0.010000,S001,S001_NORMAL_D15,0,NORMAL_D15,15.00,,,MR60BHA2_breath_phase,safenest-node-01
82.2110,-0.010000,S001,S001_NORMAL_D15,0,NORMAL_D15,15.00,,,MR60BHA2_breath_phase,safenest-node-01
82.3110,-0.010000,S001,S001_NORMAL_D15,0,NORMAL_D15,15.00,,,MR60BHA2_breath_phase,safenest-node-01
82.4110,-0.010000,S001,S001_NORMAL_D15,0,NORMAL_D15,15.00,,,MR60BHA2_breath_phase,safenest-node-01
82.5110,-0.010000,S001,S001_NORMAL_D15,0,NORMAL_D15,15.00,,,MR60BHA2_breath_phase,safenest-node-01
82.6110,-0.010000,S001,S001_NORMAL_D15,0,NORMAL_D15,15.00,,,MR60BHA2_breath_phase,safenest-node-01
82.7110,-0.010000,S001,S001_NORMAL_D15,0,NORMAL_D15,15.00,,,MR60BHA2_breath_phase,safenest-node-01
82.8110,-0.010000,S001,S001_NORMAL_D15,0,NORMAL_D15,15.00,,,MR60BHA2_breath_phase,safenest-node-01
82.9110,-0.010000,S001,S001_NORMAL_D15,0,NORMAL_D15,15.00,,,MR60BHA2_breath_phase,safenest-node-01
83.0110,-0.010000,S001,S001_NORMAL_D15,0,NORMAL_D15,15.00,,,MR60BHA2_breath_phase,safenest-node-01
83.1110,-0.010000,S001,S001_NORMAL_D15,0,NORMAL_D15,15.00,,,MR60BHA2_breath_phase,safenest-node-01
83.2110,-0.010000,S001,S001_NORMAL_D15,0,NORMAL_D15,15.00,,,MR60BHA2_breath_phase,safenest-node-01
83.3110,-0.010000,S001,S001_NORMAL_D15,0,NORMAL_D15,15.00,,,MR60BHA2_breath_phase,safenest-node-01
83.4110,-0.010000,S001,S001_NORMAL_D15,0,NORMAL_D15,15.00,,,MR60BHA2_breath_phase,safenest-node-01
83.5110,-0.010000,S001,S001_NORMAL_D15,0,NORMAL_D15,15.00,,,MR60BHA2_breath_phase,safenest-node-01
83.6110,-0.010000,S001,S001_NORMAL_D15,0,NORMAL_D15,15.00,,,MR60BHA2_breath_phase,safenest-node-01
83.7110,-0.010000,S001,S001_NORMAL_D15,0,NORMAL_D15,15.00,,,MR60BHA2_breath_phase,safenest-node-01
83.8110,-0.010000,S001,S001_NORMAL_D15,0,NORMAL_D15,15.00,,,MR60BHA2_breath_phase,safenest-node-01
83.9110,-0.010000,S001,S001_NORMAL_D15,0,NORMAL_D15,15.00,,,MR60BHA2_breath_phase,safenest-node-01
84.0110,-0.010000,S001,S001_NORMAL_D15,0,NORMAL_D15,15.00,,,MR60BHA2_breath_phase,safenest-node-01
84.1110,-0.010000,S001,S001_NORMAL_D15,0,NORMAL_D15,15.00,,,MR60BHA2_breath_phase,safenest-node-01
84.2110,-0.010000,S001,S001_NORMAL_D15,0,NORMAL_D15,15.00,,,MR60BHA2_breath_phase,safenest-node-01
84.3110,-0.010000,S001,S001_NORMAL_D15,0,NORMAL_D15,15.00,,,MR60BHA2_breath_phase,safenest-node-01
84.4110,-0.010000,S001,S001_NORMAL_D15,0,NORMAL_D15,15.00,,,MR60BHA2_breath_phase,safenest-node-01
84.5110,-0.010000,S001,S001_NORMAL_D15,0,NORMAL_D15,15.00,,,MR60BHA2_breath_phase,safenest-node-01
84.6110,-0.010000,S001,S001_NORMAL_D15,0,NORMAL_D15,15.00,,,MR60BHA2_breath_phase,safenest-node-01
84.7110,-0.010000,S001,S001_NORMAL_D15,0,NORMAL_D15,15.00,,,MR60BHA2_breath_phase,safenest-node-01
84.8110,-0.010000,S001,S001_NORMAL_D15,0,NORMAL_D15,15.00,,,MR60BHA2_breath_phase,safenest-node-01
84.9110,-0.010000,S001,S001_NORMAL_D15,0,NORMAL_D15,15.00,,,MR60BHA2_breath_phase,safenest-node-01
85.0110,-0.010000,S001,S001_NORMAL_D15,0,NORMAL_D15,15.00,,,MR60BHA2_breath_phase,safenest-node-01
85.1110,-0.010000,S001,S001_NORMAL_D15,0,NORMAL_D15,15.00,,,MR60BHA2_breath_phase,safenest-node-01
85.2110,-0.010000,S001,S001_NORMAL_D15,0,NORMAL_D15,15.00,,,MR60BHA2_breath_phase,safenest-node-01
85.3110,-0.010000,S001,S001_NORMAL_D15,0,NORMAL_D15,15.00,,,MR60BHA2_breath_phase,safenest-node-01
85.4110,-0.010000,S001,S001_NORMAL_D15,0,NORMAL_D15,15.00,,,MR60BHA2_breath_phase,safenest-node-01
85.5110,-0.010000,S001,S001_NORMAL_D15,0,NORMAL_D15,15.00,,,MR60BHA2_breath_phase,safenest-node-01
85.6110,-0.010000,S001,S001_NORMAL_D15,0,NORMAL_D15,15.00,,,MR60BHA2_breath_phase,safenest-node-01
85.7110,-0.010000,S001,S001_NORMAL_D15,0,NORMAL_D15,15.00,,,MR60BHA2_breath_phase,safenest-node-01
85.8110,-0.010000,S001,S001_NORMAL_D15,0,NORMAL_D15,15.00,,,MR60BHA2_breath_phase,safenest-node-01
85.9110,-0.010000,S001,S001_NORMAL_D15,0,NORMAL_D15,15.00,,,MR60BHA2_breath_phase,safenest-node-01
86.0110,-0.010000,S001,S001_NORMAL_D15,0,NORMAL_D15,15.00,,,MR60BHA2_breath_phase,safenest-node-01
86.1110,-0.010000,S001,S001_NORMAL_D15,0,NORMAL_D15,15.00,,,MR60BHA2_breath_phase,safenest-node-01
86.2110,-0.010000,S001,S001_NORMAL_D15,0,NORMAL_D15,15.00,,,MR60BHA2_breath_phase,safenest-node-01
86.3110,-0.010000,S001,S001_NORMAL_D15,0,NORMAL_D15,15.00,,,MR60BHA2_breath_phase,safenest-node-01
86.4110,-0.010000,S001,S001_NORMAL_D15,0,NORMAL_D15,15.00,,,MR60BHA2_breath_phase,safenest-node-01
86.5110,-0.010000,S001,S001_NORMAL_D15,0,NORMAL_D15,15.00,,,MR60BHA2_breath_phase,safenest-node-01
86.6110,-0.010000,S001,S001_NORMAL_D15,0,NORMAL_D15,15.00,,,MR60BHA2_breath_phase,safenest-node-01
86.7110,-0.010000,S001,S001_NORMAL_D15,0,NORMAL_D15,15.00,,,MR60BHA2_breath_phase,safenest-node-01
86.8110,-0.010000,S001,S001_NORMAL_D15,1,NORMAL_D15,15.00,1.8368,,MR60BHA2_breath_phase,safenest-node-01
86.9110,-0.010000,S001,S001_NORMAL_D15,1,NORMAL_D15,15.00,1.8368,,MR60BHA2_breath_phase,safenest-node-01
87.0110,-0.010000,S001,S001_NORMAL_D15,1,NORMAL_D15,15.00,1.8368,,MR60BHA2_breath_phase,safenest-node-01
87.1110,-0.010000,S001,S001_NORMAL_D15,1,NORMAL_D15,15.00,1.8368,,MR60BHA2_breath_phase,safenest-node-01
87.2110,-0.010000,S001,S001_NORMAL_D15,1,NORMAL_D15,15.00,1.8368,,MR60BHA2_breath_phase,safenest-node-01
87.3110,-0.010000,S001,S001_NORMAL_D15,1,NORMAL_D15,15.00,1.8368,,MR60BHA2_breath_phase,safenest-node-01
87.4110,-0.010000,S001,S001_NORMAL_D15,1,NORMAL_D15,15.00,1.8368,,MR60BHA2_breath_phase,safenest-node-01
87.5110,-0.010000,S001,S001_NORMAL_D15,1,NORMAL_D15,15.00,1.8368,,MR60BHA2_breath_phase,safenest-node-01
87.6110,-0.010000,S001,S001_NORMAL_D15,1,NORMAL_D15,15.00,1.8368,,MR60BHA2_breath_phase,safenest-node-01
87.7110,-0.010000,S001,S001_NORMAL_D15,1,NORMAL_D15,15.00,1.8368,,MR60BHA2_breath_phase,safenest-node-01
87.8110,-0.010000,S001,S001_NORMAL_D15,1,NORMAL_D15,15.00,1.8368,,MR60BHA2_breath_phase,safenest-node-01
87.9110,-0.010000,S001,S001_NORMAL_D15,1,NORMAL_D15,15.00,1.8368,,MR60BHA2_breath_phase,safenest-node-01
88.0110,-0.010000,S001,S001_NORMAL_D15,1,NORMAL_D15,15.00,1.8368,,MR60BHA2_breath_phase,safenest-node-01
88.1110,-0.010000,S001,S001_NORMAL_D15,1,NORMAL_D15,15.00,1.8368,,MR60BHA2_breath_phase,safenest-node-01
88.2110,-0.010000,S001,S001_NORMAL_D15,1,NORMAL_D15,15.00,1.8368,,MR60BHA2_breath_phase,safenest-node-01
88.3110,-0.010000,S001,S001_NORMAL_D15,1,NORMAL_D15,15.00,1.8368,,MR60BHA2_breath_phase,safenest-node-01
88.4110,-0.010000,S001,S001_NORMAL_D15,1,NORMAL_D15,15.00,1.8368,,MR60BHA2_breath_phase,safenest-node-01
88.5110,-0.010000,S001,S001_NORMAL_D15,1,NORMAL_D15,15.00,1.8368,,MR60BHA2_breath_phase,safenest-node-01
88.6110,-0.010000,S001,S001_NORMAL_D15,1,NORMAL_D15,15.00,1.8368,,MR60BHA2_breath_phase,safenest-node-01
88.7110,-0.010000,S001,S001_NORMAL_D15,1,NORMAL_D15,15.00,1.8368,,MR60BHA2_breath_phase,safenest-node-01
88.8110,-0.010000,S001,S001_NORMAL_D15,1,NORMAL_D15,15.00,1.8368,,MR60BHA2_breath_phase,safenest-node-01
88.9110,-0.010000,S001,S001_NORMAL_D15,1,NORMAL_D15,15.00,1.8368,,MR60BHA2_breath_phase,safenest-node-01
89.0110,-0.010000,S001,S001_NORMAL_D15,1,NORMAL_D15,15.00,1.8368,,MR60BHA2_breath_phase,safenest-node-01
89.1110,-0.010000,S001,S001_NORMAL_D15,1,NORMAL_D15,15.00,1.8368,,MR60BHA2_breath_phase,safenest-node-01
89.2110,-0.010000,S001,S001_NORMAL_D15,1,NORMAL_D15,15.00,1.8368,,MR60BHA2_breath_phase,safenest-node-01
89.3110,-0.010000,S001,S001_NORMAL_D15,1,NORMAL_D15,15.00,1.8368,,MR60BHA2_breath_phase,safenest-node-01
89.4110,-0.010000,S001,S001_NORMAL_D15,1,NORMAL_D15,15.00,1.8368,,MR60BHA2_breath_phase,safenest-node-01
89.5110,-0.010000,S001,S001_NORMAL_D15,1,NORMAL_D15,15.00,1.8368,,MR60BHA2_breath_phase,safenest-node-01
89.6110,-0.010000,S001,S001_NORMAL_D15,1,NORMAL_D15,15.00,1.8368,,MR60BHA2_breath_phase,safenest-node-01
89.7110,-0.010000,S001,S001_NORMAL_D15,1,NORMAL_D15,15.00,1.8368,,MR60BHA2_breath_phase,safenest-node-01
89.8110,-0.010000,S001,S001_NORMAL_D15,1,NORMAL_D15,15.00,1.8368,,MR60BHA2_breath_phase,safenest-node-01
89.9110,-0.010000,S001,S001_NORMAL_D15,1,NORMAL_D15,15.00,1.8368,,MR60BHA2_breath_phase,safenest-node-01
90.0110,-0.010000,S001,S001_NORMAL_D15,1,NORMAL_D15,15.00,1.8368,,MR60BHA2_breath_phase,safenest-node-01
90.1110,-0.010000,S001,S001_NORMAL_D15,1,NORMAL_D15,15.00,1.8368,,MR60BHA2_breath_phase,safenest-node-01
90.2110,-0.010000,S001,S001_NORMAL_D15,1,NORMAL_D15,15.00,1.8368,,MR60BHA2_breath_phase,safenest-node-01
90.3110,-0.010000,S001,S001_NORMAL_D15,1,NORMAL_D15,15.00,1.8368,,MR60BHA2_breath_phase,safenest-node-01
90.4110,-0.010000,S001,S001_NORMAL_D15,1,NORMAL_D15,15.00,1.8368,,MR60BHA2_breath_phase,safenest-node-01
90.5110,-0.010000,S001,S001_NORMAL_D15,1,NORMAL_D15,15.00,1.8368,,MR60BHA2_breath_phase,safenest-node-01
90.6110,-0.010000,S001,S001_NORMAL_D15,1,NORMAL_D15,15.00,1.8368,,MR60BHA2_breath_phase,safenest-node-01
90.7110,-0.010000,S001,S001_NORMAL_D15,1,NORMAL_D15,15.00,1.8368,,MR60BHA2_breath_phase,safenest-node-01
90.8110,-0.010000,S001,S001_NORMAL_D15,1,NORMAL_D15,15.00,1.8368,,MR60BHA2_breath_phase,safenest-node-01
90.9110,-0.010000,S001,S001_NORMAL_D15,1,NORMAL_D15,15.00,1.8368,,MR60BHA2_breath_phase,safenest-node-01
91.0110,-0.010000,S001,S001_NORMAL_D15,1,NORMAL_D15,15.00,1.8368,,MR60BHA2_breath_phase,safenest-node-01
91.1110,-0.010000,S001,S001_NORMAL_D15,1,NORMAL_D15,15.00,1.8368,,MR60BHA2_breath_phase,safenest-node-01
91.2110,-0.010000,S001,S001_NORMAL_D15,1,NORMAL_D15,15.00,1.8368,,MR60BHA2_breath_phase,safenest-node-01
91.3110,-0.010000,S001,S001_NORMAL_D15,1,NORMAL_D15,15.00,1.8368,,MR60BHA2_breath_phase,safenest-node-01
91.4110,-0.010000,S001,S001_NORMAL_D15,1,NORMAL_D15,15.00,1.8368,,MR60BHA2_breath_phase,safenest-node-01
91.5110,-0.010000,S001,S001_NORMAL_D15,1,NORMAL_D15,15.00,1.8368,,MR60BHA2_breath_phase,safenest-node-01
91.6110,-0.010000,S001,S001_NORMAL_D15,1,NORMAL_D15,15.00,1.8368,,MR60BHA2_breath_phase,safenest-node-01
91.7110,-0.010000,S001,S001_NORMAL_D15,1,NORMAL_D15,15.00,1.8368,,MR60BHA2_breath_phase,safenest-node-01
91.8110,-0.010000,S001,S001_NORMAL_D15,1,NORMAL_D15,15.00,1.8368,,MR60BHA2_breath_phase,safenest-node-01
91.9110,-0.010000,S001,S001_NORMAL_D15,1,NORMAL_D15,15.00,1.8368,,MR60BHA2_breath_phase,safenest-node-01
92.0110,-0.010000,S001,S001_NORMAL_D15,1,NORMAL_D15,15.00,1.8368,,MR60BHA2_breath_phase,safenest-node-01
92.1110,-0.010000,S001,S001_NORMAL_D15,1,NORMAL_D15,15.00,1.8368,,MR60BHA2_breath_phase,safenest-node-01
92.2110,-0.010000,S001,S001_NORMAL_D15,1,NORMAL_D15,15.00,1.8368,,MR60BHA2_breath_phase,safenest-node-01
92.3110,-0.010000,S001,S001_NORMAL_D15,1,NORMAL_D15,15.00,1.8368,,MR60BHA2_breath_phase,safenest-node-01
92.4110,-0.010000,S001,S001_NORMAL_D15,1,NORMAL_D15,15.00,1.8368,,MR60BHA2_breath_phase,safenest-node-01
92.5110,-0.010000,S001,S001_NORMAL_D15,1,NORMAL_D15,15.00,1.8368,,MR60BHA2_breath_phase,safenest-node-01
92.6110,-0.010000,S001,S001_NORMAL_D15,1,NORMAL_D15,15.00,1.8368,,MR60BHA2_breath_phase,safenest-node-01
92.7110,-0.010000,S001,S001_NORMAL_D15,1,NORMAL_D15,15.00,1.8368,,MR60BHA2_breath_phase,safenest-node-01
92.8110,-0.010000,S001,S001_NORMAL_D15,1,NORMAL_D15,15.00,1.8368,,MR60BHA2_breath_phase,safenest-node-01
92.9110,-0.010000,S001,S001_NORMAL_D15,1,NORMAL_D15,15.00,1.8368,,MR60BHA2_breath_phase,safenest-node-01
93.0110,-0.010000,S001,S001_NORMAL_D15,1,NORMAL_D15,15.00,1.8368,,MR60BHA2_breath_phase,safenest-node-01
93.1110,-0.010000,S001,S001_NORMAL_D15,1,NORMAL_D15,15.00,1.8368,,MR60BHA2_breath_phase,safenest-node-01
93.2110,-0.010000,S001,S001_NORMAL_D15,1,NORMAL_D15,15.00,1.8368,,MR60BHA2_breath_phase,safenest-node-01
93.3110,-0.010000,S001,S001_NORMAL_D15,1,NORMAL_D15,15.00,1.8368,,MR60BHA2_breath_phase,safenest-node-01
93.4110,-0.010000,S001,S001_NORMAL_D15,1,NORMAL_D15,15.00,1.8368,,MR60BHA2_breath_phase,safenest-node-01
93.5110,-0.010000,S001,S001_NORMAL_D15,1,NORMAL_D15,15.00,1.8368,,MR60BHA2_breath_phase,safenest-node-01
93.6110,-0.010000,S001,S001_NORMAL_D15,1,NORMAL_D15,15.00,1.8368,,MR60BHA2_breath_phase,safenest-node-01
93.7110,-0.010000,S001,S001_NORMAL_D15,1,NORMAL_D15,15.00,1.8368,,MR60BHA2_breath_phase,safenest-node-01
93.8110,-0.010000,S001,S001_NORMAL_D15,1,NORMAL_D15,15.00,1.8368,,MR60BHA2_breath_phase,safenest-node-01
93.9110,-0.010000,S001,S001_NORMAL_D15,1,NORMAL_D15,15.00,1.8368,,MR60BHA2_breath_phase,safenest-node-01
94.0110,-0.010000,S001,S001_NORMAL_D15,1,NORMAL_D15,15.00,1.8368,,MR60BHA2_breath_phase,safenest-node-01
94.1110,-0.010000,S001,S001_NORMAL_D15,1,NORMAL_D15,15.00,1.8368,,MR60BHA2_breath_phase,safenest-node-01
94.2110,-0.010000,S001,S001_NORMAL_D15,1,NORMAL_D15,15.00,1.8368,,MR60BHA2_breath_phase,safenest-node-01
94.3110,-0.010000,S001,S001_NORMAL_D15,1,NORMAL_D15,15.00,1.8368,,MR60BHA2_breath_phase,safenest-node-01
94.4110,-0.010000,S001,S001_NORMAL_D15,1,NORMAL_D15,15.00,1.8368,,MR60BHA2_breath_phase,safenest-node-01
94.5110,-0.010000,S001,S001_NORMAL_D15,1,NORMAL_D15,15.00,1.8368,,MR60BHA2_breath_phase,safenest-node-01
94.6110,-0.010000,S001,S001_NORMAL_D15,1,NORMAL_D15,15.00,1.8368,,MR60BHA2_breath_phase,safenest-node-01
94.7110,-0.010000,S001,S001_NORMAL_D15,1,NORMAL_D15,15.00,1.8368,,MR60BHA2_breath_phase,safenest-node-01
94.8110,-0.010000,S001,S001_NORMAL_D15,1,NORMAL_D15,15.00,1.8368,,MR60BHA2_breath_phase,safenest-node-01
94.9110,-0.010000,S001,S001_NORMAL_D15,1,NORMAL_D15,15.00,1.8368,,MR60BHA2_breath_phase,safenest-node-01
95.0110,-0.010000,S001,S001_NORMAL_D15,1,NORMAL_D15,15.00,1.8368,,MR60BHA2_breath_phase,safenest-node-01
95.1110,-0.010000,S001,S001_NORMAL_D15,1,NORMAL_D15,15.00,1.8368,,MR60BHA2_breath_phase,safenest-node-01
95.2110,-0.010000,S001,S001_NORMAL_D15,1,NORMAL_D15,15.00,1.8368,,MR60BHA2_breath_phase,safenest-node-01
95.3110,-0.010000,S001,S001_NORMAL_D15,1,NORMAL_D15,15.00,1.8368,,MR60BHA2_breath_phase,safenest-node-01
95.4110,-0.010000,S001,S001_NORMAL_D15,1,NORMAL_D15,15.00,1.8368,,MR60BHA2_breath_phase,safenest-node-01
95.5110,-0.010000,S001,S001_NORMAL_D15,1,NORMAL_D15,15.00,1.8368,,MR60BHA2_breath_phase,safenest-node-01
95.6110,-0.010000,S001,S001_NORMAL_D15,1,NORMAL_D15,15.00,1.8368,,MR60BHA2_breath_phase,safenest-node-01
95.7110,-0.010000,S001,S001_NORMAL_D15,1,NORMAL_D15,15.00,1.8368,,MR60BHA2_breath_phase,safenest-node-01
95.8110,-0.010000,S001,S001_NORMAL_D15,1,NORMAL_D15,15.00,1.8368,,MR60BHA2_breath_phase,safenest-node-01
95.9110,-0.010000,S001,S001_NORMAL_D15,1,NORMAL_D15,15.00,1.8368,,MR60BHA2_breath_phase,safenest-node-01
96.0110,-0.010000,S001,S001_NORMAL_D15,1,NORMAL_D15,15.00,1.8368,,MR60BHA2_breath_phase,safenest-node-01
96.1110,-0.010000,S001,S001_NORMAL_D15,1,NORMAL_D15,15.00,1.8368,,MR60BHA2_breath_phase,safenest-node-01
96.2110,-0.010000,S001,S001_NORMAL_D15,1,NORMAL_D15,15.00,1.8368,,MR60BHA2_breath_phase,safenest-node-01
96.3110,-0.010000,S001,S001_NORMAL_D15,1,NORMAL_D15,15.00,1.8368,,MR60BHA2_breath_phase,safenest-node-01
96.4110,-0.010000,S001,S001_NORMAL_D15,1,NORMAL_D15,15.00,1.8368,,MR60BHA2_breath_phase,safenest-node-01
96.5110,-0.010000,S001,S001_NORMAL_D15,1,NORMAL_D15,15.00,1.8368,,MR60BHA2_breath_phase,safenest-node-01
96.6110,-0.010000,S001,S001_NORMAL_D15,1,NORMAL_D15,15.00,1.8368,,MR60BHA2_breath_phase,safenest-node-01
96.7110,-0.010000,S001,S001_NORMAL_D15,1,NORMAL_D15,15.00,1.8368,,MR60BHA2_breath_phase,safenest-node-01
96.8120,-0.010000,S001,S001_NORMAL_D15,1,NORMAL_D15,15.00,1.8368,,MR60BHA2_breath_phase,safenest-node-01
96.9120,-0.010000,S001,S001_NORMAL_D15,1,NORMAL_D15,15.00,1.8368,,MR60BHA2_breath_phase,safenest-node-01
97.0120,-0.010000,S001,S001_NORMAL_D15,1,NORMAL_D15,15.00,1.8368,,MR60BHA2_breath_phase,safenest-node-01
97.1120,-0.010000,S001,S001_NORMAL_D15,1,NORMAL_D15,15.00,1.8368,,MR60BHA2_breath_phase,safenest-node-01
97.2120,-0.010000,S001,S001_NORMAL_D15,1,NORMAL_D15,15.00,1.8368,,MR60BHA2_breath_phase,safenest-node-01
97.3120,-0.010000,S001,S001_NORMAL_D15,1,NORMAL_D15,15.00,1.8368,,MR60BHA2_breath_phase,safenest-node-01
97.4120,-0.010000,S001,S001_NORMAL_D15,1,NORMAL_D15,15.00,1.8368,,MR60BHA2_breath_phase,safenest-node-01
97.5120,-0.010000,S001,S001_NORMAL_D15,1,NORMAL_D15,15.00,1.8368,,MR60BHA2_breath_phase,safenest-node-01
97.6120,-0.010000,S001,S001_NORMAL_D15,1,NORMAL_D15,15.00,1.8368,,MR60BHA2_breath_phase,safenest-node-01
97.7120,-0.010000,S001,S001_NORMAL_D15,1,NORMAL_D15,15.00,1.8368,,MR60BHA2_breath_phase,safenest-node-01
97.8120,-0.010000,S001,S001_NORMAL_D15,1,NORMAL_D15,15.00,1.8368,,MR60BHA2_breath_phase,safenest-node-01
97.9120,-0.010000,S001,S001_NORMAL_D15,1,NORMAL_D15,15.00,1.8368,,MR60BHA2_breath_phase,safenest-node-01
98.0120,-0.010000,S001,S001_NORMAL_D15,1,NORMAL_D15,15.00,1.8368,,MR60BHA2_breath_phase,safenest-node-01
98.1120,-0.010000,S001,S001_NORMAL_D15,1,NORMAL_D15,15.00,1.8368,,MR60BHA2_breath_phase,safenest-node-01
98.2120,-0.010000,S001,S001_NORMAL_D15,1,NORMAL_D15,15.00,1.8368,,MR60BHA2_breath_phase,safenest-node-01
98.3120,-0.010000,S001,S001_NORMAL_D15,1,NORMAL_D15,15.00,1.8368,,MR60BHA2_breath_phase,safenest-node-01
98.4120,-0.010000,S001,S001_NORMAL_D15,1,NORMAL_D15,15.00,1.8368,,MR60BHA2_breath_phase,safenest-node-01
98.5120,-0.010000,S001,S001_NORMAL_D15,1,NORMAL_D15,15.00,1.8368,,MR60BHA2_breath_phase,safenest-node-01
98.6120,-0.010000,S001,S001_NORMAL_D15,1,NORMAL_D15,15.00,1.8368,,MR60BHA2_breath_phase,safenest-node-01
98.7120,-0.010000,S001,S001_NORMAL_D15,1,NORMAL_D15,15.00,1.8368,,MR60BHA2_breath_phase,safenest-node-01
98.8120,-0.010000,S001,S001_NORMAL_D15,1,NORMAL_D15,15.00,1.8368,,MR60BHA2_breath_phase,safenest-node-01
98.9120,-0.010000,S001,S001_NORMAL_D15,1,NORMAL_D15,15.00,1.8368,,MR60BHA2_breath_phase,safenest-node-01
99.0120,-0.010000,S001,S001_NORMAL_D15,1,NORMAL_D15,15.00,1.8368,,MR60BHA2_breath_phase,safenest-node-01
99.1120,-0.010000,S001,S001_NORMAL_D15,1,NORMAL_D15,15.00,1.8368,,MR60BHA2_breath_phase,safenest-node-01
99.2120,-0.010000,S001,S001_NORMAL_D15,1,NORMAL_D15,15.00,1.8368,,MR60BHA2_breath_phase,safenest-node-01
99.3120,-0.010000,S001,S001_NORMAL_D15,1,NORMAL_D15,15.00,1.8368,,MR60BHA2_breath_phase,safenest-node-01
99.4120,-0.010000,S001,S001_NORMAL_D15,1,NORMAL_D15,15.00,1.8368,,MR60BHA2_breath_phase,safenest-node-01
99.5120,-0.010000,S001,S001_NORMAL_D15,1,NORMAL_D15,15.00,1.8368,,MR60BHA2_breath_phase,safenest-node-01
99.6120,-0.010000,S001,S001_NORMAL_D15,1,NORMAL_D15,15.00,1.8368,,MR60BHA2_breath_phase,safenest-node-01
99.7120,-0.010000,S001,S001_NORMAL_D15,1,NORMAL_D15,15.00,1.8368,,MR60BHA2_breath_phase,safenest-node-01
99.8120,-0.010000,S001,S001_NORMAL_D15,1,NORMAL_D15,15.00,1.8368,,MR60BHA2_breath_phase,safenest-node-01
99.9120,-0.010000,S001,S001_NORMAL_D15,1,NORMAL_D15,15.00,1.8368,,MR60BHA2_breath_phase,safenest-node-01
100.0120,-0.010000,S001,S001_NORMAL_D15,1,NORMAL_D15,15.00,1.8368,,MR60BHA2_breath_phase,safenest-node-01
100.1120,-0.010000,S001,S001_NORMAL_D15,1,NORMAL_D15,15.00,1.8368,,MR60BHA2_breath_phase,safenest-node-01
100.2120,-0.010000,S001,S001_NORMAL_D15,1,NORMAL_D15,15.00,1.8368,,MR60BHA2_breath_phase,safenest-node-01
100.3120,-0.010000,S001,S001_NORMAL_D15,1,NORMAL_D15,15.00,1.8368,,MR60BHA2_breath_phase,safenest-node-01
100.4120,-0.010000,S001,S001_NORMAL_D15,1,NORMAL_D15,15.00,1.8368,,MR60BHA2_breath_phase,safenest-node-01
100.5120,-0.010000,S001,S001_NORMAL_D15,1,NORMAL_D15,15.00,1.8368,,MR60BHA2_breath_phase,safenest-node-01
100.6120,-0.010000,S001,S001_NORMAL_D15,1,NORMAL_D15,15.00,1.8368,,MR60BHA2_breath_phase,safenest-node-01
100.7120,-0.010000,S001,S001_NORMAL_D15,1,NORMAL_D15,15.00,1.8368,,MR60BHA2_breath_phase,safenest-node-01
100.8120,-0.010000,S001,S001_NORMAL_D15,1,NORMAL_D15,15.00,1.8368,,MR60BHA2_breath_phase,safenest-node-01
100.9120,-0.010000,S001,S001_NORMAL_D15,1,NORMAL_D15,15.00,1.8368,,MR60BHA2_breath_phase,safenest-node-01
101.0120,-0.010000,S001,S001_NORMAL_D15,1,NORMAL_D15,15.00,1.8368,,MR60BHA2_breath_phase,safenest-node-01
101.1120,-0.010000,S001,S001_NORMAL_D15,1,NORMAL_D15,15.00,1.8368,,MR60BHA2_breath_phase,safenest-node-01
101.2120,-0.010000,S001,S001_NORMAL_D15,1,NORMAL_D15,15.00,1.8368,,MR60BHA2_breath_phase,safenest-node-01
101.3120,-0.010000,S001,S001_NORMAL_D15,1,NORMAL_D15,15.00,1.8368,,MR60BHA2_breath_phase,safenest-node-01
101.4120,-0.010000,S001,S001_NORMAL_D15,1,NORMAL_D15,15.00,1.8368,,MR60BHA2_breath_phase,safenest-node-01
101.5120,-0.010000,S001,S001_NORMAL_D15,1,NORMAL_D15,15.00,1.8368,,MR60BHA2_breath_phase,safenest-node-01
101.6120,-0.010000,S001,S001_NORMAL_D15,1,NORMAL_D15,15.00,1.8368,,MR60BHA2_breath_phase,safenest-node-01
101.7120,-0.010000,S001,S001_NORMAL_D15,1,NORMAL_D15,15.00,1.8368,,MR60BHA2_breath_phase,safenest-node-01
101.8120,-0.010000,S001,S001_NORMAL_D15,1,NORMAL_D15,15.00,1.8368,,MR60BHA2_breath_phase,safenest-node-01
101.9120,-0.010000,S001,S001_NORMAL_D15,1,NORMAL_D15,15.00,1.8368,,MR60BHA2_breath_phase,safenest-node-01
102.0120,-0.010000,S001,S001_NORMAL_D15,1,NORMAL_D15,15.00,1.8368,,MR60BHA2_breath_phase,safenest-node-01
102.1120,-0.010000,S001,S001_NORMAL_D15,1,NORMAL_D15,15.00,1.8368,,MR60BHA2_breath_phase,safenest-node-01
102.2120,-0.010000,S001,S001_NORMAL_D15,1,NORMAL_D15,15.00,1.8368,,MR60BHA2_breath_phase,safenest-node-01
102.3120,-0.010000,S001,S001_NORMAL_D15,1,NORMAL_D15,15.00,1.8368,,MR60BHA2_breath_phase,safenest-node-01
102.4120,-0.010000,S001,S001_NORMAL_D15,1,NORMAL_D15,15.00,1.8368,,MR60BHA2_breath_phase,safenest-node-01
102.5120,-0.010000,S001,S001_NORMAL_D15,1,NORMAL_D15,15.00,1.8368,,MR60BHA2_breath_phase,safenest-node-01
102.6120,-0.010000,S001,S001_NORMAL_D15,1,NORMAL_D15,15.00,1.8368,,MR60BHA2_breath_phase,safenest-node-01
102.7120,-0.010000,S001,S001_NORMAL_D15,1,NORMAL_D15,15.00,1.8368,,MR60BHA2_breath_phase,safenest-node-01
102.8120,-0.010000,S001,S001_NORMAL_D15,1,NORMAL_D15,15.00,1.8368,,MR60BHA2_breath_phase,safenest-node-01
102.9120,-0.010000,S001,S001_NORMAL_D15,1,NORMAL_D15,15.00,1.8368,,MR60BHA2_breath_phase,safenest-node-01
103.0120,-0.010000,S001,S001_NORMAL_D15,1,NORMAL_D15,15.00,1.8368,,MR60BHA2_breath_phase,safenest-node-01
103.1120,-0.010000,S001,S001_NORMAL_D15,1,NORMAL_D15,15.00,1.8368,,MR60BHA2_breath_phase,safenest-node-01
103.2120,-0.010000,S001,S001_NORMAL_D15,1,NORMAL_D15,15.00,1.8368,,MR60BHA2_breath_phase,safenest-node-01
103.3120,-0.010000,S001,S001_NORMAL_D15,1,NORMAL_D15,15.00,1.8368,,MR60BHA2_breath_phase,safenest-node-01
103.4120,-0.010000,S001,S001_NORMAL_D15,1,NORMAL_D15,15.00,1.8368,,MR60BHA2_breath_phase,safenest-node-01
103.5120,-0.010000,S001,S001_NORMAL_D15,1,NORMAL_D15,15.00,1.8368,,MR60BHA2_breath_phase,safenest-node-01
103.6120,-0.010000,S001,S001_NORMAL_D15,1,NORMAL_D15,15.00,1.8368,,MR60BHA2_breath_phase,safenest-node-01
103.7120,-0.010000,S001,S001_NORMAL_D15,1,NORMAL_D15,15.00,1.8368,,MR60BHA2_breath_phase,safenest-node-01
103.8120,-0.010000,S001,S001_NORMAL_D15,1,NORMAL_D15,15.00,1.8368,,MR60BHA2_breath_phase,safenest-node-01
103.9120,-0.010000,S001,S001_NORMAL_D15,1,NORMAL_D15,15.00,1.8368,,MR60BHA2_breath_phase,safenest-node-01
104.0120,-0.010000,S001,S001_NORMAL_D15,1,NORMAL_D15,15.00,1.8368,,MR60BHA2_breath_phase,safenest-node-01
104.1120,-0.010000,S001,S001_NORMAL_D15,1,NORMAL_D15,15.00,1.8368,,MR60BHA2_breath_phase,safenest-node-01
104.2120,-0.010000,S001,S001_NORMAL_D15,1,NORMAL_D15,15.00,1.8368,,MR60BHA2_breath_phase,safenest-node-01
104.3120,-0.010000,S001,S001_NORMAL_D15,1,NORMAL_D15,15.00,1.8368,,MR60BHA2_breath_phase,safenest-node-01
104.4120,-0.010000,S001,S001_NORMAL_D15,1,NORMAL_D15,15.00,1.8368,,MR60BHA2_breath_phase,safenest-node-01
104.5120,-0.010000,S001,S001_NORMAL_D15,1,NORMAL_D15,15.00,1.8368,,MR60BHA2_breath_phase,safenest-node-01
104.6120,-0.010000,S001,S001_NORMAL_D15,1,NORMAL_D15,15.00,1.8368,,MR60BHA2_breath_phase,safenest-node-01
104.7120,-0.010000,S001,S001_NORMAL_D15,1,NORMAL_D15,15.00,1.8368,,MR60BHA2_breath_phase,safenest-node-01
104.8120,-0.010000,S001,S001_NORMAL_D15,1,NORMAL_D15,15.00,1.8368,,MR60BHA2_breath_phase,safenest-node-01
104.9120,-0.010000,S001,S001_NORMAL_D15,1,NORMAL_D15,15.00,1.8368,,MR60BHA2_breath_phase,safenest-node-01
105.0120,-0.010000,S001,S001_NORMAL_D15,1,NORMAL_D15,15.00,1.8368,,MR60BHA2_breath_phase,safenest-node-01
105.1120,-0.010000,S001,S001_NORMAL_D15,1,NORMAL_D15,15.00,1.8368,,MR60BHA2_breath_phase,safenest-node-01
105.2120,-0.010000,S001,S001_NORMAL_D15,1,NORMAL_D15,15.00,1.8368,,MR60BHA2_breath_phase,safenest-node-01
105.3120,-0.010000,S001,S001_NORMAL_D15,1,NORMAL_D15,15.00,1.8368,,MR60BHA2_breath_phase,safenest-node-01
105.4120,-0.010000,S001,S001_NORMAL_D15,1,NORMAL_D15,15.00,1.8368,,MR60BHA2_breath_phase,safenest-node-01
105.5120,-0.010000,S001,S001_NORMAL_D15,1,NORMAL_D15,15.00,1.8368,,MR60BHA2_breath_phase,safenest-node-01
105.6120,-0.010000,S001,S001_NORMAL_D15,1,NORMAL_D15,15.00,1.8368,,MR60BHA2_breath_phase,safenest-node-01
105.7120,-0.010000,S001,S001_NORMAL_D15,1,NORMAL_D15,15.00,1.8368,,MR60BHA2_breath_phase,safenest-node-01
105.8120,-0.010000,S001,S001_NORMAL_D15,1,NORMAL_D15,15.00,1.8368,,MR60BHA2_breath_phase,safenest-node-01
105.9120,-0.010000,S001,S001_NORMAL_D15,1,NORMAL_D15,15.00,1.8368,,MR60BHA2_breath_phase,safenest-node-01
106.0120,-0.010000,S001,S001_NORMAL_D15,1,NORMAL_D15,15.00,1.8368,,MR60BHA2_breath_phase,safenest-node-01
106.1130,-0.010000,S001,S001_NORMAL_D15,1,NORMAL_D15,15.00,1.8368,,MR60BHA2_breath_phase,safenest-node-01
106.2130,-0.010000,S001,S001_NORMAL_D15,1,NORMAL_D15,15.00,1.8368,,MR60BHA2_breath_phase,safenest-node-01
106.3130,-0.010000,S001,S001_NORMAL_D15,1,NORMAL_D15,15.00,1.8368,,MR60BHA2_breath_phase,safenest-node-01
106.4130,-0.010000,S001,S001_NORMAL_D15,1,NORMAL_D15,15.00,1.8368,,MR60BHA2_breath_phase,safenest-node-01
106.5130,-0.010000,S001,S001_NORMAL_D15,1,NORMAL_D15,15.00,1.8368,,MR60BHA2_breath_phase,safenest-node-01
106.6130,-0.010000,S001,S001_NORMAL_D15,1,NORMAL_D15,15.00,1.8368,,MR60BHA2_breath_phase,safenest-node-01
106.7130,-0.010000,S001,S001_NORMAL_D15,1,NORMAL_D15,15.00,1.8368,,MR60BHA2_breath_phase,safenest-node-01
106.8130,-0.010000,S001,S001_NORMAL_D15,1,NORMAL_D15,15.00,1.8368,,MR60BHA2_breath_phase,safenest-node-01
106.9130,-0.010000,S001,S001_NORMAL_D15,1,NORMAL_D15,15.00,1.8368,,MR60BHA2_breath_phase,safenest-node-01
107.0130,-0.010000,S001,S001_NORMAL_D15,1,NORMAL_D15,15.00,1.8368,,MR60BHA2_breath_phase,safenest-node-01
107.1130,-0.010000,S001,S001_NORMAL_D15,1,NORMAL_D15,15.00,1.8368,,MR60BHA2_breath_phase,safenest-node-01
107.2130,-0.010000,S001,S001_NORMAL_D15,1,NORMAL_D15,15.00,1.8368,,MR60BHA2_breath_phase,safenest-node-01
107.3130,-0.010000,S001,S001_NORMAL_D15,1,NORMAL_D15,15.00,1.8368,,MR60BHA2_breath_phase,safenest-node-01
107.4130,-0.010000,S001,S001_NORMAL_D15,1,NORMAL_D15,15.00,1.8368,,MR60BHA2_breath_phase,safenest-node-01
107.5130,-0.010000,S001,S001_NORMAL_D15,1,NORMAL_D15,15.00,1.8368,,MR60BHA2_breath_phase,safenest-node-01
107.6130,-0.010000,S001,S001_NORMAL_D15,1,NORMAL_D15,15.00,1.8368,,MR60BHA2_breath_phase,safenest-node-01
107.7130,-0.010000,S001,S001_NORMAL_D15,1,NORMAL_D15,15.00,1.8368,,MR60BHA2_breath_phase,safenest-node-01
107.8130,-0.010000,S001,S001_NORMAL_D15,1,NORMAL_D15,15.00,1.8368,,MR60BHA2_breath_phase,safenest-node-01
107.9130,-0.010000,S001,S001_NORMAL_D15,1,NORMAL_D15,15.00,1.8368,,MR60BHA2_breath_phase,safenest-node-01
108.0130,-0.010000,S001,S001_NORMAL_D15,1,NORMAL_D15,15.00,1.8368,,MR60BHA2_breath_phase,safenest-node-01
108.1130,-0.010000,S001,S001_NORMAL_D15,1,NORMAL_D15,15.00,1.8368,,MR60BHA2_breath_phase,safenest-node-01
108.2130,-0.010000,S001,S001_NORMAL_D15,1,NORMAL_D15,15.00,1.8368,,MR60BHA2_breath_phase,safenest-node-01
108.3130,-0.010000,S001,S001_NORMAL_D15,1,NORMAL_D15,15.00,1.8368,,MR60BHA2_breath_phase,safenest-node-01
108.4130,-0.010000,S001,S001_NORMAL_D15,1,NORMAL_D15,15.00,1.8368,,MR60BHA2_breath_phase,safenest-node-01
108.5130,-0.010000,S001,S001_NORMAL_D15,1,NORMAL_D15,15.00,1.8368,,MR60BHA2_breath_phase,safenest-node-01
108.6130,-0.010000,S001,S001_NORMAL_D15,1,NORMAL_D15,15.00,1.8368,,MR60BHA2_breath_phase,safenest-node-01
108.7130,-0.010000,S001,S001_NORMAL_D15,1,NORMAL_D15,15.00,1.8368,,MR60BHA2_breath_phase,safenest-node-01
108.8130,-0.010000,S001,S001_NORMAL_D15,1,NORMAL_D15,15.00,1.8368,,MR60BHA2_breath_phase,safenest-node-01
108.9130,-0.010000,S001,S001_NORMAL_D15,1,NORMAL_D15,15.00,1.8368,,MR60BHA2_breath_phase,safenest-node-01
109.0130,-0.010000,S001,S001_NORMAL_D15,1,NORMAL_D15,15.00,1.8368,,MR60BHA2_breath_phase,safenest-node-01
109.1130,-0.010000,S001,S001_NORMAL_D15,1,NORMAL_D15,15.00,1.8368,,MR60BHA2_breath_phase,safenest-node-01
109.2130,-0.010000,S001,S001_NORMAL_D15,1,NORMAL_D15,15.00,1.8368,,MR60BHA2_breath_phase,safenest-node-01
109.3130,-0.010000,S001,S001_NORMAL_D15,1,NORMAL_D15,15.00,1.8368,,MR60BHA2_breath_phase,safenest-node-01
109.4130,-0.010000,S001,S001_NORMAL_D15,1,NORMAL_D15,15.00,1.8368,,MR60BHA2_breath_phase,safenest-node-01
109.5130,-0.010000,S001,S001_NORMAL_D15,1,NORMAL_D15,15.00,1.8368,,MR60BHA2_breath_phase,safenest-node-01
109.6130,-0.010000,S001,S001_NORMAL_D15,1,NORMAL_D15,15.00,1.8368,,MR60BHA2_breath_phase,safenest-node-01
109.7130,-0.010000,S001,S001_NORMAL_D15,1,NORMAL_D15,15.00,1.8368,,MR60BHA2_breath_phase,safenest-node-01
109.8130,-0.010000,S001,S001_NORMAL_D15,1,NORMAL_D15,15.00,1.8368,,MR60BHA2_breath_phase,safenest-node-01
109.9130,-0.010000,S001,S001_NORMAL_D15,1,NORMAL_D15,15.00,1.8368,,MR60BHA2_breath_phase,safenest-node-01
110.0130,-0.010000,S001,S001_NORMAL_D15,1,NORMAL_D15,15.00,1.8368,,MR60BHA2_breath_phase,safenest-node-01
110.1130,-0.010000,S001,S001_NORMAL_D15,1,NORMAL_D15,15.00,1.8368,,MR60BHA2_breath_phase,safenest-node-01
110.2130,-0.010000,S001,S001_NORMAL_D15,1,NORMAL_D15,15.00,1.8368,,MR60BHA2_breath_phase,safenest-node-01
110.3130,-0.010000,S001,S001_NORMAL_D15,1,NORMAL_D15,15.00,1.8368,,MR60BHA2_breath_phase,safenest-node-01
110.4130,-0.010000,S001,S001_NORMAL_D15,1,NORMAL_D15,15.00,1.8368,,MR60BHA2_breath_phase,safenest-node-01
110.5130,-0.010000,S001,S001_NORMAL_D15,1,NORMAL_D15,15.00,1.8368,,MR60BHA2_breath_phase,safenest-node-01
110.6130,-0.010000,S001,S001_NORMAL_D15,1,NORMAL_D15,15.00,1.8368,,MR60BHA2_breath_phase,safenest-node-01
110.7130,-0.010000,S001,S001_NORMAL_D15,1,NORMAL_D15,15.00,1.8368,,MR60BHA2_breath_phase,safenest-node-01
110.8130,-0.010000,S001,S001_NORMAL_D15,1,NORMAL_D15,15.00,1.8368,,MR60BHA2_breath_phase,safenest-node-01
110.9130,-0.010000,S001,S001_NORMAL_D15,1,NORMAL_D15,15.00,1.8368,,MR60BHA2_breath_phase,safenest-node-01
111.0130,-0.010000,S001,S001_NORMAL_D15,1,NORMAL_D15,15.00,1.8368,,MR60BHA2_breath_phase,safenest-node-01
111.1130,-0.010000,S001,S001_NORMAL_D15,1,NORMAL_D15,15.00,1.8368,,MR60BHA2_breath_phase,safenest-node-01
111.2130,-0.010000,S001,S001_NORMAL_D15,1,NORMAL_D15,15.00,1.8368,,MR60BHA2_breath_phase,safenest-node-01
111.3130,-0.010000,S001,S001_NORMAL_D15,1,NORMAL_D15,15.00,1.8368,,MR60BHA2_breath_phase,safenest-node-01
111.4130,-0.010000,S001,S001_NORMAL_D15,1,NORMAL_D15,15.00,1.8368,,MR60BHA2_breath_phase,safenest-node-01
111.5130,-0.010000,S001,S001_NORMAL_D15,1,NORMAL_D15,15.00,1.8368,,MR60BHA2_breath_phase,safenest-node-01
111.6130,-0.010000,S001,S001_NORMAL_D15,1,NORMAL_D15,15.00,1.8368,,MR60BHA2_breath_phase,safenest-node-01
111.7130,-0.010000,S001,S001_NORMAL_D15,1,NORMAL_D15,15.00,1.8368,,MR60BHA2_breath_phase,safenest-node-01
111.8130,-0.010000,S001,S001_NORMAL_D15,1,NORMAL_D15,15.00,1.8368,,MR60BHA2_breath_phase,safenest-node-01
111.9130,-0.010000,S001,S001_NORMAL_D15,1,NORMAL_D15,15.00,1.8368,,MR60BHA2_breath_phase,safenest-node-01
112.0130,-0.010000,S001,S001_NORMAL_D15,1,NORMAL_D15,15.00,1.8368,,MR60BHA2_breath_phase,safenest-node-01
112.1130,-0.010000,S001,S001_NORMAL_D15,1,NORMAL_D15,15.00,1.8368,,MR60BHA2_breath_phase,safenest-node-01
112.2130,-0.010000,S001,S001_NORMAL_D15,1,NORMAL_D15,15.00,1.8368,,MR60BHA2_breath_phase,safenest-node-01
112.3130,-0.010000,S001,S001_NORMAL_D15,1,NORMAL_D15,15.00,1.8368,,MR60BHA2_breath_phase,safenest-node-01
112.4130,-0.010000,S001,S001_NORMAL_D15,1,NORMAL_D15,15.00,1.8368,,MR60BHA2_breath_phase,safenest-node-01
112.5130,-0.010000,S001,S001_NORMAL_D15,1,NORMAL_D15,15.00,1.8368,,MR60BHA2_breath_phase,safenest-node-01
112.6130,-0.010000,S001,S001_NORMAL_D15,1,NORMAL_D15,15.00,1.8368,,MR60BHA2_breath_phase,safenest-node-01
112.7130,-0.010000,S001,S001_NORMAL_D15,1,NORMAL_D15,15.00,1.8368,,MR60BHA2_breath_phase,safenest-node-01
112.8130,-0.010000,S001,S001_NORMAL_D15,1,NORMAL_D15,15.00,1.8368,,MR60BHA2_breath_phase,safenest-node-01
112.9130,-0.010000,S001,S001_NORMAL_D15,1,NORMAL_D15,15.00,1.8368,,MR60BHA2_breath_phase,safenest-node-01
113.0130,-0.010000,S001,S001_NORMAL_D15,1,NORMAL_D15,15.00,1.8368,,MR60BHA2_breath_phase,safenest-node-01
113.1130,-0.010000,S001,S001_NORMAL_D15,1,NORMAL_D15,15.00,1.8368,,MR60BHA2_breath_phase,safenest-node-01
113.2130,-0.010000,S001,S001_NORMAL_D15,1,NORMAL_D15,15.00,1.8368,,MR60BHA2_breath_phase,safenest-node-01
113.3130,-0.010000,S001,S001_NORMAL_D15,1,NORMAL_D15,15.00,1.8368,,MR60BHA2_breath_phase,safenest-node-01
113.4130,-0.010000,S001,S001_NORMAL_D15,1,NORMAL_D15,15.00,1.8368,,MR60BHA2_breath_phase,safenest-node-01
113.5130,-0.010000,S001,S001_NORMAL_D15,1,NORMAL_D15,15.00,1.8368,,MR60BHA2_breath_phase,safenest-node-01
113.6130,-0.010000,S001,S001_NORMAL_D15,1,NORMAL_D15,15.00,1.8368,,MR60BHA2_breath_phase,safenest-node-01
113.7130,-0.010000,S001,S001_NORMAL_D15,1,NORMAL_D15,15.00,1.8368,,MR60BHA2_breath_phase,safenest-node-01
113.8130,-0.010000,S001,S001_NORMAL_D15,1,NORMAL_D15,15.00,1.8368,,MR60BHA2_breath_phase,safenest-node-01
113.9130,-0.010000,S001,S001_NORMAL_D15,1,NORMAL_D15,15.00,1.8368,,MR60BHA2_breath_phase,safenest-node-01
114.0130,-0.010000,S001,S001_NORMAL_D15,1,NORMAL_D15,15.00,1.8368,,MR60BHA2_breath_phase,safenest-node-01
114.1130,-0.010000,S001,S001_NORMAL_D15,1,NORMAL_D15,15.00,1.8368,,MR60BHA2_breath_phase,safenest-node-01
114.2130,-0.010000,S001,S001_NORMAL_D15,1,NORMAL_D15,15.00,1.8368,,MR60BHA2_breath_phase,safenest-node-01
114.3130,-0.010000,S001,S001_NORMAL_D15,1,NORMAL_D15,15.00,1.8368,,MR60BHA2_breath_phase,safenest-node-01
114.4130,-0.010000,S001,S001_NORMAL_D15,1,NORMAL_D15,15.00,1.8368,,MR60BHA2_breath_phase,safenest-node-01
114.5130,-0.010000,S001,S001_NORMAL_D15,1,NORMAL_D15,15.00,1.8368,,MR60BHA2_breath_phase,safenest-node-01
114.6130,-0.010000,S001,S001_NORMAL_D15,1,NORMAL_D15,15.00,1.8368,,MR60BHA2_breath_phase,safenest-node-01
114.7130,-0.010000,S001,S001_NORMAL_D15,1,NORMAL_D15,15.00,1.8368,,MR60BHA2_breath_phase,safenest-node-01
114.8130,-0.010000,S001,S001_NORMAL_D15,1,NORMAL_D15,15.00,1.8368,,MR60BHA2_breath_phase,safenest-node-01
114.9130,-0.010000,S001,S001_NORMAL_D15,1,NORMAL_D15,15.00,1.8368,,MR60BHA2_breath_phase,safenest-node-01
115.0130,-0.010000,S001,S001_NORMAL_D15,1,NORMAL_D15,15.00,1.8368,,MR60BHA2_breath_phase,safenest-node-01
115.1130,-0.010000,S001,S001_NORMAL_D15,1,NORMAL_D15,15.00,1.8368,,MR60BHA2_breath_phase,safenest-node-01
115.2130,-0.010000,S001,S001_NORMAL_D15,1,NORMAL_D15,15.00,1.8368,,MR60BHA2_breath_phase,safenest-node-01
115.3130,-0.010000,S001,S001_NORMAL_D15,1,NORMAL_D15,15.00,1.8368,,MR60BHA2_breath_phase,safenest-node-01
115.4130,-0.010000,S001,S001_NORMAL_D15,1,NORMAL_D15,15.00,1.8368,,MR60BHA2_breath_phase,safenest-node-01
115.5130,-0.010000,S001,S001_NORMAL_D15,1,NORMAL_D15,15.00,1.8368,,MR60BHA2_breath_phase,safenest-node-01
115.6130,-0.010000,S001,S001_NORMAL_D15,1,NORMAL_D15,15.00,1.8368,,MR60BHA2_breath_phase,safenest-node-01
115.7130,-0.010000,S001,S001_NORMAL_D15,1,NORMAL_D15,15.00,1.8368,,MR60BHA2_breath_phase,safenest-node-01
115.8130,-0.010000,S001,S001_NORMAL_D15,1,NORMAL_D15,15.00,1.8368,,MR60BHA2_breath_phase,safenest-node-01
115.9130,-0.010000,S001,S001_NORMAL_D15,1,NORMAL_D15,15.00,1.8368,,MR60BHA2_breath_phase,safenest-node-01
116.0130,-0.010000,S001,S001_NORMAL_D15,1,NORMAL_D15,15.00,1.8368,,MR60BHA2_breath_phase,safenest-node-01
116.1130,-0.010000,S001,S001_NORMAL_D15,1,NORMAL_D15,15.00,1.8368,,MR60BHA2_breath_phase,safenest-node-01
116.2130,-0.010000,S001,S001_NORMAL_D15,1,NORMAL_D15,15.00,1.8368,,MR60BHA2_breath_phase,safenest-node-01
116.3130,-0.010000,S001,S001_NORMAL_D15,1,NORMAL_D15,15.00,1.8368,,MR60BHA2_breath_phase,safenest-node-01
116.4130,-0.010000,S001,S001_NORMAL_D15,1,NORMAL_D15,15.00,1.8368,,MR60BHA2_breath_phase,safenest-node-01
116.5130,-0.010000,S001,S001_NORMAL_D15,1,NORMAL_D15,15.00,1.8368,,MR60BHA2_breath_phase,safenest-node-01
116.6130,-0.010000,S001,S001_NORMAL_D15,1,NORMAL_D15,15.00,1.8368,,MR60BHA2_breath_phase,safenest-node-01
116.7130,-0.010000,S001,S001_NORMAL_D15,1,NORMAL_D15,15.00,1.8368,,MR60BHA2_breath_phase,safenest-node-01
116.8130,-0.010000,S001,S001_NORMAL_D15,1,NORMAL_D15,15.00,1.8368,,MR60BHA2_breath_phase,safenest-node-01
116.9130,-0.010000,S001,S001_NORMAL_D15,1,NORMAL_D15,15.00,1.8368,,MR60BHA2_breath_phase,safenest-node-01
117.0130,-0.010000,S001,S001_NORMAL_D15,1,NORMAL_D15,15.00,1.8368,,MR60BHA2_breath_phase,safenest-node-01
117.1130,-0.010000,S001,S001_NORMAL_D15,1,NORMAL_D15,15.00,1.8368,,MR60BHA2_breath_phase,safenest-node-01
117.2130,-0.010000,S001,S001_NORMAL_D15,1,NORMAL_D15,15.00,1.8368,,MR60BHA2_breath_phase,safenest-node-01
117.3130,-0.010000,S001,S001_NORMAL_D15,1,NORMAL_D15,15.00,1.8368,,MR60BHA2_breath_phase,safenest-node-01
117.4130,-0.010000,S001,S001_NORMAL_D15,1,NORMAL_D15,15.00,1.8368,,MR60BHA2_breath_phase,safenest-node-01
117.5130,-0.010000,S001,S001_NORMAL_D15,1,NORMAL_D15,15.00,1.8368,,MR60BHA2_breath_phase,safenest-node-01
117.6130,-0.010000,S001,S001_NORMAL_D15,1,NORMAL_D15,15.00,1.8368,,MR60BHA2_breath_phase,safenest-node-01
117.7140,-0.010000,S001,S001_NORMAL_D15,1,NORMAL_D15,15.00,1.8368,,MR60BHA2_breath_phase,safenest-node-01
117.8140,-0.010000,S001,S001_NORMAL_D15,1,NORMAL_D15,15.00,1.8368,,MR60BHA2_breath_phase,safenest-node-01
117.9140,-0.010000,S001,S001_NORMAL_D15,1,NORMAL_D15,15.00,1.8368,,MR60BHA2_breath_phase,safenest-node-01
118.0140,-0.010000,S001,S001_NORMAL_D15,1,NORMAL_D15,15.00,1.8368,,MR60BHA2_breath_phase,safenest-node-01
118.1140,-0.010000,S001,S001_NORMAL_D15,1,NORMAL_D15,15.00,1.8368,,MR60BHA2_breath_phase,safenest-node-01
118.2140,-0.010000,S001,S001_NORMAL_D15,1,NORMAL_D15,15.00,1.8368,,MR60BHA2_breath_phase,safenest-node-01
118.3140,-0.010000,S001,S001_NORMAL_D15,1,NORMAL_D15,15.00,1.8368,,MR60BHA2_breath_phase,safenest-node-01
118.4140,-0.010000,S001,S001_NORMAL_D15,1,NORMAL_D15,15.00,1.8368,,MR60BHA2_breath_phase,safenest-node-01
118.5150,-0.010000,S001,S001_NORMAL_D15,1,NORMAL_D15,15.00,1.8368,,MR60BHA2_breath_phase,safenest-node-01
118.6150,-0.010000,S001,S001_NORMAL_D15,1,NORMAL_D15,15.00,1.8368,,MR60BHA2_breath_phase,safenest-node-01
118.7150,-0.010000,S001,S001_NORMAL_D15,1,NORMAL_D15,15.00,1.8368,,MR60BHA2_breath_phase,safenest-node-01
118.8150,-0.010000,S001,S001_NORMAL_D15,1,NORMAL_D15,15.00,1.8368,,MR60BHA2_breath_phase,safenest-node-01
118.9150,-0.010000,S001,S001_NORMAL_D15,1,NORMAL_D15,15.00,1.8368,,MR60BHA2_breath_phase,safenest-node-01
119.0150,-0.010000,S001,S001_NORMAL_D15,1,NORMAL_D15,15.00,1.8368,,MR60BHA2_breath_phase,safenest-node-01
119.1150,-0.010000,S001,S001_NORMAL_D15,1,NORMAL_D15,15.00,1.8368,,MR60BHA2_breath_phase,safenest-node-01
119.2150,-0.010000,S001,S001_NORMAL_D15,1,NORMAL_D15,15.00,1.8368,,MR60BHA2_breath_phase,safenest-node-01
119.3150,-0.010000,S001,S001_NORMAL_D15,1,NORMAL_D15,15.00,1.8368,,MR60BHA2_breath_phase,safenest-node-01
119.4150,-0.010000,S001,S001_NORMAL_D15,1,NORMAL_D15,15.00,1.8368,,MR60BHA2_breath_phase,safenest-node-01
119.5150,-0.010000,S001,S001_NORMAL_D15,1,NORMAL_D15,15.00,1.8368,,MR60BHA2_breath_phase,safenest-node-01
119.6150,-0.010000,S001,S001_NORMAL_D15,1,NORMAL_D15,15.00,1.8368,,MR60BHA2_breath_phase,safenest-node-01
119.7150,-0.010000,S001,S001_NORMAL_D15,1,NORMAL_D15,15.00,1.8368,,MR60BHA2_breath_phase,safenest-node-01
119.8150,-0.010000,S001,S001_NORMAL_D15,1,NORMAL_D15,15.00,1.8368,,MR60BHA2_breath_phase,safenest-node-01
119.9150,-0.010000,S001,S001_NORMAL_D15,1,NORMAL_D15,15.00,1.8368,,MR60BHA2_breath_phase,safenest-node-01
120.0150,-0.010000,S001,S001_NORMAL_D15,1,NORMAL_D15,15.00,1.8368,,MR60BHA2_breath_phase,safenest-node-01
120.1150,-0.010000,S001,S001_NORMAL_D15,1,NORMAL_D15,15.00,1.8368,,MR60BHA2_breath_phase,safenest-node-01
120.2150,-0.010000,S001,S001_NORMAL_D15,1,NORMAL_D15,15.00,1.8368,,MR60BHA2_breath_phase,safenest-node-01
120.3150,-0.010000,S001,S001_NORMAL_D15,1,NORMAL_D15,15.00,1.8368,,MR60BHA2_breath_phase,safenest-node-01
120.4150,-0.010000,S001,S001_NORMAL_D15,1,NORMAL_D15,15.00,1.8368,,MR60BHA2_breath_phase,safenest-node-01
120.5150,-0.010000,S001,S001_NORMAL_D15,1,NORMAL_D15,15.00,1.8368,,MR60BHA2_breath_phase,safenest-node-01
120.6150,-0.010000,S001,S001_NORMAL_D15,1,NORMAL_D15,15.00,1.8368,,MR60BHA2_breath_phase,safenest-node-01
120.7150,-0.010000,S001,S001_NORMAL_D15,1,NORMAL_D15,15.00,1.8368,,MR60BHA2_breath_phase,safenest-node-01
120.8150,-0.010000,S001,S001_NORMAL_D15,1,NORMAL_D15,15.00,1.8368,,MR60BHA2_breath_phase,safenest-node-01
120.9150,-0.010000,S001,S001_NORMAL_D15,1,NORMAL_D15,15.00,1.8368,,MR60BHA2_breath_phase,safenest-node-01
121.0150,-0.010000,S001,S001_NORMAL_D15,1,NORMAL_D15,15.00,1.8368,,MR60BHA2_breath_phase,safenest-node-01
121.1150,-0.010000,S001,S001_NORMAL_D15,1,NORMAL_D15,15.00,1.8368,,MR60BHA2_breath_phase,safenest-node-01
121.2150,-0.010000,S001,S001_NORMAL_D15,1,NORMAL_D15,15.00,1.8368,,MR60BHA2_breath_phase,safenest-node-01
121.3150,-0.010000,S001,S001_NORMAL_D15,1,NORMAL_D15,15.00,1.8368,,MR60BHA2_breath_phase,safenest-node-01
121.4150,-0.010000,S001,S001_NORMAL_D15,1,NORMAL_D15,15.00,1.8368,,MR60BHA2_breath_phase,safenest-node-01
121.5150,-0.010000,S001,S001_NORMAL_D15,1,NORMAL_D15,15.00,1.8368,,MR60BHA2_breath_phase,safenest-node-01
121.6150,-0.010000,S001,S001_NORMAL_D15,1,NORMAL_D15,15.00,1.8368,,MR60BHA2_breath_phase,safenest-node-01
121.7150,-0.010000,S001,S001_NORMAL_D15,1,NORMAL_D15,15.00,1.8368,,MR60BHA2_breath_phase,safenest-node-01
121.8150,-0.010000,S001,S001_NORMAL_D15,1,NORMAL_D15,15.00,1.8368,,MR60BHA2_breath_phase,safenest-node-01
121.9150,-0.010000,S001,S001_NORMAL_D15,1,NORMAL_D15,15.00,1.8368,,MR60BHA2_breath_phase,safenest-node-01
122.0150,-0.010000,S001,S001_NORMAL_D15,1,NORMAL_D15,15.00,1.8368,,MR60BHA2_breath_phase,safenest-node-01
122.1150,-0.010000,S001,S001_NORMAL_D15,1,NORMAL_D15,15.00,1.8368,,MR60BHA2_breath_phase,safenest-node-01
122.2150,-0.010000,S001,S001_NORMAL_D15,1,NORMAL_D15,15.00,1.8368,,MR60BHA2_breath_phase,safenest-node-01
122.3150,-0.010000,S001,S001_NORMAL_D15,1,NORMAL_D15,15.00,1.8368,,MR60BHA2_breath_phase,safenest-node-01
122.4150,-0.010000,S001,S001_NORMAL_D15,1,NORMAL_D15,15.00,1.8368,,MR60BHA2_breath_phase,safenest-node-01
122.5150,-0.010000,S001,S001_NORMAL_D15,1,NORMAL_D15,15.00,1.8368,,MR60BHA2_breath_phase,safenest-node-01
122.6150,-0.010000,S001,S001_NORMAL_D15,1,NORMAL_D15,15.00,1.8368,,MR60BHA2_breath_phase,safenest-node-01
122.7150,-0.010000,S001,S001_NORMAL_D15,1,NORMAL_D15,15.00,1.8368,,MR60BHA2_breath_phase,safenest-node-01
122.8150,-0.010000,S001,S001_NORMAL_D15,1,NORMAL_D15,15.00,1.8368,,MR60BHA2_breath_phase,safenest-node-01
122.9150,-0.010000,S001,S001_NORMAL_D15,1,NORMAL_D15,15.00,1.8368,,MR60BHA2_breath_phase,safenest-node-01
123.0150,-0.010000,S001,S001_NORMAL_D15,1,NORMAL_D15,15.00,1.8368,,MR60BHA2_breath_phase,safenest-node-01
123.1150,-0.010000,S001,S001_NORMAL_D15,1,NORMAL_D15,15.00,1.8368,,MR60BHA2_breath_phase,safenest-node-01
123.2150,-0.010000,S001,S001_NORMAL_D15,1,NORMAL_D15,15.00,1.8368,,MR60BHA2_breath_phase,safenest-node-01
123.3150,-0.010000,S001,S001_NORMAL_D15,1,NORMAL_D15,15.00,1.8368,,MR60BHA2_breath_phase,safenest-node-01
123.4150,-0.010000,S001,S001_NORMAL_D15,1,NORMAL_D15,15.00,1.8368,,MR60BHA2_breath_phase,safenest-node-01
123.5160,-0.010000,S001,S001_NORMAL_D15,1,NORMAL_D15,15.00,1.8368,,MR60BHA2_breath_phase,safenest-node-01
123.6160,-0.010000,S001,S001_NORMAL_D15,1,NORMAL_D15,15.00,1.8368,,MR60BHA2_breath_phase,safenest-node-01
123.7160,-0.010000,S001,S001_NORMAL_D15,1,NORMAL_D15,15.00,1.8368,,MR60BHA2_breath_phase,safenest-node-01
123.8160,-0.010000,S001,S001_NORMAL_D15,1,NORMAL_D15,15.00,1.8368,,MR60BHA2_breath_phase,safenest-node-01
123.9160,-0.010000,S001,S001_NORMAL_D15,1,NORMAL_D15,15.00,1.8368,,MR60BHA2_breath_phase,safenest-node-01
124.0160,-0.010000,S001,S001_NORMAL_D15,1,NORMAL_D15,15.00,1.8368,,MR60BHA2_breath_phase,safenest-node-01
124.1160,-0.010000,S001,S001_NORMAL_D15,1,NORMAL_D15,15.00,1.8368,,MR60BHA2_breath_phase,safenest-node-01
124.2160,-0.010000,S001,S001_NORMAL_D15,1,NORMAL_D15,15.00,1.8368,,MR60BHA2_breath_phase,safenest-node-01
124.3170,-0.010000,S001,S001_NORMAL_D15,1,NORMAL_D15,15.00,1.8368,,MR60BHA2_breath_phase,safenest-node-01
124.4170,-0.010000,S001,S001_NORMAL_D15,1,NORMAL_D15,15.00,1.8368,,MR60BHA2_breath_phase,safenest-node-01
124.5170,-0.010000,S001,S001_NORMAL_D15,1,NORMAL_D15,15.00,1.8368,,MR60BHA2_breath_phase,safenest-node-01
124.6170,-0.010000,S001,S001_NORMAL_D15,1,NORMAL_D15,15.00,1.8368,,MR60BHA2_breath_phase,safenest-node-01
124.7170,-0.010000,S001,S001_NORMAL_D15,1,NORMAL_D15,15.00,1.8368,,MR60BHA2_breath_phase,safenest-node-01
124.8170,-0.010000,S001,S001_NORMAL_D15,1,NORMAL_D15,15.00,1.8368,,MR60BHA2_breath_phase,safenest-node-01
124.9170,-0.010000,S001,S001_NORMAL_D15,1,NORMAL_D15,15.00,1.8368,,MR60BHA2_breath_phase,safenest-node-01
125.0170,-0.010000,S001,S001_NORMAL_D15,1,NORMAL_D15,15.00,1.8368,,MR60BHA2_breath_phase,safenest-node-01
125.1170,-0.010000,S001,S001_NORMAL_D15,1,NORMAL_D15,15.00,1.8368,,MR60BHA2_breath_phase,safenest-node-01
125.2170,-0.010000,S001,S001_NORMAL_D15,1,NORMAL_D15,15.00,1.8368,,MR60BHA2_breath_phase,safenest-node-01
125.3170,-0.010000,S001,S001_NORMAL_D15,1,NORMAL_D15,15.00,1.8368,,MR60BHA2_breath_phase,safenest-node-01
125.4170,-0.010000,S001,S001_NORMAL_D15,1,NORMAL_D15,15.00,1.8368,,MR60BHA2_breath_phase,safenest-node-01
125.5170,-0.010000,S001,S001_NORMAL_D15,1,NORMAL_D15,15.00,1.8368,,MR60BHA2_breath_phase,safenest-node-01
125.6170,-0.010000,S001,S001_NORMAL_D15,1,NORMAL_D15,15.00,1.8368,,MR60BHA2_breath_phase,safenest-node-01
125.7170,-0.010000,S001,S001_NORMAL_D15,1,NORMAL_D15,15.00,1.8368,,MR60BHA2_breath_phase,safenest-node-01
125.8170,-0.010000,S001,S001_NORMAL_D15,1,NORMAL_D15,15.00,1.8368,,MR60BHA2_breath_phase,safenest-node-01
125.9170,-0.010000,S001,S001_NORMAL_D15,1,NORMAL_D15,15.00,1.8368,,MR60BHA2_breath_phase,safenest-node-01
126.0170,-0.010000,S001,S001_NORMAL_D15,1,NORMAL_D15,15.00,1.8368,,MR60BHA2_breath_phase,safenest-node-01
126.1170,-0.010000,S001,S001_NORMAL_D15,1,NORMAL_D15,15.00,1.8368,,MR60BHA2_breath_phase,safenest-node-01
126.2170,-0.010000,S001,S001_NORMAL_D15,1,NORMAL_D15,15.00,1.8368,,MR60BHA2_breath_phase,safenest-node-01
126.3170,-0.010000,S001,S001_NORMAL_D15,1,NORMAL_D15,15.00,1.8368,,MR60BHA2_breath_phase,safenest-node-01
126.4170,-0.010000,S001,S001_NORMAL_D15,1,NORMAL_D15,15.00,1.8368,,MR60BHA2_breath_phase,safenest-node-01
126.5170,-0.010000,S001,S001_NORMAL_D15,1,NORMAL_D15,15.00,1.8368,,MR60BHA2_breath_phase,safenest-node-01
126.6170,-0.010000,S001,S001_NORMAL_D15,1,NORMAL_D15,15.00,1.8368,,MR60BHA2_breath_phase,safenest-node-01
126.7170,-0.010000,S001,S001_NORMAL_D15,1,NORMAL_D15,15.00,1.8368,,MR60BHA2_breath_phase,safenest-node-01
126.8170,-0.010000,S001,S001_NORMAL_D15,1,NORMAL_D15,15.00,1.8368,,MR60BHA2_breath_phase,safenest-node-01
126.9170,-0.010000,S001,S001_NORMAL_D15,1,NORMAL_D15,15.00,1.8368,,MR60BHA2_breath_phase,safenest-node-01
127.0170,-0.010000,S001,S001_NORMAL_D15,1,NORMAL_D15,15.00,1.8368,,MR60BHA2_breath_phase,safenest-node-01
127.1170,-0.010000,S001,S001_NORMAL_D15,1,NORMAL_D15,15.00,1.8368,,MR60BHA2_breath_phase,safenest-node-01
127.2170,-0.010000,S001,S001_NORMAL_D15,1,NORMAL_D15,15.00,1.8368,,MR60BHA2_breath_phase,safenest-node-01
127.3170,-0.010000,S001,S001_NORMAL_D15,1,NORMAL_D15,15.00,1.8368,,MR60BHA2_breath_phase,safenest-node-01
127.4170,-0.010000,S001,S001_NORMAL_D15,1,NORMAL_D15,15.00,1.8368,,MR60BHA2_breath_phase,safenest-node-01
127.5170,-0.010000,S001,S001_NORMAL_D15,1,NORMAL_D15,15.00,1.8368,,MR60BHA2_breath_phase,safenest-node-01
127.6170,-0.010000,S001,S001_NORMAL_D15,1,NORMAL_D15,15.00,1.8368,,MR60BHA2_breath_phase,safenest-node-01
127.7170,-0.010000,S001,S001_NORMAL_D15,1,NORMAL_D15,15.00,1.8368,,MR60BHA2_breath_phase,safenest-node-01
127.8170,-0.010000,S001,S001_NORMAL_D15,1,NORMAL_D15,15.00,1.8368,,MR60BHA2_breath_phase,safenest-node-01
127.9170,-0.010000,S001,S001_NORMAL_D15,1,NORMAL_D15,15.00,1.8368,,MR60BHA2_breath_phase,safenest-node-01
128.0170,-0.010000,S001,S001_NORMAL_D15,1,NORMAL_D15,15.00,1.8368,,MR60BHA2_breath_phase,safenest-node-01
128.1170,-0.010000,S001,S001_NORMAL_D15,1,NORMAL_D15,15.00,1.8368,,MR60BHA2_breath_phase,safenest-node-01
128.2170,-0.010000,S001,S001_NORMAL_D15,1,NORMAL_D15,15.00,1.8368,,MR60BHA2_breath_phase,safenest-node-01
128.3170,-0.010000,S001,S001_NORMAL_D15,1,NORMAL_D15,15.00,1.8368,,MR60BHA2_breath_phase,safenest-node-01
128.4170,-0.010000,S001,S001_NORMAL_D15,1,NORMAL_D15,15.00,1.8368,,MR60BHA2_breath_phase,safenest-node-01
128.5170,-0.010000,S001,S001_NORMAL_D15,1,NORMAL_D15,15.00,1.8368,,MR60BHA2_breath_phase,safenest-node-01
128.6170,-0.010000,S001,S001_NORMAL_D15,1,NORMAL_D15,15.00,1.8368,,MR60BHA2_breath_phase,safenest-node-01
128.7170,-0.010000,S001,S001_NORMAL_D15,1,NORMAL_D15,15.00,1.8368,,MR60BHA2_breath_phase,safenest-node-01
128.8170,-0.010000,S001,S001_NORMAL_D15,1,NORMAL_D15,15.00,1.8368,,MR60BHA2_breath_phase,safenest-node-01
128.9170,-0.010000,S001,S001_NORMAL_D15,1,NORMAL_D15,15.00,1.8368,,MR60BHA2_breath_phase,safenest-node-01
129.0170,-0.010000,S001,S001_NORMAL_D15,1,NORMAL_D15,15.00,1.8368,,MR60BHA2_breath_phase,safenest-node-01
129.1170,-0.010000,S001,S001_NORMAL_D15,1,NORMAL_D15,15.00,1.8368,,MR60BHA2_breath_phase,safenest-node-01
129.2170,-0.010000,S001,S001_NORMAL_D15,1,NORMAL_D15,15.00,1.8368,,MR60BHA2_breath_phase,safenest-node-01
129.3170,-0.010000,S001,S001_NORMAL_D15,1,NORMAL_D15,15.00,1.7794,,MR60BHA2_breath_phase,safenest-node-01
129.4170,-0.010000,S001,S001_NORMAL_D15,1,NORMAL_D15,15.00,1.7794,,MR60BHA2_breath_phase,safenest-node-01
129.5170,-0.010000,S001,S001_NORMAL_D15,1,NORMAL_D15,15.00,1.7794,,MR60BHA2_breath_phase,safenest-node-01
129.6170,-0.010000,S001,S001_NORMAL_D15,1,NORMAL_D15,15.00,1.7794,,MR60BHA2_breath_phase,safenest-node-01
129.7170,-0.010000,S001,S001_NORMAL_D15,1,NORMAL_D15,15.00,1.7794,,MR60BHA2_breath_phase,safenest-node-01
129.8170,-0.010000,S001,S001_NORMAL_D15,1,NORMAL_D15,15.00,1.7794,,MR60BHA2_breath_phase,safenest-node-01
129.9170,-0.010000,S001,S001_NORMAL_D15,1,NORMAL_D15,15.00,1.7794,,MR60BHA2_breath_phase,safenest-node-01
130.0170,-0.010000,S001,S001_NORMAL_D15,1,NORMAL_D15,15.00,1.7794,,MR60BHA2_breath_phase,safenest-node-01
130.1170,-0.010000,S001,S001_NORMAL_D15,1,NORMAL_D15,15.00,1.7794,,MR60BHA2_breath_phase,safenest-node-01
130.2170,-0.010000,S001,S001_NORMAL_D15,1,NORMAL_D15,15.00,1.7794,,MR60BHA2_breath_phase,safenest-node-01
130.3170,-0.010000,S001,S001_NORMAL_D15,1,NORMAL_D15,15.00,1.8368,,MR60BHA2_breath_phase,safenest-node-01
130.4170,-0.010000,S001,S001_NORMAL_D15,1,NORMAL_D15,15.00,1.8368,,MR60BHA2_breath_phase,safenest-node-01
130.5170,-0.010000,S001,S001_NORMAL_D15,1,NORMAL_D15,15.00,1.8368,,MR60BHA2_breath_phase,safenest-node-01
130.6170,-0.010000,S001,S001_NORMAL_D15,1,NORMAL_D15,15.00,1.8368,,MR60BHA2_breath_phase,safenest-node-01
130.7170,-0.010000,S001,S001_NORMAL_D15,1,NORMAL_D15,15.00,1.8368,,MR60BHA2_breath_phase,safenest-node-01
130.8170,-0.010000,S001,S001_NORMAL_D15,1,NORMAL_D15,15.00,1.8368,,MR60BHA2_breath_phase,safenest-node-01
130.9170,-0.010000,S001,S001_NORMAL_D15,1,NORMAL_D15,15.00,1.8368,,MR60BHA2_breath_phase,safenest-node-01
131.0170,-0.010000,S001,S001_NORMAL_D15,1,NORMAL_D15,15.00,1.8368,,MR60BHA2_breath_phase,safenest-node-01
131.1170,-0.010000,S001,S001_NORMAL_D15,1,NORMAL_D15,15.00,1.8368,,MR60BHA2_breath_phase,safenest-node-01
131.2170,-0.010000,S001,S001_NORMAL_D15,1,NORMAL_D15,15.00,1.8368,,MR60BHA2_breath_phase,safenest-node-01
131.3170,-0.010000,S001,S001_NORMAL_D15,1,NORMAL_D15,15.00,1.8368,,MR60BHA2_breath_phase,safenest-node-01
131.4170,-0.010000,S001,S001_NORMAL_D15,1,NORMAL_D15,15.00,1.8368,,MR60BHA2_breath_phase,safenest-node-01
131.5170,-0.010000,S001,S001_NORMAL_D15,1,NORMAL_D15,15.00,1.8368,,MR60BHA2_breath_phase,safenest-node-01
131.6170,-0.010000,S001,S001_NORMAL_D15,1,NORMAL_D15,15.00,1.8368,,MR60BHA2_breath_phase,safenest-node-01
131.7170,-0.010000,S001,S001_NORMAL_D15,1,NORMAL_D15,15.00,1.8368,,MR60BHA2_breath_phase,safenest-node-01
131.8170,-0.010000,S001,S001_NORMAL_D15,1,NORMAL_D15,15.00,1.8368,,MR60BHA2_breath_phase,safenest-node-01
131.9170,-0.010000,S001,S001_NORMAL_D15,1,NORMAL_D15,15.00,1.8368,,MR60BHA2_breath_phase,safenest-node-01
132.0170,-0.010000,S001,S001_NORMAL_D15,1,NORMAL_D15,15.00,1.8368,,MR60BHA2_breath_phase,safenest-node-01
132.1170,-0.010000,S001,S001_NORMAL_D15,1,NORMAL_D15,15.00,1.8368,,MR60BHA2_breath_phase,safenest-node-01
132.2170,-0.010000,S001,S001_NORMAL_D15,1,NORMAL_D15,15.00,1.8368,,MR60BHA2_breath_phase,safenest-node-01
132.3170,-0.010000,S001,S001_NORMAL_D15,1,NORMAL_D15,15.00,1.8368,,MR60BHA2_breath_phase,safenest-node-01
132.4170,-0.010000,S001,S001_NORMAL_D15,1,NORMAL_D15,15.00,1.8368,,MR60BHA2_breath_phase,safenest-node-01
132.5170,-0.010000,S001,S001_NORMAL_D15,1,NORMAL_D15,15.00,1.8368,,MR60BHA2_breath_phase,safenest-node-01
132.6170,-0.010000,S001,S001_NORMAL_D15,1,NORMAL_D15,15.00,1.8368,,MR60BHA2_breath_phase,safenest-node-01
132.7170,-0.010000,S001,S001_NORMAL_D15,1,NORMAL_D15,15.00,1.8368,,MR60BHA2_breath_phase,safenest-node-01
132.8180,-0.010000,S001,S001_NORMAL_D15,1,NORMAL_D15,15.00,1.8368,,MR60BHA2_breath_phase,safenest-node-01
132.9180,-0.010000,S001,S001_NORMAL_D15,1,NORMAL_D15,15.00,1.8368,,MR60BHA2_breath_phase,safenest-node-01
133.0180,-0.010000,S001,S001_NORMAL_D15,1,NORMAL_D15,15.00,1.8368,,MR60BHA2_breath_phase,safenest-node-01
133.1180,-0.010000,S001,S001_NORMAL_D15,1,NORMAL_D15,15.00,1.8368,,MR60BHA2_breath_phase,safenest-node-01
133.2180,-0.010000,S001,S001_NORMAL_D15,1,NORMAL_D15,15.00,1.8368,,MR60BHA2_breath_phase,safenest-node-01
133.3180,-0.010000,S001,S001_NORMAL_D15,1,NORMAL_D15,15.00,1.8368,,MR60BHA2_breath_phase,safenest-node-01
133.4180,-0.010000,S001,S001_NORMAL_D15,1,NORMAL_D15,15.00,1.8368,,MR60BHA2_breath_phase,safenest-node-01
133.5180,-0.010000,S001,S001_NORMAL_D15,1,NORMAL_D15,15.00,1.8368,,MR60BHA2_breath_phase,safenest-node-01
133.6180,-0.010000,S001,S001_NORMAL_D15,1,NORMAL_D15,15.00,1.8368,,MR60BHA2_breath_phase,safenest-node-01
133.7180,-0.010000,S001,S001_NORMAL_D15,1,NORMAL_D15,15.00,1.8368,,MR60BHA2_breath_phase,safenest-node-01
133.8180,-0.010000,S001,S001_NORMAL_D15,1,NORMAL_D15,15.00,1.8368,,MR60BHA2_breath_phase,safenest-node-01
133.9180,-0.010000,S001,S001_NORMAL_D15,1,NORMAL_D15,15.00,1.8368,,MR60BHA2_breath_phase,safenest-node-01
134.0180,-0.010000,S001,S001_NORMAL_D15,1,NORMAL_D15,15.00,1.8368,,MR60BHA2_breath_phase,safenest-node-01
134.1180,-0.010000,S001,S001_NORMAL_D15,1,NORMAL_D15,15.00,1.8368,,MR60BHA2_breath_phase,safenest-node-01
134.2180,-0.010000,S001,S001_NORMAL_D15,1,NORMAL_D15,15.00,1.8368,,MR60BHA2_breath_phase,safenest-node-01
134.3180,-0.010000,S001,S001_NORMAL_D15,1,NORMAL_D15,15.00,1.8368,,MR60BHA2_breath_phase,safenest-node-01
134.4180,-0.010000,S001,S001_NORMAL_D15,1,NORMAL_D15,15.00,1.8368,,MR60BHA2_breath_phase,safenest-node-01
134.5180,-0.010000,S001,S001_NORMAL_D15,1,NORMAL_D15,15.00,1.8368,,MR60BHA2_breath_phase,safenest-node-01
134.6180,-0.010000,S001,S001_NORMAL_D15,1,NORMAL_D15,15.00,1.8368,,MR60BHA2_breath_phase,safenest-node-01
134.7180,-0.010000,S001,S001_NORMAL_D15,1,NORMAL_D15,15.00,1.8368,,MR60BHA2_breath_phase,safenest-node-01
134.8180,-0.010000,S001,S001_NORMAL_D15,1,NORMAL_D15,15.00,1.8368,,MR60BHA2_breath_phase,safenest-node-01
134.9180,-0.010000,S001,S001_NORMAL_D15,1,NORMAL_D15,15.00,1.8368,,MR60BHA2_breath_phase,safenest-node-01
135.0180,-0.010000,S001,S001_NORMAL_D15,1,NORMAL_D15,15.00,1.8368,,MR60BHA2_breath_phase,safenest-node-01
135.1180,-0.010000,S001,S001_NORMAL_D15,1,NORMAL_D15,15.00,1.8368,,MR60BHA2_breath_phase,safenest-node-01
135.2180,-0.010000,S001,S001_NORMAL_D15,1,NORMAL_D15,15.00,1.8368,,MR60BHA2_breath_phase,safenest-node-01
135.3180,-0.010000,S001,S001_NORMAL_D15,1,NORMAL_D15,15.00,1.8368,,MR60BHA2_breath_phase,safenest-node-01
135.4180,-0.010000,S001,S001_NORMAL_D15,1,NORMAL_D15,15.00,1.8368,,MR60BHA2_breath_phase,safenest-node-01
135.5180,-0.010000,S001,S001_NORMAL_D15,1,NORMAL_D15,15.00,1.8368,,MR60BHA2_breath_phase,safenest-node-01
135.6180,-0.010000,S001,S001_NORMAL_D15,1,NORMAL_D15,15.00,1.8368,,MR60BHA2_breath_phase,safenest-node-01
135.7180,-0.010000,S001,S001_NORMAL_D15,1,NORMAL_D15,15.00,1.8368,,MR60BHA2_breath_phase,safenest-node-01
135.8180,-0.010000,S001,S001_NORMAL_D15,1,NORMAL_D15,15.00,1.8368,,MR60BHA2_breath_phase,safenest-node-01
135.9180,-0.010000,S001,S001_NORMAL_D15,1,NORMAL_D15,15.00,1.8368,,MR60BHA2_breath_phase,safenest-node-01
136.0180,-0.010000,S001,S001_NORMAL_D15,1,NORMAL_D15,15.00,1.8368,,MR60BHA2_breath_phase,safenest-node-01
136.1180,-0.010000,S001,S001_NORMAL_D15,1,NORMAL_D15,15.00,1.8368,,MR60BHA2_breath_phase,safenest-node-01
136.2180,-0.010000,S001,S001_NORMAL_D15,1,NORMAL_D15,15.00,1.8368,,MR60BHA2_breath_phase,safenest-node-01
136.3180,-0.010000,S001,S001_NORMAL_D15,1,NORMAL_D15,15.00,1.8368,,MR60BHA2_breath_phase,safenest-node-01
136.4180,-0.010000,S001,S001_NORMAL_D15,1,NORMAL_D15,15.00,1.8368,,MR60BHA2_breath_phase,safenest-node-01
136.5180,-0.010000,S001,S001_NORMAL_D15,1,NORMAL_D15,15.00,1.8368,,MR60BHA2_breath_phase,safenest-node-01
136.6180,-0.010000,S001,S001_NORMAL_D15,1,NORMAL_D15,15.00,1.8368,,MR60BHA2_breath_phase,safenest-node-01
136.7180,-0.010000,S001,S001_NORMAL_D15,1,NORMAL_D15,15.00,1.8368,,MR60BHA2_breath_phase,safenest-node-01
136.8180,-0.010000,S001,S001_NORMAL_D15,1,NORMAL_D15,15.00,1.8368,,MR60BHA2_breath_phase,safenest-node-01
136.9180,-0.010000,S001,S001_NORMAL_D15,1,NORMAL_D15,15.00,1.8368,,MR60BHA2_breath_phase,safenest-node-01
137.0180,-0.010000,S001,S001_NORMAL_D15,1,NORMAL_D15,15.00,1.8368,,MR60BHA2_breath_phase,safenest-node-01
137.1180,-0.010000,S001,S001_NORMAL_D15,1,NORMAL_D15,15.00,1.8368,,MR60BHA2_breath_phase,safenest-node-01
137.2180,-0.010000,S001,S001_NORMAL_D15,1,NORMAL_D15,15.00,1.8368,,MR60BHA2_breath_phase,safenest-node-01
137.3180,-0.010000,S001,S001_NORMAL_D15,1,NORMAL_D15,15.00,1.8368,,MR60BHA2_breath_phase,safenest-node-01
137.4180,-0.010000,S001,S001_NORMAL_D15,1,NORMAL_D15,15.00,1.8368,,MR60BHA2_breath_phase,safenest-node-01
137.5180,-0.010000,S001,S001_NORMAL_D15,1,NORMAL_D15,15.00,1.8368,,MR60BHA2_breath_phase,safenest-node-01
137.6180,-0.010000,S001,S001_NORMAL_D15,1,NORMAL_D15,15.00,1.8368,,MR60BHA2_breath_phase,safenest-node-01
137.7180,-0.010000,S001,S001_NORMAL_D15,1,NORMAL_D15,15.00,1.8368,,MR60BHA2_breath_phase,safenest-node-01
137.8180,-0.010000,S001,S001_NORMAL_D15,1,NORMAL_D15,15.00,1.8368,,MR60BHA2_breath_phase,safenest-node-01
137.9180,-0.010000,S001,S001_NORMAL_D15,1,NORMAL_D15,15.00,1.8368,,MR60BHA2_breath_phase,safenest-node-01
138.0180,-0.010000,S001,S001_NORMAL_D15,1,NORMAL_D15,15.00,1.8368,,MR60BHA2_breath_phase,safenest-node-01
138.1180,-0.010000,S001,S001_NORMAL_D15,1,NORMAL_D15,15.00,1.8368,,MR60BHA2_breath_phase,safenest-node-01
138.2180,-0.010000,S001,S001_NORMAL_D15,1,NORMAL_D15,15.00,1.8368,,MR60BHA2_breath_phase,safenest-node-01
138.3180,-0.010000,S001,S001_NORMAL_D15,1,NORMAL_D15,15.00,1.8368,,MR60BHA2_breath_phase,safenest-node-01
138.4180,-0.010000,S001,S001_NORMAL_D15,1,NORMAL_D15,15.00,1.8368,,MR60BHA2_breath_phase,safenest-node-01
138.5180,-0.010000,S001,S001_NORMAL_D15,1,NORMAL_D15,15.00,1.8368,,MR60BHA2_breath_phase,safenest-node-01
138.6180,-0.010000,S001,S001_NORMAL_D15,1,NORMAL_D15,15.00,1.8368,,MR60BHA2_breath_phase,safenest-node-01
138.7180,-0.010000,S001,S001_NORMAL_D15,1,NORMAL_D15,15.00,1.8368,,MR60BHA2_breath_phase,safenest-node-01
138.8180,-0.010000,S001,S001_NORMAL_D15,1,NORMAL_D15,15.00,1.8368,,MR60BHA2_breath_phase,safenest-node-01
138.9180,-0.010000,S001,S001_NORMAL_D15,1,NORMAL_D15,15.00,1.8368,,MR60BHA2_breath_phase,safenest-node-01
139.0180,-0.010000,S001,S001_NORMAL_D15,1,NORMAL_D15,15.00,1.8368,,MR60BHA2_breath_phase,safenest-node-01
139.1180,-0.010000,S001,S001_NORMAL_D15,1,NORMAL_D15,15.00,1.8368,,MR60BHA2_breath_phase,safenest-node-01
139.2180,-0.010000,S001,S001_NORMAL_D15,1,NORMAL_D15,15.00,1.8368,,MR60BHA2_breath_phase,safenest-node-01
139.3180,-0.010000,S001,S001_NORMAL_D15,1,NORMAL_D15,15.00,1.8368,,MR60BHA2_breath_phase,safenest-node-01
139.4180,-0.010000,S001,S001_NORMAL_D15,1,NORMAL_D15,15.00,1.8368,,MR60BHA2_breath_phase,safenest-node-01
139.5180,-0.010000,S001,S001_NORMAL_D15,1,NORMAL_D15,15.00,1.8368,,MR60BHA2_breath_phase,safenest-node-01
139.6180,-0.010000,S001,S001_NORMAL_D15,1,NORMAL_D15,15.00,1.8368,,MR60BHA2_breath_phase,safenest-node-01
139.7180,-0.010000,S001,S001_NORMAL_D15,1,NORMAL_D15,15.00,1.8368,,MR60BHA2_breath_phase,safenest-node-01
139.8180,-0.010000,S001,S001_NORMAL_D15,1,NORMAL_D15,15.00,1.8368,,MR60BHA2_breath_phase,safenest-node-01
139.9180,-0.010000,S001,S001_NORMAL_D15,1,NORMAL_D15,15.00,1.8368,,MR60BHA2_breath_phase,safenest-node-01
140.0180,-0.010000,S001,S001_NORMAL_D15,1,NORMAL_D15,15.00,1.8368,,MR60BHA2_breath_phase,safenest-node-01
140.1180,-0.010000,S001,S001_NORMAL_D15,1,NORMAL_D15,15.00,1.8368,,MR60BHA2_breath_phase,safenest-node-01
140.2180,-0.010000,S001,S001_NORMAL_D15,1,NORMAL_D15,15.00,1.8368,,MR60BHA2_breath_phase,safenest-node-01
140.3180,-0.010000,S001,S001_NORMAL_D15,1,NORMAL_D15,15.00,1.8368,,MR60BHA2_breath_phase,safenest-node-01
140.4180,-0.010000,S001,S001_NORMAL_D15,1,NORMAL_D15,15.00,1.8368,,MR60BHA2_breath_phase,safenest-node-01
140.5190,-0.010000,S001,S001_NORMAL_D15,1,NORMAL_D15,15.00,1.8368,,MR60BHA2_breath_phase,safenest-node-01
140.6190,-0.010000,S001,S001_NORMAL_D15,1,NORMAL_D15,15.00,1.8368,,MR60BHA2_breath_phase,safenest-node-01
140.7190,-0.010000,S001,S001_NORMAL_D15,1,NORMAL_D15,15.00,1.8368,,MR60BHA2_breath_phase,safenest-node-01
140.8190,-0.010000,S001,S001_NORMAL_D15,1,NORMAL_D15,15.00,1.8368,,MR60BHA2_breath_phase,safenest-node-01
140.9190,-0.010000,S001,S001_NORMAL_D15,1,NORMAL_D15,15.00,1.8368,,MR60BHA2_breath_phase,safenest-node-01
141.0190,-0.010000,S001,S001_NORMAL_D15,1,NORMAL_D15,15.00,1.8368,,MR60BHA2_breath_phase,safenest-node-01
141.1190,-0.010000,S001,S001_NORMAL_D15,1,NORMAL_D15,15.00,1.8368,,MR60BHA2_breath_phase,safenest-node-01
141.2190,-0.010000,S001,S001_NORMAL_D15,1,NORMAL_D15,15.00,1.8368,,MR60BHA2_breath_phase,safenest-node-01
141.3190,-0.010000,S001,S001_NORMAL_D15,1,NORMAL_D15,15.00,1.8368,,MR60BHA2_breath_phase,safenest-node-01
141.4190,-0.010000,S001,S001_NORMAL_D15,1,NORMAL_D15,15.00,1.8368,,MR60BHA2_breath_phase,safenest-node-01
141.5190,-0.010000,S001,S001_NORMAL_D15,1,NORMAL_D15,15.00,1.8368,,MR60BHA2_breath_phase,safenest-node-01
141.6190,-0.010000,S001,S001_NORMAL_D15,1,NORMAL_D15,15.00,1.8368,,MR60BHA2_breath_phase,safenest-node-01
141.7190,-0.010000,S001,S001_NORMAL_D15,1,NORMAL_D15,15.00,1.8368,,MR60BHA2_breath_phase,safenest-node-01
141.8190,-0.010000,S001,S001_NORMAL_D15,1,NORMAL_D15,15.00,1.8368,,MR60BHA2_breath_phase,safenest-node-01
141.9190,-0.010000,S001,S001_NORMAL_D15,1,NORMAL_D15,15.00,1.8368,,MR60BHA2_breath_phase,safenest-node-01
142.0190,-0.010000,S001,S001_NORMAL_D15,1,NORMAL_D15,15.00,1.8368,,MR60BHA2_breath_phase,safenest-node-01
142.1190,-0.010000,S001,S001_NORMAL_D15,1,NORMAL_D15,15.00,1.8368,,MR60BHA2_breath_phase,safenest-node-01
142.2190,-0.010000,S001,S001_NORMAL_D15,1,NORMAL_D15,15.00,1.8368,,MR60BHA2_breath_phase,safenest-node-01
142.3190,-0.010000,S001,S001_NORMAL_D15,1,NORMAL_D15,15.00,1.8368,,MR60BHA2_breath_phase,safenest-node-01
142.4190,-0.010000,S001,S001_NORMAL_D15,1,NORMAL_D15,15.00,1.8368,,MR60BHA2_breath_phase,safenest-node-01
142.5190,-0.010000,S001,S001_NORMAL_D15,1,NORMAL_D15,15.00,1.8368,,MR60BHA2_breath_phase,safenest-node-01
142.6190,-0.010000,S001,S001_NORMAL_D15,1,NORMAL_D15,15.00,1.8368,,MR60BHA2_breath_phase,safenest-node-01
142.7190,-0.010000,S001,S001_NORMAL_D15,1,NORMAL_D15,15.00,1.8368,,MR60BHA2_breath_phase,safenest-node-01
142.8190,-0.010000,S001,S001_NORMAL_D15,1,NORMAL_D15,15.00,1.8368,,MR60BHA2_breath_phase,safenest-node-01
142.9190,-0.010000,S001,S001_NORMAL_D15,1,NORMAL_D15,15.00,1.8368,,MR60BHA2_breath_phase,safenest-node-01
143.0190,-0.010000,S001,S001_NORMAL_D15,1,NORMAL_D15,15.00,1.8368,,MR60BHA2_breath_phase,safenest-node-01
143.1190,-0.010000,S001,S001_NORMAL_D15,1,NORMAL_D15,15.00,1.8368,,MR60BHA2_breath_phase,safenest-node-01
143.2190,-0.010000,S001,S001_NORMAL_D15,1,NORMAL_D15,15.00,1.8368,,MR60BHA2_breath_phase,safenest-node-01
143.3190,-0.010000,S001,S001_NORMAL_D15,1,NORMAL_D15,15.00,1.8368,,MR60BHA2_breath_phase,safenest-node-01
143.4190,-0.010000,S001,S001_NORMAL_D15,1,NORMAL_D15,15.00,1.8368,,MR60BHA2_breath_phase,safenest-node-01
143.5190,-0.010000,S001,S001_NORMAL_D15,1,NORMAL_D15,15.00,1.8368,,MR60BHA2_breath_phase,safenest-node-01
143.6190,-0.010000,S001,S001_NORMAL_D15,1,NORMAL_D15,15.00,1.8368,,MR60BHA2_breath_phase,safenest-node-01
143.7190,-0.010000,S001,S001_NORMAL_D15,1,NORMAL_D15,15.00,1.8368,,MR60BHA2_breath_phase,safenest-node-01
143.8190,-0.010000,S001,S001_NORMAL_D15,1,NORMAL_D15,15.00,1.8368,,MR60BHA2_breath_phase,safenest-node-01
143.9190,-0.010000,S001,S001_NORMAL_D15,1,NORMAL_D15,15.00,1.8368,,MR60BHA2_breath_phase,safenest-node-01
144.0190,-0.010000,S001,S001_NORMAL_D15,1,NORMAL_D15,15.00,1.8368,,MR60BHA2_breath_phase,safenest-node-01
144.1190,-0.010000,S001,S001_NORMAL_D15,1,NORMAL_D15,15.00,1.8368,,MR60BHA2_breath_phase,safenest-node-01
144.2190,-0.010000,S001,S001_NORMAL_D15,1,NORMAL_D15,15.00,1.8368,,MR60BHA2_breath_phase,safenest-node-01
144.3190,-0.010000,S001,S001_NORMAL_D15,1,NORMAL_D15,15.00,1.8368,,MR60BHA2_breath_phase,safenest-node-01
144.4190,-0.010000,S001,S001_NORMAL_D15,1,NORMAL_D15,15.00,1.8368,,MR60BHA2_breath_phase,safenest-node-01
144.5190,-0.010000,S001,S001_NORMAL_D15,1,NORMAL_D15,15.00,1.8368,,MR60BHA2_breath_phase,safenest-node-01
144.6190,-0.010000,S001,S001_NORMAL_D15,1,NORMAL_D15,15.00,1.8368,,MR60BHA2_breath_phase,safenest-node-01
144.7200,-0.010000,S001,S001_NORMAL_D15,1,NORMAL_D15,15.00,1.8368,,MR60BHA2_breath_phase,safenest-node-01
144.8200,-0.010000,S001,S001_NORMAL_D15,1,NORMAL_D15,15.00,1.8368,,MR60BHA2_breath_phase,safenest-node-01
144.9200,-0.010000,S001,S001_NORMAL_D15,1,NORMAL_D15,15.00,1.8368,,MR60BHA2_breath_phase,safenest-node-01
145.0200,-0.010000,S001,S001_NORMAL_D15,1,NORMAL_D15,15.00,1.8368,,MR60BHA2_breath_phase,safenest-node-01
145.1200,-0.010000,S001,S001_NORMAL_D15,1,NORMAL_D15,15.00,1.8368,,MR60BHA2_breath_phase,safenest-node-01
145.2200,-0.010000,S001,S001_NORMAL_D15,1,NORMAL_D15,15.00,1.8368,,MR60BHA2_breath_phase,safenest-node-01
145.3200,-0.010000,S001,S001_NORMAL_D15,1,NORMAL_D15,15.00,1.8368,,MR60BHA2_breath_phase,safenest-node-01
145.4200,-0.010000,S001,S001_NORMAL_D15,1,NORMAL_D15,15.00,1.8368,,MR60BHA2_breath_phase,safenest-node-01
145.5200,-0.010000,S001,S001_NORMAL_D15,1,NORMAL_D15,15.00,1.8368,,MR60BHA2_breath_phase,safenest-node-01
145.6200,-0.010000,S001,S001_NORMAL_D15,1,NORMAL_D15,15.00,1.8368,,MR60BHA2_breath_phase,safenest-node-01
145.7200,-0.010000,S001,S001_NORMAL_D15,1,NORMAL_D15,15.00,1.8368,,MR60BHA2_breath_phase,safenest-node-01
145.8200,-0.010000,S001,S001_NORMAL_D15,1,NORMAL_D15,15.00,1.8368,,MR60BHA2_breath_phase,safenest-node-01
145.9200,-0.010000,S001,S001_NORMAL_D15,1,NORMAL_D15,15.00,1.8368,,MR60BHA2_breath_phase,safenest-node-01
146.0200,-0.010000,S001,S001_NORMAL_D15,1,NORMAL_D15,15.00,1.8368,,MR60BHA2_breath_phase,safenest-node-01
146.1200,-0.010000,S001,S001_NORMAL_D15,1,NORMAL_D15,15.00,1.8368,,MR60BHA2_breath_phase,safenest-node-01
146.2200,-0.010000,S001,S001_NORMAL_D15,1,NORMAL_D15,15.00,1.8368,,MR60BHA2_breath_phase,safenest-node-01
146.3200,-0.010000,S001,S001_NORMAL_D15,1,NORMAL_D15,15.00,1.8368,,MR60BHA2_breath_phase,safenest-node-01
146.4200,-0.010000,S001,S001_NORMAL_D15,1,NORMAL_D15,15.00,1.8368,,MR60BHA2_breath_phase,safenest-node-01
146.5200,-0.010000,S001,S001_NORMAL_D15,1,NORMAL_D15,15.00,1.8368,,MR60BHA2_breath_phase,safenest-node-01
146.6200,-0.010000,S001,S001_NORMAL_D15,1,NORMAL_D15,15.00,1.8368,,MR60BHA2_breath_phase,safenest-node-01
146.7200,-0.010000,S001,S001_NORMAL_D15,1,NORMAL_D15,15.00,1.8368,,MR60BHA2_breath_phase,safenest-node-01
146.8200,-0.010000,S001,S001_NORMAL_D15,1,NORMAL_D15,15.00,1.8368,,MR60BHA2_breath_phase,safenest-node-01
146.9200,-0.010000,S001,S001_NORMAL_D15,1,NORMAL_D15,15.00,1.8368,,MR60BHA2_breath_phase,safenest-node-01
147.0200,-0.010000,S001,S001_NORMAL_D15,1,NORMAL_D15,15.00,1.8368,,MR60BHA2_breath_phase,safenest-node-01
147.1200,-0.010000,S001,S001_NORMAL_D15,1,NORMAL_D15,15.00,1.8368,,MR60BHA2_breath_phase,safenest-node-01
147.2200,-0.010000,S001,S001_NORMAL_D15,1,NORMAL_D15,15.00,1.8368,,MR60BHA2_breath_phase,safenest-node-01
147.3200,-0.010000,S001,S001_NORMAL_D15,1,NORMAL_D15,15.00,1.8368,,MR60BHA2_breath_phase,safenest-node-01
147.4200,-0.010000,S001,S001_NORMAL_D15,1,NORMAL_D15,15.00,1.8368,,MR60BHA2_breath_phase,safenest-node-01
147.5200,-0.010000,S001,S001_NORMAL_D15,1,NORMAL_D15,15.00,1.8368,,MR60BHA2_breath_phase,safenest-node-01
147.6200,-0.010000,S001,S001_NORMAL_D15,1,NORMAL_D15,15.00,1.8368,,MR60BHA2_breath_phase,safenest-node-01
147.7200,-0.010000,S001,S001_NORMAL_D15,1,NORMAL_D15,15.00,1.8368,,MR60BHA2_breath_phase,safenest-node-01
147.8200,-0.010000,S001,S001_NORMAL_D15,1,NORMAL_D15,15.00,1.8368,,MR60BHA2_breath_phase,safenest-node-01
147.9200,-0.010000,S001,S001_NORMAL_D15,1,NORMAL_D15,15.00,1.8368,,MR60BHA2_breath_phase,safenest-node-01
148.0200,-0.010000,S001,S001_NORMAL_D15,1,NORMAL_D15,15.00,1.8368,,MR60BHA2_breath_phase,safenest-node-01
148.1200,-0.010000,S001,S001_NORMAL_D15,1,NORMAL_D15,15.00,1.8368,,MR60BHA2_breath_phase,safenest-node-01
148.2200,-0.010000,S001,S001_NORMAL_D15,1,NORMAL_D15,15.00,1.8368,,MR60BHA2_breath_phase,safenest-node-01
148.3200,-0.010000,S001,S001_NORMAL_D15,1,NORMAL_D15,15.00,1.8368,,MR60BHA2_breath_phase,safenest-node-01
148.4200,-0.010000,S001,S001_NORMAL_D15,1,NORMAL_D15,15.00,1.8368,,MR60BHA2_breath_phase,safenest-node-01
148.5200,-0.010000,S001,S001_NORMAL_D15,1,NORMAL_D15,15.00,1.8368,,MR60BHA2_breath_phase,safenest-node-01
148.6200,-0.010000,S001,S001_NORMAL_D15,1,NORMAL_D15,15.00,1.8368,,MR60BHA2_breath_phase,safenest-node-01
148.7200,-0.010000,S001,S001_NORMAL_D15,1,NORMAL_D15,15.00,1.8368,,MR60BHA2_breath_phase,safenest-node-01
148.8200,-0.010000,S001,S001_NORMAL_D15,1,NORMAL_D15,15.00,1.8368,,MR60BHA2_breath_phase,safenest-node-01
148.9200,-0.010000,S001,S001_NORMAL_D15,1,NORMAL_D15,15.00,1.8368,,MR60BHA2_breath_phase,safenest-node-01
149.0200,-0.010000,S001,S001_NORMAL_D15,1,NORMAL_D15,15.00,1.8368,,MR60BHA2_breath_phase,safenest-node-01
149.1200,-0.010000,S001,S001_NORMAL_D15,1,NORMAL_D15,15.00,1.8368,,MR60BHA2_breath_phase,safenest-node-01
149.2200,-0.010000,S001,S001_NORMAL_D15,1,NORMAL_D15,15.00,1.8368,,MR60BHA2_breath_phase,safenest-node-01
149.3200,-0.010000,S001,S001_NORMAL_D15,1,NORMAL_D15,15.00,1.8368,,MR60BHA2_breath_phase,safenest-node-01
149.4200,-0.010000,S001,S001_NORMAL_D15,1,NORMAL_D15,15.00,1.8368,,MR60BHA2_breath_phase,safenest-node-01
149.5200,-0.010000,S001,S001_NORMAL_D15,1,NORMAL_D15,15.00,1.8368,,MR60BHA2_breath_phase,safenest-node-01
149.6200,-0.010000,S001,S001_NORMAL_D15,1,NORMAL_D15,15.00,1.8368,,MR60BHA2_breath_phase,safenest-node-01
149.7200,-0.010000,S001,S001_NORMAL_D15,1,NORMAL_D15,15.00,1.8368,,MR60BHA2_breath_phase,safenest-node-01
149.8200,-0.010000,S001,S001_NORMAL_D15,1,NORMAL_D15,15.00,1.8368,,MR60BHA2_breath_phase,safenest-node-01
149.9200,-0.010000,S001,S001_NORMAL_D15,1,NORMAL_D15,15.00,1.8368,,MR60BHA2_breath_phase,safenest-node-01
150.0200,-0.010000,S001,S001_NORMAL_D15,1,NORMAL_D15,15.00,1.8368,,MR60BHA2_breath_phase,safenest-node-01
150.1200,-0.010000,S001,S001_NORMAL_D15,1,NORMAL_D15,15.00,1.8368,,MR60BHA2_breath_phase,safenest-node-01
150.2200,-0.010000,S001,S001_NORMAL_D15,1,NORMAL_D15,15.00,1.8368,,MR60BHA2_breath_phase,safenest-node-01
150.3200,-0.010000,S001,S001_NORMAL_D15,1,NORMAL_D15,15.00,1.8368,,MR60BHA2_breath_phase,safenest-node-01
150.4200,-0.010000,S001,S001_NORMAL_D15,1,NORMAL_D15,15.00,1.8368,,MR60BHA2_breath_phase,safenest-node-01
150.5200,-0.010000,S001,S001_NORMAL_D15,1,NORMAL_D15,15.00,1.8368,,MR60BHA2_breath_phase,safenest-node-01
150.6200,-0.010000,S001,S001_NORMAL_D15,1,NORMAL_D15,15.00,1.8368,,MR60BHA2_breath_phase,safenest-node-01
150.7200,-0.010000,S001,S001_NORMAL_D15,1,NORMAL_D15,15.00,1.8368,,MR60BHA2_breath_phase,safenest-node-01
150.8200,-0.010000,S001,S001_NORMAL_D15,1,NORMAL_D15,15.00,1.8368,,MR60BHA2_breath_phase,safenest-node-01
150.9200,-0.010000,S001,S001_NORMAL_D15,1,NORMAL_D15,15.00,1.8368,,MR60BHA2_breath_phase,safenest-node-01
151.0200,-0.010000,S001,S001_NORMAL_D15,1,NORMAL_D15,15.00,1.8368,,MR60BHA2_breath_phase,safenest-node-01
151.1200,-0.010000,S001,S001_NORMAL_D15,1,NORMAL_D15,15.00,1.8368,,MR60BHA2_breath_phase,safenest-node-01
151.2200,-0.010000,S001,S001_NORMAL_D15,1,NORMAL_D15,15.00,1.8368,,MR60BHA2_breath_phase,safenest-node-01
151.3200,-0.010000,S001,S001_NORMAL_D15,1,NORMAL_D15,15.00,1.8368,,MR60BHA2_breath_phase,safenest-node-01
151.4200,-0.010000,S001,S001_NORMAL_D15,1,NORMAL_D15,15.00,1.8368,,MR60BHA2_breath_phase,safenest-node-01
151.5200,-0.010000,S001,S001_NORMAL_D15,1,NORMAL_D15,15.00,1.8368,,MR60BHA2_breath_phase,safenest-node-01
151.6200,-0.010000,S001,S001_NORMAL_D15,1,NORMAL_D15,15.00,1.8368,,MR60BHA2_breath_phase,safenest-node-01
151.7200,-0.010000,S001,S001_NORMAL_D15,1,NORMAL_D15,15.00,1.8368,,MR60BHA2_breath_phase,safenest-node-01
151.8200,-0.010000,S001,S001_NORMAL_D15,1,NORMAL_D15,15.00,1.8368,,MR60BHA2_breath_phase,safenest-node-01
151.9200,-0.010000,S001,S001_NORMAL_D15,1,NORMAL_D15,15.00,1.8368,,MR60BHA2_breath_phase,safenest-node-01
152.0210,-0.010000,S001,S001_NORMAL_D15,1,NORMAL_D15,15.00,1.8368,,MR60BHA2_breath_phase,safenest-node-01
152.1210,-0.010000,S001,S001_NORMAL_D15,1,NORMAL_D15,15.00,1.8368,,MR60BHA2_breath_phase,safenest-node-01
152.2210,-0.010000,S001,S001_NORMAL_D15,1,NORMAL_D15,15.00,1.8368,,MR60BHA2_breath_phase,safenest-node-01
152.3210,-0.010000,S001,S001_NORMAL_D15,1,NORMAL_D15,15.00,1.8368,,MR60BHA2_breath_phase,safenest-node-01
152.4210,-0.010000,S001,S001_NORMAL_D15,1,NORMAL_D15,15.00,1.8368,,MR60BHA2_breath_phase,safenest-node-01
152.5210,-0.010000,S001,S001_NORMAL_D15,1,NORMAL_D15,15.00,1.8368,,MR60BHA2_breath_phase,safenest-node-01
152.6210,-0.010000,S001,S001_NORMAL_D15,1,NORMAL_D15,15.00,1.8368,,MR60BHA2_breath_phase,safenest-node-01
152.7210,-0.010000,S001,S001_NORMAL_D15,1,NORMAL_D15,15.00,1.8368,,MR60BHA2_breath_phase,safenest-node-01
152.8210,-0.010000,S001,S001_NORMAL_D15,1,NORMAL_D15,15.00,1.8368,,MR60BHA2_breath_phase,safenest-node-01
152.9210,-0.010000,S001,S001_NORMAL_D15,1,NORMAL_D15,15.00,1.8368,,MR60BHA2_breath_phase,safenest-node-01
153.0210,-0.010000,S001,S001_NORMAL_D15,1,NORMAL_D15,15.00,1.8368,,MR60BHA2_breath_phase,safenest-node-01
153.1210,-0.010000,S001,S001_NORMAL_D15,1,NORMAL_D15,15.00,1.8368,,MR60BHA2_breath_phase,safenest-node-01
153.2210,-0.010000,S001,S001_NORMAL_D15,1,NORMAL_D15,15.00,1.8368,,MR60BHA2_breath_phase,safenest-node-01
153.3210,-0.010000,S001,S001_NORMAL_D15,1,NORMAL_D15,15.00,1.8368,,MR60BHA2_breath_phase,safenest-node-01
153.4210,-0.010000,S001,S001_NORMAL_D15,1,NORMAL_D15,15.00,1.8368,,MR60BHA2_breath_phase,safenest-node-01
153.5210,-0.010000,S001,S001_NORMAL_D15,1,NORMAL_D15,15.00,1.8368,,MR60BHA2_breath_phase,safenest-node-01
153.6210,-0.010000,S001,S001_NORMAL_D15,1,NORMAL_D15,15.00,1.8368,,MR60BHA2_breath_phase,safenest-node-01
153.7210,-0.010000,S001,S001_NORMAL_D15,1,NORMAL_D15,15.00,1.8368,,MR60BHA2_breath_phase,safenest-node-01
153.8210,-0.010000,S001,S001_NORMAL_D15,1,NORMAL_D15,15.00,1.8368,,MR60BHA2_breath_phase,safenest-node-01
153.9210,-0.010000,S001,S001_NORMAL_D15,1,NORMAL_D15,15.00,1.8368,,MR60BHA2_breath_phase,safenest-node-01
154.0210,-0.010000,S001,S001_NORMAL_D15,1,NORMAL_D15,15.00,1.8368,,MR60BHA2_breath_phase,safenest-node-01
154.1210,-0.010000,S001,S001_NORMAL_D15,1,NORMAL_D15,15.00,1.8368,,MR60BHA2_breath_phase,safenest-node-01
154.2210,-0.010000,S001,S001_NORMAL_D15,1,NORMAL_D15,15.00,1.8368,,MR60BHA2_breath_phase,safenest-node-01
154.3210,-0.010000,S001,S001_NORMAL_D15,1,NORMAL_D15,15.00,1.8368,,MR60BHA2_breath_phase,safenest-node-01
154.4210,-0.010000,S001,S001_NORMAL_D15,1,NORMAL_D15,15.00,1.8368,,MR60BHA2_breath_phase,safenest-node-01
154.5210,-0.010000,S001,S001_NORMAL_D15,1,NORMAL_D15,15.00,1.8368,,MR60BHA2_breath_phase,safenest-node-01
154.6210,-0.010000,S001,S001_NORMAL_D15,1,NORMAL_D15,15.00,1.8368,,MR60BHA2_breath_phase,safenest-node-01
154.7210,-0.010000,S001,S001_NORMAL_D15,1,NORMAL_D15,15.00,1.8368,,MR60BHA2_breath_phase,safenest-node-01
154.8210,-0.010000,S001,S001_NORMAL_D15,1,NORMAL_D15,15.00,1.8368,,MR60BHA2_breath_phase,safenest-node-01
154.9210,-0.010000,S001,S001_NORMAL_D15,1,NORMAL_D15,15.00,1.8368,,MR60BHA2_breath_phase,safenest-node-01
155.0210,-0.010000,S001,S001_NORMAL_D15,1,NORMAL_D15,15.00,1.8368,,MR60BHA2_breath_phase,safenest-node-01
155.1210,-0.010000,S001,S001_NORMAL_D15,1,NORMAL_D15,15.00,1.8368,,MR60BHA2_breath_phase,safenest-node-01
155.2210,-0.010000,S001,S001_NORMAL_D15,1,NORMAL_D15,15.00,1.8368,,MR60BHA2_breath_phase,safenest-node-01
155.3210,-0.010000,S001,S001_NORMAL_D15,1,NORMAL_D15,15.00,1.8368,,MR60BHA2_breath_phase,safenest-node-01
155.4210,-0.010000,S001,S001_NORMAL_D15,1,NORMAL_D15,15.00,1.8368,,MR60BHA2_breath_phase,safenest-node-01
155.5210,-0.010000,S001,S001_NORMAL_D15,1,NORMAL_D15,15.00,1.8368,,MR60BHA2_breath_phase,safenest-node-01
155.6210,-0.010000,S001,S001_NORMAL_D15,1,NORMAL_D15,15.00,1.8368,,MR60BHA2_breath_phase,safenest-node-01
155.7210,-0.010000,S001,S001_NORMAL_D15,1,NORMAL_D15,15.00,1.8368,,MR60BHA2_breath_phase,safenest-node-01
155.8210,-0.010000,S001,S001_NORMAL_D15,1,NORMAL_D15,15.00,1.8368,,MR60BHA2_breath_phase,safenest-node-01
155.9210,-0.010000,S001,S001_NORMAL_D15,1,NORMAL_D15,15.00,1.8368,,MR60BHA2_breath_phase,safenest-node-01
156.0210,-0.010000,S001,S001_NORMAL_D15,1,NORMAL_D15,15.00,1.8368,,MR60BHA2_breath_phase,safenest-node-01
156.1210,-0.010000,S001,S001_NORMAL_D15,1,NORMAL_D15,15.00,1.8368,,MR60BHA2_breath_phase,safenest-node-01
156.2210,-0.010000,S001,S001_NORMAL_D15,1,NORMAL_D15,15.00,1.8368,,MR60BHA2_breath_phase,safenest-node-01
156.3210,-0.010000,S001,S001_NORMAL_D15,1,NORMAL_D15,15.00,1.8368,,MR60BHA2_breath_phase,safenest-node-01
156.4210,-0.010000,S001,S001_NORMAL_D15,1,NORMAL_D15,15.00,1.7794,,MR60BHA2_breath_phase,safenest-node-01
156.5210,-0.010000,S001,S001_NORMAL_D15,1,NORMAL_D15,15.00,1.7794,,MR60BHA2_breath_phase,safenest-node-01
156.6210,-0.010000,S001,S001_NORMAL_D15,1,NORMAL_D15,15.00,1.7794,,MR60BHA2_breath_phase,safenest-node-01
156.7210,-0.010000,S001,S001_NORMAL_D15,1,NORMAL_D15,15.00,1.7794,,MR60BHA2_breath_phase,safenest-node-01
156.8210,-0.010000,S001,S001_NORMAL_D15,1,NORMAL_D15,15.00,1.7794,,MR60BHA2_breath_phase,safenest-node-01
156.9210,-0.010000,S001,S001_NORMAL_D15,1,NORMAL_D15,15.00,1.8368,,MR60BHA2_breath_phase,safenest-node-01
157.0220,-0.010000,S001,S001_NORMAL_D15,1,NORMAL_D15,15.00,1.8368,,MR60BHA2_breath_phase,safenest-node-01
157.1220,-0.010000,S001,S001_NORMAL_D15,1,NORMAL_D15,15.00,1.8368,,MR60BHA2_breath_phase,safenest-node-01
157.2220,-0.010000,S001,S001_NORMAL_D15,1,NORMAL_D15,15.00,1.8368,,MR60BHA2_breath_phase,safenest-node-01
157.3220,-0.010000,S001,S001_NORMAL_D15,1,NORMAL_D15,15.00,1.8368,,MR60BHA2_breath_phase,safenest-node-01
157.4220,-0.010000,S001,S001_NORMAL_D15,1,NORMAL_D15,15.00,1.8368,,MR60BHA2_breath_phase,safenest-node-01
157.5220,-0.010000,S001,S001_NORMAL_D15,1,NORMAL_D15,15.00,1.8368,,MR60BHA2_breath_phase,safenest-node-01
157.6220,-0.010000,S001,S001_NORMAL_D15,1,NORMAL_D15,15.00,1.8368,,MR60BHA2_breath_phase,safenest-node-01
157.7220,-0.010000,S001,S001_NORMAL_D15,1,NORMAL_D15,15.00,1.8368,,MR60BHA2_breath_phase,safenest-node-01
157.8220,-0.010000,S001,S001_NORMAL_D15,1,NORMAL_D15,15.00,1.8368,,MR60BHA2_breath_phase,safenest-node-01
157.9220,-0.010000,S001,S001_NORMAL_D15,1,NORMAL_D15,15.00,1.8368,,MR60BHA2_breath_phase,safenest-node-01
158.0220,-0.010000,S001,S001_NORMAL_D15,1,NORMAL_D15,15.00,1.8368,,MR60BHA2_breath_phase,safenest-node-01
158.1220,-0.010000,S001,S001_NORMAL_D15,1,NORMAL_D15,15.00,1.8368,,MR60BHA2_breath_phase,safenest-node-01
158.2220,-0.010000,S001,S001_NORMAL_D15,1,NORMAL_D15,15.00,1.8368,,MR60BHA2_breath_phase,safenest-node-01
158.3220,-0.010000,S001,S001_NORMAL_D15,1,NORMAL_D15,15.00,1.8368,,MR60BHA2_breath_phase,safenest-node-01
158.4220,-0.010000,S001,S001_NORMAL_D15,1,NORMAL_D15,15.00,1.8368,,MR60BHA2_breath_phase,safenest-node-01
158.5220,-0.010000,S001,S001_NORMAL_D15,1,NORMAL_D15,15.00,1.8368,,MR60BHA2_breath_phase,safenest-node-01
158.6220,-0.010000,S001,S001_NORMAL_D15,1,NORMAL_D15,15.00,1.8368,,MR60BHA2_breath_phase,safenest-node-01
158.7220,-0.010000,S001,S001_NORMAL_D15,1,NORMAL_D15,15.00,1.8368,,MR60BHA2_breath_phase,safenest-node-01
158.8220,-0.010000,S001,S001_NORMAL_D15,1,NORMAL_D15,15.00,1.8368,,MR60BHA2_breath_phase,safenest-node-01
158.9220,-0.010000,S001,S001_NORMAL_D15,1,NORMAL_D15,15.00,1.8368,,MR60BHA2_breath_phase,safenest-node-01
159.0220,-0.010000,S001,S001_NORMAL_D15,1,NORMAL_D15,15.00,1.8368,,MR60BHA2_breath_phase,safenest-node-01
159.1220,-0.010000,S001,S001_NORMAL_D15,1,NORMAL_D15,15.00,1.8368,,MR60BHA2_breath_phase,safenest-node-01
159.2220,-0.010000,S001,S001_NORMAL_D15,1,NORMAL_D15,15.00,1.8368,,MR60BHA2_breath_phase,safenest-node-01
159.3220,-0.010000,S001,S001_NORMAL_D15,1,NORMAL_D15,15.00,1.8368,,MR60BHA2_breath_phase,safenest-node-01
159.4220,-0.010000,S001,S001_NORMAL_D15,1,NORMAL_D15,15.00,1.8368,,MR60BHA2_breath_phase,safenest-node-01
159.5220,-0.010000,S001,S001_NORMAL_D15,1,NORMAL_D15,15.00,1.8368,,MR60BHA2_breath_phase,safenest-node-01
159.6220,-0.010000,S001,S001_NORMAL_D15,1,NORMAL_D15,15.00,1.8368,,MR60BHA2_breath_phase,safenest-node-01
159.7220,-0.010000,S001,S001_NORMAL_D15,1,NORMAL_D15,15.00,1.8368,,MR60BHA2_breath_phase,safenest-node-01
159.8220,-0.010000,S001,S001_NORMAL_D15,1,NORMAL_D15,15.00,1.8368,,MR60BHA2_breath_phase,safenest-node-01
159.9220,-0.010000,S001,S001_NORMAL_D15,1,NORMAL_D15,15.00,1.8368,,MR60BHA2_breath_phase,safenest-node-01
160.0220,-0.010000,S001,S001_NORMAL_D15,1,NORMAL_D15,15.00,1.8368,,MR60BHA2_breath_phase,safenest-node-01
160.1220,-0.010000,S001,S001_NORMAL_D15,1,NORMAL_D15,15.00,1.8368,,MR60BHA2_breath_phase,safenest-node-01
160.2220,-0.010000,S001,S001_NORMAL_D15,1,NORMAL_D15,15.00,1.8368,,MR60BHA2_breath_phase,safenest-node-01
160.3220,-0.010000,S001,S001_NORMAL_D15,1,NORMAL_D15,15.00,1.8368,,MR60BHA2_breath_phase,safenest-node-01
160.4220,-0.010000,S001,S001_NORMAL_D15,1,NORMAL_D15,15.00,1.8368,,MR60BHA2_breath_phase,safenest-node-01
160.5220,-0.010000,S001,S001_NORMAL_D15,1,NORMAL_D15,15.00,1.8368,,MR60BHA2_breath_phase,safenest-node-01
160.6220,-0.010000,S001,S001_NORMAL_D15,1,NORMAL_D15,15.00,1.8368,,MR60BHA2_breath_phase,safenest-node-01
160.7220,-0.010000,S001,S001_NORMAL_D15,1,NORMAL_D15,15.00,1.8368,,MR60BHA2_breath_phase,safenest-node-01
160.8220,-0.010000,S001,S001_NORMAL_D15,1,NORMAL_D15,15.00,1.8368,,MR60BHA2_breath_phase,safenest-node-01
160.9220,-0.010000,S001,S001_NORMAL_D15,1,NORMAL_D15,15.00,1.8368,,MR60BHA2_breath_phase,safenest-node-01
161.0220,-0.010000,S001,S001_NORMAL_D15,1,NORMAL_D15,15.00,1.8368,,MR60BHA2_breath_phase,safenest-node-01
161.1220,-0.010000,S001,S001_NORMAL_D15,1,NORMAL_D15,15.00,1.8368,,MR60BHA2_breath_phase,safenest-node-01
161.2220,-0.010000,S001,S001_NORMAL_D15,1,NORMAL_D15,15.00,1.8368,,MR60BHA2_breath_phase,safenest-node-01
161.3220,-0.010000,S001,S001_NORMAL_D15,1,NORMAL_D15,15.00,1.8368,,MR60BHA2_breath_phase,safenest-node-01
161.4220,-0.010000,S001,S001_NORMAL_D15,1,NORMAL_D15,15.00,1.8368,,MR60BHA2_breath_phase,safenest-node-01
161.5220,-0.010000,S001,S001_NORMAL_D15,1,NORMAL_D15,15.00,1.8368,,MR60BHA2_breath_phase,safenest-node-01
161.6220,-0.010000,S001,S001_NORMAL_D15,1,NORMAL_D15,15.00,1.8368,,MR60BHA2_breath_phase,safenest-node-01
161.7220,-0.010000,S001,S001_NORMAL_D15,1,NORMAL_D15,15.00,1.8368,,MR60BHA2_breath_phase,safenest-node-01
161.8220,-0.010000,S001,S001_NORMAL_D15,1,NORMAL_D15,15.00,1.8368,,MR60BHA2_breath_phase,safenest-node-01
161.9220,-0.010000,S001,S001_NORMAL_D15,1,NORMAL_D15,15.00,1.8368,,MR60BHA2_breath_phase,safenest-node-01
162.0220,-0.010000,S001,S001_NORMAL_D15,1,NORMAL_D15,15.00,1.8368,,MR60BHA2_breath_phase,safenest-node-01
162.1220,-0.010000,S001,S001_NORMAL_D15,1,NORMAL_D15,15.00,1.8368,,MR60BHA2_breath_phase,safenest-node-01
162.2220,-0.010000,S001,S001_NORMAL_D15,1,NORMAL_D15,15.00,1.8368,,MR60BHA2_breath_phase,safenest-node-01
162.3220,-0.010000,S001,S001_NORMAL_D15,1,NORMAL_D15,15.00,1.8368,,MR60BHA2_breath_phase,safenest-node-01
162.4220,-0.010000,S001,S001_NORMAL_D15,1,NORMAL_D15,15.00,1.8368,,MR60BHA2_breath_phase,safenest-node-01
162.5220,-0.010000,S001,S001_NORMAL_D15,1,NORMAL_D15,15.00,1.8368,,MR60BHA2_breath_phase,safenest-node-01
162.6220,-0.010000,S001,S001_NORMAL_D15,1,NORMAL_D15,15.00,1.8368,,MR60BHA2_breath_phase,safenest-node-01
162.7220,-0.010000,S001,S001_NORMAL_D15,1,NORMAL_D15,15.00,1.8368,,MR60BHA2_breath_phase,safenest-node-01
162.8220,-0.010000,S001,S001_NORMAL_D15,1,NORMAL_D15,15.00,1.8368,,MR60BHA2_breath_phase,safenest-node-01
162.9220,-0.010000,S001,S001_NORMAL_D15,1,NORMAL_D15,15.00,1.8368,,MR60BHA2_breath_phase,safenest-node-01
163.0220,-0.010000,S001,S001_NORMAL_D15,1,NORMAL_D15,15.00,1.8368,,MR60BHA2_breath_phase,safenest-node-01
163.1220,-0.010000,S001,S001_NORMAL_D15,1,NORMAL_D15,15.00,1.8368,,MR60BHA2_breath_phase,safenest-node-01
163.2220,-0.010000,S001,S001_NORMAL_D15,1,NORMAL_D15,15.00,1.8368,,MR60BHA2_breath_phase,safenest-node-01
163.3220,-0.010000,S001,S001_NORMAL_D15,1,NORMAL_D15,15.00,1.8368,,MR60BHA2_breath_phase,safenest-node-01
163.4220,-0.010000,S001,S001_NORMAL_D15,1,NORMAL_D15,15.00,1.8368,,MR60BHA2_breath_phase,safenest-node-01
163.5220,-0.010000,S001,S001_NORMAL_D15,1,NORMAL_D15,15.00,1.8368,,MR60BHA2_breath_phase,safenest-node-01
163.6220,-0.010000,S001,S001_NORMAL_D15,1,NORMAL_D15,15.00,1.8368,,MR60BHA2_breath_phase,safenest-node-01
163.7220,-0.010000,S001,S001_NORMAL_D15,1,NORMAL_D15,15.00,1.8368,,MR60BHA2_breath_phase,safenest-node-01
163.8220,-0.010000,S001,S001_NORMAL_D15,1,NORMAL_D15,15.00,1.8368,,MR60BHA2_breath_phase,safenest-node-01
163.9220,-0.010000,S001,S001_NORMAL_D15,1,NORMAL_D15,15.00,1.8368,,MR60BHA2_breath_phase,safenest-node-01
164.0220,-0.010000,S001,S001_NORMAL_D15,1,NORMAL_D15,15.00,1.8368,,MR60BHA2_breath_phase,safenest-node-01
164.1220,-0.010000,S001,S001_NORMAL_D15,1,NORMAL_D15,15.00,1.8368,,MR60BHA2_breath_phase,safenest-node-01
164.2220,-0.010000,S001,S001_NORMAL_D15,1,NORMAL_D15,15.00,1.8368,,MR60BHA2_breath_phase,safenest-node-01
164.3220,-0.010000,S001,S001_NORMAL_D15,1,NORMAL_D15,15.00,1.8368,,MR60BHA2_breath_phase,safenest-node-01
164.4220,-0.010000,S001,S001_NORMAL_D15,1,NORMAL_D15,15.00,1.8368,,MR60BHA2_breath_phase,safenest-node-01
164.5220,-0.010000,S001,S001_NORMAL_D15,1,NORMAL_D15,15.00,1.8368,,MR60BHA2_breath_phase,safenest-node-01
164.6220,-0.010000,S001,S001_NORMAL_D15,1,NORMAL_D15,15.00,1.8368,,MR60BHA2_breath_phase,safenest-node-01
164.7220,-0.010000,S001,S001_NORMAL_D15,1,NORMAL_D15,15.00,1.8368,,MR60BHA2_breath_phase,safenest-node-01
164.8230,-0.010000,S001,S001_NORMAL_D15,1,NORMAL_D15,15.00,1.8368,,MR60BHA2_breath_phase,safenest-node-01
164.9230,-0.010000,S001,S001_NORMAL_D15,1,NORMAL_D15,15.00,1.8368,,MR60BHA2_breath_phase,safenest-node-01
165.0230,-0.010000,S001,S001_NORMAL_D15,1,NORMAL_D15,15.00,1.8368,,MR60BHA2_breath_phase,safenest-node-01
165.1230,-0.010000,S001,S001_NORMAL_D15,1,NORMAL_D15,15.00,1.8368,,MR60BHA2_breath_phase,safenest-node-01
165.2230,-0.010000,S001,S001_NORMAL_D15,1,NORMAL_D15,15.00,1.8368,,MR60BHA2_breath_phase,safenest-node-01
165.3230,-0.010000,S001,S001_NORMAL_D15,1,NORMAL_D15,15.00,1.8368,,MR60BHA2_breath_phase,safenest-node-01
165.4230,-0.010000,S001,S001_NORMAL_D15,1,NORMAL_D15,15.00,1.8368,,MR60BHA2_breath_phase,safenest-node-01
165.5230,-0.010000,S001,S001_NORMAL_D15,1,NORMAL_D15,15.00,1.8368,,MR60BHA2_breath_phase,safenest-node-01
165.6230,-0.010000,S001,S001_NORMAL_D15,1,NORMAL_D15,15.00,1.8368,,MR60BHA2_breath_phase,safenest-node-01
165.7230,-0.010000,S001,S001_NORMAL_D15,1,NORMAL_D15,15.00,1.8368,,MR60BHA2_breath_phase,safenest-node-01
165.8230,-0.010000,S001,S001_NORMAL_D15,1,NORMAL_D15,15.00,1.8368,,MR60BHA2_breath_phase,safenest-node-01
165.9230,-0.010000,S001,S001_NORMAL_D15,1,NORMAL_D15,15.00,1.8368,,MR60BHA2_breath_phase,safenest-node-01
166.0230,-0.010000,S001,S001_NORMAL_D15,1,NORMAL_D15,15.00,1.8368,,MR60BHA2_breath_phase,safenest-node-01
166.1230,-0.010000,S001,S001_NORMAL_D15,1,NORMAL_D15,15.00,1.8368,,MR60BHA2_breath_phase,safenest-node-01
166.2230,-0.010000,S001,S001_NORMAL_D15,1,NORMAL_D15,15.00,1.8368,,MR60BHA2_breath_phase,safenest-node-01
166.3230,-0.010000,S001,S001_NORMAL_D15,1,NORMAL_D15,15.00,1.8368,,MR60BHA2_breath_phase,safenest-node-01
166.4230,-0.010000,S001,S001_NORMAL_D15,1,NORMAL_D15,15.00,1.8368,,MR60BHA2_breath_phase,safenest-node-01
166.5230,-0.010000,S001,S001_NORMAL_D15,1,NORMAL_D15,15.00,1.8368,,MR60BHA2_breath_phase,safenest-node-01
166.6230,-0.010000,S001,S001_NORMAL_D15,1,NORMAL_D15,15.00,1.8368,,MR60BHA2_breath_phase,safenest-node-01
166.7230,-0.010000,S001,S001_NORMAL_D15,1,NORMAL_D15,15.00,1.8368,,MR60BHA2_breath_phase,safenest-node-01
166.8230,-0.010000,S001,S001_NORMAL_D15,1,NORMAL_D15,15.00,1.8368,,MR60BHA2_breath_phase,safenest-node-01
166.9230,-0.010000,S001,S001_NORMAL_D15,1,NORMAL_D15,15.00,1.8368,,MR60BHA2_breath_phase,safenest-node-01
167.0230,-0.010000,S001,S001_NORMAL_D15,1,NORMAL_D15,15.00,1.8368,,MR60BHA2_breath_phase,safenest-node-01
167.1230,-0.010000,S001,S001_NORMAL_D15,1,NORMAL_D15,15.00,1.8368,,MR60BHA2_breath_phase,safenest-node-01
167.2230,-0.010000,S001,S001_NORMAL_D15,1,NORMAL_D15,15.00,1.8368,,MR60BHA2_breath_phase,safenest-node-01
167.3230,-0.010000,S001,S001_NORMAL_D15,1,NORMAL_D15,15.00,1.8368,,MR60BHA2_breath_phase,safenest-node-01
167.4230,-0.010000,S001,S001_NORMAL_D15,1,NORMAL_D15,15.00,1.8368,,MR60BHA2_breath_phase,safenest-node-01
167.5230,-0.010000,S001,S001_NORMAL_D15,1,NORMAL_D15,15.00,1.8368,,MR60BHA2_breath_phase,safenest-node-01
167.6230,-0.010000,S001,S001_NORMAL_D15,1,NORMAL_D15,15.00,1.8368,,MR60BHA2_breath_phase,safenest-node-01
167.7230,-0.010000,S001,S001_NORMAL_D15,1,NORMAL_D15,15.00,1.8368,,MR60BHA2_breath_phase,safenest-node-01
167.8230,-0.010000,S001,S001_NORMAL_D15,1,NORMAL_D15,15.00,1.8368,,MR60BHA2_breath_phase,safenest-node-01
167.9230,-0.010000,S001,S001_NORMAL_D15,1,NORMAL_D15,15.00,1.8368,,MR60BHA2_breath_phase,safenest-node-01
168.0230,-0.010000,S001,S001_NORMAL_D15,1,NORMAL_D15,15.00,1.8368,,MR60BHA2_breath_phase,safenest-node-01
168.1230,-0.010000,S001,S001_NORMAL_D15,1,NORMAL_D15,15.00,1.8368,,MR60BHA2_breath_phase,safenest-node-01
168.2230,-0.010000,S001,S001_NORMAL_D15,1,NORMAL_D15,15.00,1.8368,,MR60BHA2_breath_phase,safenest-node-01
168.3230,-0.010000,S001,S001_NORMAL_D15,1,NORMAL_D15,15.00,1.8368,,MR60BHA2_breath_phase,safenest-node-01
168.4230,-0.010000,S001,S001_NORMAL_D15,1,NORMAL_D15,15.00,1.8368,,MR60BHA2_breath_phase,safenest-node-01
168.5230,-0.010000,S001,S001_NORMAL_D15,1,NORMAL_D15,15.00,1.8368,,MR60BHA2_breath_phase,safenest-node-01
168.6230,-0.010000,S001,S001_NORMAL_D15,1,NORMAL_D15,15.00,1.8368,,MR60BHA2_breath_phase,safenest-node-01
168.7230,-0.010000,S001,S001_NORMAL_D15,1,NORMAL_D15,15.00,1.8368,,MR60BHA2_breath_phase,safenest-node-01
168.8230,-0.010000,S001,S001_NORMAL_D15,1,NORMAL_D15,15.00,1.8368,,MR60BHA2_breath_phase,safenest-node-01
168.9230,-0.010000,S001,S001_NORMAL_D15,1,NORMAL_D15,15.00,1.8368,,MR60BHA2_breath_phase,safenest-node-01
169.0230,-0.010000,S001,S001_NORMAL_D15,1,NORMAL_D15,15.00,1.8368,,MR60BHA2_breath_phase,safenest-node-01
169.1230,-0.010000,S001,S001_NORMAL_D15,1,NORMAL_D15,15.00,1.8368,,MR60BHA2_breath_phase,safenest-node-01
169.2230,-0.010000,S001,S001_NORMAL_D15,1,NORMAL_D15,15.00,1.8368,,MR60BHA2_breath_phase,safenest-node-01
169.3230,-0.010000,S001,S001_NORMAL_D15,1,NORMAL_D15,15.00,1.7794,,MR60BHA2_breath_phase,safenest-node-01
169.4230,-0.010000,S001,S001_NORMAL_D15,1,NORMAL_D15,15.00,1.7794,,MR60BHA2_breath_phase,safenest-node-01
169.5230,-0.010000,S001,S001_NORMAL_D15,1,NORMAL_D15,15.00,1.7794,,MR60BHA2_breath_phase,safenest-node-01
169.6230,-0.010000,S001,S001_NORMAL_D15,1,NORMAL_D15,15.00,1.7794,,MR60BHA2_breath_phase,safenest-node-01
169.7230,-0.010000,S001,S001_NORMAL_D15,1,NORMAL_D15,15.00,1.7794,,MR60BHA2_breath_phase,safenest-node-01
169.8230,-0.010000,S001,S001_NORMAL_D15,1,NORMAL_D15,15.00,1.7794,,MR60BHA2_breath_phase,safenest-node-01
169.9230,-0.010000,S001,S001_NORMAL_D15,1,NORMAL_D15,15.00,1.7794,,MR60BHA2_breath_phase,safenest-node-01
170.0230,-0.010000,S001,S001_NORMAL_D15,1,NORMAL_D15,15.00,1.7794,,MR60BHA2_breath_phase,safenest-node-01
170.1230,-0.010000,S001,S001_NORMAL_D15,1,NORMAL_D15,15.00,1.7794,,MR60BHA2_breath_phase,safenest-node-01
170.2230,-0.010000,S001,S001_NORMAL_D15,1,NORMAL_D15,15.00,1.7794,,MR60BHA2_breath_phase,safenest-node-01
170.3230,-0.010000,S001,S001_NORMAL_D15,1,NORMAL_D15,15.00,1.7794,,MR60BHA2_breath_phase,safenest-node-01
170.4230,-0.010000,S001,S001_NORMAL_D15,1,NORMAL_D15,15.00,1.7794,,MR60BHA2_breath_phase,safenest-node-01
170.5230,-0.010000,S001,S001_NORMAL_D15,1,NORMAL_D15,15.00,1.7794,,MR60BHA2_breath_phase,safenest-node-01
170.6230,-0.010000,S001,S001_NORMAL_D15,1,NORMAL_D15,15.00,1.7794,,MR60BHA2_breath_phase,safenest-node-01
170.7230,-0.010000,S001,S001_NORMAL_D15,1,NORMAL_D15,15.00,1.7794,,MR60BHA2_breath_phase,safenest-node-01
170.8230,-0.010000,S001,S001_NORMAL_D15,1,NORMAL_D15,15.00,1.7794,,MR60BHA2_breath_phase,safenest-node-01
170.9230,-0.010000,S001,S001_NORMAL_D15,1,NORMAL_D15,15.00,1.7794,,MR60BHA2_breath_phase,safenest-node-01
171.0230,-0.010000,S001,S001_NORMAL_D15,1,NORMAL_D15,15.00,1.7794,,MR60BHA2_breath_phase,safenest-node-01
171.1230,-0.010000,S001,S001_NORMAL_D15,1,NORMAL_D15,15.00,1.7794,,MR60BHA2_breath_phase,safenest-node-01
171.2230,-0.010000,S001,S001_NORMAL_D15,1,NORMAL_D15,15.00,1.7794,,MR60BHA2_breath_phase,safenest-node-01
171.3230,-0.010000,S001,S001_NORMAL_D15,1,NORMAL_D15,15.00,1.7794,,MR60BHA2_breath_phase,safenest-node-01
171.4240,-0.010000,S001,S001_NORMAL_D15,1,NORMAL_D15,15.00,1.7794,,MR60BHA2_breath_phase,safenest-node-01
171.5240,-0.010000,S001,S001_NORMAL_D15,1,NORMAL_D15,15.00,1.7794,,MR60BHA2_breath_phase,safenest-node-01
171.6240,-0.010000,S001,S001_NORMAL_D15,1,NORMAL_D15,15.00,1.7794,,MR60BHA2_breath_phase,safenest-node-01
171.7240,-0.010000,S001,S001_NORMAL_D15,1,NORMAL_D15,15.00,1.7794,,MR60BHA2_breath_phase,safenest-node-01
171.8240,-0.010000,S001,S001_NORMAL_D15,1,NORMAL_D15,15.00,1.7794,,MR60BHA2_breath_phase,safenest-node-01
171.9240,-0.010000,S001,S001_NORMAL_D15,1,NORMAL_D15,15.00,1.7794,,MR60BHA2_breath_phase,safenest-node-01
172.0240,-0.010000,S001,S001_NORMAL_D15,1,NORMAL_D15,15.00,1.7794,,MR60BHA2_breath_phase,safenest-node-01
172.1240,-0.010000,S001,S001_NORMAL_D15,1,NORMAL_D15,15.00,1.7794,,MR60BHA2_breath_phase,safenest-node-01
172.2240,-0.010000,S001,S001_NORMAL_D15,1,NORMAL_D15,15.00,1.7794,,MR60BHA2_breath_phase,safenest-node-01
172.3240,-0.010000,S001,S001_NORMAL_D15,1,NORMAL_D15,15.00,1.7794,,MR60BHA2_breath_phase,safenest-node-01
172.4240,-0.010000,S001,S001_NORMAL_D15,1,NORMAL_D15,15.00,1.7794,,MR60BHA2_breath_phase,safenest-node-01
172.5240,-0.010000,S001,S001_NORMAL_D15,1,NORMAL_D15,15.00,1.7794,,MR60BHA2_breath_phase,safenest-node-01
172.6250,-0.010000,S001,S001_NORMAL_D15,1,NORMAL_D15,15.00,1.7794,,MR60BHA2_breath_phase,safenest-node-01
172.7250,-0.010000,S001,S001_NORMAL_D15,1,NORMAL_D15,15.00,1.7794,,MR60BHA2_breath_phase,safenest-node-01
172.8250,-0.010000,S001,S001_NORMAL_D15,1,NORMAL_D15,15.00,1.7794,,MR60BHA2_breath_phase,safenest-node-01
172.9250,-0.010000,S001,S001_NORMAL_D15,1,NORMAL_D15,15.00,1.7794,,MR60BHA2_breath_phase,safenest-node-01
173.0250,-0.010000,S001,S001_NORMAL_D15,1,NORMAL_D15,15.00,1.7794,,MR60BHA2_breath_phase,safenest-node-01
173.1250,-0.010000,S001,S001_NORMAL_D15,1,NORMAL_D15,15.00,1.7794,,MR60BHA2_breath_phase,safenest-node-01
173.2250,-0.010000,S001,S001_NORMAL_D15,1,NORMAL_D15,15.00,1.7794,,MR60BHA2_breath_phase,safenest-node-01
173.3250,-0.010000,S001,S001_NORMAL_D15,1,NORMAL_D15,15.00,1.7794,,MR60BHA2_breath_phase,safenest-node-01
173.4250,-0.010000,S001,S001_NORMAL_D15,1,NORMAL_D15,15.00,1.7794,,MR60BHA2_breath_phase,safenest-node-01
173.5250,-0.010000,S001,S001_NORMAL_D15,1,NORMAL_D15,15.00,1.7794,,MR60BHA2_breath_phase,safenest-node-01
173.6250,-0.010000,S001,S001_NORMAL_D15,1,NORMAL_D15,15.00,1.7794,,MR60BHA2_breath_phase,safenest-node-01
173.7250,-0.010000,S001,S001_NORMAL_D15,1,NORMAL_D15,15.00,1.7794,,MR60BHA2_breath_phase,safenest-node-01
173.8250,-0.010000,S001,S001_NORMAL_D15,1,NORMAL_D15,15.00,1.7794,,MR60BHA2_breath_phase,safenest-node-01
173.9250,-0.010000,S001,S001_NORMAL_D15,1,NORMAL_D15,15.00,1.7794,,MR60BHA2_breath_phase,safenest-node-01
174.0250,-0.010000,S001,S001_NORMAL_D15,1,NORMAL_D15,15.00,1.7794,,MR60BHA2_breath_phase,safenest-node-01
174.1250,-0.010000,S001,S001_NORMAL_D15,1,NORMAL_D15,15.00,1.7794,,MR60BHA2_breath_phase,safenest-node-01
174.2250,-0.010000,S001,S001_NORMAL_D15,1,NORMAL_D15,15.00,1.7794,,MR60BHA2_breath_phase,safenest-node-01
174.3250,-0.010000,S001,S001_NORMAL_D15,1,NORMAL_D15,15.00,1.7794,,MR60BHA2_breath_phase,safenest-node-01
174.4250,-0.010000,S001,S001_NORMAL_D15,1,NORMAL_D15,15.00,1.7794,,MR60BHA2_breath_phase,safenest-node-01
174.5250,-0.010000,S001,S001_NORMAL_D15,1,NORMAL_D15,15.00,1.7794,,MR60BHA2_breath_phase,safenest-node-01
174.6250,-0.010000,S001,S001_NORMAL_D15,1,NORMAL_D15,15.00,1.7794,,MR60BHA2_breath_phase,safenest-node-01
174.7250,-0.010000,S001,S001_NORMAL_D15,1,NORMAL_D15,15.00,1.7794,,MR60BHA2_breath_phase,safenest-node-01
174.8250,-0.010000,S001,S001_NORMAL_D15,1,NORMAL_D15,15.00,1.7794,,MR60BHA2_breath_phase,safenest-node-01
174.9250,-0.010000,S001,S001_NORMAL_D15,1,NORMAL_D15,15.00,1.7794,,MR60BHA2_breath_phase,safenest-node-01
175.0250,-0.010000,S001,S001_NORMAL_D15,1,NORMAL_D15,15.00,1.7794,,MR60BHA2_breath_phase,safenest-node-01
175.1250,-0.010000,S001,S001_NORMAL_D15,1,NORMAL_D15,15.00,1.7794,,MR60BHA2_breath_phase,safenest-node-01
175.2250,-0.010000,S001,S001_NORMAL_D15,1,NORMAL_D15,15.00,1.7794,,MR60BHA2_breath_phase,safenest-node-01
175.3260,-0.010000,S001,S001_NORMAL_D15,1,NORMAL_D15,15.00,1.7794,,MR60BHA2_breath_phase,safenest-node-01
175.4260,-0.010000,S001,S001_NORMAL_D15,1,NORMAL_D15,15.00,1.7794,,MR60BHA2_breath_phase,safenest-node-01
175.5260,-0.010000,S001,S001_NORMAL_D15,1,NORMAL_D15,15.00,1.7794,,MR60BHA2_breath_phase,safenest-node-01
175.6260,-0.010000,S001,S001_NORMAL_D15,1,NORMAL_D15,15.00,1.7794,,MR60BHA2_breath_phase,safenest-node-01
175.7270,-0.010000,S001,S001_NORMAL_D15,1,NORMAL_D15,15.00,1.7794,,MR60BHA2_breath_phase,safenest-node-01
175.8270,-0.010000,S001,S001_NORMAL_D15,1,NORMAL_D15,15.00,1.7794,,MR60BHA2_breath_phase,safenest-node-01
175.9270,-0.010000,S001,S001_NORMAL_D15,1,NORMAL_D15,15.00,1.7794,,MR60BHA2_breath_phase,safenest-node-01
176.0270,-0.010000,S001,S001_NORMAL_D15,1,NORMAL_D15,15.00,1.7794,,MR60BHA2_breath_phase,safenest-node-01
176.1270,-0.010000,S001,S001_NORMAL_D15,1,NORMAL_D15,15.00,1.7794,,MR60BHA2_breath_phase,safenest-node-01
176.2270,-0.010000,S001,S001_NORMAL_D15,1,NORMAL_D15,15.00,1.7794,,MR60BHA2_breath_phase,safenest-node-01
176.3270,-0.010000,S001,S001_NORMAL_D15,1,NORMAL_D15,15.00,1.7794,,MR60BHA2_breath_phase,safenest-node-01
176.4270,-0.010000,S001,S001_NORMAL_D15,1,NORMAL_D15,15.00,1.7794,,MR60BHA2_breath_phase,safenest-node-01
176.5270,-0.010000,S001,S001_NORMAL_D15,1,NORMAL_D15,15.00,1.7794,,MR60BHA2_breath_phase,safenest-node-01
176.6270,-0.010000,S001,S001_NORMAL_D15,1,NORMAL_D15,15.00,1.7794,,MR60BHA2_breath_phase,safenest-node-01
176.7270,-0.010000,S001,S001_NORMAL_D15,1,NORMAL_D15,15.00,1.7794,,MR60BHA2_breath_phase,safenest-node-01
176.8270,-0.010000,S001,S001_NORMAL_D15,1,NORMAL_D15,15.00,1.7794,,MR60BHA2_breath_phase,safenest-node-01
176.9270,-0.010000,S001,S001_NORMAL_D15,1,NORMAL_D15,15.00,1.7794,,MR60BHA2_breath_phase,safenest-node-01
177.0270,-0.010000,S001,S001_NORMAL_D15,1,NORMAL_D15,15.00,1.7794,,MR60BHA2_breath_phase,safenest-node-01
177.1270,-0.010000,S001,S001_NORMAL_D15,1,NORMAL_D15,15.00,1.7794,,MR60BHA2_breath_phase,safenest-node-01
177.2270,-0.010000,S001,S001_NORMAL_D15,1,NORMAL_D15,15.00,1.7794,,MR60BHA2_breath_phase,safenest-node-01
177.3270,-0.010000,S001,S001_NORMAL_D15,1,NORMAL_D15,15.00,1.7794,,MR60BHA2_breath_phase,safenest-node-01
177.4270,-0.010000,S001,S001_NORMAL_D15,1,NORMAL_D15,15.00,1.7794,,MR60BHA2_breath_phase,safenest-node-01
177.5270,-0.010000,S001,S001_NORMAL_D15,1,NORMAL_D15,15.00,1.7794,,MR60BHA2_breath_phase,safenest-node-01
177.6270,-0.010000,S001,S001_NORMAL_D15,1,NORMAL_D15,15.00,1.7794,,MR60BHA2_breath_phase,safenest-node-01
177.7270,-0.010000,S001,S001_NORMAL_D15,1,NORMAL_D15,15.00,1.7794,,MR60BHA2_breath_phase,safenest-node-01
177.8270,-0.010000,S001,S001_NORMAL_D15,1,NORMAL_D15,15.00,1.7794,,MR60BHA2_breath_phase,safenest-node-01
177.9270,-0.010000,S001,S001_NORMAL_D15,1,NORMAL_D15,15.00,1.7794,,MR60BHA2_breath_phase,safenest-node-01
178.0270,-0.010000,S001,S001_NORMAL_D15,1,NORMAL_D15,15.00,1.7794,,MR60BHA2_breath_phase,safenest-node-01
178.1270,-0.010000,S001,S001_NORMAL_D15,1,NORMAL_D15,15.00,1.7794,,MR60BHA2_breath_phase,safenest-node-01
178.2270,-0.010000,S001,S001_NORMAL_D15,1,NORMAL_D15,15.00,1.7794,,MR60BHA2_breath_phase,safenest-node-01
178.3270,-0.010000,S001,S001_NORMAL_D15,1,NORMAL_D15,15.00,1.8368,,MR60BHA2_breath_phase,safenest-node-01
178.4280,-0.010000,S001,S001_NORMAL_D15,1,NORMAL_D15,15.00,1.8368,,MR60BHA2_breath_phase,safenest-node-01
178.5280,-0.010000,S001,S001_NORMAL_D15,1,NORMAL_D15,15.00,1.8368,,MR60BHA2_breath_phase,safenest-node-01
178.6280,-0.010000,S001,S001_NORMAL_D15,1,NORMAL_D15,15.00,1.8368,,MR60BHA2_breath_phase,safenest-node-01
178.7280,-0.010000,S001,S001_NORMAL_D15,1,NORMAL_D15,15.00,1.8368,,MR60BHA2_breath_phase,safenest-node-01
178.8280,-0.010000,S001,S001_NORMAL_D15,1,NORMAL_D15,15.00,1.8368,,MR60BHA2_breath_phase,safenest-node-01
178.9280,-0.010000,S001,S001_NORMAL_D15,1,NORMAL_D15,15.00,1.8368,,MR60BHA2_breath_phase,safenest-node-01
179.0280,-0.010000,S001,S001_NORMAL_D15,1,NORMAL_D15,15.00,1.8368,,MR60BHA2_breath_phase,safenest-node-01
179.1280,-0.010000,S001,S001_NORMAL_D15,1,NORMAL_D15,15.00,1.8368,,MR60BHA2_breath_phase,safenest-node-01
179.2280,-0.010000,S001,S001_NORMAL_D15,1,NORMAL_D15,15.00,1.8368,,MR60BHA2_breath_phase,safenest-node-01
179.3280,-0.010000,S001,S001_NORMAL_D15,1,NORMAL_D15,15.00,1.8368,,MR60BHA2_breath_phase,safenest-node-01
179.4280,-0.010000,S001,S001_NORMAL_D15,1,NORMAL_D15,15.00,1.8368,,MR60BHA2_breath_phase,safenest-node-01
179.5280,-0.010000,S001,S001_NORMAL_D15,1,NORMAL_D15,15.00,1.8368,,MR60BHA2_breath_phase,safenest-node-01
179.6280,-0.010000,S001,S001_NORMAL_D15,1,NORMAL_D15,15.00,1.8368,,MR60BHA2_breath_phase,safenest-node-01
179.7280,-0.010000,S001,S001_NORMAL_D15,1,NORMAL_D15,15.00,1.8368,,MR60BHA2_breath_phase,safenest-node-01
179.8280,-0.010000,S001,S001_NORMAL_D15,1,NORMAL_D15,15.00,1.8368,,MR60BHA2_breath_phase,safenest-node-01
179.9280,-0.010000,S001,S001_NORMAL_D15,1,NORMAL_D15,15.00,1.8368,,MR60BHA2_breath_phase,safenest-node-01
180.0280,-0.010000,S001,S001_NORMAL_D15,1,NORMAL_D15,15.00,1.8368,,MR60BHA2_breath_phase,safenest-node-01
180.1280,-0.010000,S001,S001_NORMAL_D15,1,NORMAL_D15,15.00,1.8368,,MR60BHA2_breath_phase,safenest-node-01
180.2280,-0.010000,S001,S001_NORMAL_D15,1,NORMAL_D15,15.00,1.8368,,MR60BHA2_breath_phase,safenest-node-01
180.3280,-0.010000,S001,S001_NORMAL_D15,1,NORMAL_D15,15.00,1.8368,,MR60BHA2_breath_phase,safenest-node-01
180.4280,-0.010000,S001,S001_NORMAL_D15,1,NORMAL_D15,15.00,1.8368,,MR60BHA2_breath_phase,safenest-node-01
180.5280,-0.010000,S001,S001_NORMAL_D15,1,NORMAL_D15,15.00,1.8368,,MR60BHA2_breath_phase,safenest-node-01
180.6280,-0.010000,S001,S001_NORMAL_D15,1,NORMAL_D15,15.00,1.8368,,MR60BHA2_breath_phase,safenest-node-01
180.7280,-0.010000,S001,S001_NORMAL_D15,1,NORMAL_D15,15.00,1.8368,,MR60BHA2_breath_phase,safenest-node-01
180.8280,-0.010000,S001,S001_NORMAL_D15,1,NORMAL_D15,15.00,1.8368,,MR60BHA2_breath_phase,safenest-node-01
180.9280,-0.010000,S001,S001_NORMAL_D15,1,NORMAL_D15,15.00,1.8368,,MR60BHA2_breath_phase,safenest-node-01
181.0280,-0.010000,S001,S001_NORMAL_D15,1,NORMAL_D15,15.00,1.8368,,MR60BHA2_breath_phase,safenest-node-01
181.1280,-0.010000,S001,S001_NORMAL_D15,1,NORMAL_D15,15.00,1.8368,,MR60BHA2_breath_phase,safenest-node-01
181.2280,-0.010000,S001,S001_NORMAL_D15,1,NORMAL_D15,15.00,1.8368,,MR60BHA2_breath_phase,safenest-node-01
181.3280,-0.010000,S001,S001_NORMAL_D15,1,NORMAL_D15,15.00,1.8368,,MR60BHA2_breath_phase,safenest-node-01
181.4280,-0.010000,S001,S001_NORMAL_D15,1,NORMAL_D15,15.00,1.8368,,MR60BHA2_breath_phase,safenest-node-01
181.5280,-0.010000,S001,S001_NORMAL_D15,1,NORMAL_D15,15.00,1.8368,,MR60BHA2_breath_phase,safenest-node-01
181.6280,-0.010000,S001,S001_NORMAL_D15,1,NORMAL_D15,15.00,1.8368,,MR60BHA2_breath_phase,safenest-node-01
181.7280,-0.010000,S001,S001_NORMAL_D15,1,NORMAL_D15,15.00,1.8368,,MR60BHA2_breath_phase,safenest-node-01
181.8280,-0.010000,S001,S001_NORMAL_D15,1,NORMAL_D15,15.00,1.8368,,MR60BHA2_breath_phase,safenest-node-01
181.9280,-0.010000,S001,S001_NORMAL_D15,1,NORMAL_D15,15.00,1.8368,,MR60BHA2_breath_phase,safenest-node-01
182.0280,-0.010000,S001,S001_NORMAL_D15,1,NORMAL_D15,15.00,1.8368,,MR60BHA2_breath_phase,safenest-node-01
182.1280,-0.010000,S001,S001_NORMAL_D15,1,NORMAL_D15,15.00,1.8368,,MR60BHA2_breath_phase,safenest-node-01
182.2280,-0.010000,S001,S001_NORMAL_D15,1,NORMAL_D15,15.00,1.8368,,MR60BHA2_breath_phase,safenest-node-01
182.3280,-0.010000,S001,S001_NORMAL_D15,1,NORMAL_D15,15.00,1.8368,,MR60BHA2_breath_phase,safenest-node-01
182.4280,-0.010000,S001,S001_NORMAL_D15,1,NORMAL_D15,15.00,1.8368,,MR60BHA2_breath_phase,safenest-node-01
182.5280,-0.010000,S001,S001_NORMAL_D15,1,NORMAL_D15,15.00,1.8368,,MR60BHA2_breath_phase,safenest-node-01
182.6280,-0.010000,S001,S001_NORMAL_D15,1,NORMAL_D15,15.00,1.8368,,MR60BHA2_breath_phase,safenest-node-01
182.7280,-0.010000,S001,S001_NORMAL_D15,1,NORMAL_D15,15.00,1.8368,,MR60BHA2_breath_phase,safenest-node-01
182.8280,-0.010000,S001,S001_NORMAL_D15,1,NORMAL_D15,15.00,1.8368,,MR60BHA2_breath_phase,safenest-node-01
182.9280,-0.010000,S001,S001_NORMAL_D15,1,NORMAL_D15,15.00,1.8368,,MR60BHA2_breath_phase,safenest-node-01
183.0280,-0.010000,S001,S001_NORMAL_D15,1,NORMAL_D15,15.00,1.8368,,MR60BHA2_breath_phase,safenest-node-01
183.1280,-0.010000,S001,S001_NORMAL_D15,1,NORMAL_D15,15.00,1.8368,,MR60BHA2_breath_phase,safenest-node-01
183.2280,-0.010000,S001,S001_NORMAL_D15,1,NORMAL_D15,15.00,1.8368,,MR60BHA2_breath_phase,safenest-node-01
183.3280,-0.010000,S001,S001_NORMAL_D15,1,NORMAL_D15,15.00,1.8368,,MR60BHA2_breath_phase,safenest-node-01
183.4280,-0.010000,S001,S001_NORMAL_D15,1,NORMAL_D15,15.00,1.8368,,MR60BHA2_breath_phase,safenest-node-01
183.5280,-0.010000,S001,S001_NORMAL_D15,1,NORMAL_D15,15.00,1.8368,,MR60BHA2_breath_phase,safenest-node-01
183.6280,-0.010000,S001,S001_NORMAL_D15,1,NORMAL_D15,15.00,1.8368,,MR60BHA2_breath_phase,safenest-node-01
183.7280,-0.010000,S001,S001_NORMAL_D15,1,NORMAL_D15,15.00,1.8368,,MR60BHA2_breath_phase,safenest-node-01
183.8280,-0.010000,S001,S001_NORMAL_D15,1,NORMAL_D15,15.00,1.8368,,MR60BHA2_breath_phase,safenest-node-01
183.9280,-0.010000,S001,S001_NORMAL_D15,1,NORMAL_D15,15.00,1.8368,,MR60BHA2_breath_phase,safenest-node-01
184.0280,-0.010000,S001,S001_NORMAL_D15,1,NORMAL_D15,15.00,1.8368,,MR60BHA2_breath_phase,safenest-node-01
184.1280,-0.010000,S001,S001_NORMAL_D15,1,NORMAL_D15,15.00,1.8368,,MR60BHA2_breath_phase,safenest-node-01
184.2280,-0.010000,S001,S001_NORMAL_D15,1,NORMAL_D15,15.00,1.8368,,MR60BHA2_breath_phase,safenest-node-01
184.3280,-0.010000,S001,S001_NORMAL_D15,1,NORMAL_D15,15.00,1.8368,,MR60BHA2_breath_phase,safenest-node-01
184.4280,-0.010000,S001,S001_NORMAL_D15,1,NORMAL_D15,15.00,1.8368,,MR60BHA2_breath_phase,safenest-node-01
184.5280,-0.010000,S001,S001_NORMAL_D15,1,NORMAL_D15,15.00,1.8368,,MR60BHA2_breath_phase,safenest-node-01
184.6280,-0.010000,S001,S001_NORMAL_D15,1,NORMAL_D15,15.00,1.8368,,MR60BHA2_breath_phase,safenest-node-01
184.7280,-0.010000,S001,S001_NORMAL_D15,1,NORMAL_D15,15.00,1.8368,,MR60BHA2_breath_phase,safenest-node-01
184.8280,-0.010000,S001,S001_NORMAL_D15,1,NORMAL_D15,15.00,1.8368,,MR60BHA2_breath_phase,safenest-node-01
184.9280,-0.010000,S001,S001_NORMAL_D15,1,NORMAL_D15,15.00,1.8368,,MR60BHA2_breath_phase,safenest-node-01
185.0280,-0.010000,S001,S001_NORMAL_D15,1,NORMAL_D15,15.00,1.8368,,MR60BHA2_breath_phase,safenest-node-01
185.1280,-0.010000,S001,S001_NORMAL_D15,1,NORMAL_D15,15.00,1.8368,,MR60BHA2_breath_phase,safenest-node-01
185.2280,-0.010000,S001,S001_NORMAL_D15,1,NORMAL_D15,15.00,1.8368,,MR60BHA2_breath_phase,safenest-node-01
185.3280,-0.010000,S001,S001_NORMAL_D15,1,NORMAL_D15,15.00,1.8368,,MR60BHA2_breath_phase,safenest-node-01
185.4280,-0.010000,S001,S001_NORMAL_D15,1,NORMAL_D15,15.00,1.8368,,MR60BHA2_breath_phase,safenest-node-01
185.5280,-0.010000,S001,S001_NORMAL_D15,1,NORMAL_D15,15.00,1.8368,,MR60BHA2_breath_phase,safenest-node-01
185.6280,-0.010000,S001,S001_NORMAL_D15,1,NORMAL_D15,15.00,1.8368,,MR60BHA2_breath_phase,safenest-node-01
185.7280,-0.010000,S001,S001_NORMAL_D15,1,NORMAL_D15,15.00,1.8368,,MR60BHA2_breath_phase,safenest-node-01
185.8280,-0.010000,S001,S001_NORMAL_D15,1,NORMAL_D15,15.00,1.8368,,MR60BHA2_breath_phase,safenest-node-01
185.9280,-0.010000,S001,S001_NORMAL_D15,1,NORMAL_D15,15.00,1.8368,,MR60BHA2_breath_phase,safenest-node-01
186.0280,-0.010000,S001,S001_NORMAL_D15,1,NORMAL_D15,15.00,1.8368,,MR60BHA2_breath_phase,safenest-node-01
186.1280,-0.010000,S001,S001_NORMAL_D15,1,NORMAL_D15,15.00,1.8368,,MR60BHA2_breath_phase,safenest-node-01
186.2280,-0.010000,S001,S001_NORMAL_D15,1,NORMAL_D15,15.00,1.8368,,MR60BHA2_breath_phase,safenest-node-01
186.3280,-0.010000,S001,S001_NORMAL_D15,1,NORMAL_D15,15.00,1.8368,,MR60BHA2_breath_phase,safenest-node-01
186.4280,-0.010000,S001,S001_NORMAL_D15,1,NORMAL_D15,15.00,1.8368,,MR60BHA2_breath_phase,safenest-node-01
186.5280,-0.010000,S001,S001_NORMAL_D15,1,NORMAL_D15,15.00,1.8368,,MR60BHA2_breath_phase,safenest-node-01
186.6280,-0.010000,S001,S001_NORMAL_D15,1,NORMAL_D15,15.00,1.8368,,MR60BHA2_breath_phase,safenest-node-01
186.7280,-0.010000,S001,S001_NORMAL_D15,1,NORMAL_D15,15.00,1.8368,,MR60BHA2_breath_phase,safenest-node-01
186.8280,-0.010000,S001,S001_NORMAL_D15,1,NORMAL_D15,15.00,1.8368,,MR60BHA2_breath_phase,safenest-node-01
186.9280,-0.010000,S001,S001_NORMAL_D15,1,NORMAL_D15,15.00,1.8368,,MR60BHA2_breath_phase,safenest-node-01
187.0280,-0.010000,S001,S001_NORMAL_D15,1,NORMAL_D15,15.00,1.8368,,MR60BHA2_breath_phase,safenest-node-01
187.1280,-0.010000,S001,S001_NORMAL_D15,1,NORMAL_D15,15.00,1.8368,,MR60BHA2_breath_phase,safenest-node-01
187.2280,-0.010000,S001,S001_NORMAL_D15,1,NORMAL_D15,15.00,1.8368,,MR60BHA2_breath_phase,safenest-node-01
187.3280,-0.010000,S001,S001_NORMAL_D15,1,NORMAL_D15,15.00,1.8368,,MR60BHA2_breath_phase,safenest-node-01
187.4280,-0.010000,S001,S001_NORMAL_D15,1,NORMAL_D15,15.00,1.8368,,MR60BHA2_breath_phase,safenest-node-01
187.5280,-0.010000,S001,S001_NORMAL_D15,1,NORMAL_D15,15.00,1.8368,,MR60BHA2_breath_phase,safenest-node-01
187.6280,-0.010000,S001,S001_NORMAL_D15,1,NORMAL_D15,15.00,1.8368,,MR60BHA2_breath_phase,safenest-node-01
187.7280,-0.010000,S001,S001_NORMAL_D15,1,NORMAL_D15,15.00,1.8368,,MR60BHA2_breath_phase,safenest-node-01
187.8280,-0.010000,S001,S001_NORMAL_D15,1,NORMAL_D15,15.00,1.8368,,MR60BHA2_breath_phase,safenest-node-01
187.9280,-0.010000,S001,S001_NORMAL_D15,1,NORMAL_D15,15.00,1.8368,,MR60BHA2_breath_phase,safenest-node-01
188.0290,-0.010000,S001,S001_NORMAL_D15,1,NORMAL_D15,15.00,1.8368,,MR60BHA2_breath_phase,safenest-node-01
188.1290,-0.010000,S001,S001_NORMAL_D15,1,NORMAL_D15,15.00,1.8368,,MR60BHA2_breath_phase,safenest-node-01
188.2290,-0.010000,S001,S001_NORMAL_D15,1,NORMAL_D15,15.00,1.8368,,MR60BHA2_breath_phase,safenest-node-01
188.3290,-0.010000,S001,S001_NORMAL_D15,1,NORMAL_D15,15.00,1.8368,,MR60BHA2_breath_phase,safenest-node-01
188.4290,-0.010000,S001,S001_NORMAL_D15,1,NORMAL_D15,15.00,1.8368,,MR60BHA2_breath_phase,safenest-node-01
188.5290,-0.010000,S001,S001_NORMAL_D15,1,NORMAL_D15,15.00,1.8368,,MR60BHA2_breath_phase,safenest-node-01
188.6290,-0.010000,S001,S001_NORMAL_D15,1,NORMAL_D15,15.00,1.8368,,MR60BHA2_breath_phase,safenest-node-01
188.7290,-0.010000,S001,S001_NORMAL_D15,1,NORMAL_D15,15.00,1.8368,,MR60BHA2_breath_phase,safenest-node-01
188.8290,-0.010000,S001,S001_NORMAL_D15,1,NORMAL_D15,15.00,1.8368,,MR60BHA2_breath_phase,safenest-node-01
188.9290,-0.010000,S001,S001_NORMAL_D15,1,NORMAL_D15,15.00,1.8368,,MR60BHA2_breath_phase,safenest-node-01
189.0290,-0.010000,S001,S001_NORMAL_D15,1,NORMAL_D15,15.00,1.8368,,MR60BHA2_breath_phase,safenest-node-01
189.1290,-0.010000,S001,S001_NORMAL_D15,1,NORMAL_D15,15.00,1.8368,,MR60BHA2_breath_phase,safenest-node-01
189.2290,-0.010000,S001,S001_NORMAL_D15,1,NORMAL_D15,15.00,1.8368,,MR60BHA2_breath_phase,safenest-node-01
189.3290,-0.010000,S001,S001_NORMAL_D15,1,NORMAL_D15,15.00,1.8368,,MR60BHA2_breath_phase,safenest-node-01
189.4290,-0.010000,S001,S001_NORMAL_D15,1,NORMAL_D15,15.00,1.8368,,MR60BHA2_breath_phase,safenest-node-01
189.5290,-0.010000,S001,S001_NORMAL_D15,1,NORMAL_D15,15.00,1.8368,,MR60BHA2_breath_phase,safenest-node-01
189.6290,-0.010000,S001,S001_NORMAL_D15,1,NORMAL_D15,15.00,1.8368,,MR60BHA2_breath_phase,safenest-node-01
189.7290,-0.010000,S001,S001_NORMAL_D15,1,NORMAL_D15,15.00,1.8368,,MR60BHA2_breath_phase,safenest-node-01
189.8290,-0.010000,S001,S001_NORMAL_D15,1,NORMAL_D15,15.00,1.8368,,MR60BHA2_breath_phase,safenest-node-01
189.9290,-0.010000,S001,S001_NORMAL_D15,1,NORMAL_D15,15.00,1.8368,,MR60BHA2_breath_phase,safenest-node-01
190.0290,-0.010000,S001,S001_NORMAL_D15,1,NORMAL_D15,15.00,1.8368,,MR60BHA2_breath_phase,safenest-node-01
190.1290,-0.010000,S001,S001_NORMAL_D15,1,NORMAL_D15,15.00,1.8368,,MR60BHA2_breath_phase,safenest-node-01
190.2290,-0.010000,S001,S001_NORMAL_D15,1,NORMAL_D15,15.00,1.8368,,MR60BHA2_breath_phase,safenest-node-01
190.3290,-0.010000,S001,S001_NORMAL_D15,1,NORMAL_D15,15.00,1.8368,,MR60BHA2_breath_phase,safenest-node-01
190.4290,-0.010000,S001,S001_NORMAL_D15,1,NORMAL_D15,15.00,1.8368,,MR60BHA2_breath_phase,safenest-node-01
190.5290,-0.010000,S001,S001_NORMAL_D15,1,NORMAL_D15,15.00,1.8368,,MR60BHA2_breath_phase,safenest-node-01
190.6290,-0.010000,S001,S001_NORMAL_D15,1,NORMAL_D15,15.00,1.8368,,MR60BHA2_breath_phase,safenest-node-01
190.7300,-0.010000,S001,S001_NORMAL_D15,1,NORMAL_D15,15.00,1.8368,,MR60BHA2_breath_phase,safenest-node-01
190.8300,-0.010000,S001,S001_NORMAL_D15,1,NORMAL_D15,15.00,1.8368,,MR60BHA2_breath_phase,safenest-node-01
190.9300,-0.010000,S001,S001_NORMAL_D15,1,NORMAL_D15,15.00,1.8368,,MR60BHA2_breath_phase,safenest-node-01
191.0300,-0.010000,S001,S001_NORMAL_D15,1,NORMAL_D15,15.00,1.8368,,MR60BHA2_breath_phase,safenest-node-01
191.1300,-0.010000,S001,S001_NORMAL_D15,1,NORMAL_D15,15.00,1.8368,,MR60BHA2_breath_phase,safenest-node-01
191.2300,-0.010000,S001,S001_NORMAL_D15,1,NORMAL_D15,15.00,1.7794,,MR60BHA2_breath_phase,safenest-node-01
191.3300,-0.010000,S001,S001_NORMAL_D15,1,NORMAL_D15,15.00,1.7794,,MR60BHA2_breath_phase,safenest-node-01
191.4300,-0.010000,S001,S001_NORMAL_D15,1,NORMAL_D15,15.00,1.7794,,MR60BHA2_breath_phase,safenest-node-01
191.5300,-0.010000,S001,S001_NORMAL_D15,1,NORMAL_D15,15.00,1.7794,,MR60BHA2_breath_phase,safenest-node-01
191.6300,-0.010000,S001,S001_NORMAL_D15,1,NORMAL_D15,15.00,1.7794,,MR60BHA2_breath_phase,safenest-node-01
191.7300,-0.010000,S001,S001_NORMAL_D15,1,NORMAL_D15,15.00,1.7794,,MR60BHA2_breath_phase,safenest-node-01
191.8300,-0.010000,S001,S001_NORMAL_D15,1,NORMAL_D15,15.00,1.7794,,MR60BHA2_breath_phase,safenest-node-01
191.9300,-0.010000,S001,S001_NORMAL_D15,1,NORMAL_D15,15.00,1.7794,,MR60BHA2_breath_phase,safenest-node-01
192.0300,-0.010000,S001,S001_NORMAL_D15,1,NORMAL_D15,15.00,1.7794,,MR60BHA2_breath_phase,safenest-node-01
192.1300,-0.010000,S001,S001_NORMAL_D15,1,NORMAL_D15,15.00,1.7794,,MR60BHA2_breath_phase,safenest-node-01
192.2300,-0.010000,S001,S001_NORMAL_D15,1,NORMAL_D15,15.00,1.7794,,MR60BHA2_breath_phase,safenest-node-01
192.3300,-0.010000,S001,S001_NORMAL_D15,1,NORMAL_D15,15.00,1.7794,,MR60BHA2_breath_phase,safenest-node-01
192.4300,-0.010000,S001,S001_NORMAL_D15,1,NORMAL_D15,15.00,1.7794,,MR60BHA2_breath_phase,safenest-node-01
192.5300,-0.010000,S001,S001_NORMAL_D15,1,NORMAL_D15,15.00,1.7794,,MR60BHA2_breath_phase,safenest-node-01
192.6300,-0.010000,S001,S001_NORMAL_D15,1,NORMAL_D15,15.00,1.7794,,MR60BHA2_breath_phase,safenest-node-01
192.7300,-0.010000,S001,S001_NORMAL_D15,1,NORMAL_D15,15.00,1.7794,,MR60BHA2_breath_phase,safenest-node-01
192.8300,-0.010000,S001,S001_NORMAL_D15,1,NORMAL_D15,15.00,1.7794,,MR60BHA2_breath_phase,safenest-node-01
192.9300,-0.010000,S001,S001_NORMAL_D15,1,NORMAL_D15,15.00,1.7794,,MR60BHA2_breath_phase,safenest-node-01
193.0300,-0.010000,S001,S001_NORMAL_D15,1,NORMAL_D15,15.00,1.7794,,MR60BHA2_breath_phase,safenest-node-01
193.1300,-0.010000,S001,S001_NORMAL_D15,1,NORMAL_D15,15.00,1.7794,,MR60BHA2_breath_phase,safenest-node-01
193.2300,-0.010000,S001,S001_NORMAL_D15,1,NORMAL_D15,15.00,1.7794,,MR60BHA2_breath_phase,safenest-node-01
193.3300,-0.010000,S001,S001_NORMAL_D15,1,NORMAL_D15,15.00,1.7794,,MR60BHA2_breath_phase,safenest-node-01
193.4300,-0.010000,S001,S001_NORMAL_D15,1,NORMAL_D15,15.00,1.7794,,MR60BHA2_breath_phase,safenest-node-01
193.5300,-0.010000,S001,S001_NORMAL_D15,1,NORMAL_D15,15.00,1.7794,,MR60BHA2_breath_phase,safenest-node-01
193.6300,-0.010000,S001,S001_NORMAL_D15,1,NORMAL_D15,15.00,1.7794,,MR60BHA2_breath_phase,safenest-node-01
193.7300,-0.010000,S001,S001_NORMAL_D15,1,NORMAL_D15,15.00,1.7794,,MR60BHA2_breath_phase,safenest-node-01
193.8300,-0.010000,S001,S001_NORMAL_D15,1,NORMAL_D15,15.00,1.7794,,MR60BHA2_breath_phase,safenest-node-01
193.9300,-0.010000,S001,S001_NORMAL_D15,1,NORMAL_D15,15.00,1.7794,,MR60BHA2_breath_phase,safenest-node-01
194.0300,-0.010000,S001,S001_NORMAL_D15,1,NORMAL_D15,15.00,1.7794,,MR60BHA2_breath_phase,safenest-node-01
194.1300,-0.010000,S001,S001_NORMAL_D15,1,NORMAL_D15,15.00,1.7794,,MR60BHA2_breath_phase,safenest-node-01
194.2300,-0.010000,S001,S001_NORMAL_D15,1,NORMAL_D15,15.00,1.7794,,MR60BHA2_breath_phase,safenest-node-01
194.3300,-0.010000,S001,S001_NORMAL_D15,1,NORMAL_D15,15.00,1.7794,,MR60BHA2_breath_phase,safenest-node-01
194.4300,-0.010000,S001,S001_NORMAL_D15,1,NORMAL_D15,15.00,1.7794,,MR60BHA2_breath_phase,safenest-node-01
194.5300,-0.010000,S001,S001_NORMAL_D15,1,NORMAL_D15,15.00,1.7794,,MR60BHA2_breath_phase,safenest-node-01
194.6300,-0.010000,S001,S001_NORMAL_D15,1,NORMAL_D15,15.00,1.7794,,MR60BHA2_breath_phase,safenest-node-01
194.7300,-0.010000,S001,S001_NORMAL_D15,1,NORMAL_D15,15.00,1.7794,,MR60BHA2_breath_phase,safenest-node-01
194.8300,-0.010000,S001,S001_NORMAL_D15,1,NORMAL_D15,15.00,1.7794,,MR60BHA2_breath_phase,safenest-node-01
194.9310,-0.010000,S001,S001_NORMAL_D15,1,NORMAL_D15,15.00,1.7794,,MR60BHA2_breath_phase,safenest-node-01
195.0310,-0.010000,S001,S001_NORMAL_D15,1,NORMAL_D15,15.00,1.7794,,MR60BHA2_breath_phase,safenest-node-01
195.1310,-0.010000,S001,S001_NORMAL_D15,1,NORMAL_D15,15.00,1.7794,,MR60BHA2_breath_phase,safenest-node-01
195.2310,-0.010000,S001,S001_NORMAL_D15,1,NORMAL_D15,15.00,1.7794,,MR60BHA2_breath_phase,safenest-node-01
195.3310,-0.010000,S001,S001_NORMAL_D15,1,NORMAL_D15,15.00,1.7794,,MR60BHA2_breath_phase,safenest-node-01
195.4310,-0.010000,S001,S001_NORMAL_D15,1,NORMAL_D15,15.00,1.7794,,MR60BHA2_breath_phase,safenest-node-01
195.5310,-0.010000,S001,S001_NORMAL_D15,1,NORMAL_D15,15.00,1.7794,,MR60BHA2_breath_phase,safenest-node-01
195.6310,-0.010000,S001,S001_NORMAL_D15,1,NORMAL_D15,15.00,1.7794,,MR60BHA2_breath_phase,safenest-node-01
195.7310,-0.010000,S001,S001_NORMAL_D15,1,NORMAL_D15,15.00,1.7794,,MR60BHA2_breath_phase,safenest-node-01
195.8310,-0.010000,S001,S001_NORMAL_D15,1,NORMAL_D15,15.00,1.7794,,MR60BHA2_breath_phase,safenest-node-01
195.9310,-0.010000,S001,S001_NORMAL_D15,1,NORMAL_D15,15.00,1.7794,,MR60BHA2_breath_phase,safenest-node-01
196.0310,-0.010000,S001,S001_NORMAL_D15,1,NORMAL_D15,15.00,1.7794,,MR60BHA2_breath_phase,safenest-node-01
196.1310,-0.010000,S001,S001_NORMAL_D15,1,NORMAL_D15,15.00,1.7794,,MR60BHA2_breath_phase,safenest-node-01
196.2310,-0.010000,S001,S001_NORMAL_D15,1,NORMAL_D15,15.00,1.7794,,MR60BHA2_breath_phase,safenest-node-01
196.3310,-0.010000,S001,S001_NORMAL_D15,1,NORMAL_D15,15.00,1.7794,,MR60BHA2_breath_phase,safenest-node-01
196.4310,-0.010000,S001,S001_NORMAL_D15,1,NORMAL_D15,15.00,1.7794,,MR60BHA2_breath_phase,safenest-node-01
196.5310,-0.010000,S001,S001_NORMAL_D15,1,NORMAL_D15,15.00,1.7794,,MR60BHA2_breath_phase,safenest-node-01
196.6310,-0.010000,S001,S001_NORMAL_D15,1,NORMAL_D15,15.00,1.7794,,MR60BHA2_breath_phase,safenest-node-01
196.7310,-0.010000,S001,S001_NORMAL_D15,1,NORMAL_D15,15.00,1.7794,,MR60BHA2_breath_phase,safenest-node-01
196.8310,-0.010000,S001,S001_NORMAL_D15,1,NORMAL_D15,15.00,1.7794,,MR60BHA2_breath_phase,safenest-node-01
196.9310,-0.010000,S001,S001_NORMAL_D15,1,NORMAL_D15,15.00,1.7794,,MR60BHA2_breath_phase,safenest-node-01
197.0310,-0.010000,S001,S001_NORMAL_D15,1,NORMAL_D15,15.00,1.7794,,MR60BHA2_breath_phase,safenest-node-01
197.1310,-0.010000,S001,S001_NORMAL_D15,1,NORMAL_D15,15.00,1.7794,,MR60BHA2_breath_phase,safenest-node-01
197.2310,-0.010000,S001,S001_NORMAL_D15,1,NORMAL_D15,15.00,1.7794,,MR60BHA2_breath_phase,safenest-node-01
197.3310,-0.010000,S001,S001_NORMAL_D15,1,NORMAL_D15,15.00,1.7794,,MR60BHA2_breath_phase,safenest-node-01
197.4310,-0.010000,S001,S001_NORMAL_D15,1,NORMAL_D15,15.00,1.7794,,MR60BHA2_breath_phase,safenest-node-01
197.5310,-0.010000,S001,S001_NORMAL_D15,1,NORMAL_D15,15.00,1.7794,,MR60BHA2_breath_phase,safenest-node-01
197.6310,-0.010000,S001,S001_NORMAL_D15,1,NORMAL_D15,15.00,1.7794,,MR60BHA2_breath_phase,safenest-node-01
197.7310,-0.010000,S001,S001_NORMAL_D15,1,NORMAL_D15,15.00,1.7794,,MR60BHA2_breath_phase,safenest-node-01
197.8310,-0.010000,S001,S001_NORMAL_D15,1,NORMAL_D15,15.00,1.7794,,MR60BHA2_breath_phase,safenest-node-01
197.9310,-0.010000,S001,S001_NORMAL_D15,1,NORMAL_D15,15.00,1.7794,,MR60BHA2_breath_phase,safenest-node-01
198.0310,-0.010000,S001,S001_NORMAL_D15,1,NORMAL_D15,15.00,1.7794,,MR60BHA2_breath_phase,safenest-node-01
198.1310,-0.010000,S001,S001_NORMAL_D15,1,NORMAL_D15,15.00,1.7794,,MR60BHA2_breath_phase,safenest-node-01
198.2310,-0.010000,S001,S001_NORMAL_D15,1,NORMAL_D15,15.00,1.7794,,MR60BHA2_breath_phase,safenest-node-01
198.3310,-0.010000,S001,S001_NORMAL_D15,1,NORMAL_D15,15.00,1.7794,,MR60BHA2_breath_phase,safenest-node-01
198.4310,-0.010000,S001,S001_NORMAL_D15,1,NORMAL_D15,15.00,1.7794,,MR60BHA2_breath_phase,safenest-node-01
198.5310,-0.010000,S001,S001_NORMAL_D15,1,NORMAL_D15,15.00,1.7794,,MR60BHA2_breath_phase,safenest-node-01
198.6310,-0.010000,S001,S001_NORMAL_D15,1,NORMAL_D15,15.00,1.7794,,MR60BHA2_breath_phase,safenest-node-01
198.7310,-0.010000,S001,S001_NORMAL_D15,1,NORMAL_D15,15.00,1.7794,,MR60BHA2_breath_phase,safenest-node-01
198.8310,-0.010000,S001,S001_NORMAL_D15,1,NORMAL_D15,15.00,1.7794,,MR60BHA2_breath_phase,safenest-node-01
198.9310,-0.010000,S001,S001_NORMAL_D15,1,NORMAL_D15,15.00,1.7794,,MR60BHA2_breath_phase,safenest-node-01
199.0310,-0.010000,S001,S001_NORMAL_D15,1,NORMAL_D15,15.00,1.7794,,MR60BHA2_breath_phase,safenest-node-01
199.1310,-0.010000,S001,S001_NORMAL_D15,1,NORMAL_D15,15.00,1.7794,,MR60BHA2_breath_phase,safenest-node-01
199.2310,-0.010000,S001,S001_NORMAL_D15,1,NORMAL_D15,15.00,1.7794,,MR60BHA2_breath_phase,safenest-node-01
199.3310,-0.010000,S001,S001_NORMAL_D15,1,NORMAL_D15,15.00,1.7794,,MR60BHA2_breath_phase,safenest-node-01
199.4310,-0.010000,S001,S001_NORMAL_D15,1,NORMAL_D15,15.00,1.7794,,MR60BHA2_breath_phase,safenest-node-01
199.5310,-0.010000,S001,S001_NORMAL_D15,1,NORMAL_D15,15.00,1.7794,,MR60BHA2_breath_phase,safenest-node-01
199.6310,-0.010000,S001,S001_NORMAL_D15,1,NORMAL_D15,15.00,1.7794,,MR60BHA2_breath_phase,safenest-node-01
199.7310,-0.010000,S001,S001_NORMAL_D15,1,NORMAL_D15,15.00,1.7794,,MR60BHA2_breath_phase,safenest-node-01
199.8310,-0.010000,S001,S001_NORMAL_D15,1,NORMAL_D15,15.00,1.7794,,MR60BHA2_breath_phase,safenest-node-01
199.9310,-0.010000,S001,S001_NORMAL_D15,1,NORMAL_D15,15.00,1.7794,,MR60BHA2_breath_phase,safenest-node-01
200.0310,-0.010000,S001,S001_NORMAL_D15,1,NORMAL_D15,15.00,1.7794,,MR60BHA2_breath_phase,safenest-node-01
200.1310,-0.010000,S001,S001_NORMAL_D15,1,NORMAL_D15,15.00,1.7794,,MR60BHA2_breath_phase,safenest-node-01
200.2310,-0.010000,S001,S001_NORMAL_D15,1,NORMAL_D15,15.00,1.7794,,MR60BHA2_breath_phase,safenest-node-01
200.3310,-0.010000,S001,S001_NORMAL_D15,1,NORMAL_D15,15.00,1.7794,,MR60BHA2_breath_phase,safenest-node-01
200.4310,-0.010000,S001,S001_NORMAL_D15,1,NORMAL_D15,15.00,1.7794,,MR60BHA2_breath_phase,safenest-node-01
200.5310,-0.010000,S001,S001_NORMAL_D15,1,NORMAL_D15,15.00,1.7794,,MR60BHA2_breath_phase,safenest-node-01
200.6310,-0.010000,S001,S001_NORMAL_D15,1,NORMAL_D15,15.00,1.7794,,MR60BHA2_breath_phase,safenest-node-01
200.7310,-0.010000,S001,S001_NORMAL_D15,1,NORMAL_D15,15.00,1.7794,,MR60BHA2_breath_phase,safenest-node-01
200.8310,-0.010000,S001,S001_NORMAL_D15,1,NORMAL_D15,15.00,1.7794,,MR60BHA2_breath_phase,safenest-node-01
200.9310,-0.010000,S001,S001_NORMAL_D15,1,NORMAL_D15,15.00,1.7794,,MR60BHA2_breath_phase,safenest-node-01
201.0310,-0.010000,S001,S001_NORMAL_D15,1,NORMAL_D15,15.00,1.7794,,MR60BHA2_breath_phase,safenest-node-01
201.1310,-0.010000,S001,S001_NORMAL_D15,1,NORMAL_D15,15.00,1.7794,,MR60BHA2_breath_phase,safenest-node-01
201.2310,-0.010000,S001,S001_NORMAL_D15,1,NORMAL_D15,15.00,1.7794,,MR60BHA2_breath_phase,safenest-node-01
201.3310,-0.010000,S001,S001_NORMAL_D15,1,NORMAL_D15,15.00,1.7794,,MR60BHA2_breath_phase,safenest-node-01
201.4310,-0.010000,S001,S001_NORMAL_D15,1,NORMAL_D15,15.00,1.7794,,MR60BHA2_breath_phase,safenest-node-01
201.5310,-0.010000,S001,S001_NORMAL_D15,1,NORMAL_D15,15.00,1.7794,,MR60BHA2_breath_phase,safenest-node-01
201.6310,-0.010000,S001,S001_NORMAL_D15,1,NORMAL_D15,15.00,1.7794,,MR60BHA2_breath_phase,safenest-node-01
201.7310,-0.010000,S001,S001_NORMAL_D15,1,NORMAL_D15,15.00,1.7794,,MR60BHA2_breath_phase,safenest-node-01
201.8310,-0.010000,S001,S001_NORMAL_D15,1,NORMAL_D15,15.00,1.7794,,MR60BHA2_breath_phase,safenest-node-01
201.9310,-0.010000,S001,S001_NORMAL_D15,1,NORMAL_D15,15.00,1.7794,,MR60BHA2_breath_phase,safenest-node-01
202.0310,-0.010000,S001,S001_NORMAL_D15,1,NORMAL_D15,15.00,1.7794,,MR60BHA2_breath_phase,safenest-node-01
202.1310,-0.010000,S001,S001_NORMAL_D15,1,NORMAL_D15,15.00,1.7794,,MR60BHA2_breath_phase,safenest-node-01
202.2310,-0.010000,S001,S001_NORMAL_D15,1,NORMAL_D15,15.00,1.7794,,MR60BHA2_breath_phase,safenest-node-01
202.3310,-0.010000,S001,S001_NORMAL_D15,1,NORMAL_D15,15.00,1.7794,,MR60BHA2_breath_phase,safenest-node-01
202.4310,-0.010000,S001,S001_NORMAL_D15,1,NORMAL_D15,15.00,1.7794,,MR60BHA2_breath_phase,safenest-node-01
202.5310,-0.010000,S001,S001_NORMAL_D15,1,NORMAL_D15,15.00,1.7794,,MR60BHA2_breath_phase,safenest-node-01
202.6310,-0.010000,S001,S001_NORMAL_D15,1,NORMAL_D15,15.00,1.7794,,MR60BHA2_breath_phase,safenest-node-01
202.7310,-0.010000,S001,S001_NORMAL_D15,1,NORMAL_D15,15.00,1.7794,,MR60BHA2_breath_phase,safenest-node-01
202.8310,-0.010000,S001,S001_NORMAL_D15,1,NORMAL_D15,15.00,1.7794,,MR60BHA2_breath_phase,safenest-node-01
202.9310,-0.010000,S001,S001_NORMAL_D15,1,NORMAL_D15,15.00,1.7794,,MR60BHA2_breath_phase,safenest-node-01
203.0310,-0.010000,S001,S001_NORMAL_D15,1,NORMAL_D15,15.00,1.7794,,MR60BHA2_breath_phase,safenest-node-01
203.1310,-0.010000,S001,S001_NORMAL_D15,1,NORMAL_D15,15.00,1.7794,,MR60BHA2_breath_phase,safenest-node-01
203.2310,-0.010000,S001,S001_NORMAL_D15,1,NORMAL_D15,15.00,1.7794,,MR60BHA2_breath_phase,safenest-node-01
203.3310,-0.010000,S001,S001_NORMAL_D15,1,NORMAL_D15,15.00,1.7794,,MR60BHA2_breath_phase,safenest-node-01
203.4310,-0.010000,S001,S001_NORMAL_D15,1,NORMAL_D15,15.00,1.7794,,MR60BHA2_breath_phase,safenest-node-01
203.5310,-0.010000,S001,S001_NORMAL_D15,1,NORMAL_D15,15.00,1.7794,,MR60BHA2_breath_phase,safenest-node-01
203.6310,-0.010000,S001,S001_NORMAL_D15,1,NORMAL_D15,15.00,1.7794,,MR60BHA2_breath_phase,safenest-node-01
203.7310,-0.010000,S001,S001_NORMAL_D15,1,NORMAL_D15,15.00,1.7794,,MR60BHA2_breath_phase,safenest-node-01
203.8310,-0.010000,S001,S001_NORMAL_D15,1,NORMAL_D15,15.00,1.7794,,MR60BHA2_breath_phase,safenest-node-01
203.9310,-0.010000,S001,S001_NORMAL_D15,1,NORMAL_D15,15.00,1.7794,,MR60BHA2_breath_phase,safenest-node-01
204.0310,-0.010000,S001,S001_NORMAL_D15,1,NORMAL_D15,15.00,1.7794,,MR60BHA2_breath_phase,safenest-node-01
204.1310,-0.010000,S001,S001_NORMAL_D15,1,NORMAL_D15,15.00,1.7794,,MR60BHA2_breath_phase,safenest-node-01
204.2310,-0.010000,S001,S001_NORMAL_D15,1,NORMAL_D15,15.00,1.7794,,MR60BHA2_breath_phase,safenest-node-01
204.3310,-0.010000,S001,S001_NORMAL_D15,1,NORMAL_D15,15.00,1.7794,,MR60BHA2_breath_phase,safenest-node-01
204.4310,-0.010000,S001,S001_NORMAL_D15,1,NORMAL_D15,15.00,1.7794,,MR60BHA2_breath_phase,safenest-node-01
204.5310,-0.010000,S001,S001_NORMAL_D15,1,NORMAL_D15,15.00,1.7794,,MR60BHA2_breath_phase,safenest-node-01
204.6310,-0.010000,S001,S001_NORMAL_D15,1,NORMAL_D15,15.00,1.7794,,MR60BHA2_breath_phase,safenest-node-01
204.7310,-0.010000,S001,S001_NORMAL_D15,1,NORMAL_D15,15.00,1.7794,,MR60BHA2_breath_phase,safenest-node-01
204.8310,-0.010000,S001,S001_NORMAL_D15,1,NORMAL_D15,15.00,1.7794,,MR60BHA2_breath_phase,safenest-node-01
204.9310,-0.010000,S001,S001_NORMAL_D15,1,NORMAL_D15,15.00,1.7794,,MR60BHA2_breath_phase,safenest-node-01
205.0310,-0.010000,S001,S001_NORMAL_D15,1,NORMAL_D15,15.00,1.7794,,MR60BHA2_breath_phase,safenest-node-01
205.1310,-0.010000,S001,S001_NORMAL_D15,1,NORMAL_D15,15.00,1.7794,,MR60BHA2_breath_phase,safenest-node-01
205.2310,-0.010000,S001,S001_NORMAL_D15,1,NORMAL_D15,15.00,1.7794,,MR60BHA2_breath_phase,safenest-node-01
205.3310,-0.010000,S001,S001_NORMAL_D15,1,NORMAL_D15,15.00,1.7794,,MR60BHA2_breath_phase,safenest-node-01
205.4310,-0.010000,S001,S001_NORMAL_D15,1,NORMAL_D15,15.00,1.7794,,MR60BHA2_breath_phase,safenest-node-01
205.5310,-0.010000,S001,S001_NORMAL_D15,1,NORMAL_D15,15.00,1.7794,,MR60BHA2_breath_phase,safenest-node-01
205.6310,-0.010000,S001,S001_NORMAL_D15,1,NORMAL_D15,15.00,1.7794,,MR60BHA2_breath_phase,safenest-node-01
205.7310,-0.010000,S001,S001_NORMAL_D15,1,NORMAL_D15,15.00,1.7794,,MR60BHA2_breath_phase,safenest-node-01
205.8310,-0.010000,S001,S001_NORMAL_D15,1,NORMAL_D15,15.00,1.7794,,MR60BHA2_breath_phase,safenest-node-01
205.9310,-0.010000,S001,S001_NORMAL_D15,1,NORMAL_D15,15.00,1.7794,,MR60BHA2_breath_phase,safenest-node-01
206.0310,-0.010000,S001,S001_NORMAL_D15,1,NORMAL_D15,15.00,1.7794,,MR60BHA2_breath_phase,safenest-node-01
206.1310,-0.010000,S001,S001_NORMAL_D15,1,NORMAL_D15,15.00,1.7794,,MR60BHA2_breath_phase,safenest-node-01
206.2310,-0.010000,S001,S001_NORMAL_D15,1,NORMAL_D15,15.00,1.7794,,MR60BHA2_breath_phase,safenest-node-01
206.3310,-0.010000,S001,S001_NORMAL_D15,1,NORMAL_D15,15.00,1.7794,,MR60BHA2_breath_phase,safenest-node-01
206.4310,-0.010000,S001,S001_NORMAL_D15,1,NORMAL_D15,15.00,1.7794,,MR60BHA2_breath_phase,safenest-node-01
206.5310,-0.010000,S001,S001_NORMAL_D15,1,NORMAL_D15,15.00,1.7794,,MR60BHA2_breath_phase,safenest-node-01
206.6310,-0.010000,S001,S001_NORMAL_D15,1,NORMAL_D15,15.00,1.7794,,MR60BHA2_breath_phase,safenest-node-01
206.7310,-0.010000,S001,S001_NORMAL_D15,1,NORMAL_D15,15.00,1.7794,,MR60BHA2_breath_phase,safenest-node-01
206.8310,-0.010000,S001,S001_NORMAL_D15,1,NORMAL_D15,15.00,1.7794,,MR60BHA2_breath_phase,safenest-node-01
206.9310,-0.010000,S001,S001_NORMAL_D15,1,NORMAL_D15,15.00,1.7794,,MR60BHA2_breath_phase,safenest-node-01
207.0320,-0.010000,S001,S001_NORMAL_D15,1,NORMAL_D15,15.00,1.7794,,MR60BHA2_breath_phase,safenest-node-01
207.1320,-0.010000,S001,S001_NORMAL_D15,1,NORMAL_D15,15.00,1.7794,,MR60BHA2_breath_phase,safenest-node-01
207.2320,-0.010000,S001,S001_NORMAL_D15,1,NORMAL_D15,15.00,1.7794,,MR60BHA2_breath_phase,safenest-node-01
207.3320,-0.010000,S001,S001_NORMAL_D15,1,NORMAL_D15,15.00,1.7794,,MR60BHA2_breath_phase,safenest-node-01
207.4320,-0.010000,S001,S001_NORMAL_D15,1,NORMAL_D15,15.00,1.7794,,MR60BHA2_breath_phase,safenest-node-01
207.5320,-0.010000,S001,S001_NORMAL_D15,1,NORMAL_D15,15.00,1.7794,,MR60BHA2_breath_phase,safenest-node-01
207.6320,-0.010000,S001,S001_NORMAL_D15,1,NORMAL_D15,15.00,1.7794,,MR60BHA2_breath_phase,safenest-node-01
207.7320,-0.010000,S001,S001_NORMAL_D15,1,NORMAL_D15,15.00,1.7794,,MR60BHA2_breath_phase,safenest-node-01
207.8320,-0.010000,S001,S001_NORMAL_D15,1,NORMAL_D15,15.00,1.7794,,MR60BHA2_breath_phase,safenest-node-01
207.9320,-0.010000,S001,S001_NORMAL_D15,1,NORMAL_D15,15.00,1.7794,,MR60BHA2_breath_phase,safenest-node-01
208.0320,-0.010000,S001,S001_NORMAL_D15,1,NORMAL_D15,15.00,1.7794,,MR60BHA2_breath_phase,safenest-node-01
208.1320,-0.010000,S001,S001_NORMAL_D15,1,NORMAL_D15,15.00,1.7794,,MR60BHA2_breath_phase,safenest-node-01
208.2330,-0.010000,S001,S001_NORMAL_D15,1,NORMAL_D15,15.00,1.7794,,MR60BHA2_breath_phase,safenest-node-01
208.3330,-0.010000,S001,S001_NORMAL_D15,1,NORMAL_D15,15.00,1.7794,,MR60BHA2_breath_phase,safenest-node-01
208.4330,-0.010000,S001,S001_NORMAL_D15,1,NORMAL_D15,15.00,1.7794,,MR60BHA2_breath_phase,safenest-node-01
208.5330,-0.010000,S001,S001_NORMAL_D15,1,NORMAL_D15,15.00,1.7794,,MR60BHA2_breath_phase,safenest-node-01
208.6330,-0.010000,S001,S001_NORMAL_D15,1,NORMAL_D15,15.00,1.7794,,MR60BHA2_breath_phase,safenest-node-01
208.7330,-0.010000,S001,S001_NORMAL_D15,1,NORMAL_D15,15.00,1.7794,,MR60BHA2_breath_phase,safenest-node-01
208.8330,-0.010000,S001,S001_NORMAL_D15,1,NORMAL_D15,15.00,1.7794,,MR60BHA2_breath_phase,safenest-node-01
208.9330,-0.010000,S001,S001_NORMAL_D15,1,NORMAL_D15,15.00,1.7794,,MR60BHA2_breath_phase,safenest-node-01
209.0330,-0.010000,S001,S001_NORMAL_D15,1,NORMAL_D15,15.00,1.7794,,MR60BHA2_breath_phase,safenest-node-01
209.1330,-0.010000,S001,S001_NORMAL_D15,1,NORMAL_D15,15.00,1.7794,,MR60BHA2_breath_phase,safenest-node-01
209.2330,-0.010000,S001,S001_NORMAL_D15,1,NORMAL_D15,15.00,1.7794,,MR60BHA2_breath_phase,safenest-node-01
209.3330,-0.010000,S001,S001_NORMAL_D15,1,NORMAL_D15,15.00,1.7794,,MR60BHA2_breath_phase,safenest-node-01
209.4330,-0.010000,S001,S001_NORMAL_D15,1,NORMAL_D15,15.00,1.7794,,MR60BHA2_breath_phase,safenest-node-01
209.5330,-0.010000,S001,S001_NORMAL_D15,1,NORMAL_D15,15.00,1.7794,,MR60BHA2_breath_phase,safenest-node-01
209.6330,-0.010000,S001,S001_NORMAL_D15,1,NORMAL_D15,15.00,1.7794,,MR60BHA2_breath_phase,safenest-node-01
209.7330,-0.010000,S001,S001_NORMAL_D15,1,NORMAL_D15,15.00,1.7794,,MR60BHA2_breath_phase,safenest-node-01
209.8330,-0.010000,S001,S001_NORMAL_D15,1,NORMAL_D15,15.00,1.7794,,MR60BHA2_breath_phase,safenest-node-01
209.9330,-0.010000,S001,S001_NORMAL_D15,1,NORMAL_D15,15.00,1.7794,,MR60BHA2_breath_phase,safenest-node-01
210.0330,-0.010000,S001,S001_NORMAL_D15,1,NORMAL_D15,15.00,1.7794,,MR60BHA2_breath_phase,safenest-node-01
210.1330,-0.010000,S001,S001_NORMAL_D15,1,NORMAL_D15,15.00,1.7794,,MR60BHA2_breath_phase,safenest-node-01
210.2330,-0.010000,S001,S001_NORMAL_D15,1,NORMAL_D15,15.00,1.7794,,MR60BHA2_breath_phase,safenest-node-01
210.3330,-0.010000,S001,S001_NORMAL_D15,1,NORMAL_D15,15.00,1.7794,,MR60BHA2_breath_phase,safenest-node-01
210.4330,-0.010000,S001,S001_NORMAL_D15,1,NORMAL_D15,15.00,1.7794,,MR60BHA2_breath_phase,safenest-node-01
210.5330,-0.010000,S001,S001_NORMAL_D15,1,NORMAL_D15,15.00,1.7794,,MR60BHA2_breath_phase,safenest-node-01
210.6330,-0.010000,S001,S001_NORMAL_D15,1,NORMAL_D15,15.00,1.7794,,MR60BHA2_breath_phase,safenest-node-01
210.7330,-0.010000,S001,S001_NORMAL_D15,1,NORMAL_D15,15.00,1.7794,,MR60BHA2_breath_phase,safenest-node-01
210.8330,-0.010000,S001,S001_NORMAL_D15,1,NORMAL_D15,15.00,1.7794,,MR60BHA2_breath_phase,safenest-node-01
210.9330,-0.010000,S001,S001_NORMAL_D15,1,NORMAL_D15,15.00,1.7794,,MR60BHA2_breath_phase,safenest-node-01
211.0330,-0.010000,S001,S001_NORMAL_D15,1,NORMAL_D15,15.00,1.7794,,MR60BHA2_breath_phase,safenest-node-01
211.1330,-0.010000,S001,S001_NORMAL_D15,1,NORMAL_D15,15.00,1.7794,,MR60BHA2_breath_phase,safenest-node-01
211.2330,-0.010000,S001,S001_NORMAL_D15,1,NORMAL_D15,15.00,1.7794,,MR60BHA2_breath_phase,safenest-node-01
211.3330,-0.010000,S001,S001_NORMAL_D15,1,NORMAL_D15,15.00,1.7794,,MR60BHA2_breath_phase,safenest-node-01
211.4330,-0.010000,S001,S001_NORMAL_D15,1,NORMAL_D15,15.00,1.7794,,MR60BHA2_breath_phase,safenest-node-01
211.5330,-0.010000,S001,S001_NORMAL_D15,1,NORMAL_D15,15.00,1.7794,,MR60BHA2_breath_phase,safenest-node-01
211.6330,-0.010000,S001,S001_NORMAL_D15,1,NORMAL_D15,15.00,1.7794,,MR60BHA2_breath_phase,safenest-node-01
211.7330,-0.010000,S001,S001_NORMAL_D15,1,NORMAL_D15,15.00,1.7794,,MR60BHA2_breath_phase,safenest-node-01
211.8330,-0.010000,S001,S001_NORMAL_D15,1,NORMAL_D15,15.00,1.7794,,MR60BHA2_breath_phase,safenest-node-01
211.9330,-0.010000,S001,S001_NORMAL_D15,1,NORMAL_D15,15.00,1.8368,,MR60BHA2_breath_phase,safenest-node-01
212.0330,-0.010000,S001,S001_NORMAL_D15,1,NORMAL_D15,15.00,1.8368,,MR60BHA2_breath_phase,safenest-node-01
212.1330,-0.010000,S001,S001_NORMAL_D15,1,NORMAL_D15,15.00,1.8368,,MR60BHA2_breath_phase,safenest-node-01
212.2330,-0.010000,S001,S001_NORMAL_D15,1,NORMAL_D15,15.00,1.8368,,MR60BHA2_breath_phase,safenest-node-01
212.3330,-0.010000,S001,S001_NORMAL_D15,1,NORMAL_D15,15.00,1.8368,,MR60BHA2_breath_phase,safenest-node-01
212.4330,-0.010000,S001,S001_NORMAL_D15,1,NORMAL_D15,15.00,1.8368,,MR60BHA2_breath_phase,safenest-node-01
212.5330,-0.010000,S001,S001_NORMAL_D15,1,NORMAL_D15,15.00,1.8368,,MR60BHA2_breath_phase,safenest-node-01
212.6330,-0.010000,S001,S001_NORMAL_D15,1,NORMAL_D15,15.00,1.8368,,MR60BHA2_breath_phase,safenest-node-01
212.7330,-0.010000,S001,S001_NORMAL_D15,1,NORMAL_D15,15.00,1.8368,,MR60BHA2_breath_phase,safenest-node-01
212.8330,-0.010000,S001,S001_NORMAL_D15,1,NORMAL_D15,15.00,1.8368,,MR60BHA2_breath_phase,safenest-node-01
212.9340,-0.010000,S001,S001_NORMAL_D15,1,NORMAL_D15,15.00,1.8368,,MR60BHA2_breath_phase,safenest-node-01
213.0340,-0.010000,S001,S001_NORMAL_D15,1,NORMAL_D15,15.00,1.8368,,MR60BHA2_breath_phase,safenest-node-01
213.1340,-0.010000,S001,S001_NORMAL_D15,1,NORMAL_D15,15.00,1.8368,,MR60BHA2_breath_phase,safenest-node-01
213.2340,-0.010000,S001,S001_NORMAL_D15,1,NORMAL_D15,15.00,1.8368,,MR60BHA2_breath_phase,safenest-node-01
213.3340,-0.010000,S001,S001_NORMAL_D15,1,NORMAL_D15,15.00,1.8368,,MR60BHA2_breath_phase,safenest-node-01
213.4340,-0.010000,S001,S001_NORMAL_D15,1,NORMAL_D15,15.00,1.8368,,MR60BHA2_breath_phase,safenest-node-01
213.5340,-0.010000,S001,S001_NORMAL_D15,1,NORMAL_D15,15.00,1.8368,,MR60BHA2_breath_phase,safenest-node-01
213.6340,-0.010000,S001,S001_NORMAL_D15,1,NORMAL_D15,15.00,1.8368,,MR60BHA2_breath_phase,safenest-node-01
213.7340,-0.010000,S001,S001_NORMAL_D15,1,NORMAL_D15,15.00,1.8368,,MR60BHA2_breath_phase,safenest-node-01
213.8340,-0.010000,S001,S001_NORMAL_D15,1,NORMAL_D15,15.00,1.8368,,MR60BHA2_breath_phase,safenest-node-01
213.9340,-0.010000,S001,S001_NORMAL_D15,1,NORMAL_D15,15.00,1.8368,,MR60BHA2_breath_phase,safenest-node-01
214.0340,-0.010000,S001,S001_NORMAL_D15,1,NORMAL_D15,15.00,1.8368,,MR60BHA2_breath_phase,safenest-node-01
214.1340,-0.010000,S001,S001_NORMAL_D15,1,NORMAL_D15,15.00,1.8368,,MR60BHA2_breath_phase,safenest-node-01
214.2340,-0.010000,S001,S001_NORMAL_D15,1,NORMAL_D15,15.00,1.8368,,MR60BHA2_breath_phase,safenest-node-01
214.3340,-0.010000,S001,S001_NORMAL_D15,1,NORMAL_D15,15.00,1.8368,,MR60BHA2_breath_phase,safenest-node-01
214.4340,-0.010000,S001,S001_NORMAL_D15,1,NORMAL_D15,15.00,1.8368,,MR60BHA2_breath_phase,safenest-node-01
214.5340,-0.010000,S001,S001_NORMAL_D15,1,NORMAL_D15,15.00,1.8368,,MR60BHA2_breath_phase,safenest-node-01
214.6340,-0.010000,S001,S001_NORMAL_D15,1,NORMAL_D15,15.00,1.8368,,MR60BHA2_breath_phase,safenest-node-01
214.7340,-0.010000,S001,S001_NORMAL_D15,1,NORMAL_D15,15.00,1.8368,,MR60BHA2_breath_phase,safenest-node-01
214.8340,-0.010000,S001,S001_NORMAL_D15,1,NORMAL_D15,15.00,1.8368,,MR60BHA2_breath_phase,safenest-node-01
214.9340,-0.010000,S001,S001_NORMAL_D15,1,NORMAL_D15,15.00,1.8368,,MR60BHA2_breath_phase,safenest-node-01
215.0340,-0.010000,S001,S001_NORMAL_D15,1,NORMAL_D15,15.00,1.8368,,MR60BHA2_breath_phase,safenest-node-01
215.1340,-0.010000,S001,S001_NORMAL_D15,1,NORMAL_D15,15.00,1.8368,,MR60BHA2_breath_phase,safenest-node-01
215.2340,-0.010000,S001,S001_NORMAL_D15,1,NORMAL_D15,15.00,1.8368,,MR60BHA2_breath_phase,safenest-node-01
215.3340,-0.010000,S001,S001_NORMAL_D15,1,NORMAL_D15,15.00,1.8368,,MR60BHA2_breath_phase,safenest-node-01
215.4340,-0.010000,S001,S001_NORMAL_D15,1,NORMAL_D15,15.00,1.8368,,MR60BHA2_breath_phase,safenest-node-01
215.5340,-0.010000,S001,S001_NORMAL_D15,1,NORMAL_D15,15.00,1.8368,,MR60BHA2_breath_phase,safenest-node-01
215.6340,-0.010000,S001,S001_NORMAL_D15,1,NORMAL_D15,15.00,1.8368,,MR60BHA2_breath_phase,safenest-node-01
215.7340,-0.010000,S001,S001_NORMAL_D15,1,NORMAL_D15,15.00,1.8368,,MR60BHA2_breath_phase,safenest-node-01
215.8340,-0.010000,S001,S001_NORMAL_D15,1,NORMAL_D15,15.00,1.8368,,MR60BHA2_breath_phase,safenest-node-01
215.9340,-0.010000,S001,S001_NORMAL_D15,1,NORMAL_D15,15.00,1.8368,,MR60BHA2_breath_phase,safenest-node-01
216.0340,-0.010000,S001,S001_NORMAL_D15,1,NORMAL_D15,15.00,1.8368,,MR60BHA2_breath_phase,safenest-node-01
216.1340,-0.010000,S001,S001_NORMAL_D15,1,NORMAL_D15,15.00,1.8368,,MR60BHA2_breath_phase,safenest-node-01
216.2340,-0.010000,S001,S001_NORMAL_D15,1,NORMAL_D15,15.00,1.8368,,MR60BHA2_breath_phase,safenest-node-01
216.3340,-0.010000,S001,S001_NORMAL_D15,1,NORMAL_D15,15.00,1.8368,,MR60BHA2_breath_phase,safenest-node-01
216.4340,-0.010000,S001,S001_NORMAL_D15,1,NORMAL_D15,15.00,1.8368,,MR60BHA2_breath_phase,safenest-node-01
216.5340,-0.010000,S001,S001_NORMAL_D15,1,NORMAL_D15,15.00,1.8368,,MR60BHA2_breath_phase,safenest-node-01
216.6340,-0.010000,S001,S001_NORMAL_D15,1,NORMAL_D15,15.00,1.8368,,MR60BHA2_breath_phase,safenest-node-01
216.7340,-0.010000,S001,S001_NORMAL_D15,1,NORMAL_D15,15.00,1.8368,,MR60BHA2_breath_phase,safenest-node-01
216.8350,-0.010000,S001,S001_NORMAL_D15,1,NORMAL_D15,15.00,1.8368,,MR60BHA2_breath_phase,safenest-node-01
216.9350,-0.010000,S001,S001_NORMAL_D15,1,NORMAL_D15,15.00,1.8368,,MR60BHA2_breath_phase,safenest-node-01
217.0350,-0.010000,S001,S001_NORMAL_D15,1,NORMAL_D15,15.00,1.8368,,MR60BHA2_breath_phase,safenest-node-01
217.1350,-0.010000,S001,S001_NORMAL_D15,1,NORMAL_D15,15.00,1.8368,,MR60BHA2_breath_phase,safenest-node-01
217.2350,-0.010000,S001,S001_NORMAL_D15,1,NORMAL_D15,15.00,1.8368,,MR60BHA2_breath_phase,safenest-node-01
217.3350,-0.010000,S001,S001_NORMAL_D15,1,NORMAL_D15,15.00,1.8368,,MR60BHA2_breath_phase,safenest-node-01
217.4350,-0.010000,S001,S001_NORMAL_D15,1,NORMAL_D15,15.00,1.8368,,MR60BHA2_breath_phase,safenest-node-01
217.5350,-0.010000,S001,S001_NORMAL_D15,1,NORMAL_D15,15.00,1.8368,,MR60BHA2_breath_phase,safenest-node-01
217.6360,-0.010000,S001,S001_NORMAL_D15,1,NORMAL_D15,15.00,1.8368,,MR60BHA2_breath_phase,safenest-node-01
217.7360,-0.010000,S001,S001_NORMAL_D15,1,NORMAL_D15,15.00,1.8368,,MR60BHA2_breath_phase,safenest-node-01
217.8360,-0.010000,S001,S001_NORMAL_D15,1,NORMAL_D15,15.00,1.8368,,MR60BHA2_breath_phase,safenest-node-01
217.9360,-0.010000,S001,S001_NORMAL_D15,1,NORMAL_D15,15.00,1.8368,,MR60BHA2_breath_phase,safenest-node-01
218.0360,-0.010000,S001,S001_NORMAL_D15,1,NORMAL_D15,15.00,1.8368,,MR60BHA2_breath_phase,safenest-node-01
218.1360,-0.010000,S001,S001_NORMAL_D15,1,NORMAL_D15,15.00,1.8368,,MR60BHA2_breath_phase,safenest-node-01
218.2360,-0.010000,S001,S001_NORMAL_D15,1,NORMAL_D15,15.00,1.8368,,MR60BHA2_breath_phase,safenest-node-01
218.3360,-0.010000,S001,S001_NORMAL_D15,1,NORMAL_D15,15.00,1.8368,,MR60BHA2_breath_phase,safenest-node-01
218.4360,-0.010000,S001,S001_NORMAL_D15,1,NORMAL_D15,15.00,1.8368,,MR60BHA2_breath_phase,safenest-node-01
218.5360,-0.010000,S001,S001_NORMAL_D15,1,NORMAL_D15,15.00,1.8368,,MR60BHA2_breath_phase,safenest-node-01
218.6360,-0.010000,S001,S001_NORMAL_D15,1,NORMAL_D15,15.00,1.8368,,MR60BHA2_breath_phase,safenest-node-01
218.7360,-0.010000,S001,S001_NORMAL_D15,1,NORMAL_D15,15.00,1.8368,,MR60BHA2_breath_phase,safenest-node-01
218.8360,-0.010000,S001,S001_NORMAL_D15,1,NORMAL_D15,15.00,1.8368,,MR60BHA2_breath_phase,safenest-node-01
218.9360,-0.010000,S001,S001_NORMAL_D15,1,NORMAL_D15,15.00,1.8368,,MR60BHA2_breath_phase,safenest-node-01
219.0360,-0.010000,S001,S001_NORMAL_D15,1,NORMAL_D15,15.00,1.8368,,MR60BHA2_breath_phase,safenest-node-01
219.1360,-0.010000,S001,S001_NORMAL_D15,1,NORMAL_D15,15.00,1.8368,,MR60BHA2_breath_phase,safenest-node-01
219.2360,-0.010000,S001,S001_NORMAL_D15,1,NORMAL_D15,15.00,1.8368,,MR60BHA2_breath_phase,safenest-node-01
219.3360,-0.010000,S001,S001_NORMAL_D15,1,NORMAL_D15,15.00,1.8368,,MR60BHA2_breath_phase,safenest-node-01
219.4360,-0.010000,S001,S001_NORMAL_D15,1,NORMAL_D15,15.00,1.8368,,MR60BHA2_breath_phase,safenest-node-01
219.5360,-0.010000,S001,S001_NORMAL_D15,1,NORMAL_D15,15.00,1.8368,,MR60BHA2_breath_phase,safenest-node-01
219.6360,-0.010000,S001,S001_NORMAL_D15,1,NORMAL_D15,15.00,1.8368,,MR60BHA2_breath_phase,safenest-node-01
219.7360,-0.010000,S001,S001_NORMAL_D15,1,NORMAL_D15,15.00,1.8368,,MR60BHA2_breath_phase,safenest-node-01
219.8360,-0.010000,S001,S001_NORMAL_D15,1,NORMAL_D15,15.00,1.8368,,MR60BHA2_breath_phase,safenest-node-01
219.9360,-0.010000,S001,S001_NORMAL_D15,1,NORMAL_D15,15.00,1.8368,,MR60BHA2_breath_phase,safenest-node-01
220.0360,-0.010000,S001,S001_NORMAL_D15,1,NORMAL_D15,15.00,1.8368,,MR60BHA2_breath_phase,safenest-node-01
220.1360,-0.010000,S001,S001_NORMAL_D15,1,NORMAL_D15,15.00,1.8368,,MR60BHA2_breath_phase,safenest-node-01
220.2360,-0.010000,S001,S001_NORMAL_D15,1,NORMAL_D15,15.00,1.8368,,MR60BHA2_breath_phase,safenest-node-01
220.3360,-0.010000,S001,S001_NORMAL_D15,1,NORMAL_D15,15.00,1.8368,,MR60BHA2_breath_phase,safenest-node-01
220.4360,-0.010000,S001,S001_NORMAL_D15,1,NORMAL_D15,15.00,1.8368,,MR60BHA2_breath_phase,safenest-node-01
220.5360,-0.010000,S001,S001_NORMAL_D15,1,NORMAL_D15,15.00,1.8368,,MR60BHA2_breath_phase,safenest-node-01
220.6360,-0.010000,S001,S001_NORMAL_D15,1,NORMAL_D15,15.00,1.8368,,MR60BHA2_breath_phase,safenest-node-01
220.7360,-0.010000,S001,S001_NORMAL_D15,1,NORMAL_D15,15.00,1.8368,,MR60BHA2_breath_phase,safenest-node-01
220.8360,-0.010000,S001,S001_NORMAL_D15,1,NORMAL_D15,15.00,1.8368,,MR60BHA2_breath_phase,safenest-node-01
220.9360,-0.010000,S001,S001_NORMAL_D15,1,NORMAL_D15,15.00,1.8368,,MR60BHA2_breath_phase,safenest-node-01
221.0360,-0.010000,S001,S001_NORMAL_D15,1,NORMAL_D15,15.00,1.8368,,MR60BHA2_breath_phase,safenest-node-01
221.1360,-0.010000,S001,S001_NORMAL_D15,1,NORMAL_D15,15.00,1.8368,,MR60BHA2_breath_phase,safenest-node-01
221.2360,-0.010000,S001,S001_NORMAL_D15,1,NORMAL_D15,15.00,1.8368,,MR60BHA2_breath_phase,safenest-node-01
221.3360,-0.010000,S001,S001_NORMAL_D15,1,NORMAL_D15,15.00,1.8368,,MR60BHA2_breath_phase,safenest-node-01
221.4360,-0.010000,S001,S001_NORMAL_D15,1,NORMAL_D15,15.00,1.8368,,MR60BHA2_breath_phase,safenest-node-01
221.5360,-0.010000,S001,S001_NORMAL_D15,1,NORMAL_D15,15.00,1.8368,,MR60BHA2_breath_phase,safenest-node-01
221.6360,-0.010000,S001,S001_NORMAL_D15,1,NORMAL_D15,15.00,1.8368,,MR60BHA2_breath_phase,safenest-node-01
221.7360,-0.010000,S001,S001_NORMAL_D15,1,NORMAL_D15,15.00,1.8368,,MR60BHA2_breath_phase,safenest-node-01
221.8360,-0.010000,S001,S001_NORMAL_D15,1,NORMAL_D15,15.00,1.8368,,MR60BHA2_breath_phase,safenest-node-01
221.9360,-0.010000,S001,S001_NORMAL_D15,1,NORMAL_D15,15.00,1.8368,,MR60BHA2_breath_phase,safenest-node-01
222.0360,-0.010000,S001,S001_NORMAL_D15,1,NORMAL_D15,15.00,1.8368,,MR60BHA2_breath_phase,safenest-node-01
222.1360,-0.010000,S001,S001_NORMAL_D15,1,NORMAL_D15,15.00,1.8368,,MR60BHA2_breath_phase,safenest-node-01
222.2360,-0.010000,S001,S001_NORMAL_D15,1,NORMAL_D15,15.00,1.8368,,MR60BHA2_breath_phase,safenest-node-01
222.3360,-0.010000,S001,S001_NORMAL_D15,1,NORMAL_D15,15.00,1.8368,,MR60BHA2_breath_phase,safenest-node-01
222.4360,-0.010000,S001,S001_NORMAL_D15,1,NORMAL_D15,15.00,1.8368,,MR60BHA2_breath_phase,safenest-node-01
222.5360,-0.010000,S001,S001_NORMAL_D15,1,NORMAL_D15,15.00,1.8368,,MR60BHA2_breath_phase,safenest-node-01
222.6360,-0.010000,S001,S001_NORMAL_D15,1,NORMAL_D15,15.00,1.8368,,MR60BHA2_breath_phase,safenest-node-01
222.7360,-0.010000,S001,S001_NORMAL_D15,1,NORMAL_D15,15.00,1.8368,,MR60BHA2_breath_phase,safenest-node-01
222.8360,-0.010000,S001,S001_NORMAL_D15,1,NORMAL_D15,15.00,1.8368,,MR60BHA2_breath_phase,safenest-node-01
222.9360,-0.010000,S001,S001_NORMAL_D15,1,NORMAL_D15,15.00,1.8368,,MR60BHA2_breath_phase,safenest-node-01
223.0360,-0.010000,S001,S001_NORMAL_D15,1,NORMAL_D15,15.00,1.8368,,MR60BHA2_breath_phase,safenest-node-01
223.1360,-0.010000,S001,S001_NORMAL_D15,1,NORMAL_D15,15.00,1.8368,,MR60BHA2_breath_phase,safenest-node-01
223.2360,-0.010000,S001,S001_NORMAL_D15,1,NORMAL_D15,15.00,1.8368,,MR60BHA2_breath_phase,safenest-node-01
223.3360,-0.010000,S001,S001_NORMAL_D15,1,NORMAL_D15,15.00,1.8368,,MR60BHA2_breath_phase,safenest-node-01
223.4360,-0.010000,S001,S001_NORMAL_D15,1,NORMAL_D15,15.00,1.8368,,MR60BHA2_breath_phase,safenest-node-01
223.5360,-0.010000,S001,S001_NORMAL_D15,1,NORMAL_D15,15.00,1.8368,,MR60BHA2_breath_phase,safenest-node-01
223.6360,-0.010000,S001,S001_NORMAL_D15,1,NORMAL_D15,15.00,1.8368,,MR60BHA2_breath_phase,safenest-node-01
223.7360,-0.010000,S001,S001_NORMAL_D15,1,NORMAL_D15,15.00,1.8368,,MR60BHA2_breath_phase,safenest-node-01
223.8360,-0.010000,S001,S001_NORMAL_D15,1,NORMAL_D15,15.00,1.8368,,MR60BHA2_breath_phase,safenest-node-01
223.9360,-0.010000,S001,S001_NORMAL_D15,1,NORMAL_D15,15.00,1.8368,,MR60BHA2_breath_phase,safenest-node-01
224.0360,-0.010000,S001,S001_NORMAL_D15,1,NORMAL_D15,15.00,1.8368,,MR60BHA2_breath_phase,safenest-node-01
224.1360,-0.010000,S001,S001_NORMAL_D15,1,NORMAL_D15,15.00,1.8368,,MR60BHA2_breath_phase,safenest-node-01
224.2360,-0.010000,S001,S001_NORMAL_D15,1,NORMAL_D15,15.00,1.8368,,MR60BHA2_breath_phase,safenest-node-01
224.3360,-0.010000,S001,S001_NORMAL_D15,1,NORMAL_D15,15.00,1.8368,,MR60BHA2_breath_phase,safenest-node-01
224.4360,-0.010000,S001,S001_NORMAL_D15,1,NORMAL_D15,15.00,1.8368,,MR60BHA2_breath_phase,safenest-node-01
224.5360,-0.010000,S001,S001_NORMAL_D15,1,NORMAL_D15,15.00,1.8368,,MR60BHA2_breath_phase,safenest-node-01
224.6360,-0.010000,S001,S001_NORMAL_D15,1,NORMAL_D15,15.00,1.8368,,MR60BHA2_breath_phase,safenest-node-01
224.7360,-0.010000,S001,S001_NORMAL_D15,1,NORMAL_D15,15.00,1.8368,,MR60BHA2_breath_phase,safenest-node-01
224.8360,-0.010000,S001,S001_NORMAL_D15,1,NORMAL_D15,15.00,1.8368,,MR60BHA2_breath_phase,safenest-node-01
224.9360,-0.010000,S001,S001_NORMAL_D15,1,NORMAL_D15,15.00,1.8368,,MR60BHA2_breath_phase,safenest-node-01
225.0360,-0.010000,S001,S001_NORMAL_D15,1,NORMAL_D15,15.00,1.8368,,MR60BHA2_breath_phase,safenest-node-01
225.1360,-0.010000,S001,S001_NORMAL_D15,1,NORMAL_D15,15.00,1.8368,,MR60BHA2_breath_phase,safenest-node-01
225.2360,-0.010000,S001,S001_NORMAL_D15,1,NORMAL_D15,15.00,1.8368,,MR60BHA2_breath_phase,safenest-node-01
225.3360,-0.010000,S001,S001_NORMAL_D15,1,NORMAL_D15,15.00,1.8368,,MR60BHA2_breath_phase,safenest-node-01
225.4360,-0.010000,S001,S001_NORMAL_D15,1,NORMAL_D15,15.00,1.8368,,MR60BHA2_breath_phase,safenest-node-01
225.5360,-0.010000,S001,S001_NORMAL_D15,1,NORMAL_D15,15.00,1.8368,,MR60BHA2_breath_phase,safenest-node-01
225.6360,-0.010000,S001,S001_NORMAL_D15,1,NORMAL_D15,15.00,1.8368,,MR60BHA2_breath_phase,safenest-node-01
225.7360,-0.010000,S001,S001_NORMAL_D15,1,NORMAL_D15,15.00,1.8368,,MR60BHA2_breath_phase,safenest-node-01
225.8360,-0.010000,S001,S001_NORMAL_D15,1,NORMAL_D15,15.00,1.8368,,MR60BHA2_breath_phase,safenest-node-01
225.9360,-0.010000,S001,S001_NORMAL_D15,1,NORMAL_D15,15.00,1.8368,,MR60BHA2_breath_phase,safenest-node-01
226.0360,-0.010000,S001,S001_NORMAL_D15,1,NORMAL_D15,15.00,1.8368,,MR60BHA2_breath_phase,safenest-node-01
226.1360,-0.010000,S001,S001_NORMAL_D15,1,NORMAL_D15,15.00,1.8368,,MR60BHA2_breath_phase,safenest-node-01
226.2360,-0.010000,S001,S001_NORMAL_D15,1,NORMAL_D15,15.00,1.8368,,MR60BHA2_breath_phase,safenest-node-01
226.3360,-0.010000,S001,S001_NORMAL_D15,1,NORMAL_D15,15.00,1.8368,,MR60BHA2_breath_phase,safenest-node-01
226.4360,-0.010000,S001,S001_NORMAL_D15,1,NORMAL_D15,15.00,1.8368,,MR60BHA2_breath_phase,safenest-node-01
226.5360,-0.010000,S001,S001_NORMAL_D15,1,NORMAL_D15,15.00,1.8368,,MR60BHA2_breath_phase,safenest-node-01
226.6360,-0.010000,S001,S001_NORMAL_D15,1,NORMAL_D15,15.00,1.8368,,MR60BHA2_breath_phase,safenest-node-01
226.7360,-0.010000,S001,S001_NORMAL_D15,1,NORMAL_D15,15.00,1.8368,,MR60BHA2_breath_phase,safenest-node-01
226.8360,-0.010000,S001,S001_NORMAL_D15,1,NORMAL_D15,15.00,1.8368,,MR60BHA2_breath_phase,safenest-node-01
226.9360,-0.010000,S001,S001_NORMAL_D15,1,NORMAL_D15,15.00,1.8368,,MR60BHA2_breath_phase,safenest-node-01
227.0360,-0.010000,S001,S001_NORMAL_D15,1,NORMAL_D15,15.00,1.8368,,MR60BHA2_breath_phase,safenest-node-01
227.1360,-0.010000,S001,S001_NORMAL_D15,1,NORMAL_D15,15.00,1.8368,,MR60BHA2_breath_phase,safenest-node-01
227.2360,-0.010000,S001,S001_NORMAL_D15,1,NORMAL_D15,15.00,1.8368,,MR60BHA2_breath_phase,safenest-node-01
227.3360,-0.010000,S001,S001_NORMAL_D15,1,NORMAL_D15,15.00,1.8368,,MR60BHA2_breath_phase,safenest-node-01
227.4360,-0.010000,S001,S001_NORMAL_D15,1,NORMAL_D15,15.00,1.8368,,MR60BHA2_breath_phase,safenest-node-01
227.5360,-0.010000,S001,S001_NORMAL_D15,1,NORMAL_D15,15.00,1.8368,,MR60BHA2_breath_phase,safenest-node-01
227.6360,-0.010000,S001,S001_NORMAL_D15,1,NORMAL_D15,15.00,1.8368,,MR60BHA2_breath_phase,safenest-node-01
227.7360,-0.010000,S001,S001_NORMAL_D15,1,NORMAL_D15,15.00,1.8368,,MR60BHA2_breath_phase,safenest-node-01
227.8360,-0.010000,S001,S001_NORMAL_D15,1,NORMAL_D15,15.00,1.8368,,MR60BHA2_breath_phase,safenest-node-01
227.9360,-0.010000,S001,S001_NORMAL_D15,1,NORMAL_D15,15.00,1.8368,,MR60BHA2_breath_phase,safenest-node-01
228.0360,-0.010000,S001,S001_NORMAL_D15,1,NORMAL_D15,15.00,1.8368,,MR60BHA2_breath_phase,safenest-node-01
228.1360,-0.010000,S001,S001_NORMAL_D15,1,NORMAL_D15,15.00,1.8368,,MR60BHA2_breath_phase,safenest-node-01
228.2360,-0.010000,S001,S001_NORMAL_D15,1,NORMAL_D15,15.00,1.8368,,MR60BHA2_breath_phase,safenest-node-01
228.3360,-0.010000,S001,S001_NORMAL_D15,1,NORMAL_D15,15.00,1.8368,,MR60BHA2_breath_phase,safenest-node-01
228.4360,-0.010000,S001,S001_NORMAL_D15,1,NORMAL_D15,15.00,1.8368,,MR60BHA2_breath_phase,safenest-node-01
228.5360,-0.010000,S001,S001_NORMAL_D15,1,NORMAL_D15,15.00,1.8368,,MR60BHA2_breath_phase,safenest-node-01
228.6360,-0.010000,S001,S001_NORMAL_D15,1,NORMAL_D15,15.00,1.8368,,MR60BHA2_breath_phase,safenest-node-01
228.7360,-0.010000,S001,S001_NORMAL_D15,1,NORMAL_D15,15.00,1.8368,,MR60BHA2_breath_phase,safenest-node-01
228.8360,-0.010000,S001,S001_NORMAL_D15,1,NORMAL_D15,15.00,1.8368,,MR60BHA2_breath_phase,safenest-node-01
228.9360,-0.010000,S001,S001_NORMAL_D15,1,NORMAL_D15,15.00,1.8368,,MR60BHA2_breath_phase,safenest-node-01
229.0360,-0.010000,S001,S001_NORMAL_D15,1,NORMAL_D15,15.00,1.8368,,MR60BHA2_breath_phase,safenest-node-01
229.1360,-0.010000,S001,S001_NORMAL_D15,1,NORMAL_D15,15.00,1.8368,,MR60BHA2_breath_phase,safenest-node-01
229.2360,-0.010000,S001,S001_NORMAL_D15,1,NORMAL_D15,15.00,1.8368,,MR60BHA2_breath_phase,safenest-node-01
229.3360,-0.010000,S001,S001_NORMAL_D15,1,NORMAL_D15,15.00,1.8368,,MR60BHA2_breath_phase,safenest-node-01
229.4360,-0.010000,S001,S001_NORMAL_D15,1,NORMAL_D15,15.00,1.8368,,MR60BHA2_breath_phase,safenest-node-01
229.5360,-0.010000,S001,S001_NORMAL_D15,1,NORMAL_D15,15.00,1.8368,,MR60BHA2_breath_phase,safenest-node-01
229.6360,-0.010000,S001,S001_NORMAL_D15,1,NORMAL_D15,15.00,1.8368,,MR60BHA2_breath_phase,safenest-node-01
229.7360,-0.010000,S001,S001_NORMAL_D15,1,NORMAL_D15,15.00,1.8368,,MR60BHA2_breath_phase,safenest-node-01
229.8360,-0.010000,S001,S001_NORMAL_D15,1,NORMAL_D15,15.00,1.8368,,MR60BHA2_breath_phase,safenest-node-01
229.9360,-0.010000,S001,S001_NORMAL_D15,1,NORMAL_D15,15.00,1.8368,,MR60BHA2_breath_phase,safenest-node-01
230.0360,-0.010000,S001,S001_NORMAL_D15,1,NORMAL_D15,15.00,1.8368,,MR60BHA2_breath_phase,safenest-node-01
230.1360,-0.010000,S001,S001_NORMAL_D15,1,NORMAL_D15,15.00,1.8368,,MR60BHA2_breath_phase,safenest-node-01
230.2360,-0.010000,S001,S001_NORMAL_D15,1,NORMAL_D15,15.00,1.8368,,MR60BHA2_breath_phase,safenest-node-01
230.3360,-0.010000,S001,S001_NORMAL_D15,1,NORMAL_D15,15.00,1.8368,,MR60BHA2_breath_phase,safenest-node-01
230.4360,-0.010000,S001,S001_NORMAL_D15,1,NORMAL_D15,15.00,1.8368,,MR60BHA2_breath_phase,safenest-node-01
230.5360,-0.010000,S001,S001_NORMAL_D15,1,NORMAL_D15,15.00,1.8368,,MR60BHA2_breath_phase,safenest-node-01
230.6360,-0.010000,S001,S001_NORMAL_D15,1,NORMAL_D15,15.00,1.8368,,MR60BHA2_breath_phase,safenest-node-01
230.7360,-0.010000,S001,S001_NORMAL_D15,1,NORMAL_D15,15.00,1.8368,,MR60BHA2_breath_phase,safenest-node-01
230.8360,-0.010000,S001,S001_NORMAL_D15,1,NORMAL_D15,15.00,1.8368,,MR60BHA2_breath_phase,safenest-node-01
230.9360,-0.010000,S001,S001_NORMAL_D15,1,NORMAL_D15,15.00,1.8368,,MR60BHA2_breath_phase,safenest-node-01
231.0360,-0.010000,S001,S001_NORMAL_D15,1,NORMAL_D15,15.00,1.8368,,MR60BHA2_breath_phase,safenest-node-01
231.1360,-0.010000,S001,S001_NORMAL_D15,1,NORMAL_D15,15.00,1.8368,,MR60BHA2_breath_phase,safenest-node-01
231.2360,-0.010000,S001,S001_NORMAL_D15,1,NORMAL_D15,15.00,1.8368,,MR60BHA2_breath_phase,safenest-node-01
231.3360,-0.010000,S001,S001_NORMAL_D15,1,NORMAL_D15,15.00,1.8368,,MR60BHA2_breath_phase,safenest-node-01
231.4360,-0.010000,S001,S001_NORMAL_D15,1,NORMAL_D15,15.00,1.8368,,MR60BHA2_breath_phase,safenest-node-01
231.5360,-0.010000,S001,S001_NORMAL_D15,1,NORMAL_D15,15.00,1.8368,,MR60BHA2_breath_phase,safenest-node-01
231.6360,-0.010000,S001,S001_NORMAL_D15,1,NORMAL_D15,15.00,1.8368,,MR60BHA2_breath_phase,safenest-node-01
231.7360,-0.010000,S001,S001_NORMAL_D15,1,NORMAL_D15,15.00,1.8368,,MR60BHA2_breath_phase,safenest-node-01
231.8360,-0.010000,S001,S001_NORMAL_D15,1,NORMAL_D15,15.00,1.8368,,MR60BHA2_breath_phase,safenest-node-01
231.9360,-0.010000,S001,S001_NORMAL_D15,1,NORMAL_D15,15.00,1.8368,,MR60BHA2_breath_phase,safenest-node-01
232.0380,-0.010000,S001,S001_NORMAL_D15,1,NORMAL_D15,15.00,1.8368,,MR60BHA2_breath_phase,safenest-node-01
232.1380,-0.010000,S001,S001_NORMAL_D15,1,NORMAL_D15,15.00,1.8368,,MR60BHA2_breath_phase,safenest-node-01
232.2380,-0.010000,S001,S001_NORMAL_D15,1,NORMAL_D15,15.00,1.8368,,MR60BHA2_breath_phase,safenest-node-01
232.3380,-0.010000,S001,S001_NORMAL_D15,1,NORMAL_D15,15.00,1.8368,,MR60BHA2_breath_phase,safenest-node-01
232.4380,-0.010000,S001,S001_NORMAL_D15,1,NORMAL_D15,15.00,1.8368,,MR60BHA2_breath_phase,safenest-node-01
232.5380,-0.010000,S001,S001_NORMAL_D15,1,NORMAL_D15,15.00,1.8368,,MR60BHA2_breath_phase,safenest-node-01
232.6380,-0.010000,S001,S001_NORMAL_D15,1,NORMAL_D15,15.00,1.8368,,MR60BHA2_breath_phase,safenest-node-01
232.7380,-0.010000,S001,S001_NORMAL_D15,1,NORMAL_D15,15.00,1.8368,,MR60BHA2_breath_phase,safenest-node-01
232.8380,-0.010000,S001,S001_NORMAL_D15,1,NORMAL_D15,15.00,1.8368,,MR60BHA2_breath_phase,safenest-node-01
232.9380,-0.010000,S001,S001_NORMAL_D15,1,NORMAL_D15,15.00,1.8368,,MR60BHA2_breath_phase,safenest-node-01
233.0380,-0.010000,S001,S001_NORMAL_D15,1,NORMAL_D15,15.00,1.8368,,MR60BHA2_breath_phase,safenest-node-01
233.1380,-0.010000,S001,S001_NORMAL_D15,1,NORMAL_D15,15.00,1.8368,,MR60BHA2_breath_phase,safenest-node-01
233.2380,-0.010000,S001,S001_NORMAL_D15,1,NORMAL_D15,15.00,1.8368,,MR60BHA2_breath_phase,safenest-node-01
233.3380,-0.010000,S001,S001_NORMAL_D15,1,NORMAL_D15,15.00,1.8368,,MR60BHA2_breath_phase,safenest-node-01
233.4380,-0.010000,S001,S001_NORMAL_D15,1,NORMAL_D15,15.00,1.8368,,MR60BHA2_breath_phase,safenest-node-01
233.5380,-0.010000,S001,S001_NORMAL_D15,1,NORMAL_D15,15.00,1.8368,,MR60BHA2_breath_phase,safenest-node-01
233.6380,-0.010000,S001,S001_NORMAL_D15,1,NORMAL_D15,15.00,1.8368,,MR60BHA2_breath_phase,safenest-node-01
233.7380,-0.010000,S001,S001_NORMAL_D15,1,NORMAL_D15,15.00,1.8368,,MR60BHA2_breath_phase,safenest-node-01
233.8380,-0.010000,S001,S001_NORMAL_D15,1,NORMAL_D15,15.00,1.8368,,MR60BHA2_breath_phase,safenest-node-01
233.9380,-0.010000,S001,S001_NORMAL_D15,1,NORMAL_D15,15.00,1.8368,,MR60BHA2_breath_phase,safenest-node-01
234.0380,-0.010000,S001,S001_NORMAL_D15,1,NORMAL_D15,15.00,1.8368,,MR60BHA2_breath_phase,safenest-node-01
234.1380,-0.010000,S001,S001_NORMAL_D15,1,NORMAL_D15,15.00,1.8368,,MR60BHA2_breath_phase,safenest-node-01
234.2380,-0.010000,S001,S001_NORMAL_D15,1,NORMAL_D15,15.00,1.8368,,MR60BHA2_breath_phase,safenest-node-01
234.3380,-0.010000,S001,S001_NORMAL_D15,1,NORMAL_D15,15.00,1.8368,,MR60BHA2_breath_phase,safenest-node-01
234.4380,-0.010000,S001,S001_NORMAL_D15,1,NORMAL_D15,15.00,1.8368,,MR60BHA2_breath_phase,safenest-node-01
234.5380,-0.010000,S001,S001_NORMAL_D15,1,NORMAL_D15,15.00,1.8368,,MR60BHA2_breath_phase,safenest-node-01
234.6380,-0.010000,S001,S001_NORMAL_D15,1,NORMAL_D15,15.00,1.8368,,MR60BHA2_breath_phase,safenest-node-01
234.7380,-0.010000,S001,S001_NORMAL_D15,1,NORMAL_D15,15.00,1.8368,,MR60BHA2_breath_phase,safenest-node-01
234.8380,-0.010000,S001,S001_NORMAL_D15,1,NORMAL_D15,15.00,1.8368,,MR60BHA2_breath_phase,safenest-node-01
234.9380,-0.010000,S001,S001_NORMAL_D15,1,NORMAL_D15,15.00,1.8368,,MR60BHA2_breath_phase,safenest-node-01
235.0380,-0.010000,S001,S001_NORMAL_D15,1,NORMAL_D15,15.00,1.8368,,MR60BHA2_breath_phase,safenest-node-01
235.1380,-0.010000,S001,S001_NORMAL_D15,1,NORMAL_D15,15.00,1.8368,,MR60BHA2_breath_phase,safenest-node-01
235.2380,-0.010000,S001,S001_NORMAL_D15,1,NORMAL_D15,15.00,1.8368,,MR60BHA2_breath_phase,safenest-node-01
235.3380,-0.010000,S001,S001_NORMAL_D15,1,NORMAL_D15,15.00,1.8368,,MR60BHA2_breath_phase,safenest-node-01
235.4380,-0.010000,S001,S001_NORMAL_D15,1,NORMAL_D15,15.00,1.8368,,MR60BHA2_breath_phase,safenest-node-01
235.5380,-0.010000,S001,S001_NORMAL_D15,1,NORMAL_D15,15.00,1.8368,,MR60BHA2_breath_phase,safenest-node-01
235.6380,-0.010000,S001,S001_NORMAL_D15,1,NORMAL_D15,15.00,1.8368,,MR60BHA2_breath_phase,safenest-node-01
235.7380,-0.010000,S001,S001_NORMAL_D15,1,NORMAL_D15,15.00,1.8368,,MR60BHA2_breath_phase,safenest-node-01
235.8380,-0.010000,S001,S001_NORMAL_D15,1,NORMAL_D15,15.00,1.8368,,MR60BHA2_breath_phase,safenest-node-01
235.9380,-0.010000,S001,S001_NORMAL_D15,1,NORMAL_D15,15.00,1.8368,,MR60BHA2_breath_phase,safenest-node-01
236.0380,-0.010000,S001,S001_NORMAL_D15,1,NORMAL_D15,15.00,1.8368,,MR60BHA2_breath_phase,safenest-node-01
236.1380,-0.010000,S001,S001_NORMAL_D15,1,NORMAL_D15,15.00,1.8368,,MR60BHA2_breath_phase,safenest-node-01
236.2380,-0.010000,S001,S001_NORMAL_D15,1,NORMAL_D15,15.00,1.8368,,MR60BHA2_breath_phase,safenest-node-01
236.3380,-0.010000,S001,S001_NORMAL_D15,1,NORMAL_D15,15.00,1.8368,,MR60BHA2_breath_phase,safenest-node-01
236.4380,-0.010000,S001,S001_NORMAL_D15,1,NORMAL_D15,15.00,1.8368,,MR60BHA2_breath_phase,safenest-node-01
236.5380,-0.010000,S001,S001_NORMAL_D15,1,NORMAL_D15,15.00,1.8368,,MR60BHA2_breath_phase,safenest-node-01
236.6380,-0.010000,S001,S001_NORMAL_D15,1,NORMAL_D15,15.00,1.8368,,MR60BHA2_breath_phase,safenest-node-01
236.7380,-0.010000,S001,S001_NORMAL_D15,1,NORMAL_D15,15.00,1.8368,,MR60BHA2_breath_phase,safenest-node-01
236.8380,-0.010000,S001,S001_NORMAL_D15,1,NORMAL_D15,15.00,1.8368,,MR60BHA2_breath_phase,safenest-node-01
236.9380,-0.010000,S001,S001_NORMAL_D15,1,NORMAL_D15,15.00,1.8368,,MR60BHA2_breath_phase,safenest-node-01
237.0380,-0.010000,S001,S001_NORMAL_D15,1,NORMAL_D15,15.00,1.8368,,MR60BHA2_breath_phase,safenest-node-01
237.1380,-0.010000,S001,S001_NORMAL_D15,1,NORMAL_D15,15.00,1.8368,,MR60BHA2_breath_phase,safenest-node-01
237.2380,-0.010000,S001,S001_NORMAL_D15,1,NORMAL_D15,15.00,1.8368,,MR60BHA2_breath_phase,safenest-node-01
237.3380,-0.010000,S001,S001_NORMAL_D15,1,NORMAL_D15,15.00,1.8368,,MR60BHA2_breath_phase,safenest-node-01
237.4380,-0.010000,S001,S001_NORMAL_D15,1,NORMAL_D15,15.00,1.8368,,MR60BHA2_breath_phase,safenest-node-01
237.5380,-0.010000,S001,S001_NORMAL_D15,1,NORMAL_D15,15.00,1.8368,,MR60BHA2_breath_phase,safenest-node-01
237.6380,-0.010000,S001,S001_NORMAL_D15,1,NORMAL_D15,15.00,1.8368,,MR60BHA2_breath_phase,safenest-node-01
237.7380,-0.010000,S001,S001_NORMAL_D15,1,NORMAL_D15,15.00,1.8368,,MR60BHA2_breath_phase,safenest-node-01
237.8380,-0.010000,S001,S001_NORMAL_D15,1,NORMAL_D15,15.00,1.8368,,MR60BHA2_breath_phase,safenest-node-01
237.9380,-0.010000,S001,S001_NORMAL_D15,1,NORMAL_D15,15.00,1.8368,,MR60BHA2_breath_phase,safenest-node-01
238.0380,-0.010000,S001,S001_NORMAL_D15,1,NORMAL_D15,15.00,1.8368,,MR60BHA2_breath_phase,safenest-node-01
238.1380,-0.010000,S001,S001_NORMAL_D15,1,NORMAL_D15,15.00,1.8368,,MR60BHA2_breath_phase,safenest-node-01
238.2380,-0.010000,S001,S001_NORMAL_D15,1,NORMAL_D15,15.00,1.8368,,MR60BHA2_breath_phase,safenest-node-01
238.3380,-0.010000,S001,S001_NORMAL_D15,1,NORMAL_D15,15.00,1.8368,,MR60BHA2_breath_phase,safenest-node-01
238.4380,-0.010000,S001,S001_NORMAL_D15,1,NORMAL_D15,15.00,1.8368,,MR60BHA2_breath_phase,safenest-node-01
238.5380,-0.010000,S001,S001_NORMAL_D15,1,NORMAL_D15,15.00,1.8368,,MR60BHA2_breath_phase,safenest-node-01
238.6380,-0.010000,S001,S001_NORMAL_D15,1,NORMAL_D15,15.00,1.8368,,MR60BHA2_breath_phase,safenest-node-01
238.7380,-0.010000,S001,S001_NORMAL_D15,1,NORMAL_D15,15.00,1.8368,,MR60BHA2_breath_phase,safenest-node-01
238.8380,-0.010000,S001,S001_NORMAL_D15,1,NORMAL_D15,15.00,1.8368,,MR60BHA2_breath_phase,safenest-node-01
238.9380,-0.010000,S001,S001_NORMAL_D15,1,NORMAL_D15,15.00,1.8368,,MR60BHA2_breath_phase,safenest-node-01
239.0380,-0.010000,S001,S001_NORMAL_D15,1,NORMAL_D15,15.00,1.8368,,MR60BHA2_breath_phase,safenest-node-01
239.1380,-0.010000,S001,S001_NORMAL_D15,1,NORMAL_D15,15.00,1.8368,,MR60BHA2_breath_phase,safenest-node-01
239.2380,-0.010000,S001,S001_NORMAL_D15,1,NORMAL_D15,15.00,1.8368,,MR60BHA2_breath_phase,safenest-node-01
239.3380,-0.010000,S001,S001_NORMAL_D15,1,NORMAL_D15,15.00,1.8368,,MR60BHA2_breath_phase,safenest-node-01
239.4380,-0.010000,S001,S001_NORMAL_D15,1,NORMAL_D15,15.00,1.8368,,MR60BHA2_breath_phase,safenest-node-01
239.5380,-0.010000,S001,S001_NORMAL_D15,1,NORMAL_D15,15.00,1.8368,,MR60BHA2_breath_phase,safenest-node-01
239.6380,-0.010000,S001,S001_NORMAL_D15,1,NORMAL_D15,15.00,1.8368,,MR60BHA2_breath_phase,safenest-node-01
239.7380,-0.010000,S001,S001_NORMAL_D15,1,NORMAL_D15,15.00,1.8368,,MR60BHA2_breath_phase,safenest-node-01
239.8380,-0.010000,S001,S001_NORMAL_D15,1,NORMAL_D15,15.00,1.8368,,MR60BHA2_breath_phase,safenest-node-01
239.9380,-0.010000,S001,S001_NORMAL_D15,1,NORMAL_D15,15.00,1.8368,,MR60BHA2_breath_phase,safenest-node-01
240.0380,-0.010000,S001,S001_NORMAL_D15,1,NORMAL_D15,15.00,1.8368,,MR60BHA2_breath_phase,safenest-node-01
240.1380,-0.010000,S001,S001_NORMAL_D15,1,NORMAL_D15,15.00,1.8368,,MR60BHA2_breath_phase,safenest-node-01
240.2380,-0.010000,S001,S001_NORMAL_D15,1,NORMAL_D15,15.00,1.8368,,MR60BHA2_breath_phase,safenest-node-01
240.3380,-0.010000,S001,S001_NORMAL_D15,1,NORMAL_D15,15.00,1.8368,,MR60BHA2_breath_phase,safenest-node-01
240.4380,-0.010000,S001,S001_NORMAL_D15,1,NORMAL_D15,15.00,1.8368,,MR60BHA2_breath_phase,safenest-node-01
240.5380,-0.010000,S001,S001_NORMAL_D15,1,NORMAL_D15,15.00,1.8368,,MR60BHA2_breath_phase,safenest-node-01
240.6380,-0.010000,S001,S001_NORMAL_D15,1,NORMAL_D15,15.00,1.8368,,MR60BHA2_breath_phase,safenest-node-01
240.7380,-0.010000,S001,S001_NORMAL_D15,1,NORMAL_D15,15.00,1.8368,,MR60BHA2_breath_phase,safenest-node-01
240.8380,-0.010000,S001,S001_NORMAL_D15,1,NORMAL_D15,15.00,1.8368,,MR60BHA2_breath_phase,safenest-node-01
240.9380,-0.010000,S001,S001_NORMAL_D15,1,NORMAL_D15,15.00,1.8368,,MR60BHA2_breath_phase,safenest-node-01
241.0380,-0.010000,S001,S001_NORMAL_D15,1,NORMAL_D15,15.00,1.8368,,MR60BHA2_breath_phase,safenest-node-01
241.1380,-0.010000,S001,S001_NORMAL_D15,1,NORMAL_D15,15.00,1.8368,,MR60BHA2_breath_phase,safenest-node-01
241.2380,-0.010000,S001,S001_NORMAL_D15,1,NORMAL_D15,15.00,1.7794,,MR60BHA2_breath_phase,safenest-node-01
241.3380,-0.010000,S001,S001_NORMAL_D15,1,NORMAL_D15,15.00,1.7794,,MR60BHA2_breath_phase,safenest-node-01
241.4380,-0.010000,S001,S001_NORMAL_D15,1,NORMAL_D15,15.00,1.7794,,MR60BHA2_breath_phase,safenest-node-01
241.5380,-0.010000,S001,S001_NORMAL_D15,1,NORMAL_D15,15.00,1.7794,,MR60BHA2_breath_phase,safenest-node-01
241.6380,-0.010000,S001,S001_NORMAL_D15,1,NORMAL_D15,15.00,1.7794,,MR60BHA2_breath_phase,safenest-node-01
241.7380,-0.010000,S001,S001_NORMAL_D15,1,NORMAL_D15,15.00,1.7794,,MR60BHA2_breath_phase,safenest-node-01
241.8380,-0.010000,S001,S001_NORMAL_D15,1,NORMAL_D15,15.00,1.7794,,MR60BHA2_breath_phase,safenest-node-01
241.9380,-0.010000,S001,S001_NORMAL_D15,1,NORMAL_D15,15.00,1.7794,,MR60BHA2_breath_phase,safenest-node-01
242.0380,-0.010000,S001,S001_NORMAL_D15,1,NORMAL_D15,15.00,1.7794,,MR60BHA2_breath_phase,safenest-node-01
242.1400,-0.010000,S001,S001_NORMAL_D15,1,NORMAL_D15,15.00,1.7794,,MR60BHA2_breath_phase,safenest-node-01
242.2400,-0.010000,S001,S001_NORMAL_D15,1,NORMAL_D15,15.00,1.7794,,MR60BHA2_breath_phase,safenest-node-01
242.3400,-0.010000,S001,S001_NORMAL_D15,1,NORMAL_D15,15.00,1.7794,,MR60BHA2_breath_phase,safenest-node-01
242.4400,-0.010000,S001,S001_NORMAL_D15,1,NORMAL_D15,15.00,1.7794,,MR60BHA2_breath_phase,safenest-node-01
242.5400,-0.010000,S001,S001_NORMAL_D15,1,NORMAL_D15,15.00,1.7794,,MR60BHA2_breath_phase,safenest-node-01
242.6400,-0.010000,S001,S001_NORMAL_D15,1,NORMAL_D15,15.00,1.7794,,MR60BHA2_breath_phase,safenest-node-01
242.7400,-0.010000,S001,S001_NORMAL_D15,1,NORMAL_D15,15.00,1.7794,,MR60BHA2_breath_phase,safenest-node-01
242.8400,-0.010000,S001,S001_NORMAL_D15,1,NORMAL_D15,15.00,1.7794,,MR60BHA2_breath_phase,safenest-node-01
242.9410,-0.010000,S001,S001_NORMAL_D15,1,NORMAL_D15,15.00,1.7794,,MR60BHA2_breath_phase,safenest-node-01
243.0410,-0.010000,S001,S001_NORMAL_D15,1,NORMAL_D15,15.00,1.7794,,MR60BHA2_breath_phase,safenest-node-01
243.1410,-0.010000,S001,S001_NORMAL_D15,1,NORMAL_D15,15.00,1.7794,,MR60BHA2_breath_phase,safenest-node-01
243.2410,-0.010000,S001,S001_NORMAL_D15,1,NORMAL_D15,15.00,1.7794,,MR60BHA2_breath_phase,safenest-node-01
243.3410,-0.010000,S001,S001_NORMAL_D15,1,NORMAL_D15,15.00,1.7794,,MR60BHA2_breath_phase,safenest-node-01
243.4410,-0.010000,S001,S001_NORMAL_D15,1,NORMAL_D15,15.00,1.7794,,MR60BHA2_breath_phase,safenest-node-01
243.5410,-0.010000,S001,S001_NORMAL_D15,1,NORMAL_D15,15.00,1.7794,,MR60BHA2_breath_phase,safenest-node-01
243.6410,-0.010000,S001,S001_NORMAL_D15,1,NORMAL_D15,15.00,1.7794,,MR60BHA2_breath_phase,safenest-node-01
243.7410,-0.010000,S001,S001_NORMAL_D15,1,NORMAL_D15,15.00,1.7794,,MR60BHA2_breath_phase,safenest-node-01
243.8410,-0.010000,S001,S001_NORMAL_D15,1,NORMAL_D15,15.00,1.7794,,MR60BHA2_breath_phase,safenest-node-01
243.9410,-0.010000,S001,S001_NORMAL_D15,1,NORMAL_D15,15.00,1.7794,,MR60BHA2_breath_phase,safenest-node-01
244.0410,-0.010000,S001,S001_NORMAL_D15,1,NORMAL_D15,15.00,1.7794,,MR60BHA2_breath_phase,safenest-node-01
244.1410,-0.010000,S001,S001_NORMAL_D15,1,NORMAL_D15,15.00,1.7794,,MR60BHA2_breath_phase,safenest-node-01
244.2410,-0.010000,S001,S001_NORMAL_D15,1,NORMAL_D15,15.00,1.7794,,MR60BHA2_breath_phase,safenest-node-01
244.3410,-0.010000,S001,S001_NORMAL_D15,1,NORMAL_D15,15.00,1.7794,,MR60BHA2_breath_phase,safenest-node-01
244.4410,-0.010000,S001,S001_NORMAL_D15,1,NORMAL_D15,15.00,1.7794,,MR60BHA2_breath_phase,safenest-node-01
244.5410,-0.010000,S001,S001_NORMAL_D15,1,NORMAL_D15,15.00,1.7794,,MR60BHA2_breath_phase,safenest-node-01
244.6410,-0.010000,S001,S001_NORMAL_D15,1,NORMAL_D15,15.00,1.7794,,MR60BHA2_breath_phase,safenest-node-01
244.7410,-0.010000,S001,S001_NORMAL_D15,1,NORMAL_D15,15.00,1.7794,,MR60BHA2_breath_phase,safenest-node-01
244.8410,-0.010000,S001,S001_NORMAL_D15,1,NORMAL_D15,15.00,1.8368,,MR60BHA2_breath_phase,safenest-node-01
244.9410,-0.010000,S001,S001_NORMAL_D15,1,NORMAL_D15,15.00,1.8368,,MR60BHA2_breath_phase,safenest-node-01
245.0410,-0.010000,S001,S001_NORMAL_D15,1,NORMAL_D15,15.00,1.8368,,MR60BHA2_breath_phase,safenest-node-01
245.1410,-0.010000,S001,S001_NORMAL_D15,1,NORMAL_D15,15.00,1.8368,,MR60BHA2_breath_phase,safenest-node-01
245.2410,-0.010000,S001,S001_NORMAL_D15,1,NORMAL_D15,15.00,1.8368,,MR60BHA2_breath_phase,safenest-node-01
245.3410,-0.010000,S001,S001_NORMAL_D15,1,NORMAL_D15,15.00,1.8368,,MR60BHA2_breath_phase,safenest-node-01
245.4410,-0.010000,S001,S001_NORMAL_D15,1,NORMAL_D15,15.00,1.8368,,MR60BHA2_breath_phase,safenest-node-01
245.5410,-0.010000,S001,S001_NORMAL_D15,1,NORMAL_D15,15.00,1.8368,,MR60BHA2_breath_phase,safenest-node-01
245.6410,-0.010000,S001,S001_NORMAL_D15,1,NORMAL_D15,15.00,1.8368,,MR60BHA2_breath_phase,safenest-node-01
245.7410,-0.010000,S001,S001_NORMAL_D15,1,NORMAL_D15,15.00,1.8368,,MR60BHA2_breath_phase,safenest-node-01
245.8410,-0.010000,S001,S001_NORMAL_D15,1,NORMAL_D15,15.00,1.8368,,MR60BHA2_breath_phase,safenest-node-01
245.9410,-0.010000,S001,S001_NORMAL_D15,1,NORMAL_D15,15.00,1.8368,,MR60BHA2_breath_phase,safenest-node-01
246.0410,-0.010000,S001,S001_NORMAL_D15,1,NORMAL_D15,15.00,1.8368,,MR60BHA2_breath_phase,safenest-node-01
246.1410,-0.010000,S001,S001_NORMAL_D15,1,NORMAL_D15,15.00,1.8368,,MR60BHA2_breath_phase,safenest-node-01
246.2410,-0.010000,S001,S001_NORMAL_D15,1,NORMAL_D15,15.00,1.8368,,MR60BHA2_breath_phase,safenest-node-01
246.3410,-0.010000,S001,S001_NORMAL_D15,1,NORMAL_D15,15.00,1.8368,,MR60BHA2_breath_phase,safenest-node-01
246.4410,-0.010000,S001,S001_NORMAL_D15,1,NORMAL_D15,15.00,1.8368,,MR60BHA2_breath_phase,safenest-node-01
246.5410,-0.010000,S001,S001_NORMAL_D15,1,NORMAL_D15,15.00,1.8368,,MR60BHA2_breath_phase,safenest-node-01
246.6410,-0.010000,S001,S001_NORMAL_D15,1,NORMAL_D15,15.00,1.8368,,MR60BHA2_breath_phase,safenest-node-01
246.7410,-0.010000,S001,S001_NORMAL_D15,1,NORMAL_D15,15.00,1.8368,,MR60BHA2_breath_phase,safenest-node-01
246.8410,-0.010000,S001,S001_NORMAL_D15,1,NORMAL_D15,15.00,1.8368,,MR60BHA2_breath_phase,safenest-node-01
246.9410,-0.010000,S001,S001_NORMAL_D15,1,NORMAL_D15,15.00,1.8368,,MR60BHA2_breath_phase,safenest-node-01
247.0410,-0.010000,S001,S001_NORMAL_D15,1,NORMAL_D15,15.00,1.8368,,MR60BHA2_breath_phase,safenest-node-01
247.1410,-0.010000,S001,S001_NORMAL_D15,1,NORMAL_D15,15.00,1.8368,,MR60BHA2_breath_phase,safenest-node-01
247.2410,-0.010000,S001,S001_NORMAL_D15,1,NORMAL_D15,15.00,1.8368,,MR60BHA2_breath_phase,safenest-node-01
247.3410,-0.010000,S001,S001_NORMAL_D15,1,NORMAL_D15,15.00,1.8368,,MR60BHA2_breath_phase,safenest-node-01
247.4410,-0.010000,S001,S001_NORMAL_D15,1,NORMAL_D15,15.00,1.8368,,MR60BHA2_breath_phase,safenest-node-01
247.5410,-0.010000,S001,S001_NORMAL_D15,1,NORMAL_D15,15.00,1.8368,,MR60BHA2_breath_phase,safenest-node-01
247.6410,-0.010000,S001,S001_NORMAL_D15,1,NORMAL_D15,15.00,1.8368,,MR60BHA2_breath_phase,safenest-node-01
247.7410,-0.010000,S001,S001_NORMAL_D15,1,NORMAL_D15,15.00,1.8368,,MR60BHA2_breath_phase,safenest-node-01
247.8410,-0.010000,S001,S001_NORMAL_D15,1,NORMAL_D15,15.00,1.8368,,MR60BHA2_breath_phase,safenest-node-01
247.9410,-0.010000,S001,S001_NORMAL_D15,1,NORMAL_D15,15.00,1.7794,,MR60BHA2_breath_phase,safenest-node-01
248.0410,-0.010000,S001,S001_NORMAL_D15,1,NORMAL_D15,15.00,1.7794,,MR60BHA2_breath_phase,safenest-node-01
248.1410,-0.010000,S001,S001_NORMAL_D15,1,NORMAL_D15,15.00,1.7794,,MR60BHA2_breath_phase,safenest-node-01
248.2410,-0.010000,S001,S001_NORMAL_D15,1,NORMAL_D15,15.00,1.7794,,MR60BHA2_breath_phase,safenest-node-01
248.3410,-0.010000,S001,S001_NORMAL_D15,1,NORMAL_D15,15.00,1.7794,,MR60BHA2_breath_phase,safenest-node-01
248.4410,-0.010000,S001,S001_NORMAL_D15,1,NORMAL_D15,15.00,1.7794,,MR60BHA2_breath_phase,safenest-node-01
248.5410,-0.010000,S001,S001_NORMAL_D15,1,NORMAL_D15,15.00,1.7794,,MR60BHA2_breath_phase,safenest-node-01
248.6410,-0.010000,S001,S001_NORMAL_D15,1,NORMAL_D15,15.00,1.7794,,MR60BHA2_breath_phase,safenest-node-01
248.7410,-0.010000,S001,S001_NORMAL_D15,1,NORMAL_D15,15.00,1.7794,,MR60BHA2_breath_phase,safenest-node-01
248.8410,-0.010000,S001,S001_NORMAL_D15,1,NORMAL_D15,15.00,1.7794,,MR60BHA2_breath_phase,safenest-node-01
248.9410,-0.010000,S001,S001_NORMAL_D15,1,NORMAL_D15,15.00,1.7794,,MR60BHA2_breath_phase,safenest-node-01
249.0410,-0.010000,S001,S001_NORMAL_D15,1,NORMAL_D15,15.00,1.7794,,MR60BHA2_breath_phase,safenest-node-01
249.1410,-0.010000,S001,S001_NORMAL_D15,1,NORMAL_D15,15.00,1.7794,,MR60BHA2_breath_phase,safenest-node-01
249.2410,-0.010000,S001,S001_NORMAL_D15,1,NORMAL_D15,15.00,1.7794,,MR60BHA2_breath_phase,safenest-node-01
249.3410,-0.010000,S001,S001_NORMAL_D15,1,NORMAL_D15,15.00,1.7794,,MR60BHA2_breath_phase,safenest-node-01
249.4410,-0.010000,S001,S001_NORMAL_D15,1,NORMAL_D15,15.00,1.7794,,MR60BHA2_breath_phase,safenest-node-01
249.5410,-0.010000,S001,S001_NORMAL_D15,1,NORMAL_D15,15.00,1.7794,,MR60BHA2_breath_phase,safenest-node-01
249.6410,-0.010000,S001,S001_NORMAL_D15,1,NORMAL_D15,15.00,1.7794,,MR60BHA2_breath_phase,safenest-node-01
249.7410,-0.010000,S001,S001_NORMAL_D15,1,NORMAL_D15,15.00,1.7794,,MR60BHA2_breath_phase,safenest-node-01
249.8410,-0.010000,S001,S001_NORMAL_D15,1,NORMAL_D15,15.00,1.7794,,MR60BHA2_breath_phase,safenest-node-01
249.9410,-0.010000,S001,S001_NORMAL_D15,1,NORMAL_D15,15.00,1.7794,,MR60BHA2_breath_phase,safenest-node-01
250.0410,-0.010000,S001,S001_NORMAL_D15,1,NORMAL_D15,15.00,1.7794,,MR60BHA2_breath_phase,safenest-node-01
250.1410,-0.010000,S001,S001_NORMAL_D15,1,NORMAL_D15,15.00,1.7794,,MR60BHA2_breath_phase,safenest-node-01
250.2410,-0.010000,S001,S001_NORMAL_D15,1,NORMAL_D15,15.00,1.7794,,MR60BHA2_breath_phase,safenest-node-01
250.3410,-0.010000,S001,S001_NORMAL_D15,1,NORMAL_D15,15.00,1.7794,,MR60BHA2_breath_phase,safenest-node-01
250.4410,-0.010000,S001,S001_NORMAL_D15,1,NORMAL_D15,15.00,1.7794,,MR60BHA2_breath_phase,safenest-node-01
250.5410,-0.010000,S001,S001_NORMAL_D15,1,NORMAL_D15,15.00,1.7794,,MR60BHA2_breath_phase,safenest-node-01
250.6410,-0.010000,S001,S001_NORMAL_D15,1,NORMAL_D15,15.00,1.7794,,MR60BHA2_breath_phase,safenest-node-01
250.7410,-0.010000,S001,S001_NORMAL_D15,1,NORMAL_D15,15.00,1.7794,,MR60BHA2_breath_phase,safenest-node-01
250.8410,-0.010000,S001,S001_NORMAL_D15,1,NORMAL_D15,15.00,1.7794,,MR60BHA2_breath_phase,safenest-node-01
250.9410,-0.010000,S001,S001_NORMAL_D15,1,NORMAL_D15,15.00,1.7794,,MR60BHA2_breath_phase,safenest-node-01
251.0410,-0.010000,S001,S001_NORMAL_D15,1,NORMAL_D15,15.00,1.7794,,MR60BHA2_breath_phase,safenest-node-01
251.1410,-0.010000,S001,S001_NORMAL_D15,1,NORMAL_D15,15.00,1.7794,,MR60BHA2_breath_phase,safenest-node-01
251.2410,-0.010000,S001,S001_NORMAL_D15,1,NORMAL_D15,15.00,1.7794,,MR60BHA2_breath_phase,safenest-node-01
251.3410,-0.010000,S001,S001_NORMAL_D15,1,NORMAL_D15,15.00,1.7794,,MR60BHA2_breath_phase,safenest-node-01
251.4410,-0.010000,S001,S001_NORMAL_D15,1,NORMAL_D15,15.00,1.7794,,MR60BHA2_breath_phase,safenest-node-01
251.5410,-0.010000,S001,S001_NORMAL_D15,1,NORMAL_D15,15.00,1.7794,,MR60BHA2_breath_phase,safenest-node-01
251.6410,-0.010000,S001,S001_NORMAL_D15,1,NORMAL_D15,15.00,1.7794,,MR60BHA2_breath_phase,safenest-node-01
251.7410,-0.010000,S001,S001_NORMAL_D15,1,NORMAL_D15,15.00,1.7794,,MR60BHA2_breath_phase,safenest-node-01
251.8410,-0.010000,S001,S001_NORMAL_D15,1,NORMAL_D15,15.00,1.7794,,MR60BHA2_breath_phase,safenest-node-01
251.9410,-0.010000,S001,S001_NORMAL_D15,1,NORMAL_D15,15.00,1.7794,,MR60BHA2_breath_phase,safenest-node-01
252.0410,-0.010000,S001,S001_NORMAL_D15,1,NORMAL_D15,15.00,1.7794,,MR60BHA2_breath_phase,safenest-node-01
252.1410,-0.010000,S001,S001_NORMAL_D15,1,NORMAL_D15,15.00,1.7794,,MR60BHA2_breath_phase,safenest-node-01
252.2410,-0.010000,S001,S001_NORMAL_D15,1,NORMAL_D15,15.00,1.7794,,MR60BHA2_breath_phase,safenest-node-01
252.3410,-0.010000,S001,S001_NORMAL_D15,1,NORMAL_D15,15.00,1.7794,,MR60BHA2_breath_phase,safenest-node-01
252.4410,-0.010000,S001,S001_NORMAL_D15,1,NORMAL_D15,15.00,1.7794,,MR60BHA2_breath_phase,safenest-node-01
252.5410,-0.010000,S001,S001_NORMAL_D15,1,NORMAL_D15,15.00,1.7794,,MR60BHA2_breath_phase,safenest-node-01
252.6410,-0.010000,S001,S001_NORMAL_D15,1,NORMAL_D15,15.00,1.7794,,MR60BHA2_breath_phase,safenest-node-01
252.7410,-0.010000,S001,S001_NORMAL_D15,1,NORMAL_D15,15.00,1.7794,,MR60BHA2_breath_phase,safenest-node-01
252.8410,-0.010000,S001,S001_NORMAL_D15,1,NORMAL_D15,15.00,1.7794,,MR60BHA2_breath_phase,safenest-node-01
252.9410,-0.010000,S001,S001_NORMAL_D15,1,NORMAL_D15,15.00,1.7794,,MR60BHA2_breath_phase,safenest-node-01
253.0410,-0.010000,S001,S001_NORMAL_D15,1,NORMAL_D15,15.00,1.7794,,MR60BHA2_breath_phase,safenest-node-01
253.1410,-0.010000,S001,S001_NORMAL_D15,1,NORMAL_D15,15.00,1.7794,,MR60BHA2_breath_phase,safenest-node-01
253.2410,-0.010000,S001,S001_NORMAL_D15,1,NORMAL_D15,15.00,1.7794,,MR60BHA2_breath_phase,safenest-node-01
253.3410,-0.010000,S001,S001_NORMAL_D15,1,NORMAL_D15,15.00,1.7794,,MR60BHA2_breath_phase,safenest-node-01
253.4410,-0.010000,S001,S001_NORMAL_D15,1,NORMAL_D15,15.00,1.7794,,MR60BHA2_breath_phase,safenest-node-01
253.5410,-0.010000,S001,S001_NORMAL_D15,1,NORMAL_D15,15.00,1.7794,,MR60BHA2_breath_phase,safenest-node-01
253.6410,-0.010000,S001,S001_NORMAL_D15,1,NORMAL_D15,15.00,1.7794,,MR60BHA2_breath_phase,safenest-node-01
253.7410,-0.010000,S001,S001_NORMAL_D15,1,NORMAL_D15,15.00,1.7794,,MR60BHA2_breath_phase,safenest-node-01
253.8410,-0.010000,S001,S001_NORMAL_D15,1,NORMAL_D15,15.00,1.7794,,MR60BHA2_breath_phase,safenest-node-01
253.9410,-0.010000,S001,S001_NORMAL_D15,1,NORMAL_D15,15.00,1.7794,,MR60BHA2_breath_phase,safenest-node-01
254.0410,-0.010000,S001,S001_NORMAL_D15,1,NORMAL_D15,15.00,1.7794,,MR60BHA2_breath_phase,safenest-node-01
254.1410,-0.010000,S001,S001_NORMAL_D15,1,NORMAL_D15,15.00,1.7794,,MR60BHA2_breath_phase,safenest-node-01
254.2410,-0.010000,S001,S001_NORMAL_D15,1,NORMAL_D15,15.00,1.7794,,MR60BHA2_breath_phase,safenest-node-01
254.3410,-0.010000,S001,S001_NORMAL_D15,1,NORMAL_D15,15.00,1.7794,,MR60BHA2_breath_phase,safenest-node-01
254.4410,-0.010000,S001,S001_NORMAL_D15,1,NORMAL_D15,15.00,1.7794,,MR60BHA2_breath_phase,safenest-node-01
254.5410,-0.010000,S001,S001_NORMAL_D15,1,NORMAL_D15,15.00,1.7794,,MR60BHA2_breath_phase,safenest-node-01
254.6410,-0.010000,S001,S001_NORMAL_D15,1,NORMAL_D15,15.00,1.7794,,MR60BHA2_breath_phase,safenest-node-01
254.7410,-0.010000,S001,S001_NORMAL_D15,1,NORMAL_D15,15.00,1.7794,,MR60BHA2_breath_phase,safenest-node-01
254.8410,-0.010000,S001,S001_NORMAL_D15,1,NORMAL_D15,15.00,1.7794,,MR60BHA2_breath_phase,safenest-node-01
254.9410,-0.010000,S001,S001_NORMAL_D15,1,NORMAL_D15,15.00,1.7794,,MR60BHA2_breath_phase,safenest-node-01
255.0410,-0.010000,S001,S001_NORMAL_D15,1,NORMAL_D15,15.00,1.7794,,MR60BHA2_breath_phase,safenest-node-01
255.1410,-0.010000,S001,S001_NORMAL_D15,1,NORMAL_D15,15.00,1.7794,,MR60BHA2_breath_phase,safenest-node-01
255.2410,-0.010000,S001,S001_NORMAL_D15,1,NORMAL_D15,15.00,1.7794,,MR60BHA2_breath_phase,safenest-node-01
255.3410,-0.010000,S001,S001_NORMAL_D15,1,NORMAL_D15,15.00,1.7794,,MR60BHA2_breath_phase,safenest-node-01
255.4410,-0.010000,S001,S001_NORMAL_D15,1,NORMAL_D15,15.00,1.7794,,MR60BHA2_breath_phase,safenest-node-01
255.5410,-0.010000,S001,S001_NORMAL_D15,1,NORMAL_D15,15.00,1.7794,,MR60BHA2_breath_phase,safenest-node-01
255.6410,-0.010000,S001,S001_NORMAL_D15,1,NORMAL_D15,15.00,1.7794,,MR60BHA2_breath_phase,safenest-node-01
255.7410,-0.010000,S001,S001_NORMAL_D15,1,NORMAL_D15,15.00,1.7794,,MR60BHA2_breath_phase,safenest-node-01
255.8410,-0.010000,S001,S001_NORMAL_D15,1,NORMAL_D15,15.00,1.7794,,MR60BHA2_breath_phase,safenest-node-01
255.9410,-0.010000,S001,S001_NORMAL_D15,1,NORMAL_D15,15.00,1.7794,,MR60BHA2_breath_phase,safenest-node-01
256.0410,-0.010000,S001,S001_NORMAL_D15,1,NORMAL_D15,15.00,1.7794,,MR60BHA2_breath_phase,safenest-node-01
256.1410,-0.010000,S001,S001_NORMAL_D15,1,NORMAL_D15,15.00,1.7794,,MR60BHA2_breath_phase,safenest-node-01
256.2410,-0.010000,S001,S001_NORMAL_D15,1,NORMAL_D15,15.00,1.7794,,MR60BHA2_breath_phase,safenest-node-01
256.3410,-0.010000,S001,S001_NORMAL_D15,1,NORMAL_D15,15.00,1.7794,,MR60BHA2_breath_phase,safenest-node-01
256.4410,-0.010000,S001,S001_NORMAL_D15,1,NORMAL_D15,15.00,1.7794,,MR60BHA2_breath_phase,safenest-node-01
256.5410,-0.010000,S001,S001_NORMAL_D15,1,NORMAL_D15,15.00,1.7794,,MR60BHA2_breath_phase,safenest-node-01
256.6410,-0.010000,S001,S001_NORMAL_D15,1,NORMAL_D15,15.00,1.7794,,MR60BHA2_breath_phase,safenest-node-01
256.7410,-0.010000,S001,S001_NORMAL_D15,1,NORMAL_D15,15.00,1.7794,,MR60BHA2_breath_phase,safenest-node-01
256.8410,-0.010000,S001,S001_NORMAL_D15,1,NORMAL_D15,15.00,1.7794,,MR60BHA2_breath_phase,safenest-node-01
256.9410,-0.010000,S001,S001_NORMAL_D15,1,NORMAL_D15,15.00,1.7794,,MR60BHA2_breath_phase,safenest-node-01
257.0410,-0.010000,S001,S001_NORMAL_D15,1,NORMAL_D15,15.00,1.7794,,MR60BHA2_breath_phase,safenest-node-01
257.1410,-0.010000,S001,S001_NORMAL_D15,1,NORMAL_D15,15.00,1.7794,,MR60BHA2_breath_phase,safenest-node-01
257.2410,-0.010000,S001,S001_NORMAL_D15,1,NORMAL_D15,15.00,1.7794,,MR60BHA2_breath_phase,safenest-node-01
257.3410,-0.010000,S001,S001_NORMAL_D15,1,NORMAL_D15,15.00,1.7794,,MR60BHA2_breath_phase,safenest-node-01
257.4410,-0.010000,S001,S001_NORMAL_D15,1,NORMAL_D15,15.00,1.7794,,MR60BHA2_breath_phase,safenest-node-01
257.5410,-0.010000,S001,S001_NORMAL_D15,1,NORMAL_D15,15.00,1.7794,,MR60BHA2_breath_phase,safenest-node-01
257.6410,-0.010000,S001,S001_NORMAL_D15,1,NORMAL_D15,15.00,1.8368,,MR60BHA2_breath_phase,safenest-node-01
257.7410,-0.010000,S001,S001_NORMAL_D15,1,NORMAL_D15,15.00,1.8368,,MR60BHA2_breath_phase,safenest-node-01
257.8410,-0.010000,S001,S001_NORMAL_D15,1,NORMAL_D15,15.00,1.8368,,MR60BHA2_breath_phase,safenest-node-01
257.9410,-0.010000,S001,S001_NORMAL_D15,1,NORMAL_D15,15.00,1.8368,,MR60BHA2_breath_phase,safenest-node-01
258.0410,-0.010000,S001,S001_NORMAL_D15,1,NORMAL_D15,15.00,1.8368,,MR60BHA2_breath_phase,safenest-node-01
258.1410,-0.010000,S001,S001_NORMAL_D15,1,NORMAL_D15,15.00,1.8368,,MR60BHA2_breath_phase,safenest-node-01
258.2410,-0.010000,S001,S001_NORMAL_D15,1,NORMAL_D15,15.00,1.8368,,MR60BHA2_breath_phase,safenest-node-01
258.3410,-0.010000,S001,S001_NORMAL_D15,1,NORMAL_D15,15.00,1.8368,,MR60BHA2_breath_phase,safenest-node-01
258.4410,-0.010000,S001,S001_NORMAL_D15,1,NORMAL_D15,15.00,1.8368,,MR60BHA2_breath_phase,safenest-node-01
258.5410,-0.010000,S001,S001_NORMAL_D15,1,NORMAL_D15,15.00,1.8368,,MR60BHA2_breath_phase,safenest-node-01
258.6410,-0.010000,S001,S001_NORMAL_D15,1,NORMAL_D15,15.00,1.8368,,MR60BHA2_breath_phase,safenest-node-01
258.7410,-0.010000,S001,S001_NORMAL_D15,1,NORMAL_D15,15.00,1.8368,,MR60BHA2_breath_phase,safenest-node-01
258.8410,-0.010000,S001,S001_NORMAL_D15,1,NORMAL_D15,15.00,1.8368,,MR60BHA2_breath_phase,safenest-node-01
258.9410,-0.010000,S001,S001_NORMAL_D15,1,NORMAL_D15,15.00,1.8368,,MR60BHA2_breath_phase,safenest-node-01
259.0410,-0.010000,S001,S001_NORMAL_D15,1,NORMAL_D15,15.00,1.8368,,MR60BHA2_breath_phase,safenest-node-01
259.1410,-0.010000,S001,S001_NORMAL_D15,1,NORMAL_D15,15.00,1.8368,,MR60BHA2_breath_phase,safenest-node-01
259.2410,-0.010000,S001,S001_NORMAL_D15,1,NORMAL_D15,15.00,1.8368,,MR60BHA2_breath_phase,safenest-node-01
259.3410,-0.010000,S001,S001_NORMAL_D15,1,NORMAL_D15,15.00,1.8368,,MR60BHA2_breath_phase,safenest-node-01
259.4410,-0.010000,S001,S001_NORMAL_D15,1,NORMAL_D15,15.00,1.8368,,MR60BHA2_breath_phase,safenest-node-01
259.5410,-0.010000,S001,S001_NORMAL_D15,1,NORMAL_D15,15.00,1.8368,,MR60BHA2_breath_phase,safenest-node-01
259.6410,-0.010000,S001,S001_NORMAL_D15,1,NORMAL_D15,15.00,1.8368,,MR60BHA2_breath_phase,safenest-node-01
259.7410,-0.010000,S001,S001_NORMAL_D15,1,NORMAL_D15,15.00,1.8368,,MR60BHA2_breath_phase,safenest-node-01
259.8410,-0.010000,S001,S001_NORMAL_D15,1,NORMAL_D15,15.00,1.8368,,MR60BHA2_breath_phase,safenest-node-01
259.9410,-0.010000,S001,S001_NORMAL_D15,1,NORMAL_D15,15.00,1.8368,,MR60BHA2_breath_phase,safenest-node-01
260.0410,-0.010000,S001,S001_NORMAL_D15,1,NORMAL_D15,15.00,1.8368,,MR60BHA2_breath_phase,safenest-node-01
260.1410,-0.010000,S001,S001_NORMAL_D15,1,NORMAL_D15,15.00,1.8368,,MR60BHA2_breath_phase,safenest-node-01
260.2410,-0.010000,S001,S001_NORMAL_D15,1,NORMAL_D15,15.00,1.8368,,MR60BHA2_breath_phase,safenest-node-01
260.3410,-0.010000,S001,S001_NORMAL_D15,1,NORMAL_D15,15.00,1.8368,,MR60BHA2_breath_phase,safenest-node-01
260.4410,-0.010000,S001,S001_NORMAL_D15,1,NORMAL_D15,15.00,1.8368,,MR60BHA2_breath_phase,safenest-node-01
260.5410,-0.010000,S001,S001_NORMAL_D15,1,NORMAL_D15,15.00,1.8368,,MR60BHA2_breath_phase,safenest-node-01
260.6410,-0.010000,S001,S001_NORMAL_D15,1,NORMAL_D15,15.00,1.8368,,MR60BHA2_breath_phase,safenest-node-01
260.7410,-0.010000,S001,S001_NORMAL_D15,1,NORMAL_D15,15.00,1.8368,,MR60BHA2_breath_phase,safenest-node-01
260.8420,-0.010000,S001,S001_NORMAL_D15,1,NORMAL_D15,15.00,1.8368,,MR60BHA2_breath_phase,safenest-node-01
260.9420,-0.010000,S001,S001_NORMAL_D15,1,NORMAL_D15,15.00,1.8368,,MR60BHA2_breath_phase,safenest-node-01
261.0420,-0.010000,S001,S001_NORMAL_D15,1,NORMAL_D15,15.00,1.8368,,MR60BHA2_breath_phase,safenest-node-01
261.1420,-0.010000,S001,S001_NORMAL_D15,1,NORMAL_D15,15.00,1.8368,,MR60BHA2_breath_phase,safenest-node-01
261.2420,-0.010000,S001,S001_NORMAL_D15,1,NORMAL_D15,15.00,1.8368,,MR60BHA2_breath_phase,safenest-node-01
261.3420,-0.010000,S001,S001_NORMAL_D15,1,NORMAL_D15,15.00,1.8368,,MR60BHA2_breath_phase,safenest-node-01
261.4420,-0.010000,S001,S001_NORMAL_D15,1,NORMAL_D15,15.00,1.8368,,MR60BHA2_breath_phase,safenest-node-01
261.5420,-0.010000,S001,S001_NORMAL_D15,1,NORMAL_D15,15.00,1.8368,,MR60BHA2_breath_phase,safenest-node-01
261.6420,-0.010000,S001,S001_NORMAL_D15,1,NORMAL_D15,15.00,1.8368,,MR60BHA2_breath_phase,safenest-node-01
261.7420,-0.010000,S001,S001_NORMAL_D15,1,NORMAL_D15,15.00,1.8368,,MR60BHA2_breath_phase,safenest-node-01
261.8420,-0.010000,S001,S001_NORMAL_D15,1,NORMAL_D15,15.00,1.8368,,MR60BHA2_breath_phase,safenest-node-01
261.9420,-0.010000,S001,S001_NORMAL_D15,1,NORMAL_D15,15.00,1.8368,,MR60BHA2_breath_phase,safenest-node-01
262.0420,-0.010000,S001,S001_NORMAL_D15,1,NORMAL_D15,15.00,1.8368,,MR60BHA2_breath_phase,safenest-node-01
262.1420,-0.010000,S001,S001_NORMAL_D15,1,NORMAL_D15,15.00,1.8368,,MR60BHA2_breath_phase,safenest-node-01
262.2420,-0.010000,S001,S001_NORMAL_D15,1,NORMAL_D15,15.00,1.8368,,MR60BHA2_breath_phase,safenest-node-01
262.3420,-0.010000,S001,S001_NORMAL_D15,1,NORMAL_D15,15.00,1.8368,,MR60BHA2_breath_phase,safenest-node-01
262.4420,-0.010000,S001,S001_NORMAL_D15,1,NORMAL_D15,15.00,1.8368,,MR60BHA2_breath_phase,safenest-node-01
262.5420,-0.010000,S001,S001_NORMAL_D15,1,NORMAL_D15,15.00,1.8368,,MR60BHA2_breath_phase,safenest-node-01
262.6420,-0.010000,S001,S001_NORMAL_D15,1,NORMAL_D15,15.00,1.8368,,MR60BHA2_breath_phase,safenest-node-01
262.7420,-0.010000,S001,S001_NORMAL_D15,1,NORMAL_D15,15.00,1.8368,,MR60BHA2_breath_phase,safenest-node-01
262.8420,-0.010000,S001,S001_NORMAL_D15,1,NORMAL_D15,15.00,1.8368,,MR60BHA2_breath_phase,safenest-node-01
262.9420,-0.010000,S001,S001_NORMAL_D15,1,NORMAL_D15,15.00,1.8368,,MR60BHA2_breath_phase,safenest-node-01
263.0420,-0.010000,S001,S001_NORMAL_D15,1,NORMAL_D15,15.00,1.8368,,MR60BHA2_breath_phase,safenest-node-01
263.1420,-0.010000,S001,S001_NORMAL_D15,1,NORMAL_D15,15.00,1.8368,,MR60BHA2_breath_phase,safenest-node-01
263.2420,-0.010000,S001,S001_NORMAL_D15,1,NORMAL_D15,15.00,1.8368,,MR60BHA2_breath_phase,safenest-node-01
263.3420,-0.010000,S001,S001_NORMAL_D15,1,NORMAL_D15,15.00,1.8368,,MR60BHA2_breath_phase,safenest-node-01
263.4420,-0.010000,S001,S001_NORMAL_D15,1,NORMAL_D15,15.00,1.8368,,MR60BHA2_breath_phase,safenest-node-01
263.5420,-0.010000,S001,S001_NORMAL_D15,1,NORMAL_D15,15.00,1.8368,,MR60BHA2_breath_phase,safenest-node-01
263.6420,-0.010000,S001,S001_NORMAL_D15,1,NORMAL_D15,15.00,1.8368,,MR60BHA2_breath_phase,safenest-node-01
263.7420,-0.010000,S001,S001_NORMAL_D15,1,NORMAL_D15,15.00,1.8368,,MR60BHA2_breath_phase,safenest-node-01
263.8420,-0.010000,S001,S001_NORMAL_D15,1,NORMAL_D15,15.00,1.8368,,MR60BHA2_breath_phase,safenest-node-01
263.9420,-0.010000,S001,S001_NORMAL_D15,1,NORMAL_D15,15.00,1.8368,,MR60BHA2_breath_phase,safenest-node-01
264.0420,-0.010000,S001,S001_NORMAL_D15,1,NORMAL_D15,15.00,1.8368,,MR60BHA2_breath_phase,safenest-node-01
264.1420,-0.010000,S001,S001_NORMAL_D15,1,NORMAL_D15,15.00,1.8368,,MR60BHA2_breath_phase,safenest-node-01
264.2420,-0.010000,S001,S001_NORMAL_D15,1,NORMAL_D15,15.00,1.8368,,MR60BHA2_breath_phase,safenest-node-01
264.3420,-0.010000,S001,S001_NORMAL_D15,1,NORMAL_D15,15.00,1.8368,,MR60BHA2_breath_phase,safenest-node-01
264.4420,-0.010000,S001,S001_NORMAL_D15,1,NORMAL_D15,15.00,1.8368,,MR60BHA2_breath_phase,safenest-node-01
264.5420,-0.010000,S001,S001_NORMAL_D15,1,NORMAL_D15,15.00,1.8368,,MR60BHA2_breath_phase,safenest-node-01
264.6420,-0.010000,S001,S001_NORMAL_D15,1,NORMAL_D15,15.00,1.8368,,MR60BHA2_breath_phase,safenest-node-01
264.7420,-0.010000,S001,S001_NORMAL_D15,1,NORMAL_D15,15.00,1.8368,,MR60BHA2_breath_phase,safenest-node-01
264.8420,-0.010000,S001,S001_NORMAL_D15,1,NORMAL_D15,15.00,1.8368,,MR60BHA2_breath_phase,safenest-node-01
264.9420,-0.010000,S001,S001_NORMAL_D15,1,NORMAL_D15,15.00,1.8368,,MR60BHA2_breath_phase,safenest-node-01
265.0420,-0.010000,S001,S001_NORMAL_D15,1,NORMAL_D15,15.00,1.8368,,MR60BHA2_breath_phase,safenest-node-01
265.1440,-0.010000,S001,S001_NORMAL_D15,1,NORMAL_D15,15.00,1.8368,,MR60BHA2_breath_phase,safenest-node-01
265.2440,-0.010000,S001,S001_NORMAL_D15,1,NORMAL_D15,15.00,1.8368,,MR60BHA2_breath_phase,safenest-node-01
265.3440,-0.010000,S001,S001_NORMAL_D15,1,NORMAL_D15,15.00,1.8368,,MR60BHA2_breath_phase,safenest-node-01
265.4440,-0.010000,S001,S001_NORMAL_D15,1,NORMAL_D15,15.00,1.8368,,MR60BHA2_breath_phase,safenest-node-01
265.5440,-0.010000,S001,S001_NORMAL_D15,1,NORMAL_D15,15.00,1.8368,,MR60BHA2_breath_phase,safenest-node-01
265.6440,-0.010000,S001,S001_NORMAL_D15,1,NORMAL_D15,15.00,1.8368,,MR60BHA2_breath_phase,safenest-node-01
265.7440,-0.010000,S001,S001_NORMAL_D15,1,NORMAL_D15,15.00,1.8368,,MR60BHA2_breath_phase,safenest-node-01
265.8440,-0.010000,S001,S001_NORMAL_D15,1,NORMAL_D15,15.00,1.8368,,MR60BHA2_breath_phase,safenest-node-01
265.9440,-0.010000,S001,S001_NORMAL_D15,1,NORMAL_D15,15.00,1.8368,,MR60BHA2_breath_phase,safenest-node-01
266.0440,-0.010000,S001,S001_NORMAL_D15,1,NORMAL_D15,15.00,1.8368,,MR60BHA2_breath_phase,safenest-node-01
266.1440,-0.010000,S001,S001_NORMAL_D15,1,NORMAL_D15,15.00,1.8368,,MR60BHA2_breath_phase,safenest-node-01
266.2440,-0.010000,S001,S001_NORMAL_D15,1,NORMAL_D15,15.00,1.8368,,MR60BHA2_breath_phase,safenest-node-01
266.3440,-0.010000,S001,S001_NORMAL_D15,1,NORMAL_D15,15.00,1.8368,,MR60BHA2_breath_phase,safenest-node-01
266.4440,-0.010000,S001,S001_NORMAL_D15,1,NORMAL_D15,15.00,1.8368,,MR60BHA2_breath_phase,safenest-node-01
266.5440,-0.010000,S001,S001_NORMAL_D15,1,NORMAL_D15,15.00,1.8368,,MR60BHA2_breath_phase,safenest-node-01
266.6440,-0.010000,S001,S001_NORMAL_D15,1,NORMAL_D15,15.00,1.8368,,MR60BHA2_breath_phase,safenest-node-01
266.7440,-0.010000,S001,S001_NORMAL_D15,1,NORMAL_D15,15.00,1.8368,,MR60BHA2_breath_phase,safenest-node-01
266.8440,-0.010000,S001,S001_NORMAL_D15,1,NORMAL_D15,15.00,1.8368,,MR60BHA2_breath_phase,safenest-node-01
266.9440,-0.010000,S001,S001_NORMAL_D15,1,NORMAL_D15,15.00,1.8368,,MR60BHA2_breath_phase,safenest-node-01
267.0440,-0.010000,S001,S001_NORMAL_D15,1,NORMAL_D15,15.00,1.8368,,MR60BHA2_breath_phase,safenest-node-01
267.1440,-0.010000,S001,S001_NORMAL_D15,1,NORMAL_D15,15.00,1.8368,,MR60BHA2_breath_phase,safenest-node-01
267.2440,-0.010000,S001,S001_NORMAL_D15,1,NORMAL_D15,15.00,1.8368,,MR60BHA2_breath_phase,safenest-node-01
267.3440,-0.010000,S001,S001_NORMAL_D15,1,NORMAL_D15,15.00,1.8368,,MR60BHA2_breath_phase,safenest-node-01
267.4440,-0.010000,S001,S001_NORMAL_D15,1,NORMAL_D15,15.00,1.8368,,MR60BHA2_breath_phase,safenest-node-01
267.5440,-0.010000,S001,S001_NORMAL_D15,1,NORMAL_D15,15.00,1.8368,,MR60BHA2_breath_phase,safenest-node-01
267.6440,-0.010000,S001,S001_NORMAL_D15,1,NORMAL_D15,15.00,1.8368,,MR60BHA2_breath_phase,safenest-node-01
267.7440,-0.010000,S001,S001_NORMAL_D15,1,NORMAL_D15,15.00,1.8368,,MR60BHA2_breath_phase,safenest-node-01
267.8440,-0.010000,S001,S001_NORMAL_D15,1,NORMAL_D15,15.00,1.8368,,MR60BHA2_breath_phase,safenest-node-01
267.9440,-0.010000,S001,S001_NORMAL_D15,1,NORMAL_D15,15.00,1.8368,,MR60BHA2_breath_phase,safenest-node-01
268.0440,-0.010000,S001,S001_NORMAL_D15,1,NORMAL_D15,15.00,1.8368,,MR60BHA2_breath_phase,safenest-node-01
268.1440,-0.010000,S001,S001_NORMAL_D15,1,NORMAL_D15,15.00,1.8368,,MR60BHA2_breath_phase,safenest-node-01
268.2440,-0.010000,S001,S001_NORMAL_D15,1,NORMAL_D15,15.00,1.8368,,MR60BHA2_breath_phase,safenest-node-01
268.3440,-0.010000,S001,S001_NORMAL_D15,1,NORMAL_D15,15.00,1.8368,,MR60BHA2_breath_phase,safenest-node-01
268.4440,-0.010000,S001,S001_NORMAL_D15,1,NORMAL_D15,15.00,1.8368,,MR60BHA2_breath_phase,safenest-node-01
268.5440,-0.010000,S001,S001_NORMAL_D15,1,NORMAL_D15,15.00,1.8368,,MR60BHA2_breath_phase,safenest-node-01
268.6440,-0.010000,S001,S001_NORMAL_D15,1,NORMAL_D15,15.00,1.8368,,MR60BHA2_breath_phase,safenest-node-01
268.7440,-0.010000,S001,S001_NORMAL_D15,1,NORMAL_D15,15.00,1.8368,,MR60BHA2_breath_phase,safenest-node-01
268.8440,-0.010000,S001,S001_NORMAL_D15,1,NORMAL_D15,15.00,1.8368,,MR60BHA2_breath_phase,safenest-node-01
268.9440,-0.010000,S001,S001_NORMAL_D15,1,NORMAL_D15,15.00,1.8368,,MR60BHA2_breath_phase,safenest-node-01
269.0440,-0.010000,S001,S001_NORMAL_D15,1,NORMAL_D15,15.00,1.8368,,MR60BHA2_breath_phase,safenest-node-01
269.1440,-0.010000,S001,S001_NORMAL_D15,1,NORMAL_D15,15.00,1.8368,,MR60BHA2_breath_phase,safenest-node-01
269.2440,-0.010000,S001,S001_NORMAL_D15,1,NORMAL_D15,15.00,1.8368,,MR60BHA2_breath_phase,safenest-node-01
269.3440,-0.010000,S001,S001_NORMAL_D15,1,NORMAL_D15,15.00,1.8368,,MR60BHA2_breath_phase,safenest-node-01
269.4440,-0.010000,S001,S001_NORMAL_D15,1,NORMAL_D15,15.00,1.8368,,MR60BHA2_breath_phase,safenest-node-01
269.5440,-0.010000,S001,S001_NORMAL_D15,1,NORMAL_D15,15.00,1.8368,,MR60BHA2_breath_phase,safenest-node-01
269.6440,-0.010000,S001,S001_NORMAL_D15,1,NORMAL_D15,15.00,1.8368,,MR60BHA2_breath_phase,safenest-node-01
269.7440,-0.010000,S001,S001_NORMAL_D15,1,NORMAL_D15,15.00,1.8368,,MR60BHA2_breath_phase,safenest-node-01
269.8440,-0.010000,S001,S001_NORMAL_D15,1,NORMAL_D15,15.00,1.8368,,MR60BHA2_breath_phase,safenest-node-01
269.9440,-0.010000,S001,S001_NORMAL_D15,1,NORMAL_D15,15.00,1.8368,,MR60BHA2_breath_phase,safenest-node-01
270.0440,-0.010000,S001,S001_NORMAL_D15,1,NORMAL_D15,15.00,1.8368,,MR60BHA2_breath_phase,safenest-node-01
270.1440,-0.010000,S001,S001_NORMAL_D15,1,NORMAL_D15,15.00,1.8368,,MR60BHA2_breath_phase,safenest-node-01
270.2440,-0.010000,S001,S001_NORMAL_D15,1,NORMAL_D15,15.00,1.8368,,MR60BHA2_breath_phase,safenest-node-01
270.3440,-0.010000,S001,S001_NORMAL_D15,1,NORMAL_D15,15.00,1.8368,,MR60BHA2_breath_phase,safenest-node-01
270.4440,-0.010000,S001,S001_NORMAL_D15,1,NORMAL_D15,15.00,1.8368,,MR60BHA2_breath_phase,safenest-node-01
270.5440,-0.010000,S001,S001_NORMAL_D15,1,NORMAL_D15,15.00,1.8368,,MR60BHA2_breath_phase,safenest-node-01
270.6440,-0.010000,S001,S001_NORMAL_D15,1,NORMAL_D15,15.00,1.8368,,MR60BHA2_breath_phase,safenest-node-01
270.7440,-0.010000,S001,S001_NORMAL_D15,1,NORMAL_D15,15.00,1.7794,,MR60BHA2_breath_phase,safenest-node-01
270.8440,-0.010000,S001,S001_NORMAL_D15,1,NORMAL_D15,15.00,1.7794,,MR60BHA2_breath_phase,safenest-node-01
270.9440,-0.010000,S001,S001_NORMAL_D15,1,NORMAL_D15,15.00,1.7794,,MR60BHA2_breath_phase,safenest-node-01
271.0440,-0.010000,S001,S001_NORMAL_D15,1,NORMAL_D15,15.00,1.7794,,MR60BHA2_breath_phase,safenest-node-01
271.1440,-0.010000,S001,S001_NORMAL_D15,1,NORMAL_D15,15.00,1.7794,,MR60BHA2_breath_phase,safenest-node-01
271.2440,-0.010000,S001,S001_NORMAL_D15,1,NORMAL_D15,15.00,1.8368,,MR60BHA2_breath_phase,safenest-node-01
271.3440,-0.010000,S001,S001_NORMAL_D15,1,NORMAL_D15,15.00,1.8368,,MR60BHA2_breath_phase,safenest-node-01
271.4440,-0.010000,S001,S001_NORMAL_D15,1,NORMAL_D15,15.00,1.8368,,MR60BHA2_breath_phase,safenest-node-01
271.5440,-0.010000,S001,S001_NORMAL_D15,1,NORMAL_D15,15.00,1.8368,,MR60BHA2_breath_phase,safenest-node-01
271.6440,-0.010000,S001,S001_NORMAL_D15,1,NORMAL_D15,15.00,1.8368,,MR60BHA2_breath_phase,safenest-node-01
271.7440,-0.010000,S001,S001_NORMAL_D15,1,NORMAL_D15,15.00,1.8368,,MR60BHA2_breath_phase,safenest-node-01
271.8440,-0.010000,S001,S001_NORMAL_D15,1,NORMAL_D15,15.00,1.8368,,MR60BHA2_breath_phase,safenest-node-01
271.9440,-0.010000,S001,S001_NORMAL_D15,1,NORMAL_D15,15.00,1.8368,,MR60BHA2_breath_phase,safenest-node-01
272.0440,-0.010000,S001,S001_NORMAL_D15,1,NORMAL_D15,15.00,1.8368,,MR60BHA2_breath_phase,safenest-node-01
272.1440,-0.010000,S001,S001_NORMAL_D15,1,NORMAL_D15,15.00,1.8368,,MR60BHA2_breath_phase,safenest-node-01
272.2440,-0.010000,S001,S001_NORMAL_D15,1,NORMAL_D15,15.00,1.8368,,MR60BHA2_breath_phase,safenest-node-01
272.3440,-0.010000,S001,S001_NORMAL_D15,1,NORMAL_D15,15.00,1.8368,,MR60BHA2_breath_phase,safenest-node-01
272.4440,-0.010000,S001,S001_NORMAL_D15,1,NORMAL_D15,15.00,1.8368,,MR60BHA2_breath_phase,safenest-node-01
272.5440,-0.010000,S001,S001_NORMAL_D15,1,NORMAL_D15,15.00,1.8368,,MR60BHA2_breath_phase,safenest-node-01
272.6440,-0.010000,S001,S001_NORMAL_D15,1,NORMAL_D15,15.00,1.8368,,MR60BHA2_breath_phase,safenest-node-01
272.7440,-0.010000,S001,S001_NORMAL_D15,1,NORMAL_D15,15.00,1.8368,,MR60BHA2_breath_phase,safenest-node-01
272.8440,-0.010000,S001,S001_NORMAL_D15,1,NORMAL_D15,15.00,1.8368,,MR60BHA2_breath_phase,safenest-node-01
272.9440,-0.010000,S001,S001_NORMAL_D15,1,NORMAL_D15,15.00,1.8368,,MR60BHA2_breath_phase,safenest-node-01
273.0440,-0.010000,S001,S001_NORMAL_D15,1,NORMAL_D15,15.00,1.8368,,MR60BHA2_breath_phase,safenest-node-01
273.1440,-0.010000,S001,S001_NORMAL_D15,1,NORMAL_D15,15.00,1.8368,,MR60BHA2_breath_phase,safenest-node-01
273.2440,-0.010000,S001,S001_NORMAL_D15,1,NORMAL_D15,15.00,1.8368,,MR60BHA2_breath_phase,safenest-node-01
273.3440,-0.010000,S001,S001_NORMAL_D15,1,NORMAL_D15,15.00,1.8368,,MR60BHA2_breath_phase,safenest-node-01
273.4440,-0.010000,S001,S001_NORMAL_D15,1,NORMAL_D15,15.00,1.8368,,MR60BHA2_breath_phase,safenest-node-01
273.5440,-0.010000,S001,S001_NORMAL_D15,1,NORMAL_D15,15.00,1.8368,,MR60BHA2_breath_phase,safenest-node-01
273.6440,-0.010000,S001,S001_NORMAL_D15,1,NORMAL_D15,15.00,1.8368,,MR60BHA2_breath_phase,safenest-node-01
273.7440,-0.010000,S001,S001_NORMAL_D15,1,NORMAL_D15,15.00,1.8368,,MR60BHA2_breath_phase,safenest-node-01
273.8440,-0.010000,S001,S001_NORMAL_D15,1,NORMAL_D15,15.00,1.8368,,MR60BHA2_breath_phase,safenest-node-01
273.9440,-0.010000,S001,S001_NORMAL_D15,1,NORMAL_D15,15.00,1.8368,,MR60BHA2_breath_phase,safenest-node-01
274.0440,-0.010000,S001,S001_NORMAL_D15,1,NORMAL_D15,15.00,1.8368,,MR60BHA2_breath_phase,safenest-node-01
274.1440,-0.010000,S001,S001_NORMAL_D15,1,NORMAL_D15,15.00,1.8368,,MR60BHA2_breath_phase,safenest-node-01
274.2440,-0.010000,S001,S001_NORMAL_D15,1,NORMAL_D15,15.00,1.8368,,MR60BHA2_breath_phase,safenest-node-01
274.3440,-0.010000,S001,S001_NORMAL_D15,1,NORMAL_D15,15.00,1.8368,,MR60BHA2_breath_phase,safenest-node-01
274.4440,-0.010000,S001,S001_NORMAL_D15,1,NORMAL_D15,15.00,1.8368,,MR60BHA2_breath_phase,safenest-node-01
274.5440,-0.010000,S001,S001_NORMAL_D15,1,NORMAL_D15,15.00,1.8368,,MR60BHA2_breath_phase,safenest-node-01
274.6440,-0.010000,S001,S001_NORMAL_D15,1,NORMAL_D15,15.00,1.8368,,MR60BHA2_breath_phase,safenest-node-01
274.7440,-0.010000,S001,S001_NORMAL_D15,1,NORMAL_D15,15.00,1.8368,,MR60BHA2_breath_phase,safenest-node-01
274.8440,-0.010000,S001,S001_NORMAL_D15,1,NORMAL_D15,15.00,1.8368,,MR60BHA2_breath_phase,safenest-node-01
274.9440,-0.010000,S001,S001_NORMAL_D15,1,NORMAL_D15,15.00,1.8368,,MR60BHA2_breath_phase,safenest-node-01
275.0440,-0.010000,S001,S001_NORMAL_D15,1,NORMAL_D15,15.00,1.8368,,MR60BHA2_breath_phase,safenest-node-01
275.1440,-0.010000,S001,S001_NORMAL_D15,1,NORMAL_D15,15.00,1.8368,,MR60BHA2_breath_phase,safenest-node-01
275.2440,-0.010000,S001,S001_NORMAL_D15,1,NORMAL_D15,15.00,1.8368,,MR60BHA2_breath_phase,safenest-node-01
275.3440,-0.010000,S001,S001_NORMAL_D15,1,NORMAL_D15,15.00,1.8368,,MR60BHA2_breath_phase,safenest-node-01
275.4440,-0.010000,S001,S001_NORMAL_D15,1,NORMAL_D15,15.00,1.8368,,MR60BHA2_breath_phase,safenest-node-01
275.5440,-0.010000,S001,S001_NORMAL_D15,1,NORMAL_D15,15.00,1.8368,,MR60BHA2_breath_phase,safenest-node-01
275.6440,-0.010000,S001,S001_NORMAL_D15,1,NORMAL_D15,15.00,1.8368,,MR60BHA2_breath_phase,safenest-node-01
275.7440,-0.010000,S001,S001_NORMAL_D15,1,NORMAL_D15,15.00,1.8368,,MR60BHA2_breath_phase,safenest-node-01
275.8440,-0.010000,S001,S001_NORMAL_D15,1,NORMAL_D15,15.00,1.8368,,MR60BHA2_breath_phase,safenest-node-01
275.9440,-0.010000,S001,S001_NORMAL_D15,1,NORMAL_D15,15.00,1.8368,,MR60BHA2_breath_phase,safenest-node-01
276.0440,-0.010000,S001,S001_NORMAL_D15,1,NORMAL_D15,15.00,1.8368,,MR60BHA2_breath_phase,safenest-node-01
276.1440,-0.010000,S001,S001_NORMAL_D15,1,NORMAL_D15,15.00,1.8368,,MR60BHA2_breath_phase,safenest-node-01
276.2440,-0.010000,S001,S001_NORMAL_D15,1,NORMAL_D15,15.00,1.8368,,MR60BHA2_breath_phase,safenest-node-01
276.3440,-0.010000,S001,S001_NORMAL_D15,1,NORMAL_D15,15.00,1.8368,,MR60BHA2_breath_phase,safenest-node-01
276.4440,-0.010000,S001,S001_NORMAL_D15,1,NORMAL_D15,15.00,1.8368,,MR60BHA2_breath_phase,safenest-node-01
276.5440,-0.010000,S001,S001_NORMAL_D15,1,NORMAL_D15,15.00,1.8368,,MR60BHA2_breath_phase,safenest-node-01
276.6440,-0.010000,S001,S001_NORMAL_D15,1,NORMAL_D15,15.00,1.8368,,MR60BHA2_breath_phase,safenest-node-01
276.7440,-0.010000,S001,S001_NORMAL_D15,1,NORMAL_D15,15.00,1.8368,,MR60BHA2_breath_phase,safenest-node-01
276.8440,-0.010000,S001,S001_NORMAL_D15,1,NORMAL_D15,15.00,1.8368,,MR60BHA2_breath_phase,safenest-node-01
276.9440,-0.010000,S001,S001_NORMAL_D15,1,NORMAL_D15,15.00,1.8368,,MR60BHA2_breath_phase,safenest-node-01
277.0440,-0.010000,S001,S001_NORMAL_D15,1,NORMAL_D15,15.00,1.8368,,MR60BHA2_breath_phase,safenest-node-01
277.1440,-0.010000,S001,S001_NORMAL_D15,1,NORMAL_D15,15.00,1.8368,,MR60BHA2_breath_phase,safenest-node-01
277.2440,-0.010000,S001,S001_NORMAL_D15,1,NORMAL_D15,15.00,1.8368,,MR60BHA2_breath_phase,safenest-node-01
277.3440,-0.010000,S001,S001_NORMAL_D15,1,NORMAL_D15,15.00,1.8368,,MR60BHA2_breath_phase,safenest-node-01
277.4440,-0.010000,S001,S001_NORMAL_D15,1,NORMAL_D15,15.00,1.8368,,MR60BHA2_breath_phase,safenest-node-01
277.5440,-0.010000,S001,S001_NORMAL_D15,1,NORMAL_D15,15.00,1.8368,,MR60BHA2_breath_phase,safenest-node-01
277.6440,-0.010000,S001,S001_NORMAL_D15,1,NORMAL_D15,15.00,1.8368,,MR60BHA2_breath_phase,safenest-node-01
277.7440,-0.010000,S001,S001_NORMAL_D15,1,NORMAL_D15,15.00,1.8368,,MR60BHA2_breath_phase,safenest-node-01
277.8440,-0.010000,S001,S001_NORMAL_D15,1,NORMAL_D15,15.00,1.8368,,MR60BHA2_breath_phase,safenest-node-01
277.9440,-0.010000,S001,S001_NORMAL_D15,1,NORMAL_D15,15.00,1.8368,,MR60BHA2_breath_phase,safenest-node-01
278.0440,-0.010000,S001,S001_NORMAL_D15,1,NORMAL_D15,15.00,1.8368,,MR60BHA2_breath_phase,safenest-node-01
278.1440,-0.010000,S001,S001_NORMAL_D15,1,NORMAL_D15,15.00,1.8368,,MR60BHA2_breath_phase,safenest-node-01
278.2440,-0.010000,S001,S001_NORMAL_D15,1,NORMAL_D15,15.00,1.8368,,MR60BHA2_breath_phase,safenest-node-01
278.3440,-0.010000,S001,S001_NORMAL_D15,1,NORMAL_D15,15.00,1.8368,,MR60BHA2_breath_phase,safenest-node-01
278.4440,-0.010000,S001,S001_NORMAL_D15,1,NORMAL_D15,15.00,1.8368,,MR60BHA2_breath_phase,safenest-node-01
278.5440,-0.010000,S001,S001_NORMAL_D15,1,NORMAL_D15,15.00,1.8368,,MR60BHA2_breath_phase,safenest-node-01
278.6440,-0.010000,S001,S001_NORMAL_D15,1,NORMAL_D15,15.00,1.8368,,MR60BHA2_breath_phase,safenest-node-01
278.7440,-0.010000,S001,S001_NORMAL_D15,1,NORMAL_D15,15.00,1.8368,,MR60BHA2_breath_phase,safenest-node-01
278.8440,-0.010000,S001,S001_NORMAL_D15,1,NORMAL_D15,15.00,1.8368,,MR60BHA2_breath_phase,safenest-node-01
278.9440,-0.010000,S001,S001_NORMAL_D15,1,NORMAL_D15,15.00,1.8368,,MR60BHA2_breath_phase,safenest-node-01
279.0440,-0.010000,S001,S001_NORMAL_D15,1,NORMAL_D15,15.00,1.8368,,MR60BHA2_breath_phase,safenest-node-01
279.1440,-0.010000,S001,S001_NORMAL_D15,1,NORMAL_D15,15.00,1.8368,,MR60BHA2_breath_phase,safenest-node-01
279.2440,-0.010000,S001,S001_NORMAL_D15,1,NORMAL_D15,15.00,1.8368,,MR60BHA2_breath_phase,safenest-node-01
279.3440,-0.010000,S001,S001_NORMAL_D15,1,NORMAL_D15,15.00,1.8368,,MR60BHA2_breath_phase,safenest-node-01
279.4440,-0.010000,S001,S001_NORMAL_D15,1,NORMAL_D15,15.00,1.8368,,MR60BHA2_breath_phase,safenest-node-01
279.5440,-0.010000,S001,S001_NORMAL_D15,1,NORMAL_D15,15.00,1.8368,,MR60BHA2_breath_phase,safenest-node-01
279.6440,-0.010000,S001,S001_NORMAL_D15,1,NORMAL_D15,15.00,1.8368,,MR60BHA2_breath_phase,safenest-node-01
279.7440,-0.010000,S001,S001_NORMAL_D15,1,NORMAL_D15,15.00,1.8368,,MR60BHA2_breath_phase,safenest-node-01
279.8440,-0.010000,S001,S001_NORMAL_D15,1,NORMAL_D15,15.00,1.8368,,MR60BHA2_breath_phase,safenest-node-01
279.9440,-0.010000,S001,S001_NORMAL_D15,1,NORMAL_D15,15.00,1.8368,,MR60BHA2_breath_phase,safenest-node-01
280.0440,-0.010000,S001,S001_NORMAL_D15,1,NORMAL_D15,15.00,1.8368,,MR60BHA2_breath_phase,safenest-node-01
280.1440,-0.010000,S001,S001_NORMAL_D15,1,NORMAL_D15,15.00,1.8368,,MR60BHA2_breath_phase,safenest-node-01
280.2440,-0.010000,S001,S001_NORMAL_D15,1,NORMAL_D15,15.00,1.8368,,MR60BHA2_breath_phase,safenest-node-01
280.3440,-0.010000,S001,S001_NORMAL_D15,1,NORMAL_D15,15.00,1.8368,,MR60BHA2_breath_phase,safenest-node-01
280.4440,-0.010000,S001,S001_NORMAL_D15,1,NORMAL_D15,15.00,1.8368,,MR60BHA2_breath_phase,safenest-node-01
280.5440,-0.010000,S001,S001_NORMAL_D15,1,NORMAL_D15,15.00,1.8368,,MR60BHA2_breath_phase,safenest-node-01
280.6440,-0.010000,S001,S001_NORMAL_D15,1,NORMAL_D15,15.00,1.8368,,MR60BHA2_breath_phase,safenest-node-01
280.7440,-0.010000,S001,S001_NORMAL_D15,1,NORMAL_D15,15.00,1.8368,,MR60BHA2_breath_phase,safenest-node-01
280.8440,-0.010000,S001,S001_NORMAL_D15,1,NORMAL_D15,15.00,1.8368,,MR60BHA2_breath_phase,safenest-node-01
280.9440,-0.010000,S001,S001_NORMAL_D15,1,NORMAL_D15,15.00,1.8368,,MR60BHA2_breath_phase,safenest-node-01
281.0440,-0.010000,S001,S001_NORMAL_D15,1,NORMAL_D15,15.00,1.8368,,MR60BHA2_breath_phase,safenest-node-01
281.1440,-0.010000,S001,S001_NORMAL_D15,1,NORMAL_D15,15.00,1.8368,,MR60BHA2_breath_phase,safenest-node-01
281.2440,-0.010000,S001,S001_NORMAL_D15,1,NORMAL_D15,15.00,1.8368,,MR60BHA2_breath_phase,safenest-node-01
281.3440,-0.010000,S001,S001_NORMAL_D15,1,NORMAL_D15,15.00,1.8368,,MR60BHA2_breath_phase,safenest-node-01
281.4440,-0.010000,S001,S001_NORMAL_D15,1,NORMAL_D15,15.00,1.8368,,MR60BHA2_breath_phase,safenest-node-01
281.5440,-0.010000,S001,S001_NORMAL_D15,1,NORMAL_D15,15.00,1.8368,,MR60BHA2_breath_phase,safenest-node-01
281.6440,-0.010000,S001,S001_NORMAL_D15,1,NORMAL_D15,15.00,1.8368,,MR60BHA2_breath_phase,safenest-node-01
281.7440,-0.010000,S001,S001_NORMAL_D15,1,NORMAL_D15,15.00,1.8368,,MR60BHA2_breath_phase,safenest-node-01
281.8440,-0.010000,S001,S001_NORMAL_D15,1,NORMAL_D15,15.00,1.8368,,MR60BHA2_breath_phase,safenest-node-01
281.9440,-0.010000,S001,S001_NORMAL_D15,1,NORMAL_D15,15.00,1.8368,,MR60BHA2_breath_phase,safenest-node-01
282.0440,-0.010000,S001,S001_NORMAL_D15,1,NORMAL_D15,15.00,1.8368,,MR60BHA2_breath_phase,safenest-node-01
282.1440,-0.010000,S001,S001_NORMAL_D15,1,NORMAL_D15,15.00,1.8368,,MR60BHA2_breath_phase,safenest-node-01
282.2440,-0.010000,S001,S001_NORMAL_D15,1,NORMAL_D15,15.00,1.8368,,MR60BHA2_breath_phase,safenest-node-01
282.3440,-0.010000,S001,S001_NORMAL_D15,1,NORMAL_D15,15.00,1.8368,,MR60BHA2_breath_phase,safenest-node-01
282.4440,-0.010000,S001,S001_NORMAL_D15,1,NORMAL_D15,15.00,1.8368,,MR60BHA2_breath_phase,safenest-node-01
282.5440,-0.010000,S001,S001_NORMAL_D15,1,NORMAL_D15,15.00,1.8368,,MR60BHA2_breath_phase,safenest-node-01
282.6440,-0.010000,S001,S001_NORMAL_D15,1,NORMAL_D15,15.00,1.8368,,MR60BHA2_breath_phase,safenest-node-01
282.7440,-0.010000,S001,S001_NORMAL_D15,1,NORMAL_D15,15.00,1.8368,,MR60BHA2_breath_phase,safenest-node-01
282.8440,-0.010000,S001,S001_NORMAL_D15,1,NORMAL_D15,15.00,1.8368,,MR60BHA2_breath_phase,safenest-node-01
282.9440,-0.010000,S001,S001_NORMAL_D15,1,NORMAL_D15,15.00,1.8368,,MR60BHA2_breath_phase,safenest-node-01
283.0440,-0.010000,S001,S001_NORMAL_D15,1,NORMAL_D15,15.00,1.8368,,MR60BHA2_breath_phase,safenest-node-01
283.1440,-0.010000,S001,S001_NORMAL_D15,1,NORMAL_D15,15.00,1.8368,,MR60BHA2_breath_phase,safenest-node-01
283.2440,-0.010000,S001,S001_NORMAL_D15,1,NORMAL_D15,15.00,1.8368,,MR60BHA2_breath_phase,safenest-node-01
283.3440,-0.010000,S001,S001_NORMAL_D15,1,NORMAL_D15,15.00,1.8368,,MR60BHA2_breath_phase,safenest-node-01
283.4440,-0.010000,S001,S001_NORMAL_D15,1,NORMAL_D15,15.00,1.8368,,MR60BHA2_breath_phase,safenest-node-01
283.5440,-0.010000,S001,S001_NORMAL_D15,1,NORMAL_D15,15.00,1.8368,,MR60BHA2_breath_phase,safenest-node-01
283.6440,-0.010000,S001,S001_NORMAL_D15,1,NORMAL_D15,15.00,1.8368,,MR60BHA2_breath_phase,safenest-node-01
283.7440,-0.010000,S001,S001_NORMAL_D15,1,NORMAL_D15,15.00,1.8368,,MR60BHA2_breath_phase,safenest-node-01
283.8440,-0.010000,S001,S001_NORMAL_D15,1,NORMAL_D15,15.00,1.8368,,MR60BHA2_breath_phase,safenest-node-01
283.9440,-0.010000,S001,S001_NORMAL_D15,1,NORMAL_D15,15.00,1.8368,,MR60BHA2_breath_phase,safenest-node-01
284.0440,-0.010000,S001,S001_NORMAL_D15,1,NORMAL_D15,15.00,1.8368,,MR60BHA2_breath_phase,safenest-node-01
284.1440,-0.010000,S001,S001_NORMAL_D15,1,NORMAL_D15,15.00,1.8368,,MR60BHA2_breath_phase,safenest-node-01
284.2440,-0.010000,S001,S001_NORMAL_D15,1,NORMAL_D15,15.00,1.8368,,MR60BHA2_breath_phase,safenest-node-01
284.3440,-0.010000,S001,S001_NORMAL_D15,1,NORMAL_D15,15.00,1.8368,,MR60BHA2_breath_phase,safenest-node-01
284.4440,-0.010000,S001,S001_NORMAL_D15,1,NORMAL_D15,15.00,1.8368,,MR60BHA2_breath_phase,safenest-node-01
284.5440,-0.010000,S001,S001_NORMAL_D15,1,NORMAL_D15,15.00,1.8368,,MR60BHA2_breath_phase,safenest-node-01
284.6440,-0.010000,S001,S001_NORMAL_D15,1,NORMAL_D15,15.00,1.8368,,MR60BHA2_breath_phase,safenest-node-01
284.7440,-0.010000,S001,S001_NORMAL_D15,1,NORMAL_D15,15.00,1.8368,,MR60BHA2_breath_phase,safenest-node-01
284.8440,-0.010000,S001,S001_NORMAL_D15,1,NORMAL_D15,15.00,1.8368,,MR60BHA2_breath_phase,safenest-node-01
284.9450,-0.010000,S001,S001_NORMAL_D15,1,NORMAL_D15,15.00,1.8368,,MR60BHA2_breath_phase,safenest-node-01
285.0450,-0.010000,S001,S001_NORMAL_D15,1,NORMAL_D15,15.00,1.8368,,MR60BHA2_breath_phase,safenest-node-01
285.1450,-0.010000,S001,S001_NORMAL_D15,1,NORMAL_D15,15.00,1.8368,,MR60BHA2_breath_phase,safenest-node-01
285.2450,-0.010000,S001,S001_NORMAL_D15,1,NORMAL_D15,15.00,1.8368,,MR60BHA2_breath_phase,safenest-node-01
285.3460,-0.010000,S001,S001_NORMAL_D15,1,NORMAL_D15,15.00,1.8368,,MR60BHA2_breath_phase,safenest-node-01
285.4460,-0.010000,S001,S001_NORMAL_D15,1,NORMAL_D15,15.00,1.8368,,MR60BHA2_breath_phase,safenest-node-01
285.5460,-0.010000,S001,S001_NORMAL_D15,1,NORMAL_D15,15.00,1.8368,,MR60BHA2_breath_phase,safenest-node-01
285.6460,-0.010000,S001,S001_NORMAL_D15,1,NORMAL_D15,15.00,1.8368,,MR60BHA2_breath_phase,safenest-node-01
285.7460,-0.010000,S001,S001_NORMAL_D15,1,NORMAL_D15,15.00,1.8368,,MR60BHA2_breath_phase,safenest-node-01
285.8460,-0.010000,S001,S001_NORMAL_D15,1,NORMAL_D15,15.00,1.8368,,MR60BHA2_breath_phase,safenest-node-01
285.9460,-0.010000,S001,S001_NORMAL_D15,1,NORMAL_D15,15.00,1.8368,,MR60BHA2_breath_phase,safenest-node-01
286.0460,-0.010000,S001,S001_NORMAL_D15,1,NORMAL_D15,15.00,1.8368,,MR60BHA2_breath_phase,safenest-node-01
286.1460,-0.010000,S001,S001_NORMAL_D15,1,NORMAL_D15,15.00,1.8368,,MR60BHA2_breath_phase,safenest-node-01
286.2460,-0.010000,S001,S001_NORMAL_D15,1,NORMAL_D15,15.00,1.8368,,MR60BHA2_breath_phase,safenest-node-01
286.3460,-0.010000,S001,S001_NORMAL_D15,1,NORMAL_D15,15.00,1.8368,,MR60BHA2_breath_phase,safenest-node-01
286.4460,-0.010000,S001,S001_NORMAL_D15,1,NORMAL_D15,15.00,1.8368,,MR60BHA2_breath_phase,safenest-node-01
286.5460,-0.010000,S001,S001_NORMAL_D15,1,NORMAL_D15,15.00,1.8368,,MR60BHA2_breath_phase,safenest-node-01
286.6460,-0.010000,S001,S001_NORMAL_D15,1,NORMAL_D15,15.00,1.8368,,MR60BHA2_breath_phase,safenest-node-01
286.7460,-0.010000,S001,S001_NORMAL_D15,1,NORMAL_D15,15.00,1.8368,,MR60BHA2_breath_phase,safenest-node-01
286.8460,-0.010000,S001,S001_NORMAL_D15,1,NORMAL_D15,15.00,1.8368,,MR60BHA2_breath_phase,safenest-node-01
286.9460,-0.010000,S001,S001_NORMAL_D15,1,NORMAL_D15,15.00,1.8368,,MR60BHA2_breath_phase,safenest-node-01
287.0460,-0.010000,S001,S001_NORMAL_D15,1,NORMAL_D15,15.00,1.8368,,MR60BHA2_breath_phase,safenest-node-01
287.1460,-0.010000,S001,S001_NORMAL_D15,1,NORMAL_D15,15.00,1.8368,,MR60BHA2_breath_phase,safenest-node-01
287.2460,-0.010000,S001,S001_NORMAL_D15,1,NORMAL_D15,15.00,1.8368,,MR60BHA2_breath_phase,safenest-node-01
287.3460,-0.010000,S001,S001_NORMAL_D15,1,NORMAL_D15,15.00,1.8368,,MR60BHA2_breath_phase,safenest-node-01
287.4460,-0.010000,S001,S001_NORMAL_D15,1,NORMAL_D15,15.00,1.8368,,MR60BHA2_breath_phase,safenest-node-01
287.5460,-0.010000,S001,S001_NORMAL_D15,1,NORMAL_D15,15.00,1.8368,,MR60BHA2_breath_phase,safenest-node-01
287.6460,-0.010000,S001,S001_NORMAL_D15,1,NORMAL_D15,15.00,1.8368,,MR60BHA2_breath_phase,safenest-node-01
287.7460,-0.010000,S001,S001_NORMAL_D15,1,NORMAL_D15,15.00,1.8368,,MR60BHA2_breath_phase,safenest-node-01
287.8460,-0.010000,S001,S001_NORMAL_D15,1,NORMAL_D15,15.00,1.8368,,MR60BHA2_breath_phase,safenest-node-01
287.9460,-0.010000,S001,S001_NORMAL_D15,1,NORMAL_D15,15.00,1.7794,,MR60BHA2_breath_phase,safenest-node-01
288.0460,-0.010000,S001,S001_NORMAL_D15,1,NORMAL_D15,15.00,1.7794,,MR60BHA2_breath_phase,safenest-node-01
288.1460,-0.010000,S001,S001_NORMAL_D15,1,NORMAL_D15,15.00,1.7794,,MR60BHA2_breath_phase,safenest-node-01
288.2460,-0.010000,S001,S001_NORMAL_D15,1,NORMAL_D15,15.00,1.7794,,MR60BHA2_breath_phase,safenest-node-01
288.3460,-0.010000,S001,S001_NORMAL_D15,1,NORMAL_D15,15.00,1.7794,,MR60BHA2_breath_phase,safenest-node-01
288.4470,-0.010000,S001,S001_NORMAL_D15,1,NORMAL_D15,15.00,1.7794,,MR60BHA2_breath_phase,safenest-node-01
288.5470,-0.010000,S001,S001_NORMAL_D15,1,NORMAL_D15,15.00,1.7794,,MR60BHA2_breath_phase,safenest-node-01
288.6470,-0.010000,S001,S001_NORMAL_D15,1,NORMAL_D15,15.00,1.7794,,MR60BHA2_breath_phase,safenest-node-01
288.7470,-0.010000,S001,S001_NORMAL_D15,1,NORMAL_D15,15.00,1.7794,,MR60BHA2_breath_phase,safenest-node-01
288.8470,-0.010000,S001,S001_NORMAL_D15,1,NORMAL_D15,15.00,1.7794,,MR60BHA2_breath_phase,safenest-node-01
288.9470,-0.010000,S001,S001_NORMAL_D15,1,NORMAL_D15,15.00,1.7794,,MR60BHA2_breath_phase,safenest-node-01
289.0470,-0.010000,S001,S001_NORMAL_D15,1,NORMAL_D15,15.00,1.7794,,MR60BHA2_breath_phase,safenest-node-01
289.1470,-0.010000,S001,S001_NORMAL_D15,1,NORMAL_D15,15.00,1.7794,,MR60BHA2_breath_phase,safenest-node-01
289.2470,-0.010000,S001,S001_NORMAL_D15,1,NORMAL_D15,15.00,1.7794,,MR60BHA2_breath_phase,safenest-node-01
289.3470,-0.010000,S001,S001_NORMAL_D15,1,NORMAL_D15,15.00,1.7794,,MR60BHA2_breath_phase,safenest-node-01
289.4470,-0.010000,S001,S001_NORMAL_D15,1,NORMAL_D15,15.00,1.7794,,MR60BHA2_breath_phase,safenest-node-01
289.5470,-0.010000,S001,S001_NORMAL_D15,1,NORMAL_D15,15.00,1.7794,,MR60BHA2_breath_phase,safenest-node-01
289.6470,-0.010000,S001,S001_NORMAL_D15,1,NORMAL_D15,15.00,1.7794,,MR60BHA2_breath_phase,safenest-node-01
289.7470,-0.010000,S001,S001_NORMAL_D15,1,NORMAL_D15,15.00,1.7794,,MR60BHA2_breath_phase,safenest-node-01
289.8470,-0.010000,S001,S001_NORMAL_D15,1,NORMAL_D15,15.00,1.7794,,MR60BHA2_breath_phase,safenest-node-01
289.9470,-0.010000,S001,S001_NORMAL_D15,1,NORMAL_D15,15.00,1.7794,,MR60BHA2_breath_phase,safenest-node-01
290.0470,-0.010000,S001,S001_NORMAL_D15,1,NORMAL_D15,15.00,1.7794,,MR60BHA2_breath_phase,safenest-node-01
290.1470,-0.010000,S001,S001_NORMAL_D15,1,NORMAL_D15,15.00,1.7794,,MR60BHA2_breath_phase,safenest-node-01
290.2470,-0.010000,S001,S001_NORMAL_D15,1,NORMAL_D15,15.00,1.7794,,MR60BHA2_breath_phase,safenest-node-01
290.3470,-0.010000,S001,S001_NORMAL_D15,1,NORMAL_D15,15.00,1.7794,,MR60BHA2_breath_phase,safenest-node-01
290.4470,-0.010000,S001,S001_NORMAL_D15,1,NORMAL_D15,15.00,1.7794,,MR60BHA2_breath_phase,safenest-node-01
290.5470,-0.010000,S001,S001_NORMAL_D15,1,NORMAL_D15,15.00,1.7794,,MR60BHA2_breath_phase,safenest-node-01
290.6470,-0.010000,S001,S001_NORMAL_D15,1,NORMAL_D15,15.00,1.7794,,MR60BHA2_breath_phase,safenest-node-01
290.7470,-0.010000,S001,S001_NORMAL_D15,1,NORMAL_D15,15.00,1.7794,,MR60BHA2_breath_phase,safenest-node-01
290.8470,-0.010000,S001,S001_NORMAL_D15,1,NORMAL_D15,15.00,1.7794,,MR60BHA2_breath_phase,safenest-node-01
290.9470,-0.010000,S001,S001_NORMAL_D15,1,NORMAL_D15,15.00,1.7794,,MR60BHA2_breath_phase,safenest-node-01
291.0470,-0.010000,S001,S001_NORMAL_D15,1,NORMAL_D15,15.00,1.7794,,MR60BHA2_breath_phase,safenest-node-01
291.1470,-0.010000,S001,S001_NORMAL_D15,1,NORMAL_D15,15.00,1.7794,,MR60BHA2_breath_phase,safenest-node-01
291.2470,-0.010000,S001,S001_NORMAL_D15,1,NORMAL_D15,15.00,1.7794,,MR60BHA2_breath_phase,safenest-node-01
291.3470,-0.010000,S001,S001_NORMAL_D15,1,NORMAL_D15,15.00,1.7794,,MR60BHA2_breath_phase,safenest-node-01
291.4470,-0.010000,S001,S001_NORMAL_D15,1,NORMAL_D15,15.00,1.7794,,MR60BHA2_breath_phase,safenest-node-01
291.5470,-0.010000,S001,S001_NORMAL_D15,1,NORMAL_D15,15.00,1.7794,,MR60BHA2_breath_phase,safenest-node-01
291.6470,-0.010000,S001,S001_NORMAL_D15,1,NORMAL_D15,15.00,1.7794,,MR60BHA2_breath_phase,safenest-node-01
291.7470,-0.010000,S001,S001_NORMAL_D15,1,NORMAL_D15,15.00,1.7794,,MR60BHA2_breath_phase,safenest-node-01
291.8470,-0.010000,S001,S001_NORMAL_D15,1,NORMAL_D15,15.00,1.7794,,MR60BHA2_breath_phase,safenest-node-01
291.9470,-0.010000,S001,S001_NORMAL_D15,1,NORMAL_D15,15.00,1.7794,,MR60BHA2_breath_phase,safenest-node-01
292.0470,-0.010000,S001,S001_NORMAL_D15,1,NORMAL_D15,15.00,1.7794,,MR60BHA2_breath_phase,safenest-node-01
292.1470,-0.010000,S001,S001_NORMAL_D15,1,NORMAL_D15,15.00,1.7794,,MR60BHA2_breath_phase,safenest-node-01
292.2470,-0.010000,S001,S001_NORMAL_D15,1,NORMAL_D15,15.00,1.7794,,MR60BHA2_breath_phase,safenest-node-01
292.3470,-0.010000,S001,S001_NORMAL_D15,1,NORMAL_D15,15.00,1.7794,,MR60BHA2_breath_phase,safenest-node-01
292.4470,-0.010000,S001,S001_NORMAL_D15,1,NORMAL_D15,15.00,1.7794,,MR60BHA2_breath_phase,safenest-node-01
292.5470,-0.010000,S001,S001_NORMAL_D15,1,NORMAL_D15,15.00,1.7794,,MR60BHA2_breath_phase,safenest-node-01
292.6470,-0.010000,S001,S001_NORMAL_D15,1,NORMAL_D15,15.00,1.7794,,MR60BHA2_breath_phase,safenest-node-01
292.7470,-0.010000,S001,S001_NORMAL_D15,1,NORMAL_D15,15.00,1.7794,,MR60BHA2_breath_phase,safenest-node-01
292.8470,-0.010000,S001,S001_NORMAL_D15,1,NORMAL_D15,15.00,1.7794,,MR60BHA2_breath_phase,safenest-node-01
292.9470,-0.010000,S001,S001_NORMAL_D15,1,NORMAL_D15,15.00,1.7794,,MR60BHA2_breath_phase,safenest-node-01
293.0470,-0.010000,S001,S001_NORMAL_D15,1,NORMAL_D15,15.00,1.7794,,MR60BHA2_breath_phase,safenest-node-01
293.1470,-0.010000,S001,S001_NORMAL_D15,1,NORMAL_D15,15.00,1.7794,,MR60BHA2_breath_phase,safenest-node-01
293.2470,-0.010000,S001,S001_NORMAL_D15,1,NORMAL_D15,15.00,1.7794,,MR60BHA2_breath_phase,safenest-node-01
293.3470,-0.010000,S001,S001_NORMAL_D15,1,NORMAL_D15,15.00,1.7794,,MR60BHA2_breath_phase,safenest-node-01
293.4470,-0.010000,S001,S001_NORMAL_D15,1,NORMAL_D15,15.00,1.7794,,MR60BHA2_breath_phase,safenest-node-01
293.5470,-0.010000,S001,S001_NORMAL_D15,1,NORMAL_D15,15.00,1.7794,,MR60BHA2_breath_phase,safenest-node-01
293.6470,-0.010000,S001,S001_NORMAL_D15,1,NORMAL_D15,15.00,1.7794,,MR60BHA2_breath_phase,safenest-node-01
293.7470,-0.010000,S001,S001_NORMAL_D15,1,NORMAL_D15,15.00,1.7794,,MR60BHA2_breath_phase,safenest-node-01
293.8470,-0.010000,S001,S001_NORMAL_D15,1,NORMAL_D15,15.00,1.7794,,MR60BHA2_breath_phase,safenest-node-01
293.9470,-0.010000,S001,S001_NORMAL_D15,1,NORMAL_D15,15.00,1.7794,,MR60BHA2_breath_phase,safenest-node-01
294.0470,-0.010000,S001,S001_NORMAL_D15,1,NORMAL_D15,15.00,1.7794,,MR60BHA2_breath_phase,safenest-node-01
294.1470,-0.010000,S001,S001_NORMAL_D15,1,NORMAL_D15,15.00,1.7794,,MR60BHA2_breath_phase,safenest-node-01
294.2470,-0.010000,S001,S001_NORMAL_D15,1,NORMAL_D15,15.00,1.7794,,MR60BHA2_breath_phase,safenest-node-01
294.3480,-0.010000,S001,S001_NORMAL_D15,1,NORMAL_D15,15.00,1.7794,,MR60BHA2_breath_phase,safenest-node-01
294.4480,-0.010000,S001,S001_NORMAL_D15,1,NORMAL_D15,15.00,1.7794,,MR60BHA2_breath_phase,safenest-node-01
294.5480,-0.010000,S001,S001_NORMAL_D15,1,NORMAL_D15,15.00,1.7794,,MR60BHA2_breath_phase,safenest-node-01
294.6480,-0.010000,S001,S001_NORMAL_D15,1,NORMAL_D15,15.00,1.7794,,MR60BHA2_breath_phase,safenest-node-01
294.7480,-0.010000,S001,S001_NORMAL_D15,1,NORMAL_D15,15.00,1.7794,,MR60BHA2_breath_phase,safenest-node-01
294.8480,-0.010000,S001,S001_NORMAL_D15,1,NORMAL_D15,15.00,1.7794,,MR60BHA2_breath_phase,safenest-node-01
294.9480,-0.010000,S001,S001_NORMAL_D15,1,NORMAL_D15,15.00,1.7794,,MR60BHA2_breath_phase,safenest-node-01
295.0480,-0.010000,S001,S001_NORMAL_D15,1,NORMAL_D15,15.00,1.7794,,MR60BHA2_breath_phase,safenest-node-01
295.1480,-0.010000,S001,S001_NORMAL_D15,1,NORMAL_D15,15.00,1.7794,,MR60BHA2_breath_phase,safenest-node-01
295.2480,-0.010000,S001,S001_NORMAL_D15,1,NORMAL_D15,15.00,1.7794,,MR60BHA2_breath_phase,safenest-node-01
295.3480,-0.010000,S001,S001_NORMAL_D15,1,NORMAL_D15,15.00,1.7794,,MR60BHA2_breath_phase,safenest-node-01
295.4480,-0.010000,S001,S001_NORMAL_D15,1,NORMAL_D15,15.00,1.7794,,MR60BHA2_breath_phase,safenest-node-01
295.5480,-0.010000,S001,S001_NORMAL_D15,1,NORMAL_D15,15.00,1.7794,,MR60BHA2_breath_phase,safenest-node-01
295.6480,-0.010000,S001,S001_NORMAL_D15,1,NORMAL_D15,15.00,1.7794,,MR60BHA2_breath_phase,safenest-node-01
295.7480,-0.010000,S001,S001_NORMAL_D15,1,NORMAL_D15,15.00,1.7794,,MR60BHA2_breath_phase,safenest-node-01
295.8480,-0.010000,S001,S001_NORMAL_D15,1,NORMAL_D15,15.00,1.7794,,MR60BHA2_breath_phase,safenest-node-01
295.9480,-0.010000,S001,S001_NORMAL_D15,1,NORMAL_D15,15.00,1.7794,,MR60BHA2_breath_phase,safenest-node-01
296.0480,-0.010000,S001,S001_NORMAL_D15,1,NORMAL_D15,15.00,1.7794,,MR60BHA2_breath_phase,safenest-node-01
296.1480,-0.010000,S001,S001_NORMAL_D15,1,NORMAL_D15,15.00,1.7794,,MR60BHA2_breath_phase,safenest-node-01
296.2480,-0.010000,S001,S001_NORMAL_D15,1,NORMAL_D15,15.00,1.7794,,MR60BHA2_breath_phase,safenest-node-01
296.3480,-0.010000,S001,S001_NORMAL_D15,1,NORMAL_D15,15.00,1.7794,,MR60BHA2_breath_phase,safenest-node-01
296.4480,-0.010000,S001,S001_NORMAL_D15,1,NORMAL_D15,15.00,1.7794,,MR60BHA2_breath_phase,safenest-node-01
296.5480,-0.010000,S001,S001_NORMAL_D15,1,NORMAL_D15,15.00,1.7794,,MR60BHA2_breath_phase,safenest-node-01
296.6480,-0.010000,S001,S001_NORMAL_D15,1,NORMAL_D15,15.00,1.7794,,MR60BHA2_breath_phase,safenest-node-01
296.7480,-0.010000,S001,S001_NORMAL_D15,1,NORMAL_D15,15.00,1.7794,,MR60BHA2_breath_phase,safenest-node-01
296.8480,-0.010000,S001,S001_NORMAL_D15,1,NORMAL_D15,15.00,1.7794,,MR60BHA2_breath_phase,safenest-node-01
296.9480,-0.010000,S001,S001_NORMAL_D15,1,NORMAL_D15,15.00,1.7794,,MR60BHA2_breath_phase,safenest-node-01
297.0480,-0.010000,S001,S001_NORMAL_D15,1,NORMAL_D15,15.00,1.7794,,MR60BHA2_breath_phase,safenest-node-01
297.1480,-0.010000,S001,S001_NORMAL_D15,1,NORMAL_D15,15.00,1.7794,,MR60BHA2_breath_phase,safenest-node-01
297.2480,-0.010000,S001,S001_NORMAL_D15,1,NORMAL_D15,15.00,1.7794,,MR60BHA2_breath_phase,safenest-node-01
297.3480,-0.010000,S001,S001_NORMAL_D15,1,NORMAL_D15,15.00,1.7794,,MR60BHA2_breath_phase,safenest-node-01
297.4480,-0.010000,S001,S001_NORMAL_D15,1,NORMAL_D15,15.00,1.7794,,MR60BHA2_breath_phase,safenest-node-01
297.5480,-0.010000,S001,S001_NORMAL_D15,1,NORMAL_D15,15.00,1.7794,,MR60BHA2_breath_phase,safenest-node-01
297.6480,-0.010000,S001,S001_NORMAL_D15,1,NORMAL_D15,15.00,1.7794,,MR60BHA2_breath_phase,safenest-node-01
297.7480,-0.010000,S001,S001_NORMAL_D15,1,NORMAL_D15,15.00,1.7794,,MR60BHA2_breath_phase,safenest-node-01
297.8480,-0.010000,S001,S001_NORMAL_D15,1,NORMAL_D15,15.00,1.7794,,MR60BHA2_breath_phase,safenest-node-01
297.9480,-0.010000,S001,S001_NORMAL_D15,1,NORMAL_D15,15.00,1.7794,,MR60BHA2_breath_phase,safenest-node-01
298.0480,-0.010000,S001,S001_NORMAL_D15,1,NORMAL_D15,15.00,1.7794,,MR60BHA2_breath_phase,safenest-node-01
298.1480,-0.010000,S001,S001_NORMAL_D15,1,NORMAL_D15,15.00,1.7794,,MR60BHA2_breath_phase,safenest-node-01
298.2480,-0.010000,S001,S001_NORMAL_D15,1,NORMAL_D15,15.00,1.7794,,MR60BHA2_breath_phase,safenest-node-01
298.3480,-0.010000,S001,S001_NORMAL_D15,1,NORMAL_D15,15.00,1.7794,,MR60BHA2_breath_phase,safenest-node-01
298.4480,-0.010000,S001,S001_NORMAL_D15,1,NORMAL_D15,15.00,1.7794,,MR60BHA2_breath_phase,safenest-node-01
298.5480,-0.010000,S001,S001_NORMAL_D15,1,NORMAL_D15,15.00,1.7794,,MR60BHA2_breath_phase,safenest-node-01
298.6480,-0.010000,S001,S001_NORMAL_D15,1,NORMAL_D15,15.00,1.7794,,MR60BHA2_breath_phase,safenest-node-01
298.7480,-0.010000,S001,S001_NORMAL_D15,1,NORMAL_D15,15.00,1.7794,,MR60BHA2_breath_phase,safenest-node-01
298.8480,-0.010000,S001,S001_NORMAL_D15,1,NORMAL_D15,15.00,1.7794,,MR60BHA2_breath_phase,safenest-node-01
298.9480,-0.010000,S001,S001_NORMAL_D15,1,NORMAL_D15,15.00,1.7794,,MR60BHA2_breath_phase,safenest-node-01
299.0480,-0.010000,S001,S001_NORMAL_D15,1,NORMAL_D15,15.00,1.7794,,MR60BHA2_breath_phase,safenest-node-01
299.1480,-0.010000,S001,S001_NORMAL_D15,1,NORMAL_D15,15.00,1.7794,,MR60BHA2_breath_phase,safenest-node-01
299.2480,-0.010000,S001,S001_NORMAL_D15,1,NORMAL_D15,15.00,1.7794,,MR60BHA2_breath_phase,safenest-node-01
299.3480,-0.010000,S001,S001_NORMAL_D15,1,NORMAL_D15,15.00,1.7794,,MR60BHA2_breath_phase,safenest-node-01
299.4490,-0.010000,S001,S001_NORMAL_D15,1,NORMAL_D15,15.00,1.7794,,MR60BHA2_breath_phase,safenest-node-01
299.5490,-0.010000,S001,S001_NORMAL_D15,1,NORMAL_D15,15.00,1.7794,,MR60BHA2_breath_phase,safenest-node-01
299.6490,-0.010000,S001,S001_NORMAL_D15,1,NORMAL_D15,15.00,1.7794,,MR60BHA2_breath_phase,safenest-node-01
299.7490,-0.010000,S001,S001_NORMAL_D15,1,NORMAL_D15,15.00,1.7794,,MR60BHA2_breath_phase,safenest-node-01
299.8490,-0.010000,S001,S001_NORMAL_D15,1,NORMAL_D15,15.00,1.7794,,MR60BHA2_breath_phase,safenest-node-01
