timestamp_s,resp_phase,subject_id,session_id,presence,label,breath_rpm,range_m,quality,signal_source,device_id
0.0000,-0.680000,S001,S001_NORMAL_D12,1,NORMAL_D12,20.00,1.3202,,MR60BHA2_breath_phase,safenest-node-01
0.1000,-0.600000,S001,S001_NORMAL_D12,1,NORMAL_D12,20.00,1.3202,,MR60BHA2_breath_phase,safenest-node-01
0.2000,-0.500000,S001,S001_NORMAL_D12,1,NORMAL_D12,19.00,1.3202,,MR60BHA2_breath_phase,safenest-node-01
0.3000,-0.450000,S001,S001_NORMAL_D12,1,NORMAL_D12,19.00,1.3202,,MR60BHA2_breath_phase,safenest-node-01
0.4000,-0.330000,S001,S001_NORMAL_D12,1,NORMAL_D12,19.00,1.3202,,MR60BHA2_breath_phase,safenest-node-01
0.5000,-0.280000,S001,S001_NORMAL_D12,1,NORMAL_D12,19.00,1.3202,,MR60BHA2_breath_phase,safenest-node-01
0.6000,-0.160000,S001,S001_NORMAL_D12,1,NORMAL_D12,19.00,1.3202,,MR60BHA2_breath_phase,safenest-node-01
0.7000,-0.060000,S001,S001_NORMAL_D12,1,NORMAL_D12,18.00,1.3202,,MR60BHA2_breath_phase,safenest-node-01
0.8010,0.030000,S001,S001_NORMAL_D12,1,NORMAL_D12,18.00,1.3202,,MR60BHA2_breath_phase,safenest-node-01
0.9010,0.060000,S001,S001_NORMAL_D12,1,NORMAL_D12,18.00,1.3202,,MR60BHA2_breath_phase,safenest-node-01
1.0010,0.120000,S001,S001_NORMAL_D12,1,NORMAL_D12,18.00,1.3202,,MR60BHA2_breath_phase,safenest-node-01
1.1010,0.140000,S001,S001_NORMAL_D12,1,NORMAL_D12,18.00,1.3202,,MR60BHA2_breath_phase,safenest-node-01
1.2010,0.170000,S001,S001_NORMAL_D12,1,NORMAL_D12,18.00,1.3202,,MR60BHA2_breath_phase,safenest-node-01
1.3010,0.180000,S001,S001_NORMAL_D12,1,NORMAL_D12,17.00,1.3202,,MR60BHA2_breath_phase,safenest-node-01
1.4010,0.180000,S001,S001_NORMAL_D12,1,NORMAL_D12,17.00,1.3202,,MR60BHA2_breath_phase,safenest-node-01
1.5010,0.180000,S001,S001_NORMAL_D12,1,NORMAL_D12,17.00,1.3202,,MR60BHA2_breath_phase,safenest-node-01
1.6010,0.170000,S001,S001_NORMAL_D12,1,NORMAL_D12,17.00,1.3202,,MR60BHA2_breath_phase,safenest-node-01
1.7010,0.160000,S001,S001_NORMAL_D12,1,NORMAL_D12,17.00,1.3202,,MR60BHA2_breath_phase,safenest-node-01
1.8010,0.160000,S001,S001_NORMAL_D12,1,NORMAL_D12,17.00,1.3202,,MR60BHA2_breath_phase,safenest-node-01
1.9010,0.160000,S001,S001_NORMAL_D12,1,NORMAL_D12,17.00,1.3202,,MR60BHA2_breath_phase,safenest-node-01
2.0010,0.170000,S001,S001_NORMAL_D12,1,NORMAL_D12,17.00,1.3202,,MR60BHA2_breath_phase,safenest-node-01
2.1010,0.180000,S001,S001_NORMAL_D12,1,NORMAL_D12,16.00,1.3202,,MR60BHA2_breath_phase,safenest-node-01
2.2010,0.210000,S001,S001_NORMAL_D12,1,NORMAL_D12,16.00,1.3202,,MR60BHA2_breath_phase,safenest-node-01
2.3010,0.240000,S001,S001_NORMAL_D12,1,NORMAL_D12,16.00,1.3202,,MR60BHA2_breath_phase,safenest-node-01
2.4010,0.280000,S001,S001_NORMAL_D12,1,NORMAL_D12,16.00,1.3202,,MR60BHA2_breath_phase,safenest-node-01
2.5010,0.300000,S001,S001_NORMAL_D12,1,NORMAL_D12,16.00,1.3202,,MR60BHA2_breath_phase,safenest-node-01
2.6010,0.330000,S001,S001_NORMAL_D12,1,NORMAL_D12,16.00,1.3202,,MR60BHA2_breath_phase,safenest-node-01
2.7010,0.340000,S001,S001_NORMAL_D12,1,NORMAL_D12,16.00,1.3202,,MR60BHA2_breath_phase,safenest-node-01
2.8010,0.350000,S001,S001_NORMAL_D12,1,NORMAL_D12,16.00,1.3202,,MR60BHA2_breath_phase,safenest-node-01
2.9010,0.350000,S001,S001_NORMAL_D12,1,NORMAL_D12,16.00,1.3202,,MR60BHA2_breath_phase,safenest-node-01
3.0010,0.350000,S001,S001_NORMAL_D12,1,NORMAL_D12,16.00,1.3202,,MR60BHA2_breath_phase,safenest-node-01
3.1010,0.330000,S001,S001_NORMAL_D12,1,NORMAL_D12,15.00,1.3202,,MR60BHA2_breath_phase,safenest-node-01
3.2010,0.320000,S001,S001_NORMAL_D12,1,NORMAL_D12,14.00,1.3202,,MR60BHA2_breath_phase,safenest-node-01
3.3010,0.280000,S001,S001_NORMAL_D12,1,NORMAL_D12,13.00,1.3202,,MR60BHA2_breath_phase,safenest-node-01
3.4010,0.250000,S001,S001_NORMAL_D12,1,NORMAL_D12,13.00,1.3202,,MR60BHA2_breath_phase,safenest-node-01
3.5010,0.230000,S001,S001_NORMAL_D12,1,NORMAL_D12,13.00,1.3202,,MR60BHA2_breath_phase,safenest-node-01
3.6010,0.180000,S001,S001_NORMAL_D12,1,NORMAL_D12,12.00,1.3202,,MR60BHA2_breath_phase,safenest-node-01
3.7010,0.160000,S001,S001_NORMAL_D12,1,NORMAL_D12,12.00,1.3202,,MR60BHA2_breath_phase,safenest-node-01
3.8010,0.110000,S001,S001_NORMAL_D12,1,NORMAL_D12,12.00,1.3202,,MR60BHA2_breath_phase,safenest-node-01
3.9010,0.060000,S001,S001_NORMAL_D12,1,NORMAL_D12,12.00,1.3202,,MR60BHA2_breath_phase,safenest-node-01
4.0020,0.020000,S001,S001_NORMAL_D12,1,NORMAL_D12,12.00,1.3202,,MR60BHA2_breath_phase,safenest-node-01
4.1020,-0.000000,S001,S001_NORMAL_D12,1,NORMAL_D12,12.00,1.3202,,MR60BHA2_breath_phase,safenest-node-01
4.2020,-0.020000,S001,S001_NORMAL_D12,1,NORMAL_D12,12.00,1.3202,,MR60BHA2_breath_phase,safenest-node-01
4.3020,-0.020000,S001,S001_NORMAL_D12,1,NORMAL_D12,12.00,1.3202,,MR60BHA2_breath_phase,safenest-node-01
4.4020,-0.010000,S001,S001_NORMAL_D12,1,NORMAL_D12,12.00,1.3202,,MR60BHA2_breath_phase,safenest-node-01
4.5020,0.030000,S001,S001_NORMAL_D12,1,NORMAL_D12,12.00,1.3202,,MR60BHA2_breath_phase,safenest-node-01
4.6020,0.060000,S001,S001_NORMAL_D12,1,NORMAL_D12,12.00,1.3202,,MR60BHA2_breath_phase,safenest-node-01
4.7020,0.120000,S001,S001_NORMAL_D12,1,NORMAL_D12,11.00,1.3202,,MR60BHA2_breath_phase,safenest-node-01
4.8020,0.160000,S001,S001_NORMAL_D12,1,NORMAL_D12,10.00,1.3202,,MR60BHA2_breath_phase,safenest-node-01
4.9020,0.240000,S001,S001_NORMAL_D12,1,NORMAL_D12,10.00,1.3202,,MR60BHA2_breath_phase,safenest-node-01
5.0020,0.330000,S001,S001_NORMAL_D12,1,NORMAL_D12,9.00,1.3202,,MR60BHA2_breath_phase,safenest-node-01
5.1020,0.370000,S001,S001_NORMAL_D12,1,NORMAL_D12,9.00,1.3202,,MR60BHA2_breath_phase,safenest-node-01
5.2020,0.440000,S001,S001_NORMAL_D12,1,NORMAL_D12,9.00,1.3202,,MR60BHA2_breath_phase,safenest-node-01
5.3020,0.460000,S001,S001_NORMAL_D12,1,NORMAL_D12,9.00,1.3202,,MR60BHA2_breath_phase,safenest-node-01
5.4020,0.480000,S001,S001_NORMAL_D12,1,NORMAL_D12,8.00,1.3202,,MR60BHA2_breath_phase,safenest-node-01
5.5020,0.450000,S001,S001_NORMAL_D12,1,NORMAL_D12,8.00,1.3202,,MR60BHA2_breath_phase,safenest-node-01
5.6020,0.380000,S001,S001_NORMAL_D12,1,NORMAL_D12,7.00,1.3202,,MR60BHA2_breath_phase,safenest-node-01
5.7020,0.330000,S001,S001_NORMAL_D12,1,NORMAL_D12,7.00,1.3202,,MR60BHA2_breath_phase,safenest-node-01
5.8020,0.200000,S001,S001_NORMAL_D12,1,NORMAL_D12,7.00,1.3202,,MR60BHA2_breath_phase,safenest-node-01
5.9020,0.130000,S001,S001_NORMAL_D12,1,NORMAL_D12,7.00,1.3202,,MR60BHA2_breath_phase,safenest-node-01
6.0020,-0.030000,S001,S001_NORMAL_D12,1,NORMAL_D12,6.00,1.3202,,MR60BHA2_breath_phase,safenest-node-01
6.1020,-0.180000,S001,S001_NORMAL_D12,1,NORMAL_D12,6.00,1.3202,,MR60BHA2_breath_phase,safenest-node-01
6.2020,-0.260000,S001,S001_NORMAL_D12,1,NORMAL_D12,6.00,1.3202,,MR60BHA2_breath_phase,safenest-node-01
6.3020,-0.400000,S001,S001_NORMAL_D12,1,NORMAL_D12,6.00,1.3202,,MR60BHA2_breath_phase,safenest-node-01
6.4020,-0.460000,S001,S001_NORMAL_D12,1,NORMAL_D12,5.00,1.3202,,MR60BHA2_breath_phase,safenest-node-01
6.5020,-0.560000,S001,S001_NORMAL_D12,1,NORMAL_D12,5.00,1.3202,,MR60BHA2_breath_phase,safenest-node-01
6.6020,-0.610000,S001,S001_NORMAL_D12,1,NORMAL_D12,5.00,1.3202,,MR60BHA2_breath_phase,safenest-node-01
6.7030,-0.630000,S001,S001_NORMAL_D12,1,NORMAL_D12,5.00,1.3202,,MR60BHA2_breath_phase,safenest-node-01
6.8030,-0.620000,S001,S001_NORMAL_D12,1,NORMAL_D12,5.00,1.3202,,MR60BHA2_breath_phase,safenest-node-01
6.9030,-0.610000,S001,S001_NORMAL_D12,1,NORMAL_D12,4.00,1.3202,,MR60BHA2_breath_phase,safenest-node-01
7.0030,-0.560000,S001,S001_NORMAL_D12,1,NORMAL_D12,4.00,1.3202,,MR60BHA2_breath_phase,safenest-node-01
7.1030,-0.480000,S001,S001_NORMAL_D12,1,NORMAL_D12,4.00,1.3202,,MR60BHA2_breath_phase,safenest-node-01
7.2030,-0.400000,S001,S001_NORMAL_D12,1,NORMAL_D12,4.00,1.3202,,MR60BHA2_breath_phase,safenest-node-01
7.3030,-0.350000,S001,S001_NORMAL_D12,1,NORMAL_D12,4.00,1.3202,,MR60BHA2_breath_phase,safenest-node-01
7.4030,-0.260000,S001,S001_NORMAL_D12,1,NORMAL_D12,4.00,1.3202,,MR60BHA2_breath_phase,safenest-node-01
7.5030,-0.220000,S001,S001_NORMAL_D12,1,NORMAL_D12,3.00,1.3202,,MR60BHA2_breath_phase,safenest-node-01
7.6030,-0.130000,S001,S001_NORMAL_D12,1,NORMAL_D12,3.00,1.3202,,MR60BHA2_breath_phase,safenest-node-01
7.7030,-0.060000,S001,S001_NORMAL_D12,1,NORMAL_D12,3.00,1.3202,,MR60BHA2_breath_phase,safenest-node-01
7.8030,-0.030000,S001,S001_NORMAL_D12,1,NORMAL_D12,3.00,1.3202,,MR60BHA2_breath_phase,safenest-node-01
7.9030,0.030000,S001,S001_NORMAL_D12,1,NORMAL_D12,3.00,1.3202,,MR60BHA2_breath_phase,safenest-node-01
8.0030,0.060000,S001,S001_NORMAL_D12,1,NORMAL_D12,3.00,1.3202,,MR60BHA2_breath_phase,safenest-node-01
8.1030,0.110000,S001,S001_NORMAL_D12,1,NORMAL_D12,3.00,1.3202,,MR60BHA2_breath_phase,safenest-node-01
8.2030,0.140000,S001,S001_NORMAL_D12,1,NORMAL_D12,2.00,1.3202,,MR60BHA2_breath_phase,safenest-node-01
8.3030,0.170000,S001,S001_NORMAL_D12,1,NORMAL_D12,2.00,1.3202,,MR60BHA2_breath_phase,safenest-node-01
8.4030,0.190000,S001,S001_NORMAL_D12,1,NORMAL_D12,2.00,1.3202,,MR60BHA2_breath_phase,safenest-node-01
8.5030,0.220000,S001,S001_NORMAL_D12,1,NORMAL_D12,2.00,1.3202,,MR60BHA2_breath_phase,safenest-node-01
8.6030,0.230000,S001,S001_NORMAL_D12,1,NORMAL_D12,2.00,1.3202,,MR60BHA2_breath_phase,safenest-node-01
8.7030,0.270000,S001,S001_NORMAL_D12,1,NORMAL_D12,3.00,1.3202,,MR60BHA2_breath_phase,safenest-node-01
8.8030,0.310000,S001,S001_NORMAL_D12,1,NORMAL_D12,4.00,1.3202,,MR60BHA2_breath_phase,safenest-node-01
8.9030,0.340000,S001,S001_NORMAL_D12,1,NORMAL_D12,4.00,1.3202,,MR60BHA2_breath_phase,safenest-node-01
9.0030,0.390000,S001,S001_NORMAL_D12,1,NORMAL_D12,5.00,1.3202,,MR60BHA2_breath_phase,safenest-node-01
9.1030,0.410000,S001,S001_NORMAL_D12,1,NORMAL_D12,6.00,1.3202,,MR60BHA2_breath_phase,safenest-node-01
9.2030,0.450000,S001,S001_NORMAL_D12,1,NORMAL_D12,7.00,1.3202,,MR60BHA2_breath_phase,safenest-node-01
9.3030,0.480000,S001,S001_NORMAL_D12,1,NORMAL_D12,8.00,1.3202,,MR60BHA2_breath_phase,safenest-node-01
9.4030,0.480000,S001,S001_NORMAL_D12,1,NORMAL_D12,8.00,1.3202,,MR60BHA2_breath_phase,safenest-node-01
9.5030,0.460000,S001,S001_NORMAL_D12,1,NORMAL_D12,9.00,1.3202,,MR60BHA2_breath_phase,safenest-node-01
9.6030,0.440000,S001,S001_NORMAL_D12,1,NORMAL_D12,9.00,1.3202,,MR60BHA2_breath_phase,safenest-node-01
9.7030,0.380000,S001,S001_NORMAL_D12,1,NORMAL_D12,10.00,1.3202,,MR60BHA2_breath_phase,safenest-node-01
9.8030,0.290000,S001,S001_NORMAL_D12,1,NORMAL_D12,10.00,1.3202,,MR60BHA2_breath_phase,safenest-node-01
9.9030,0.160000,S001,S001_NORMAL_D12,1,NORMAL_D12,10.00,1.3202,,MR60BHA2_breath_phase,safenest-node-01
10.0030,0.090000,S001,S001_NORMAL_D12,1,NORMAL_D12,10.00,1.3202,,MR60BHA2_breath_phase,safenest-node-01
10.1030,-0.070000,S001,S001_NORMAL_D12,1,NORMAL_D12,10.00,1.3202,,MR60BHA2_breath_phase,safenest-node-01
10.2030,-0.150000,S001,S001_NORMAL_D12,1,NORMAL_D12,10.00,1.3202,,MR60BHA2_breath_phase,safenest-node-01
10.3030,-0.320000,S001,S001_NORMAL_D12,1,NORMAL_D12,11.00,1.3202,,MR60BHA2_breath_phase,safenest-node-01
10.4030,-0.490000,S001,S001_NORMAL_D12,1,NORMAL_D12,11.00,1.3202,,MR60BHA2_breath_phase,safenest-node-01
10.5030,-0.560000,S001,S001_NORMAL_D12,1,NORMAL_D12,11.00,1.3202,,MR60BHA2_breath_phase,safenest-node-01
10.6030,-0.690000,S001,S001_NORMAL_D12,1,NORMAL_D12,11.00,1.3202,,MR60BHA2_breath_phase,safenest-node-01
10.7030,-0.740000,S001,S001_NORMAL_D12,1,NORMAL_D12,11.00,1.3202,,MR60BHA2_breath_phase,safenest-node-01
10.8030,-0.800000,S001,S001_NORMAL_D12,1,NORMAL_D12,11.00,1.3202,,MR60BHA2_breath_phase,safenest-node-01
10.9030,-0.820000,S001,S001_NORMAL_D12,1,NORMAL_D12,12.00,1.3202,,MR60BHA2_breath_phase,safenest-node-01
11.0030,-0.810000,S001,S001_NORMAL_D12,1,NORMAL_D12,12.00,1.3202,,MR60BHA2_breath_phase,safenest-node-01
11.1030,-0.750000,S001,S001_NORMAL_D12,1,NORMAL_D12,12.00,1.3202,,MR60BHA2_breath_phase,safenest-node-01
11.2030,-0.710000,S001,S001_NORMAL_D12,1,NORMAL_D12,12.00,1.3202,,MR60BHA2_breath_phase,safenest-node-01
11.3030,-0.590000,S001,S001_NORMAL_D12,1,NORMAL_D12,13.00,1.3202,,MR60BHA2_breath_phase,safenest-node-01
11.4030,-0.430000,S001,S001_NORMAL_D12,1,NORMAL_D12,13.00,1.3202,,MR60BHA2_breath_phase,safenest-node-01
11.5030,-0.260000,S001,S001_NORMAL_D12,1,NORMAL_D12,13.00,1.3202,,MR60BHA2_breath_phase,safenest-node-01
11.6030,-0.170000,S001,S001_NORMAL_D12,1,NORMAL_D12,13.00,1.3202,,MR60BHA2_breath_phase,safenest-node-01
11.7030,0.020000,S001,S001_NORMAL_D12,1,NORMAL_D12,14.00,1.3202,,MR60BHA2_breath_phase,safenest-node-01
11.8030,0.110000,S001,S001_NORMAL_D12,1,NORMAL_D12,14.00,1.3202,,MR60BHA2_breath_phase,safenest-node-01
11.9030,0.280000,S001,S001_NORMAL_D12,1,NORMAL_D12,14.00,1.3202,,MR60BHA2_breath_phase,safenest-node-01
12.0030,0.430000,S001,S001_NORMAL_D12,1,NORMAL_D12,14.00,1.3202,,MR60BHA2_breath_phase,safenest-node-01
12.1030,0.490000,S001,S001_NORMAL_D12,1,NORMAL_D12,14.00,1.3202,,MR60BHA2_breath_phase,safenest-node-01
12.2030,0.600000,S001,S001_NORMAL_D12,1,NORMAL_D12,15.00,1.3202,,MR60BHA2_breath_phase,safenest-node-01
12.3030,0.650000,S001,S001_NORMAL_D12,1,NORMAL_D12,15.00,1.3202,,MR60BHA2_breath_phase,safenest-node-01
12.4030,0.700000,S001,S001_NORMAL_D12,1,NORMAL_D12,15.00,1.3202,,MR60BHA2_breath_phase,safenest-node-01
12.5030,0.720000,S001,S001_NORMAL_D12,1,NORMAL_D12,15.00,1.3202,,MR60BHA2_breath_phase,safenest-node-01
12.6030,0.720000,S001,S001_NORMAL_D12,1,NORMAL_D12,15.00,1.3202,,MR60BHA2_breath_phase,safenest-node-01
12.7030,0.690000,S001,S001_NORMAL_D12,1,NORMAL_D12,15.00,1.3202,,MR60BHA2_breath_phase,safenest-node-01
12.8040,0.640000,S001,S001_NORMAL_D12,1,NORMAL_D12,16.00,1.3202,,MR60BHA2_breath_phase,safenest-node-01
12.9040,0.600000,S001,S001_NORMAL_D12,1,NORMAL_D12,16.00,1.3202,,MR60BHA2_breath_phase,safenest-node-01
13.0040,0.520000,S001,S001_NORMAL_D12,1,NORMAL_D12,16.00,1.3202,,MR60BHA2_breath_phase,safenest-node-01
13.1040,0.420000,S001,S001_NORMAL_D12,1,NORMAL_D12,16.00,1.3202,,MR60BHA2_breath_phase,safenest-node-01
13.2040,0.360000,S001,S001_NORMAL_D12,1,NORMAL_D12,16.00,1.3202,,MR60BHA2_breath_phase,safenest-node-01
13.3040,0.220000,S001,S001_NORMAL_D12,1,NORMAL_D12,16.00,1.3202,,MR60BHA2_breath_phase,safenest-node-01
13.4040,0.150000,S001,S001_NORMAL_D12,1,NORMAL_D12,16.00,1.3202,,MR60BHA2_breath_phase,safenest-node-01
13.5040,-0.000000,S001,S001_NORMAL_D12,1,NORMAL_D12,16.00,1.3202,,MR60BHA2_breath_phase,safenest-node-01
13.6040,-0.150000,S001,S001_NORMAL_D12,1,NORMAL_D12,17.00,1.3202,,MR60BHA2_breath_phase,safenest-node-01
13.7040,-0.230000,S001,S001_NORMAL_D12,1,NORMAL_D12,17.00,1.3202,,MR60BHA2_breath_phase,safenest-node-01
13.8040,-0.370000,S001,S001_NORMAL_D12,1,NORMAL_D12,17.00,1.3202,,MR60BHA2_breath_phase,safenest-node-01
13.9040,-0.430000,S001,S001_NORMAL_D12,1,NORMAL_D12,17.00,1.3202,,MR60BHA2_breath_phase,safenest-node-01
14.0040,-0.530000,S001,S001_NORMAL_D12,1,NORMAL_D12,17.00,1.3202,,MR60BHA2_breath_phase,safenest-node-01
14.1040,-0.610000,S001,S001_NORMAL_D12,1,NORMAL_D12,17.00,1.3202,,MR60BHA2_breath_phase,safenest-node-01
14.2050,-0.640000,S001,S001_NORMAL_D12,1,NORMAL_D12,17.00,1.3202,,MR60BHA2_breath_phase,safenest-node-01
14.3050,-0.670000,S001,S001_NORMAL_D12,1,NORMAL_D12,17.00,1.3202,,MR60BHA2_breath_phase,safenest-node-01
14.4060,-0.660000,S001,S001_NORMAL_D12,1,NORMAL_D12,17.00,1.3202,,MR60BHA2_breath_phase,safenest-node-01
14.5060,-0.650000,S001,S001_NORMAL_D12,1,NORMAL_D12,17.00,1.3202,,MR60BHA2_breath_phase,safenest-node-01
14.6060,-0.620000,S001,S001_NORMAL_D12,1,NORMAL_D12,17.00,1.3202,,MR60BHA2_breath_phase,safenest-node-01
14.7060,-0.550000,S001,S001_NORMAL_D12,1,NORMAL_D12,17.00,1.3202,,MR60BHA2_breath_phase,safenest-node-01
14.8060,-0.520000,S001,S001_NORMAL_D12,1,NORMAL_D12,17.00,1.3202,,MR60BHA2_breath_phase,safenest-node-01
14.9060,-0.430000,S001,S001_NORMAL_D12,1,NORMAL_D12,17.00,1.3202,,MR60BHA2_breath_phase,safenest-node-01
15.0060,-0.380000,S001,S001_NORMAL_D12,1,NORMAL_D12,17.00,1.3202,,MR60BHA2_breath_phase,safenest-node-01
15.1060,-0.280000,S001,S001_NORMAL_D12,1,NORMAL_D12,18.00,1.3202,,MR60BHA2_breath_phase,safenest-node-01
15.2060,-0.170000,S001,S001_NORMAL_D12,1,NORMAL_D12,18.00,1.3202,,MR60BHA2_breath_phase,safenest-node-01
15.3060,-0.110000,S001,S001_NORMAL_D12,1,NORMAL_D12,18.00,1.3202,,MR60BHA2_breath_phase,safenest-node-01
15.4060,-0.000000,S001,S001_NORMAL_D12,1,NORMAL_D12,18.00,1.3202,,MR60BHA2_breath_phase,safenest-node-01
15.5060,0.050000,S001,S001_NORMAL_D12,1,NORMAL_D12,18.00,1.3202,,MR60BHA2_breath_phase,safenest-node-01
15.6060,0.140000,S001,S001_NORMAL_D12,1,NORMAL_D12,18.00,1.3202,,MR60BHA2_breath_phase,safenest-node-01
15.7060,0.210000,S001,S001_NORMAL_D12,1,NORMAL_D12,18.00,1.3202,,MR60BHA2_breath_phase,safenest-node-01
15.8060,0.270000,S001,S001_NORMAL_D12,1,NORMAL_D12,18.00,1.3202,,MR60BHA2_breath_phase,safenest-node-01
15.9060,0.290000,S001,S001_NORMAL_D12,1,NORMAL_D12,18.00,1.3202,,MR60BHA2_breath_phase,safenest-node-01
16.0060,0.300000,S001,S001_NORMAL_D12,1,NORMAL_D12,18.00,1.3202,,MR60BHA2_breath_phase,safenest-node-01
16.1060,0.330000,S001,S001_NORMAL_D12,1,NORMAL_D12,18.00,1.3202,,MR60BHA2_breath_phase,safenest-node-01
16.2060,0.350000,S001,S001_NORMAL_D12,1,NORMAL_D12,18.00,1.3202,,MR60BHA2_breath_phase,safenest-node-01
16.3060,0.370000,S001,S001_NORMAL_D12,1,NORMAL_D12,18.00,1.3202,,MR60BHA2_breath_phase,safenest-node-01
16.4060,0.390000,S001,S001_NORMAL_D12,1,NORMAL_D12,18.00,1.3202,,MR60BHA2_breath_phase,safenest-node-01
16.5060,0.420000,S001,S001_NORMAL_D12,1,NORMAL_D12,18.00,1.3202,,MR60BHA2_breath_phase,safenest-node-01
16.6060,0.440000,S001,S001_NORMAL_D12,1,NORMAL_D12,18.00,1.3202,,MR60BHA2_breath_phase,safenest-node-01
16.7060,0.480000,S001,S001_NORMAL_D12,1,NORMAL_D12,18.00,1.3202,,MR60BHA2_breath_phase,safenest-node-01
16.8060,0.510000,S001,S001_NORMAL_D12,1,NORMAL_D12,18.00,1.3202,,MR60BHA2_breath_phase,safenest-node-01
16.9060,0.520000,S001,S001_NORMAL_D12,1,NORMAL_D12,18.00,1.3202,,MR60BHA2_breath_phase,safenest-node-01
17.0060,0.530000,S001,S001_NORMAL_D12,1,NORMAL_D12,18.00,1.3202,,MR60BHA2_breath_phase,safenest-node-01
17.1060,0.520000,S001,S001_NORMAL_D12,1,NORMAL_D12,18.00,1.3202,,MR60BHA2_breath_phase,safenest-node-01
17.2060,0.480000,S001,S001_NORMAL_D12,1,NORMAL_D12,18.00,1.3202,,MR60BHA2_breath_phase,safenest-node-01
17.3060,0.400000,S001,S001_NORMAL_D12,1,NORMAL_D12,18.00,1.3202,,MR60BHA2_breath_phase,safenest-node-01
17.4070,0.290000,S001,S001_NORMAL_D12,1,NORMAL_D12,18.00,1.3202,,MR60BHA2_breath_phase,safenest-node-01
17.5070,0.220000,S001,S001_NORMAL_D12,1,NORMAL_D12,18.00,1.3202,,MR60BHA2_breath_phase,safenest-node-01
17.6070,0.070000,S001,S001_NORMAL_D12,1,NORMAL_D12,18.00,1.3202,,MR60BHA2_breath_phase,safenest-node-01
17.7070,-0.000000,S001,S001_NORMAL_D12,1,NORMAL_D12,18.00,1.3202,,MR60BHA2_breath_phase,safenest-node-01
17.8070,-0.160000,S001,S001_NORMAL_D12,1,NORMAL_D12,18.00,1.3202,,MR60BHA2_breath_phase,safenest-node-01
17.9070,-0.300000,S001,S001_NORMAL_D12,1,NORMAL_D12,18.00,1.3202,,MR60BHA2_breath_phase,safenest-node-01
18.0070,-0.370000,S001,S001_NORMAL_D12,1,NORMAL_D12,18.00,1.3202,,MR60BHA2_breath_phase,safenest-node-01
18.1070,-0.480000,S001,S001_NORMAL_D12,1,NORMAL_D12,18.00,1.3202,,MR60BHA2_breath_phase,safenest-node-01
18.2070,-0.520000,S001,S001_NORMAL_D12,1,NORMAL_D12,18.00,1.3202,,MR60BHA2_breath_phase,safenest-node-01
18.3070,-0.580000,S001,S001_NORMAL_D12,1,NORMAL_D12,18.00,1.3202,,MR60BHA2_breath_phase,safenest-node-01
18.4070,-0.600000,S001,S001_NORMAL_D12,1,NORMAL_D12,18.00,1.3202,,MR60BHA2_breath_phase,safenest-node-01
18.5070,-0.600000,S001,S001_NORMAL_D12,1,NORMAL_D12,18.00,1.3202,,MR60BHA2_breath_phase,safenest-node-01
18.6070,-0.590000,S001,S001_NORMAL_D12,1,NORMAL_D12,18.00,1.3202,,MR60BHA2_breath_phase,safenest-node-01
18.7070,-0.570000,S001,S001_NORMAL_D12,1,NORMAL_D12,18.00,1.3202,,MR60BHA2_breath_phase,safenest-node-01
18.8070,-0.520000,S001,S001_NORMAL_D12,1,NORMAL_D12,18.00,1.3202,,MR60BHA2_breath_phase,safenest-node-01
18.9070,-0.450000,S001,S001_NORMAL_D12,1,NORMAL_D12,19.00,1.3202,,MR60BHA2_breath_phase,safenest-node-01
19.0070,-0.410000,S001,S001_NORMAL_D12,1,NORMAL_D12,19.00,1.3202,,MR60BHA2_breath_phase,safenest-node-01
19.1070,-0.320000,S001,S001_NORMAL_D12,1,NORMAL_D12,19.00,1.3202,,MR60BHA2_breath_phase,safenest-node-01
19.2070,-0.270000,S001,S001_NORMAL_D12,1,NORMAL_D12,19.00,1.3202,,MR60BHA2_breath_phase,safenest-node-01
19.3070,-0.140000,S001,S001_NORMAL_D12,1,NORMAL_D12,19.00,1.3202,,MR60BHA2_breath_phase,safenest-node-01
19.4070,-0.000000,S001,S001_NORMAL_D12,1,NORMAL_D12,19.00,1.3202,,MR60BHA2_breath_phase,safenest-node-01
19.5070,0.080000,S001,S001_NORMAL_D12,1,NORMAL_D12,19.00,1.3202,,MR60BHA2_breath_phase,safenest-node-01
19.6070,0.250000,S001,S001_NORMAL_D12,1,NORMAL_D12,19.00,1.3202,,MR60BHA2_breath_phase,safenest-node-01
19.7070,0.330000,S001,S001_NORMAL_D12,1,NORMAL_D12,19.00,1.3202,,MR60BHA2_breath_phase,safenest-node-01
19.8070,0.510000,S001,S001_NORMAL_D12,1,NORMAL_D12,19.00,1.3202,,MR60BHA2_breath_phase,safenest-node-01
19.9070,0.670000,S001,S001_NORMAL_D12,1,NORMAL_D12,19.00,1.3202,,MR60BHA2_breath_phase,safenest-node-01
20.0070,0.800000,S001,S001_NORMAL_D12,1,NORMAL_D12,19.00,1.3202,,MR60BHA2_breath_phase,safenest-node-01
20.1070,0.860000,S001,S001_NORMAL_D12,1,NORMAL_D12,19.00,1.3202,,MR60BHA2_breath_phase,safenest-node-01
20.2080,0.930000,S001,S001_NORMAL_D12,1,NORMAL_D12,19.00,1.3202,,MR60BHA2_breath_phase,safenest-node-01
20.3080,0.950000,S001,S001_NORMAL_D12,1,NORMAL_D12,19.00,1.3202,,MR60BHA2_breath_phase,safenest-node-01
20.4080,0.930000,S001,S001_NORMAL_D12,1,NORMAL_D12,19.00,1.3202,,MR60BHA2_breath_phase,safenest-node-01
20.5080,0.860000,S001,S001_NORMAL_D12,1,NORMAL_D12,19.00,1.3202,,MR60BHA2_breath_phase,safenest-node-01
20.6080,0.800000,S001,S001_NORMAL_D12,1,NORMAL_D12,19.00,1.3202,,MR60BHA2_breath_phase,safenest-node-01
20.7080,0.640000,S001,S001_NORMAL_D12,1,NORMAL_D12,19.00,1.3202,,MR60BHA2_breath_phase,safenest-node-01
20.8080,0.540000,S001,S001_NORMAL_D12,1,NORMAL_D12,19.00,1.3202,,MR60BHA2_breath_phase,safenest-node-01
20.9080,0.330000,S001,S001_NORMAL_D12,1,NORMAL_D12,19.00,1.3202,,MR60BHA2_breath_phase,safenest-node-01
21.0080,0.090000,S001,S001_NORMAL_D12,1,NORMAL_D12,19.00,1.3202,,MR60BHA2_breath_phase,safenest-node-01
21.1080,-0.020000,S001,S001_NORMAL_D12,1,NORMAL_D12,19.00,1.3202,,MR60BHA2_breath_phase,safenest-node-01
21.2080,-0.250000,S001,S001_NORMAL_D12,1,NORMAL_D12,19.00,1.3202,,MR60BHA2_breath_phase,safenest-node-01
21.3080,-0.350000,S001,S001_NORMAL_D12,1,NORMAL_D12,19.00,1.3202,,MR60BHA2_breath_phase,safenest-node-01
21.4080,-0.540000,S001,S001_NORMAL_D12,1,NORMAL_D12,19.00,1.3202,,MR60BHA2_breath_phase,safenest-node-01
21.5080,-0.680000,S001,S001_NORMAL_D12,1,NORMAL_D12,19.00,1.3202,,MR60BHA2_breath_phase,safenest-node-01
21.6090,-0.740000,S001,S001_NORMAL_D12,1,NORMAL_D12,19.00,1.3202,,MR60BHA2_breath_phase,safenest-node-01
21.7090,-0.810000,S001,S001_NORMAL_D12,1,NORMAL_D12,19.00,1.3202,,MR60BHA2_breath_phase,safenest-node-01
21.8090,-0.820000,S001,S001_NORMAL_D12,1,NORMAL_D12,19.00,1.3202,,MR60BHA2_breath_phase,safenest-node-01
21.9090,-0.820000,S001,S001_NORMAL_D12,1,NORMAL_D12,19.00,1.3202,,MR60BHA2_breath_phase,safenest-node-01
22.0090,-0.760000,S001,S001_NORMAL_D12,1,NORMAL_D12,19.00,1.3202,,MR60BHA2_breath_phase,safenest-node-01
22.1090,-0.670000,S001,S001_NORMAL_D12,1,NORMAL_D12,19.00,1.3202,,MR60BHA2_breath_phase,safenest-node-01
22.2090,-0.610000,S001,S001_NORMAL_D12,1,NORMAL_D12,19.00,1.3202,,MR60BHA2_breath_phase,safenest-node-01
22.3090,-0.480000,S001,S001_NORMAL_D12,1,NORMAL_D12,19.00,1.3202,,MR60BHA2_breath_phase,safenest-node-01
22.4090,-0.410000,S001,S001_NORMAL_D12,1,NORMAL_D12,19.00,1.3202,,MR60BHA2_breath_phase,safenest-node-01
22.5090,-0.260000,S001,S001_NORMAL_D12,1,NORMAL_D12,19.00,1.3202,,MR60BHA2_breath_phase,safenest-node-01
22.6090,-0.130000,S001,S001_NORMAL_D12,1,NORMAL_D12,19.00,1.3202,,MR60BHA2_breath_phase,safenest-node-01
22.7090,-0.060000,S001,S001_NORMAL_D12,1,NORMAL_D12,19.00,1.3202,,MR60BHA2_breath_phase,safenest-node-01
22.8090,0.050000,S001,S001_NORMAL_D12,1,NORMAL_D12,19.00,1.3202,,MR60BHA2_breath_phase,safenest-node-01
22.9090,0.100000,S001,S001_NORMAL_D12,1,NORMAL_D12,19.00,1.3202,,MR60BHA2_breath_phase,safenest-node-01
23.0090,0.180000,S001,S001_NORMAL_D12,1,NORMAL_D12,19.00,1.3202,,MR60BHA2_breath_phase,safenest-node-01
23.1090,0.240000,S001,S001_NORMAL_D12,1,NORMAL_D12,19.00,1.3202,,MR60BHA2_breath_phase,safenest-node-01
23.2090,0.290000,S001,S001_NORMAL_D12,1,NORMAL_D12,19.00,1.3202,,MR60BHA2_breath_phase,safenest-node-01
23.3090,0.310000,S001,S001_NORMAL_D12,1,NORMAL_D12,19.00,1.3202,,MR60BHA2_breath_phase,safenest-node-01
23.4090,0.320000,S001,S001_NORMAL_D12,1,NORMAL_D12,19.00,1.3202,,MR60BHA2_breath_phase,safenest-node-01
23.5090,0.340000,S001,S001_NORMAL_D12,1,NORMAL_D12,19.00,1.3202,,MR60BHA2_breath_phase,safenest-node-01
23.6090,0.330000,S001,S001_NORMAL_D12,1,NORMAL_D12,19.00,1.3202,,MR60BHA2_breath_phase,safenest-node-01
23.7090,0.300000,S001,S001_NORMAL_D12,1,NORMAL_D12,19.00,1.3202,,MR60BHA2_breath_phase,safenest-node-01
23.8090,0.280000,S001,S001_NORMAL_D12,1,NORMAL_D12,19.00,1.3202,,MR60BHA2_breath_phase,safenest-node-01
23.9090,0.210000,S001,S001_NORMAL_D12,1,NORMAL_D12,20.00,1.3202,,MR60BHA2_breath_phase,safenest-node-01
24.0090,0.170000,S001,S001_NORMAL_D12,1,NORMAL_D12,20.00,1.3202,,MR60BHA2_breath_phase,safenest-node-01
24.1090,0.080000,S001,S001_NORMAL_D12,1,NORMAL_D12,20.00,1.3202,,MR60BHA2_breath_phase,safenest-node-01
24.2090,-0.040000,S001,S001_NORMAL_D12,1,NORMAL_D12,20.00,1.3202,,MR60BHA2_breath_phase,safenest-node-01
24.3090,-0.090000,S001,S001_NORMAL_D12,1,NORMAL_D12,20.00,1.3202,,MR60BHA2_breath_phase,safenest-node-01
24.4090,-0.210000,S001,S001_NORMAL_D12,1,NORMAL_D12,20.00,1.3202,,MR60BHA2_breath_phase,safenest-node-01
24.5090,-0.260000,S001,S001_NORMAL_D12,1,NORMAL_D12,20.00,1.3202,,MR60BHA2_breath_phase,safenest-node-01
24.6090,-0.350000,S001,S001_NORMAL_D12,1,NORMAL_D12,21.00,1.3202,,MR60BHA2_breath_phase,safenest-node-01
24.7090,-0.420000,S001,S001_NORMAL_D12,1,NORMAL_D12,21.00,1.3202,,MR60BHA2_breath_phase,safenest-node-01
24.8100,-0.450000,S001,S001_NORMAL_D12,1,NORMAL_D12,21.00,1.3202,,MR60BHA2_breath_phase,safenest-node-01
24.9100,-0.460000,S001,S001_NORMAL_D12,1,NORMAL_D12,21.00,1.3202,,MR60BHA2_breath_phase,safenest-node-01
25.0100,-0.450000,S001,S001_NORMAL_D12,1,NORMAL_D12,21.00,1.3202,,MR60BHA2_breath_phase,safenest-node-01
25.1100,-0.430000,S001,S001_NORMAL_D12,1,NORMAL_D12,21.00,1.3202,,MR60BHA2_breath_phase,safenest-node-01
25.2100,-0.380000,S001,S001_NORMAL_D12,1,NORMAL_D12,21.00,1.3202,,MR60BHA2_breath_phase,safenest-node-01
25.3100,-0.310000,S001,S001_NORMAL_D12,1,NORMAL_D12,21.00,1.3202,,MR60BHA2_breath_phase,safenest-node-01
25.4100,-0.280000,S001,S001_NORMAL_D12,1,NORMAL_D12,21.00,1.3202,,MR60BHA2_breath_phase,safenest-node-01
25.5100,-0.200000,S001,S001_NORMAL_D12,1,NORMAL_D12,21.00,1.3202,,MR60BHA2_breath_phase,safenest-node-01
25.6100,-0.170000,S001,S001_NORMAL_D12,1,NORMAL_D12,22.00,1.3202,,MR60BHA2_breath_phase,safenest-node-01
25.7100,-0.090000,S001,S001_NORMAL_D12,1,NORMAL_D12,22.00,1.3202,,MR60BHA2_breath_phase,safenest-node-01
25.8100,-0.030000,S001,S001_NORMAL_D12,1,NORMAL_D12,22.00,1.3202,,MR60BHA2_breath_phase,safenest-node-01
25.9110,0.000000,S001,S001_NORMAL_D12,1,NORMAL_D12,22.00,1.3202,,MR60BHA2_breath_phase,safenest-node-01
26.0110,0.050000,S001,S001_NORMAL_D12,1,NORMAL_D12,22.00,1.3202,,MR60BHA2_breath_phase,safenest-node-01
26.1110,0.080000,S001,S001_NORMAL_D12,1,NORMAL_D12,22.00,1.3202,,MR60BHA2_breath_phase,safenest-node-01
26.2110,0.110000,S001,S001_NORMAL_D12,1,NORMAL_D12,22.00,1.3202,,MR60BHA2_breath_phase,safenest-node-01
26.3110,0.140000,S001,S001_NORMAL_D12,1,NORMAL_D12,22.00,1.3202,,MR60BHA2_breath_phase,safenest-node-01
26.4110,0.150000,S001,S001_NORMAL_D12,1,NORMAL_D12,22.00,1.3202,,MR60BHA2_breath_phase,safenest-node-01
26.5110,0.160000,S001,S001_NORMAL_D12,1,NORMAL_D12,22.00,1.3202,,MR60BHA2_breath_phase,safenest-node-01
26.6110,0.160000,S001,S001_NORMAL_D12,1,NORMAL_D12,22.00,1.3202,,MR60BHA2_breath_phase,safenest-node-01
26.7110,0.160000,S001,S001_NORMAL_D12,1,NORMAL_D12,22.00,1.3202,,MR60BHA2_breath_phase,safenest-node-01
26.8110,0.160000,S001,S001_NORMAL_D12,1,NORMAL_D12,22.00,1.3202,,MR60BHA2_breath_phase,safenest-node-01
26.9110,0.150000,S001,S001_NORMAL_D12,1,NORMAL_D12,22.00,1.3202,,MR60BHA2_breath_phase,safenest-node-01
27.0110,0.150000,S001,S001_NORMAL_D12,1,NORMAL_D12,22.00,1.3202,,MR60BHA2_breath_phase,safenest-node-01
27.1110,0.160000,S001,S001_NORMAL_D12,1,NORMAL_D12,22.00,1.3202,,MR60BHA2_breath_phase,safenest-node-01
27.2110,0.160000,S001,S001_NORMAL_D12,1,NORMAL_D12,22.00,1.3202,,MR60BHA2_breath_phase,safenest-node-01
27.3110,0.170000,S001,S001_NORMAL_D12,1,NORMAL_D12,23.00,1.3202,,MR60BHA2_breath_phase,safenest-node-01
27.4110,0.170000,S001,S001_NORMAL_D12,1,NORMAL_D12,23.00,1.3202,,MR60BHA2_breath_phase,safenest-node-01
27.5110,0.170000,S001,S001_NORMAL_D12,1,NORMAL_D12,23.00,1.3202,,MR60BHA2_breath_phase,safenest-node-01
27.6110,0.170000,S001,S001_NORMAL_D12,1,NORMAL_D12,23.00,1.3202,,MR60BHA2_breath_phase,safenest-node-01
27.7110,0.170000,S001,S001_NORMAL_D12,1,NORMAL_D12,23.00,1.3202,,MR60BHA2_breath_phase,safenest-node-01
27.8110,0.150000,S001,S001_NORMAL_D12,1,NORMAL_D12,23.00,1.3202,,MR60BHA2_breath_phase,safenest-node-01
27.9110,0.140000,S001,S001_NORMAL_D12,1,NORMAL_D12,23.00,1.3202,,MR60BHA2_breath_phase,safenest-node-01
28.0120,0.120000,S001,S001_NORMAL_D12,1,NORMAL_D12,23.00,1.3202,,MR60BHA2_breath_phase,safenest-node-01
28.1120,0.110000,S001,S001_NORMAL_D12,1,NORMAL_D12,23.00,1.3202,,MR60BHA2_breath_phase,safenest-node-01
28.2120,0.100000,S001,S001_NORMAL_D12,1,NORMAL_D12,23.00,1.3202,,MR60BHA2_breath_phase,safenest-node-01
28.3120,0.100000,S001,S001_NORMAL_D12,1,NORMAL_D12,23.00,1.3202,,MR60BHA2_breath_phase,safenest-node-01
28.4120,0.090000,S001,S001_NORMAL_D12,1,NORMAL_D12,23.00,1.3202,,MR60BHA2_breath_phase,safenest-node-01
28.5120,0.090000,S001,S001_NORMAL_D12,1,NORMAL_D12,23.00,1.3202,,MR60BHA2_breath_phase,safenest-node-01
28.6120,0.090000,S001,S001_NORMAL_D12,1,NORMAL_D12,23.00,1.3202,,MR60BHA2_breath_phase,safenest-node-01
28.7120,0.090000,S001,S001_NORMAL_D12,1,NORMAL_D12,23.00,1.3202,,MR60BHA2_breath_phase,safenest-node-01
28.8120,0.090000,S001,S001_NORMAL_D12,1,NORMAL_D12,22.00,1.3202,,MR60BHA2_breath_phase,safenest-node-01
28.9120,0.090000,S001,S001_NORMAL_D12,1,NORMAL_D12,22.00,1.3202,,MR60BHA2_breath_phase,safenest-node-01
29.0120,0.100000,S001,S001_NORMAL_D12,1,NORMAL_D12,22.00,1.3202,,MR60BHA2_breath_phase,safenest-node-01
29.1120,0.100000,S001,S001_NORMAL_D12,1,NORMAL_D12,22.00,1.3202,,MR60BHA2_breath_phase,safenest-node-01
29.2120,0.110000,S001,S001_NORMAL_D12,1,NORMAL_D12,22.00,1.3776,,MR60BHA2_breath_phase,safenest-node-01
29.3120,0.120000,S001,S001_NORMAL_D12,1,NORMAL_D12,22.00,1.3776,,MR60BHA2_breath_phase,safenest-node-01
29.4120,0.130000,S001,S001_NORMAL_D12,1,NORMAL_D12,22.00,1.3776,,MR60BHA2_breath_phase,safenest-node-01
29.5120,0.150000,S001,S001_NORMAL_D12,1,NORMAL_D12,22.00,1.3776,,MR60BHA2_breath_phase,safenest-node-01
29.6120,0.180000,S001,S001_NORMAL_D12,1,NORMAL_D12,22.00,1.3776,,MR60BHA2_breath_phase,safenest-node-01
29.7120,0.190000,S001,S001_NORMAL_D12,1,NORMAL_D12,22.00,1.3776,,MR60BHA2_breath_phase,safenest-node-01
29.8120,0.220000,S001,S001_NORMAL_D12,1,NORMAL_D12,22.00,1.3776,,MR60BHA2_breath_phase,safenest-node-01
29.9120,0.240000,S001,S001_NORMAL_D12,1,NORMAL_D12,22.00,1.3776,,MR60BHA2_breath_phase,safenest-node-01
30.0120,0.280000,S001,S001_NORMAL_D12,1,NORMAL_D12,22.00,1.3776,,MR60BHA2_breath_phase,safenest-node-01
30.1120,0.300000,S001,S001_NORMAL_D12,1,NORMAL_D12,22.00,1.3776,,MR60BHA2_breath_phase,safenest-node-01
30.2120,0.320000,S001,S001_NORMAL_D12,1,NORMAL_D12,22.00,1.3776,,MR60BHA2_breath_phase,safenest-node-01
30.3120,0.330000,S001,S001_NORMAL_D12,1,NORMAL_D12,23.00,1.3776,,MR60BHA2_breath_phase,safenest-node-01
30.4120,0.330000,S001,S001_NORMAL_D12,1,NORMAL_D12,23.00,1.3776,,MR60BHA2_breath_phase,safenest-node-01
30.5120,0.320000,S001,S001_NORMAL_D12,1,NORMAL_D12,23.00,1.3776,,MR60BHA2_breath_phase,safenest-node-01
30.6120,0.300000,S001,S001_NORMAL_D12,1,NORMAL_D12,23.00,1.3776,,MR60BHA2_breath_phase,safenest-node-01
30.7120,0.280000,S001,S001_NORMAL_D12,1,NORMAL_D12,23.00,1.3776,,MR60BHA2_breath_phase,safenest-node-01
30.8120,0.210000,S001,S001_NORMAL_D12,1,NORMAL_D12,23.00,1.3776,,MR60BHA2_breath_phase,safenest-node-01
30.9120,0.180000,S001,S001_NORMAL_D12,1,NORMAL_D12,23.00,1.3776,,MR60BHA2_breath_phase,safenest-node-01
31.0120,0.080000,S001,S001_NORMAL_D12,1,NORMAL_D12,23.00,1.3776,,MR60BHA2_breath_phase,safenest-node-01
31.1120,-0.040000,S001,S001_NORMAL_D12,1,NORMAL_D12,23.00,1.3776,,MR60BHA2_breath_phase,safenest-node-01
31.2120,-0.160000,S001,S001_NORMAL_D12,1,NORMAL_D12,23.00,1.3776,,MR60BHA2_breath_phase,safenest-node-01
31.3120,-0.230000,S001,S001_NORMAL_D12,1,NORMAL_D12,23.00,1.3776,,MR60BHA2_breath_phase,safenest-node-01
31.4120,-0.290000,S001,S001_NORMAL_D12,1,NORMAL_D12,23.00,1.3776,,MR60BHA2_breath_phase,safenest-node-01
31.5120,-0.420000,S001,S001_NORMAL_D12,1,NORMAL_D12,23.00,1.3776,,MR60BHA2_breath_phase,safenest-node-01
31.6120,-0.530000,S001,S001_NORMAL_D12,1,NORMAL_D12,22.00,1.3776,,MR60BHA2_breath_phase,safenest-node-01
31.7120,-0.620000,S001,S001_NORMAL_D12,1,NORMAL_D12,21.00,1.3776,,MR60BHA2_breath_phase,safenest-node-01
31.8120,-0.650000,S001,S001_NORMAL_D12,1,NORMAL_D12,21.00,1.3776,,MR60BHA2_breath_phase,safenest-node-01
31.9120,-0.700000,S001,S001_NORMAL_D12,1,NORMAL_D12,20.00,1.3776,,MR60BHA2_breath_phase,safenest-node-01
32.0120,-0.710000,S001,S001_NORMAL_D12,1,NORMAL_D12,19.00,1.3776,,MR60BHA2_breath_phase,safenest-node-01
32.1120,-0.710000,S001,S001_NORMAL_D12,1,NORMAL_D12,18.00,1.3776,,MR60BHA2_breath_phase,safenest-node-01
32.2120,-0.680000,S001,S001_NORMAL_D12,1,NORMAL_D12,17.00,1.3776,,MR60BHA2_breath_phase,safenest-node-01
32.3120,-0.660000,S001,S001_NORMAL_D12,1,NORMAL_D12,17.00,1.3776,,MR60BHA2_breath_phase,safenest-node-01
32.4120,-0.580000,S001,S001_NORMAL_D12,1,NORMAL_D12,16.00,1.3776,,MR60BHA2_breath_phase,safenest-node-01
32.5120,-0.530000,S001,S001_NORMAL_D12,1,NORMAL_D12,15.00,1.3776,,MR60BHA2_breath_phase,safenest-node-01
32.6120,-0.420000,S001,S001_NORMAL_D12,1,NORMAL_D12,14.00,1.3776,,MR60BHA2_breath_phase,safenest-node-01
32.7120,-0.300000,S001,S001_NORMAL_D12,1,NORMAL_D12,14.00,1.3776,,MR60BHA2_breath_phase,safenest-node-01
32.8130,-0.160000,S001,S001_NORMAL_D12,1,NORMAL_D12,13.00,1.3776,,MR60BHA2_breath_phase,safenest-node-01
32.9130,-0.100000,S001,S001_NORMAL_D12,1,NORMAL_D12,13.00,1.3776,,MR60BHA2_breath_phase,safenest-node-01
33.0130,0.030000,S001,S001_NORMAL_D12,1,NORMAL_D12,12.00,1.3776,,MR60BHA2_breath_phase,safenest-node-01
33.1130,0.100000,S001,S001_NORMAL_D12,1,NORMAL_D12,12.00,1.3202,,MR60BHA2_breath_phase,safenest-node-01
33.2130,0.210000,S001,S001_NORMAL_D12,1,NORMAL_D12,11.00,1.3202,,MR60BHA2_breath_phase,safenest-node-01
33.3130,0.300000,S001,S001_NORMAL_D12,1,NORMAL_D12,11.00,1.3202,,MR60BHA2_breath_phase,safenest-node-01
33.4130,0.340000,S001,S001_NORMAL_D12,1,NORMAL_D12,11.00,1.3202,,MR60BHA2_breath_phase,safenest-node-01
33.5130,0.400000,S001,S001_NORMAL_D12,1,NORMAL_D12,10.00,1.3202,,MR60BHA2_breath_phase,safenest-node-01
33.6130,0.430000,S001,S001_NORMAL_D12,1,NORMAL_D12,11.00,1.3202,,MR60BHA2_breath_phase,safenest-node-01
33.7130,0.470000,S001,S001_NORMAL_D12,1,NORMAL_D12,11.00,1.3202,,MR60BHA2_breath_phase,safenest-node-01
33.8130,0.490000,S001,S001_NORMAL_D12,1,NORMAL_D12,12.00,1.3202,,MR60BHA2_breath_phase,safenest-node-01
33.9130,0.490000,S001,S001_NORMAL_D12,1,NORMAL_D12,12.00,1.3202,,MR60BHA2_breath_phase,safenest-node-01
34.0130,0.500000,S001,S001_NORMAL_D12,1,NORMAL_D12,13.00,1.3202,,MR60BHA2_breath_phase,safenest-node-01
34.1130,0.490000,S001,S001_NORMAL_D12,1,NORMAL_D12,13.00,1.3202,,MR60BHA2_breath_phase,safenest-node-01
34.2130,0.470000,S001,S001_NORMAL_D12,1,NORMAL_D12,14.00,1.3202,,MR60BHA2_breath_phase,safenest-node-01
34.3130,0.430000,S001,S001_NORMAL_D12,1,NORMAL_D12,14.00,1.3202,,MR60BHA2_breath_phase,safenest-node-01
34.4130,0.370000,S001,S001_NORMAL_D12,1,NORMAL_D12,15.00,1.3202,,MR60BHA2_breath_phase,safenest-node-01
34.5130,0.340000,S001,S001_NORMAL_D12,1,NORMAL_D12,15.00,1.3202,,MR60BHA2_breath_phase,safenest-node-01
34.6130,0.260000,S001,S001_NORMAL_D12,1,NORMAL_D12,15.00,1.3202,,MR60BHA2_breath_phase,safenest-node-01
34.7130,0.210000,S001,S001_NORMAL_D12,1,NORMAL_D12,15.00,1.3202,,MR60BHA2_breath_phase,safenest-node-01
34.8130,0.120000,S001,S001_NORMAL_D12,1,NORMAL_D12,15.00,1.3202,,MR60BHA2_breath_phase,safenest-node-01
34.9130,0.010000,S001,S001_NORMAL_D12,1,NORMAL_D12,15.00,1.3202,,MR60BHA2_breath_phase,safenest-node-01
35.0130,-0.040000,S001,S001_NORMAL_D12,1,NORMAL_D12,15.00,1.3202,,MR60BHA2_breath_phase,safenest-node-01
35.1130,-0.150000,S001,S001_NORMAL_D12,1,NORMAL_D12,15.00,1.3202,,MR60BHA2_breath_phase,safenest-node-01
35.2130,-0.200000,S001,S001_NORMAL_D12,1,NORMAL_D12,15.00,1.3202,,MR60BHA2_breath_phase,safenest-node-01
35.3130,-0.280000,S001,S001_NORMAL_D12,1,NORMAL_D12,15.00,1.3202,,MR60BHA2_breath_phase,safenest-node-01
35.4130,-0.350000,S001,S001_NORMAL_D12,1,NORMAL_D12,15.00,1.3202,,MR60BHA2_breath_phase,safenest-node-01
35.5140,-0.380000,S001,S001_NORMAL_D12,1,NORMAL_D12,15.00,1.3202,,MR60BHA2_breath_phase,safenest-node-01
35.6140,-0.410000,S001,S001_NORMAL_D12,1,NORMAL_D12,15.00,1.3202,,MR60BHA2_breath_phase,safenest-node-01
35.7140,-0.410000,S001,S001_NORMAL_D12,1,NORMAL_D12,15.00,1.3202,,MR60BHA2_breath_phase,safenest-node-01
35.8140,-0.400000,S001,S001_NORMAL_D12,1,NORMAL_D12,16.00,1.3202,,MR60BHA2_breath_phase,safenest-node-01
35.9140,-0.370000,S001,S001_NORMAL_D12,1,NORMAL_D12,16.00,1.3202,,MR60BHA2_breath_phase,safenest-node-01
36.0150,-0.320000,S001,S001_NORMAL_D12,1,NORMAL_D12,16.00,1.3202,,MR60BHA2_breath_phase,safenest-node-01
36.1150,-0.280000,S001,S001_NORMAL_D12,1,NORMAL_D12,16.00,1.3202,,MR60BHA2_breath_phase,safenest-node-01
36.2150,-0.210000,S001,S001_NORMAL_D12,1,NORMAL_D12,16.00,1.3202,,MR60BHA2_breath_phase,safenest-node-01
36.3150,-0.170000,S001,S001_NORMAL_D12,1,NORMAL_D12,16.00,1.3202,,MR60BHA2_breath_phase,safenest-node-01
36.4150,-0.080000,S001,S001_NORMAL_D12,1,NORMAL_D12,16.00,1.3202,,MR60BHA2_breath_phase,safenest-node-01
36.5150,0.000000,S001,S001_NORMAL_D12,1,NORMAL_D12,16.00,1.3202,,MR60BHA2_breath_phase,safenest-node-01
36.6150,0.040000,S001,S001_NORMAL_D12,1,NORMAL_D12,16.00,1.3202,,MR60BHA2_breath_phase,safenest-node-01
36.7150,0.120000,S001,S001_NORMAL_D12,1,NORMAL_D12,16.00,1.3202,,MR60BHA2_breath_phase,safenest-node-01
36.8150,0.150000,S001,S001_NORMAL_D12,1,NORMAL_D12,17.00,1.3202,,MR60BHA2_breath_phase,safenest-node-01
36.9150,0.210000,S001,S001_NORMAL_D12,1,NORMAL_D12,17.00,1.3202,,MR60BHA2_breath_phase,safenest-node-01
37.0150,0.260000,S001,S001_NORMAL_D12,1,NORMAL_D12,17.00,1.3202,,MR60BHA2_breath_phase,safenest-node-01
37.1160,0.280000,S001,S001_NORMAL_D12,1,NORMAL_D12,17.00,1.3202,,MR60BHA2_breath_phase,safenest-node-01
37.2160,0.290000,S001,S001_NORMAL_D12,1,NORMAL_D12,17.00,1.3202,,MR60BHA2_breath_phase,safenest-node-01
37.3170,0.290000,S001,S001_NORMAL_D12,1,NORMAL_D12,17.00,1.3202,,MR60BHA2_breath_phase,safenest-node-01
37.4170,0.270000,S001,S001_NORMAL_D12,1,NORMAL_D12,17.00,1.3202,,MR60BHA2_breath_phase,safenest-node-01
37.5170,0.240000,S001,S001_NORMAL_D12,1,NORMAL_D12,17.00,1.3202,,MR60BHA2_breath_phase,safenest-node-01
37.6170,0.180000,S001,S001_NORMAL_D12,1,NORMAL_D12,17.00,1.3202,,MR60BHA2_breath_phase,safenest-node-01
37.7170,0.150000,S001,S001_NORMAL_D12,1,NORMAL_D12,17.00,1.3202,,MR60BHA2_breath_phase,safenest-node-01
37.8170,0.080000,S001,S001_NORMAL_D12,1,NORMAL_D12,17.00,1.3202,,MR60BHA2_breath_phase,safenest-node-01
37.9170,0.040000,S001,S001_NORMAL_D12,1,NORMAL_D12,17.00,1.3202,,MR60BHA2_breath_phase,safenest-node-01
38.0170,-0.030000,S001,S001_NORMAL_D12,1,NORMAL_D12,17.00,1.3202,,MR60BHA2_breath_phase,safenest-node-01
38.1170,-0.090000,S001,S001_NORMAL_D12,1,NORMAL_D12,18.00,1.3202,,MR60BHA2_breath_phase,safenest-node-01
38.2180,-0.120000,S001,S001_NORMAL_D12,1,NORMAL_D12,18.00,1.3202,,MR60BHA2_breath_phase,safenest-node-01
38.3180,-0.160000,S001,S001_NORMAL_D12,1,NORMAL_D12,18.00,1.3202,,MR60BHA2_breath_phase,safenest-node-01
38.4180,-0.170000,S001,S001_NORMAL_D12,1,NORMAL_D12,18.00,1.3202,,MR60BHA2_breath_phase,safenest-node-01
38.5180,-0.190000,S001,S001_NORMAL_D12,1,NORMAL_D12,18.00,1.3202,,MR60BHA2_breath_phase,safenest-node-01
38.6180,-0.190000,S001,S001_NORMAL_D12,1,NORMAL_D12,18.00,1.3202,,MR60BHA2_breath_phase,safenest-node-01
38.7180,-0.180000,S001,S001_NORMAL_D12,1,NORMAL_D12,18.00,1.3202,,MR60BHA2_breath_phase,safenest-node-01
38.8180,-0.170000,S001,S001_NORMAL_D12,1,NORMAL_D12,18.00,1.3202,,MR60BHA2_breath_phase,safenest-node-01
38.9180,-0.150000,S001,S001_NORMAL_D12,1,NORMAL_D12,18.00,1.3202,,MR60BHA2_breath_phase,safenest-node-01
39.0180,-0.140000,S001,S001_NORMAL_D12,1,NORMAL_D12,18.00,1.3202,,MR60BHA2_breath_phase,safenest-node-01
39.1180,-0.110000,S001,S001_NORMAL_D12,1,NORMAL_D12,18.00,1.2628,,MR60BHA2_breath_phase,safenest-node-01
39.2180,-0.090000,S001,S001_NORMAL_D12,1,NORMAL_D12,18.00,1.2628,,MR60BHA2_breath_phase,safenest-node-01
39.3180,-0.080000,S001,S001_NORMAL_D12,1,NORMAL_D12,18.00,1.2628,,MR60BHA2_breath_phase,safenest-node-01
39.4180,-0.060000,S001,S001_NORMAL_D12,1,NORMAL_D12,18.00,1.2628,,MR60BHA2_breath_phase,safenest-node-01
39.5180,-0.050000,S001,S001_NORMAL_D12,1,NORMAL_D12,18.00,1.2628,,MR60BHA2_breath_phase,safenest-node-01
39.6180,-0.040000,S001,S001_NORMAL_D12,1,NORMAL_D12,19.00,1.2628,,MR60BHA2_breath_phase,safenest-node-01
39.7180,-0.040000,S001,S001_NORMAL_D12,1,NORMAL_D12,19.00,1.2054,,MR60BHA2_breath_phase,safenest-node-01
39.8180,-0.040000,S001,S001_NORMAL_D12,1,NORMAL_D12,19.00,1.2054,,MR60BHA2_breath_phase,safenest-node-01
39.9180,-0.040000,S001,S001_NORMAL_D12,1,NORMAL_D12,19.00,1.2054,,MR60BHA2_breath_phase,safenest-node-01
40.0180,-0.050000,S001,S001_NORMAL_D12,1,NORMAL_D12,19.00,1.2628,,MR60BHA2_breath_phase,safenest-node-01
40.1180,-0.060000,S001,S001_NORMAL_D12,1,NORMAL_D12,19.00,1.2628,,MR60BHA2_breath_phase,safenest-node-01
40.2180,-0.080000,S001,S001_NORMAL_D12,1,NORMAL_D12,20.00,1.2628,,MR60BHA2_breath_phase,safenest-node-01
40.3180,-0.080000,S001,S001_NORMAL_D12,1,NORMAL_D12,20.00,1.2628,,MR60BHA2_breath_phase,safenest-node-01
40.4180,-0.100000,S001,S001_NORMAL_D12,1,NORMAL_D12,20.00,1.2628,,MR60BHA2_breath_phase,safenest-node-01
40.5180,-0.100000,S001,S001_NORMAL_D12,1,NORMAL_D12,20.00,1.2628,,MR60BHA2_breath_phase,safenest-node-01
40.6180,-0.090000,S001,S001_NORMAL_D12,1,NORMAL_D12,20.00,1.2628,,MR60BHA2_breath_phase,safenest-node-01
40.7180,-0.070000,S001,S001_NORMAL_D12,1,NORMAL_D12,20.00,1.3202,,MR60BHA2_breath_phase,safenest-node-01
40.8180,-0.050000,S001,S001_NORMAL_D12,1,NORMAL_D12,20.00,1.3202,,MR60BHA2_breath_phase,safenest-node-01
40.9180,0.010000,S001,S001_NORMAL_D12,1,NORMAL_D12,21.00,1.3202,,MR60BHA2_breath_phase,safenest-node-01
41.0180,0.040000,S001,S001_NORMAL_D12,1,NORMAL_D12,21.00,1.3202,,MR60BHA2_breath_phase,safenest-node-01
41.1180,0.120000,S001,S001_NORMAL_D12,1,NORMAL_D12,21.00,1.3202,,MR60BHA2_breath_phase,safenest-node-01
41.2180,0.200000,S001,S001_NORMAL_D12,1,NORMAL_D12,21.00,1.3202,,MR60BHA2_breath_phase,safenest-node-01
41.3190,0.240000,S001,S001_NORMAL_D12,1,NORMAL_D12,21.00,1.3202,,MR60BHA2_breath_phase,safenest-node-01
41.4190,0.300000,S001,S001_NORMAL_D12,1,NORMAL_D12,21.00,1.3202,,MR60BHA2_breath_phase,safenest-node-01
41.5190,0.320000,S001,S001_NORMAL_D12,1,NORMAL_D12,21.00,1.3202,,MR60BHA2_breath_phase,safenest-node-01
41.6190,0.320000,S001,S001_NORMAL_D12,1,NORMAL_D12,21.00,1.3202,,MR60BHA2_breath_phase,safenest-node-01
41.7190,0.280000,S001,S001_NORMAL_D12,1,NORMAL_D12,21.00,1.3202,,MR60BHA2_breath_phase,safenest-node-01
41.8190,0.210000,S001,S001_NORMAL_D12,1,NORMAL_D12,21.00,1.3202,,MR60BHA2_breath_phase,safenest-node-01
41.9190,0.160000,S001,S001_NORMAL_D12,1,NORMAL_D12,21.00,1.3202,,MR60BHA2_breath_phase,safenest-node-01
42.0190,0.050000,S001,S001_NORMAL_D12,1,NORMAL_D12,21.00,1.3202,,MR60BHA2_breath_phase,safenest-node-01
42.1190,-0.010000,S001,S001_NORMAL_D12,1,NORMAL_D12,21.00,1.3202,,MR60BHA2_breath_phase,safenest-node-01
42.2190,-0.110000,S001,S001_NORMAL_D12,1,NORMAL_D12,21.00,1.3202,,MR60BHA2_breath_phase,safenest-node-01
42.3190,-0.200000,S001,S001_NORMAL_D12,1,NORMAL_D12,21.00,1.3202,,MR60BHA2_breath_phase,safenest-node-01
42.4190,-0.230000,S001,S001_NORMAL_D12,1,NORMAL_D12,21.00,1.3202,,MR60BHA2_breath_phase,safenest-node-01
42.5190,-0.270000,S001,S001_NORMAL_D12,1,NORMAL_D12,21.00,1.3202,,MR60BHA2_breath_phase,safenest-node-01
42.6190,-0.280000,S001,S001_NORMAL_D12,1,NORMAL_D12,20.00,1.3202,,MR60BHA2_breath_phase,safenest-node-01
42.7190,-0.270000,S001,S001_NORMAL_D12,1,NORMAL_D12,20.00,1.3202,,MR60BHA2_breath_phase,safenest-node-01
42.8190,-0.240000,S001,S001_NORMAL_D12,1,NORMAL_D12,20.00,1.3202,,MR60BHA2_breath_phase,safenest-node-01
42.9190,-0.220000,S001,S001_NORMAL_D12,1,NORMAL_D12,20.00,1.3202,,MR60BHA2_breath_phase,safenest-node-01
43.0190,-0.160000,S001,S001_NORMAL_D12,1,NORMAL_D12,20.00,1.3202,,MR60BHA2_breath_phase,safenest-node-01
43.1190,-0.130000,S001,S001_NORMAL_D12,1,NORMAL_D12,20.00,1.3202,,MR60BHA2_breath_phase,safenest-node-01
43.2190,-0.060000,S001,S001_NORMAL_D12,1,NORMAL_D12,20.00,1.3202,,MR60BHA2_breath_phase,safenest-node-01
43.3190,0.010000,S001,S001_NORMAL_D12,1,NORMAL_D12,20.00,1.3202,,MR60BHA2_breath_phase,safenest-node-01
43.4190,0.090000,S001,S001_NORMAL_D12,1,NORMAL_D12,20.00,1.3202,,MR60BHA2_breath_phase,safenest-node-01
43.5190,0.130000,S001,S001_NORMAL_D12,1,NORMAL_D12,20.00,1.3202,,MR60BHA2_breath_phase,safenest-node-01
43.6190,0.210000,S001,S001_NORMAL_D12,1,NORMAL_D12,21.00,1.3202,,MR60BHA2_breath_phase,safenest-node-01
43.7190,0.250000,S001,S001_NORMAL_D12,1,NORMAL_D12,21.00,1.3202,,MR60BHA2_breath_phase,safenest-node-01
43.8190,0.320000,S001,S001_NORMAL_D12,1,NORMAL_D12,22.00,1.3202,,MR60BHA2_breath_phase,safenest-node-01
43.9190,0.380000,S001,S001_NORMAL_D12,1,NORMAL_D12,22.00,1.3202,,MR60BHA2_breath_phase,safenest-node-01
44.0190,0.400000,S001,S001_NORMAL_D12,1,NORMAL_D12,22.00,1.3202,,MR60BHA2_breath_phase,safenest-node-01
44.1190,0.430000,S001,S001_NORMAL_D12,1,NORMAL_D12,23.00,1.3202,,MR60BHA2_breath_phase,safenest-node-01
44.2190,0.440000,S001,S001_NORMAL_D12,1,NORMAL_D12,23.00,1.3202,,MR60BHA2_breath_phase,safenest-node-01
44.3190,0.430000,S001,S001_NORMAL_D12,1,NORMAL_D12,24.00,1.3202,,MR60BHA2_breath_phase,safenest-node-01
44.4190,0.400000,S001,S001_NORMAL_D12,1,NORMAL_D12,24.00,1.3202,,MR60BHA2_breath_phase,safenest-node-01
44.5190,0.370000,S001,S001_NORMAL_D12,1,NORMAL_D12,24.00,1.3202,,MR60BHA2_breath_phase,safenest-node-01
44.6190,0.300000,S001,S001_NORMAL_D12,1,NORMAL_D12,25.00,1.3202,,MR60BHA2_breath_phase,safenest-node-01
44.7190,0.260000,S001,S001_NORMAL_D12,1,NORMAL_D12,25.00,1.3202,,MR60BHA2_breath_phase,safenest-node-01
44.8190,0.160000,S001,S001_NORMAL_D12,1,NORMAL_D12,25.00,1.3202,,MR60BHA2_breath_phase,safenest-node-01
44.9190,0.050000,S001,S001_NORMAL_D12,1,NORMAL_D12,25.00,1.3202,,MR60BHA2_breath_phase,safenest-node-01
45.0190,-0.070000,S001,S001_NORMAL_D12,1,NORMAL_D12,25.00,1.3202,,MR60BHA2_breath_phase,safenest-node-01
45.1190,-0.130000,S001,S001_NORMAL_D12,1,NORMAL_D12,25.00,1.3202,,MR60BHA2_breath_phase,safenest-node-01
45.2190,-0.240000,S001,S001_NORMAL_D12,1,NORMAL_D12,25.00,1.3202,,MR60BHA2_breath_phase,safenest-node-01
45.3190,-0.290000,S001,S001_NORMAL_D12,1,NORMAL_D12,25.00,1.3202,,MR60BHA2_breath_phase,safenest-node-01
45.4190,-0.390000,S001,S001_NORMAL_D12,1,NORMAL_D12,25.00,1.3202,,MR60BHA2_breath_phase,safenest-node-01
45.5190,-0.460000,S001,S001_NORMAL_D12,1,NORMAL_D12,23.00,1.3202,,MR60BHA2_breath_phase,safenest-node-01
45.6190,-0.480000,S001,S001_NORMAL_D12,1,NORMAL_D12,23.00,1.3202,,MR60BHA2_breath_phase,safenest-node-01
45.7190,-0.520000,S001,S001_NORMAL_D12,1,NORMAL_D12,24.00,1.3202,,MR60BHA2_breath_phase,safenest-node-01
45.8190,-0.530000,S001,S001_NORMAL_D12,1,NORMAL_D12,24.00,1.3202,,MR60BHA2_breath_phase,safenest-node-01
45.9190,-0.520000,S001,S001_NORMAL_D12,1,NORMAL_D12,24.00,1.3202,,MR60BHA2_breath_phase,safenest-node-01
46.0190,-0.480000,S001,S001_NORMAL_D12,1,NORMAL_D12,24.00,1.3202,,MR60BHA2_breath_phase,safenest-node-01
46.1200,-0.460000,S001,S001_NORMAL_D12,1,NORMAL_D12,24.00,1.3202,,MR60BHA2_breath_phase,safenest-node-01
46.2200,-0.390000,S001,S001_NORMAL_D12,1,NORMAL_D12,24.00,1.3202,,MR60BHA2_breath_phase,safenest-node-01
46.3200,-0.350000,S001,S001_NORMAL_D12,1,NORMAL_D12,24.00,1.3202,,MR60BHA2_breath_phase,safenest-node-01
46.4200,-0.260000,S001,S001_NORMAL_D12,1,NORMAL_D12,24.00,1.3202,,MR60BHA2_breath_phase,safenest-node-01
46.5200,-0.160000,S001,S001_NORMAL_D12,1,NORMAL_D12,24.00,1.3202,,MR60BHA2_breath_phase,safenest-node-01
46.6200,-0.050000,S001,S001_NORMAL_D12,1,NORMAL_D12,24.00,1.3202,,MR60BHA2_breath_phase,safenest-node-01
46.7200,0.000000,S001,S001_NORMAL_D12,1,NORMAL_D12,24.00,1.3202,,MR60BHA2_breath_phase,safenest-node-01
46.8210,0.110000,S001,S001_NORMAL_D12,1,NORMAL_D12,24.00,1.3202,,MR60BHA2_breath_phase,safenest-node-01
46.9210,0.160000,S001,S001_NORMAL_D12,1,NORMAL_D12,24.00,1.3202,,MR60BHA2_breath_phase,safenest-node-01
47.0210,0.270000,S001,S001_NORMAL_D12,1,NORMAL_D12,24.00,1.3202,,MR60BHA2_breath_phase,safenest-node-01
47.1210,0.360000,S001,S001_NORMAL_D12,1,NORMAL_D12,24.00,1.3202,,MR60BHA2_breath_phase,safenest-node-01
47.2210,0.390000,S001,S001_NORMAL_D12,1,NORMAL_D12,24.00,1.3202,,MR60BHA2_breath_phase,safenest-node-01
47.3210,0.450000,S001,S001_NORMAL_D12,1,NORMAL_D12,24.00,1.3202,,MR60BHA2_breath_phase,safenest-node-01
47.4210,0.470000,S001,S001_NORMAL_D12,1,NORMAL_D12,24.00,1.3202,,MR60BHA2_breath_phase,safenest-node-01
47.5210,0.490000,S001,S001_NORMAL_D12,1,NORMAL_D12,24.00,1.3202,,MR60BHA2_breath_phase,safenest-node-01
47.6210,0.460000,S001,S001_NORMAL_D12,1,NORMAL_D12,24.00,1.3202,,MR60BHA2_breath_phase,safenest-node-01
47.7210,0.440000,S001,S001_NORMAL_D12,1,NORMAL_D12,24.00,1.3202,,MR60BHA2_breath_phase,safenest-node-01
47.8210,0.370000,S001,S001_NORMAL_D12,1,NORMAL_D12,24.00,1.3202,,MR60BHA2_breath_phase,safenest-node-01
47.9210,0.320000,S001,S001_NORMAL_D12,1,NORMAL_D12,24.00,1.3202,,MR60BHA2_breath_phase,safenest-node-01
48.0210,0.220000,S001,S001_NORMAL_D12,1,NORMAL_D12,24.00,1.3202,,MR60BHA2_breath_phase,safenest-node-01
48.1210,0.110000,S001,S001_NORMAL_D12,1,NORMAL_D12,24.00,1.3202,,MR60BHA2_breath_phase,safenest-node-01
48.2220,0.050000,S001,S001_NORMAL_D12,1,NORMAL_D12,24.00,1.3202,,MR60BHA2_breath_phase,safenest-node-01
48.3220,-0.070000,S001,S001_NORMAL_D12,1,NORMAL_D12,24.00,1.3202,,MR60BHA2_breath_phase,safenest-node-01
48.4220,-0.130000,S001,S001_NORMAL_D12,1,NORMAL_D12,24.00,1.3202,,MR60BHA2_breath_phase,safenest-node-01
48.5220,-0.230000,S001,S001_NORMAL_D12,1,NORMAL_D12,24.00,1.3202,,MR60BHA2_breath_phase,safenest-node-01
48.6220,-0.310000,S001,S001_NORMAL_D12,1,NORMAL_D12,24.00,1.3202,,MR60BHA2_breath_phase,safenest-node-01
48.7230,-0.360000,S001,S001_NORMAL_D12,1,NORMAL_D12,24.00,1.3202,,MR60BHA2_breath_phase,safenest-node-01
48.8230,-0.370000,S001,S001_NORMAL_D12,1,NORMAL_D12,24.00,1.3202,,MR60BHA2_breath_phase,safenest-node-01
48.9230,-0.380000,S001,S001_NORMAL_D12,1,NORMAL_D12,24.00,1.3202,,MR60BHA2_breath_phase,safenest-node-01
49.0230,-0.380000,S001,S001_NORMAL_D12,1,NORMAL_D12,24.00,1.3202,,MR60BHA2_breath_phase,safenest-node-01
49.1230,-0.350000,S001,S001_NORMAL_D12,1,NORMAL_D12,24.00,1.3202,,MR60BHA2_breath_phase,safenest-node-01
49.2230,-0.310000,S001,S001_NORMAL_D12,1,NORMAL_D12,24.00,1.3202,,MR60BHA2_breath_phase,safenest-node-01
49.3230,-0.280000,S001,S001_NORMAL_D12,1,NORMAL_D12,24.00,1.3202,,MR60BHA2_breath_phase,safenest-node-01
49.4230,-0.200000,S001,S001_NORMAL_D12,1,NORMAL_D12,24.00,1.3202,,MR60BHA2_breath_phase,safenest-node-01
49.5230,-0.160000,S001,S001_NORMAL_D12,1,NORMAL_D12,24.00,1.3202,,MR60BHA2_breath_phase,safenest-node-01
49.6230,-0.070000,S001,S001_NORMAL_D12,1,NORMAL_D12,24.00,1.3202,,MR60BHA2_breath_phase,safenest-node-01
49.7230,0.030000,S001,S001_NORMAL_D12,1,NORMAL_D12,24.00,1.3202,,MR60BHA2_breath_phase,safenest-node-01
49.8230,0.080000,S001,S001_NORMAL_D12,1,NORMAL_D12,24.00,1.3202,,MR60BHA2_breath_phase,safenest-node-01
49.9230,0.160000,S001,S001_NORMAL_D12,1,NORMAL_D12,24.00,1.3202,,MR60BHA2_breath_phase,safenest-node-01
50.0230,0.200000,S001,S001_NORMAL_D12,1,NORMAL_D12,24.00,1.3202,,MR60BHA2_breath_phase,safenest-node-01
50.1230,0.260000,S001,S001_NORMAL_D12,1,NORMAL_D12,24.00,1.3202,,MR60BHA2_breath_phase,safenest-node-01
50.2230,0.290000,S001,S001_NORMAL_D12,1,NORMAL_D12,24.00,1.3202,,MR60BHA2_breath_phase,safenest-node-01
50.3230,0.300000,S001,S001_NORMAL_D12,1,NORMAL_D12,24.00,1.3202,,MR60BHA2_breath_phase,safenest-node-01
50.4230,0.300000,S001,S001_NORMAL_D12,1,NORMAL_D12,24.00,1.3202,,MR60BHA2_breath_phase,safenest-node-01
50.5230,0.290000,S001,S001_NORMAL_D12,1,NORMAL_D12,24.00,1.3202,,MR60BHA2_breath_phase,safenest-node-01
50.6230,0.240000,S001,S001_NORMAL_D12,1,NORMAL_D12,24.00,1.3202,,MR60BHA2_breath_phase,safenest-node-01
50.7230,0.170000,S001,S001_NORMAL_D12,1,NORMAL_D12,24.00,1.3202,,MR60BHA2_breath_phase,safenest-node-01
50.8230,0.090000,S001,S001_NORMAL_D12,1,NORMAL_D12,24.00,1.3202,,MR60BHA2_breath_phase,safenest-node-01
50.9230,0.040000,S001,S001_NORMAL_D12,1,NORMAL_D12,24.00,1.3202,,MR60BHA2_breath_phase,safenest-node-01
51.0230,-0.050000,S001,S001_NORMAL_D12,1,NORMAL_D12,24.00,1.3202,,MR60BHA2_breath_phase,safenest-node-01
51.1230,-0.090000,S001,S001_NORMAL_D12,1,NORMAL_D12,24.00,1.3202,,MR60BHA2_breath_phase,safenest-node-01
51.2230,-0.180000,S001,S001_NORMAL_D12,1,NORMAL_D12,24.00,1.3202,,MR60BHA2_breath_phase,safenest-node-01
51.3230,-0.240000,S001,S001_NORMAL_D12,1,NORMAL_D12,24.00,1.3202,,MR60BHA2_breath_phase,safenest-node-01
51.4230,-0.260000,S001,S001_NORMAL_D12,1,NORMAL_D12,24.00,1.3202,,MR60BHA2_breath_phase,safenest-node-01
51.5230,-0.290000,S001,S001_NORMAL_D12,1,NORMAL_D12,24.00,1.3202,,MR60BHA2_breath_phase,safenest-node-01
51.6230,-0.300000,S001,S001_NORMAL_D12,1,NORMAL_D12,24.00,1.3202,,MR60BHA2_breath_phase,safenest-node-01
51.7230,-0.290000,S001,S001_NORMAL_D12,1,NORMAL_D12,24.00,1.3202,,MR60BHA2_breath_phase,safenest-node-01
51.8230,-0.250000,S001,S001_NORMAL_D12,1,NORMAL_D12,24.00,1.3202,,MR60BHA2_breath_phase,safenest-node-01
51.9230,-0.230000,S001,S001_NORMAL_D12,1,NORMAL_D12,24.00,1.3202,,MR60BHA2_breath_phase,safenest-node-01
52.0230,-0.170000,S001,S001_NORMAL_D12,1,NORMAL_D12,24.00,1.3202,,MR60BHA2_breath_phase,safenest-node-01
52.1230,-0.140000,S001,S001_NORMAL_D12,1,NORMAL_D12,24.00,1.3202,,MR60BHA2_breath_phase,safenest-node-01
52.2230,-0.060000,S001,S001_NORMAL_D12,1,NORMAL_D12,24.00,1.3202,,MR60BHA2_breath_phase,safenest-node-01
52.3230,0.010000,S001,S001_NORMAL_D12,1,NORMAL_D12,24.00,1.3202,,MR60BHA2_breath_phase,safenest-node-01
52.4230,0.080000,S001,S001_NORMAL_D12,1,NORMAL_D12,23.00,1.3202,,MR60BHA2_breath_phase,safenest-node-01
52.5230,0.120000,S001,S001_NORMAL_D12,1,NORMAL_D12,23.00,1.3202,,MR60BHA2_breath_phase,safenest-node-01
52.6230,0.170000,S001,S001_NORMAL_D12,1,NORMAL_D12,23.00,1.3202,,MR60BHA2_breath_phase,safenest-node-01
52.7230,0.190000,S001,S001_NORMAL_D12,1,NORMAL_D12,23.00,1.3202,,MR60BHA2_breath_phase,safenest-node-01
52.8230,0.230000,S001,S001_NORMAL_D12,1,NORMAL_D12,23.00,1.3202,,MR60BHA2_breath_phase,safenest-node-01
52.9230,0.250000,S001,S001_NORMAL_D12,1,NORMAL_D12,23.00,1.3202,,MR60BHA2_breath_phase,safenest-node-01
53.0230,0.260000,S001,S001_NORMAL_D12,1,NORMAL_D12,23.00,1.3202,,MR60BHA2_breath_phase,safenest-node-01
53.1230,0.270000,S001,S001_NORMAL_D12,1,NORMAL_D12,23.00,1.3202,,MR60BHA2_breath_phase,safenest-node-01
53.2230,0.280000,S001,S001_NORMAL_D12,1,NORMAL_D12,23.00,1.3202,,MR60BHA2_breath_phase,safenest-node-01
53.3230,0.290000,S001,S001_NORMAL_D12,1,NORMAL_D12,23.00,1.3202,,MR60BHA2_breath_phase,safenest-node-01
53.4230,0.300000,S001,S001_NORMAL_D12,1,NORMAL_D12,23.00,1.3202,,MR60BHA2_breath_phase,safenest-node-01
53.5240,0.300000,S001,S001_NORMAL_D12,1,NORMAL_D12,23.00,1.3202,,MR60BHA2_breath_phase,safenest-node-01
53.6240,0.310000,S001,S001_NORMAL_D12,1,NORMAL_D12,24.00,1.3202,,MR60BHA2_breath_phase,safenest-node-01
53.7240,0.310000,S001,S001_NORMAL_D12,1,NORMAL_D12,24.00,1.3202,,MR60BHA2_breath_phase,safenest-node-01
53.8240,0.310000,S001,S001_NORMAL_D12,1,NORMAL_D12,24.00,1.3202,,MR60BHA2_breath_phase,safenest-node-01
53.9240,0.300000,S001,S001_NORMAL_D12,1,NORMAL_D12,24.00,1.3202,,MR60BHA2_breath_phase,safenest-node-01
54.0250,0.260000,S001,S001_NORMAL_D12,1,NORMAL_D12,24.00,1.3202,,MR60BHA2_breath_phase,safenest-node-01
54.1250,0.230000,S001,S001_NORMAL_D12,1,NORMAL_D12,24.00,1.3202,,MR60BHA2_breath_phase,safenest-node-01
54.2250,0.170000,S001,S001_NORMAL_D12,1,NORMAL_D12,24.00,1.3202,,MR60BHA2_breath_phase,safenest-node-01
54.3250,0.130000,S001,S001_NORMAL_D12,1,NORMAL_D12,24.00,1.3202,,MR60BHA2_breath_phase,safenest-node-01
54.4250,0.040000,S001,S001_NORMAL_D12,1,NORMAL_D12,24.00,1.3202,,MR60BHA2_breath_phase,safenest-node-01
54.5250,-0.060000,S001,S001_NORMAL_D12,1,NORMAL_D12,24.00,1.3202,,MR60BHA2_breath_phase,safenest-node-01
54.6250,-0.110000,S001,S001_NORMAL_D12,1,NORMAL_D12,24.00,1.3202,,MR60BHA2_breath_phase,safenest-node-01
54.7250,-0.200000,S001,S001_NORMAL_D12,1,NORMAL_D12,24.00,1.3202,,MR60BHA2_breath_phase,safenest-node-01
54.8250,-0.240000,S001,S001_NORMAL_D12,1,NORMAL_D12,24.00,1.3202,,MR60BHA2_breath_phase,safenest-node-01
54.9250,-0.310000,S001,S001_NORMAL_D12,1,NORMAL_D12,24.00,1.3202,,MR60BHA2_breath_phase,safenest-node-01
55.0250,-0.360000,S001,S001_NORMAL_D12,1,NORMAL_D12,24.00,1.3202,,MR60BHA2_breath_phase,safenest-node-01
55.1270,-0.370000,S001,S001_NORMAL_D12,1,NORMAL_D12,24.00,1.3202,,MR60BHA2_breath_phase,safenest-node-01
55.2270,-0.390000,S001,S001_NORMAL_D12,1,NORMAL_D12,24.00,1.3202,,MR60BHA2_breath_phase,safenest-node-01
55.3270,-0.390000,S001,S001_NORMAL_D12,1,NORMAL_D12,24.00,1.3202,,MR60BHA2_breath_phase,safenest-node-01
55.4270,-0.380000,S001,S001_NORMAL_D12,1,NORMAL_D12,24.00,1.3202,,MR60BHA2_breath_phase,safenest-node-01
55.5270,-0.350000,S001,S001_NORMAL_D12,1,NORMAL_D12,24.00,1.3202,,MR60BHA2_breath_phase,safenest-node-01
55.6270,-0.300000,S001,S001_NORMAL_D12,1,NORMAL_D12,24.00,1.3202,,MR60BHA2_breath_phase,safenest-node-01
55.7270,-0.270000,S001,S001_NORMAL_D12,1,NORMAL_D12,24.00,1.3202,,MR60BHA2_breath_phase,safenest-node-01
55.8270,-0.200000,S001,S001_NORMAL_D12,1,NORMAL_D12,24.00,1.3202,,MR60BHA2_breath_phase,safenest-node-01
55.9270,-0.160000,S001,S001_NORMAL_D12,1,NORMAL_D12,24.00,1.3202,,MR60BHA2_breath_phase,safenest-node-01
56.0270,-0.080000,S001,S001_NORMAL_D12,1,NORMAL_D12,24.00,1.3202,,MR60BHA2_breath_phase,safenest-node-01
56.1270,0.010000,S001,S001_NORMAL_D12,1,NORMAL_D12,24.00,1.3202,,MR60BHA2_breath_phase,safenest-node-01
56.2270,0.050000,S001,S001_NORMAL_D12,1,NORMAL_D12,24.00,1.3202,,MR60BHA2_breath_phase,safenest-node-01
56.3270,0.140000,S001,S001_NORMAL_D12,1,NORMAL_D12,24.00,1.3202,,MR60BHA2_breath_phase,safenest-node-01
56.4270,0.180000,S001,S001_NORMAL_D12,1,NORMAL_D12,24.00,1.3202,,MR60BHA2_breath_phase,safenest-node-01
56.5270,0.250000,S001,S001_NORMAL_D12,1,NORMAL_D12,24.00,1.3202,,MR60BHA2_breath_phase,safenest-node-01
56.6270,0.310000,S001,S001_NORMAL_D12,1,NORMAL_D12,24.00,1.3202,,MR60BHA2_breath_phase,safenest-node-01
56.7270,0.320000,S001,S001_NORMAL_D12,1,NORMAL_D12,24.00,1.3202,,MR60BHA2_breath_phase,safenest-node-01
56.8270,0.340000,S001,S001_NORMAL_D12,1,NORMAL_D12,24.00,1.3202,,MR60BHA2_breath_phase,safenest-node-01
56.9280,0.320000,S001,S001_NORMAL_D12,1,NORMAL_D12,24.00,1.3202,,MR60BHA2_breath_phase,safenest-node-01
57.0280,0.300000,S001,S001_NORMAL_D12,1,NORMAL_D12,24.00,1.3202,,MR60BHA2_breath_phase,safenest-node-01
57.1280,0.230000,S001,S001_NORMAL_D12,1,NORMAL_D12,24.00,1.3202,,MR60BHA2_breath_phase,safenest-node-01
57.2280,0.140000,S001,S001_NORMAL_D12,1,NORMAL_D12,24.00,1.3202,,MR60BHA2_breath_phase,safenest-node-01
57.3280,0.080000,S001,S001_NORMAL_D12,1,NORMAL_D12,24.00,1.3202,,MR60BHA2_breath_phase,safenest-node-01
57.4280,-0.030000,S001,S001_NORMAL_D12,1,NORMAL_D12,24.00,1.3202,,MR60BHA2_breath_phase,safenest-node-01
57.5280,-0.090000,S001,S001_NORMAL_D12,1,NORMAL_D12,24.00,1.3202,,MR60BHA2_breath_phase,safenest-node-01
57.6280,-0.200000,S001,S001_NORMAL_D12,1,NORMAL_D12,24.00,1.3202,,MR60BHA2_breath_phase,safenest-node-01
57.7280,-0.300000,S001,S001_NORMAL_D12,1,NORMAL_D12,24.00,1.3202,,MR60BHA2_breath_phase,safenest-node-01
57.8280,-0.340000,S001,S001_NORMAL_D12,1,NORMAL_D12,24.00,1.3202,,MR60BHA2_breath_phase,safenest-node-01
57.9280,-0.400000,S001,S001_NORMAL_D12,1,NORMAL_D12,24.00,1.3202,,MR60BHA2_breath_phase,safenest-node-01
58.0280,-0.420000,S001,S001_NORMAL_D12,1,NORMAL_D12,24.00,1.3202,,MR60BHA2_breath_phase,safenest-node-01
58.1280,-0.440000,S001,S001_NORMAL_D12,1,NORMAL_D12,24.00,1.3202,,MR60BHA2_breath_phase,safenest-node-01
58.2280,-0.430000,S001,S001_NORMAL_D12,1,NORMAL_D12,24.00,1.3202,,MR60BHA2_breath_phase,safenest-node-01
58.3280,-0.380000,S001,S001_NORMAL_D12,1,NORMAL_D12,24.00,1.3202,,MR60BHA2_breath_phase,safenest-node-01
58.4280,-0.350000,S001,S001_NORMAL_D12,1,NORMAL_D12,24.00,1.3202,,MR60BHA2_breath_phase,safenest-node-01
58.5280,-0.320000,S001,S001_NORMAL_D12,1,NORMAL_D12,24.00,1.3202,,MR60BHA2_breath_phase,safenest-node-01
58.6280,-0.230000,S001,S001_NORMAL_D12,1,NORMAL_D12,24.00,1.3202,,MR60BHA2_breath_phase,safenest-node-01
58.7280,-0.140000,S001,S001_NORMAL_D12,1,NORMAL_D12,23.00,1.3202,,MR60BHA2_breath_phase,safenest-node-01
58.8280,-0.040000,S001,S001_NORMAL_D12,1,NORMAL_D12,23.00,1.3202,,MR60BHA2_breath_phase,safenest-node-01
58.9280,0.010000,S001,S001_NORMAL_D12,1,NORMAL_D12,23.00,1.3202,,MR60BHA2_breath_phase,safenest-node-01
59.0280,0.100000,S001,S001_NORMAL_D12,1,NORMAL_D12,23.00,1.3202,,MR60BHA2_breath_phase,safenest-node-01
59.1280,0.140000,S001,S001_NORMAL_D12,1,NORMAL_D12,23.00,1.3202,,MR60BHA2_breath_phase,safenest-node-01
59.2280,0.200000,S001,S001_NORMAL_D12,1,NORMAL_D12,23.00,1.3202,,MR60BHA2_breath_phase,safenest-node-01
59.3280,0.230000,S001,S001_NORMAL_D12,1,NORMAL_D12,23.00,1.3202,,MR60BHA2_breath_phase,safenest-node-01
59.4290,0.240000,S001,S001_NORMAL_D12,1,NORMAL_D12,23.00,1.3202,,MR60BHA2_breath_phase,safenest-node-01
59.5290,0.230000,S001,S001_NORMAL_D12,1,NORMAL_D12,23.00,1.3202,,MR60BHA2_breath_phase,safenest-node-01
59.6290,0.210000,S001,S001_NORMAL_D12,1,NORMAL_D12,23.00,1.3202,,MR60BHA2_breath_phase,safenest-node-01
59.7290,0.160000,S001,S001_NORMAL_D12,1,NORMAL_D12,23.00,1.3202,,MR60BHA2_breath_phase,safenest-node-01
59.8290,0.090000,S001,S001_NORMAL_D12,1,NORMAL_D12,23.00,1.3202,,MR60BHA2_breath_phase,safenest-node-01
59.9300,0.010000,S001,S001_NORMAL_D12,1,NORMAL_D12,23.00,1.3202,,MR60BHA2_breath_phase,safenest-node-01
60.0300,-0.040000,S001,S001_NORMAL_D12,1,NORMAL_D12,23.00,1.3202,,MR60BHA2_breath_phase,safenest-node-01
60.1300,-0.120000,S001,S001_NORMAL_D12,1,NORMAL_D12,23.00,1.3202,,MR60BHA2_breath_phase,safenest-node-01
60.2300,-0.150000,S001,S001_NORMAL_D12,1,NORMAL_D12,23.00,1.3202,,MR60BHA2_breath_phase,safenest-node-01
60.3300,-0.210000,S001,S001_NORMAL_D12,1,NORMAL_D12,23.00,1.3202,,MR60BHA2_breath_phase,safenest-node-01
60.4300,-0.250000,S001,S001_NORMAL_D12,1,NORMAL_D12,23.00,1.3202,,MR60BHA2_breath_phase,safenest-node-01
60.5310,-0.260000,S001,S001_NORMAL_D12,1,NORMAL_D12,23.00,1.3202,,MR60BHA2_breath_phase,safenest-node-01
60.6310,-0.250000,S001,S001_NORMAL_D12,1,NORMAL_D12,23.00,1.3202,,MR60BHA2_breath_phase,safenest-node-01
60.7310,-0.210000,S001,S001_NORMAL_D12,1,NORMAL_D12,23.00,1.3202,,MR60BHA2_breath_phase,safenest-node-01
60.8310,-0.180000,S001,S001_NORMAL_D12,1,NORMAL_D12,24.00,1.3202,,MR60BHA2_breath_phase,safenest-node-01
60.9310,-0.100000,S001,S001_NORMAL_D12,1,NORMAL_D12,24.00,1.3202,,MR60BHA2_breath_phase,safenest-node-01
61.0310,0.000000,S001,S001_NORMAL_D12,1,NORMAL_D12,24.00,1.3202,,MR60BHA2_breath_phase,safenest-node-01
61.1310,0.060000,S001,S001_NORMAL_D12,1,NORMAL_D12,24.00,1.3202,,MR60BHA2_breath_phase,safenest-node-01
61.2310,0.170000,S001,S001_NORMAL_D12,1,NORMAL_D12,24.00,1.3202,,MR60BHA2_breath_phase,safenest-node-01
61.3310,0.230000,S001,S001_NORMAL_D12,1,NORMAL_D12,25.00,1.3202,,MR60BHA2_breath_phase,safenest-node-01
61.4310,0.340000,S001,S001_NORMAL_D12,1,NORMAL_D12,25.00,1.3202,,MR60BHA2_breath_phase,safenest-node-01
61.5310,0.430000,S001,S001_NORMAL_D12,1,NORMAL_D12,25.00,1.3202,,MR60BHA2_breath_phase,safenest-node-01
61.6310,0.490000,S001,S001_NORMAL_D12,1,NORMAL_D12,25.00,1.3202,,MR60BHA2_breath_phase,safenest-node-01
61.7310,0.500000,S001,S001_NORMAL_D12,1,NORMAL_D12,25.00,1.3202,,MR60BHA2_breath_phase,safenest-node-01
61.8310,0.510000,S001,S001_NORMAL_D12,1,NORMAL_D12,25.00,1.3202,,MR60BHA2_breath_phase,safenest-node-01
61.9310,0.500000,S001,S001_NORMAL_D12,1,NORMAL_D12,25.00,1.3202,,MR60BHA2_breath_phase,safenest-node-01
62.0310,0.460000,S001,S001_NORMAL_D12,1,NORMAL_D12,25.00,1.3202,,MR60BHA2_breath_phase,safenest-node-01
62.1310,0.380000,S001,S001_NORMAL_D12,1,NORMAL_D12,26.00,1.3202,,MR60BHA2_breath_phase,safenest-node-01
62.2310,0.290000,S001,S001_NORMAL_D12,1,NORMAL_D12,26.00,1.3202,,MR60BHA2_breath_phase,safenest-node-01
62.3310,0.240000,S001,S001_NORMAL_D12,1,NORMAL_D12,26.00,1.3202,,MR60BHA2_breath_phase,safenest-node-01
62.4310,0.120000,S001,S001_NORMAL_D12,1,NORMAL_D12,26.00,1.3202,,MR60BHA2_breath_phase,safenest-node-01
62.5310,0.070000,S001,S001_NORMAL_D12,1,NORMAL_D12,26.00,1.3202,,MR60BHA2_breath_phase,safenest-node-01
62.6310,-0.040000,S001,S001_NORMAL_D12,1,NORMAL_D12,26.00,1.3202,,MR60BHA2_breath_phase,safenest-node-01
62.7310,-0.130000,S001,S001_NORMAL_D12,1,NORMAL_D12,26.00,1.3202,,MR60BHA2_breath_phase,safenest-node-01
62.8310,-0.210000,S001,S001_NORMAL_D12,1,NORMAL_D12,26.00,1.3202,,MR60BHA2_breath_phase,safenest-node-01
62.9310,-0.240000,S001,S001_NORMAL_D12,1,NORMAL_D12,26.00,1.3202,,MR60BHA2_breath_phase,safenest-node-01
63.0310,-0.290000,S001,S001_NORMAL_D12,1,NORMAL_D12,26.00,1.3202,,MR60BHA2_breath_phase,safenest-node-01
63.1310,-0.300000,S001,S001_NORMAL_D12,1,NORMAL_D12,26.00,1.3202,,MR60BHA2_breath_phase,safenest-node-01
63.2310,-0.300000,S001,S001_NORMAL_D12,1,NORMAL_D12,27.00,1.3202,,MR60BHA2_breath_phase,safenest-node-01
63.3310,-0.290000,S001,S001_NORMAL_D12,1,NORMAL_D12,27.00,1.3202,,MR60BHA2_breath_phase,safenest-node-01
63.4310,-0.250000,S001,S001_NORMAL_D12,1,NORMAL_D12,27.00,1.3202,,MR60BHA2_breath_phase,safenest-node-01
63.5310,-0.220000,S001,S001_NORMAL_D12,1,NORMAL_D12,27.00,1.3202,,MR60BHA2_breath_phase,safenest-node-01
63.6310,-0.160000,S001,S001_NORMAL_D12,1,NORMAL_D12,27.00,1.3202,,MR60BHA2_breath_phase,safenest-node-01
63.7310,-0.120000,S001,S001_NORMAL_D12,1,NORMAL_D12,27.00,1.3202,,MR60BHA2_breath_phase,safenest-node-01
63.8310,-0.050000,S001,S001_NORMAL_D12,1,NORMAL_D12,27.00,1.3202,,MR60BHA2_breath_phase,safenest-node-01
63.9310,0.030000,S001,S001_NORMAL_D12,1,NORMAL_D12,27.00,1.3202,,MR60BHA2_breath_phase,safenest-node-01
64.0310,0.070000,S001,S001_NORMAL_D12,1,NORMAL_D12,27.00,1.3202,,MR60BHA2_breath_phase,safenest-node-01
64.1310,0.150000,S001,S001_NORMAL_D12,1,NORMAL_D12,27.00,1.3202,,MR60BHA2_breath_phase,safenest-node-01
64.2310,0.210000,S001,S001_NORMAL_D12,1,NORMAL_D12,27.00,1.3202,,MR60BHA2_breath_phase,safenest-node-01
64.3310,0.240000,S001,S001_NORMAL_D12,1,NORMAL_D12,27.00,1.3202,,MR60BHA2_breath_phase,safenest-node-01
64.4310,0.270000,S001,S001_NORMAL_D12,1,NORMAL_D12,27.00,1.3202,,MR60BHA2_breath_phase,safenest-node-01
64.5310,0.280000,S001,S001_NORMAL_D12,1,NORMAL_D12,27.00,1.3202,,MR60BHA2_breath_phase,safenest-node-01
64.6320,0.280000,S001,S001_NORMAL_D12,1,NORMAL_D12,27.00,1.3202,,MR60BHA2_breath_phase,safenest-node-01
64.7320,0.250000,S001,S001_NORMAL_D12,1,NORMAL_D12,27.00,1.3202,,MR60BHA2_breath_phase,safenest-node-01
64.8320,0.220000,S001,S001_NORMAL_D12,1,NORMAL_D12,27.00,1.3202,,MR60BHA2_breath_phase,safenest-node-01
64.9320,0.160000,S001,S001_NORMAL_D12,1,NORMAL_D12,27.00,1.3202,,MR60BHA2_breath_phase,safenest-node-01
65.0320,0.080000,S001,S001_NORMAL_D12,1,NORMAL_D12,27.00,1.3202,,MR60BHA2_breath_phase,safenest-node-01
65.1320,-0.010000,S001,S001_NORMAL_D12,1,NORMAL_D12,27.00,1.3202,,MR60BHA2_breath_phase,safenest-node-01
65.2320,-0.060000,S001,S001_NORMAL_D12,1,NORMAL_D12,27.00,1.3202,,MR60BHA2_breath_phase,safenest-node-01
65.3320,-0.140000,S001,S001_NORMAL_D12,1,NORMAL_D12,27.00,1.3202,,MR60BHA2_breath_phase,safenest-node-01
65.4320,-0.180000,S001,S001_NORMAL_D12,1,NORMAL_D12,27.00,1.3202,,MR60BHA2_breath_phase,safenest-node-01
65.5320,-0.250000,S001,S001_NORMAL_D12,1,NORMAL_D12,28.00,1.3202,,MR60BHA2_breath_phase,safenest-node-01
65.6320,-0.300000,S001,S001_NORMAL_D12,1,NORMAL_D12,28.00,1.3202,,MR60BHA2_breath_phase,safenest-node-01
65.7320,-0.330000,S001,S001_NORMAL_D12,1,NORMAL_D12,28.00,1.3202,,MR60BHA2_breath_phase,safenest-node-01
65.8320,-0.330000,S001,S001_NORMAL_D12,1,NORMAL_D12,28.00,1.3202,,MR60BHA2_breath_phase,safenest-node-01
65.9320,-0.330000,S001,S001_NORMAL_D12,1,NORMAL_D12,28.00,1.3202,,MR60BHA2_breath_phase,safenest-node-01
66.0320,-0.320000,S001,S001_NORMAL_D12,1,NORMAL_D12,28.00,1.3202,,MR60BHA2_breath_phase,safenest-node-01
66.1320,-0.280000,S001,S001_NORMAL_D12,1,NORMAL_D12,28.00,1.3202,,MR60BHA2_breath_phase,safenest-node-01
66.2320,-0.230000,S001,S001_NORMAL_D12,1,NORMAL_D12,28.00,1.3202,,MR60BHA2_breath_phase,safenest-node-01
66.3320,-0.160000,S001,S001_NORMAL_D12,1,NORMAL_D12,28.00,1.3202,,MR60BHA2_breath_phase,safenest-node-01
66.4320,-0.120000,S001,S001_NORMAL_D12,1,NORMAL_D12,28.00,1.3202,,MR60BHA2_breath_phase,safenest-node-01
66.5320,-0.030000,S001,S001_NORMAL_D12,1,NORMAL_D12,28.00,1.3202,,MR60BHA2_breath_phase,safenest-node-01
66.6320,0.020000,S001,S001_NORMAL_D12,1,NORMAL_D12,28.00,1.3202,,MR60BHA2_breath_phase,safenest-node-01
66.7320,0.120000,S001,S001_NORMAL_D12,1,NORMAL_D12,28.00,1.3202,,MR60BHA2_breath_phase,safenest-node-01
66.8320,0.220000,S001,S001_NORMAL_D12,1,NORMAL_D12,28.00,1.3202,,MR60BHA2_breath_phase,safenest-node-01
66.9330,0.310000,S001,S001_NORMAL_D12,1,NORMAL_D12,28.00,1.3202,,MR60BHA2_breath_phase,safenest-node-01
67.0330,0.340000,S001,S001_NORMAL_D12,1,NORMAL_D12,28.00,1.3202,,MR60BHA2_breath_phase,safenest-node-01
67.1330,0.390000,S001,S001_NORMAL_D12,1,NORMAL_D12,28.00,1.3202,,MR60BHA2_breath_phase,safenest-node-01
67.2330,0.400000,S001,S001_NORMAL_D12,1,NORMAL_D12,28.00,1.3202,,MR60BHA2_breath_phase,safenest-node-01
67.3330,0.390000,S001,S001_NORMAL_D12,1,NORMAL_D12,28.00,1.3202,,MR60BHA2_breath_phase,safenest-node-01
67.4330,0.340000,S001,S001_NORMAL_D12,1,NORMAL_D12,28.00,1.3202,,MR60BHA2_breath_phase,safenest-node-01
67.5330,0.260000,S001,S001_NORMAL_D12,1,NORMAL_D12,28.00,1.3202,,MR60BHA2_breath_phase,safenest-node-01
67.6330,0.200000,S001,S001_NORMAL_D12,1,NORMAL_D12,28.00,1.3202,,MR60BHA2_breath_phase,safenest-node-01
67.7330,0.080000,S001,S001_NORMAL_D12,1,NORMAL_D12,28.00,1.3202,,MR60BHA2_breath_phase,safenest-node-01
67.8330,0.020000,S001,S001_NORMAL_D12,1,NORMAL_D12,28.00,1.3202,,MR60BHA2_breath_phase,safenest-node-01
67.9330,-0.110000,S001,S001_NORMAL_D12,1,NORMAL_D12,28.00,1.3202,,MR60BHA2_breath_phase,safenest-node-01
68.0330,-0.240000,S001,S001_NORMAL_D12,1,NORMAL_D12,28.00,1.3202,,MR60BHA2_breath_phase,safenest-node-01
68.1330,-0.340000,S001,S001_NORMAL_D12,1,NORMAL_D12,28.00,1.3202,,MR60BHA2_breath_phase,safenest-node-01
68.2330,-0.380000,S001,S001_NORMAL_D12,1,NORMAL_D12,28.00,1.3202,,MR60BHA2_breath_phase,safenest-node-01
68.3330,-0.420000,S001,S001_NORMAL_D12,1,NORMAL_D12,28.00,1.3202,,MR60BHA2_breath_phase,safenest-node-01
68.4330,-0.460000,S001,S001_NORMAL_D12,1,NORMAL_D12,28.00,1.3202,,MR60BHA2_breath_phase,safenest-node-01
68.5330,-0.480000,S001,S001_NORMAL_D12,1,NORMAL_D12,28.00,1.3202,,MR60BHA2_breath_phase,safenest-node-01
68.6330,-0.460000,S001,S001_NORMAL_D12,1,NORMAL_D12,28.00,1.3202,,MR60BHA2_breath_phase,safenest-node-01
68.7330,-0.430000,S001,S001_NORMAL_D12,1,NORMAL_D12,28.00,1.3202,,MR60BHA2_breath_phase,safenest-node-01
68.8330,-0.370000,S001,S001_NORMAL_D12,1,NORMAL_D12,28.00,1.3202,,MR60BHA2_breath_phase,safenest-node-01
68.9330,-0.330000,S001,S001_NORMAL_D12,1,NORMAL_D12,28.00,1.3202,,MR60BHA2_breath_phase,safenest-node-01
69.0330,-0.230000,S001,S001_NORMAL_D12,1,NORMAL_D12,28.00,1.3202,,MR60BHA2_breath_phase,safenest-node-01
69.1330,-0.110000,S001,S001_NORMAL_D12,1,NORMAL_D12,28.00,1.3202,,MR60BHA2_breath_phase,safenest-node-01
69.2330,0.010000,S001,S001_NORMAL_D12,1,NORMAL_D12,28.00,1.3202,,MR60BHA2_breath_phase,safenest-node-01
69.3330,0.080000,S001,S001_NORMAL_D12,1,NORMAL_D12,28.00,1.3202,,MR60BHA2_breath_phase,safenest-node-01
69.4330,0.190000,S001,S001_NORMAL_D12,1,NORMAL_D12,28.00,1.3202,,MR60BHA2_breath_phase,safenest-node-01
69.5330,0.250000,S001,S001_NORMAL_D12,1,NORMAL_D12,28.00,1.3202,,MR60BHA2_breath_phase,safenest-node-01
69.6330,0.330000,S001,S001_NORMAL_D12,1,NORMAL_D12,28.00,1.3202,,MR60BHA2_breath_phase,safenest-node-01
69.7330,0.390000,S001,S001_NORMAL_D12,1,NORMAL_D12,28.00,1.3202,,MR60BHA2_breath_phase,safenest-node-01
69.8330,0.410000,S001,S001_NORMAL_D12,1,NORMAL_D12,28.00,1.3202,,MR60BHA2_breath_phase,safenest-node-01
69.9330,0.410000,S001,S001_NORMAL_D12,1,NORMAL_D12,28.00,1.3202,,MR60BHA2_breath_phase,safenest-node-01
70.0330,0.380000,S001,S001_NORMAL_D12,1,NORMAL_D12,28.00,1.3202,,MR60BHA2_breath_phase,safenest-node-01
70.1330,0.360000,S001,S001_NORMAL_D12,1,NORMAL_D12,28.00,1.3202,,MR60BHA2_breath_phase,safenest-node-01
70.2330,0.290000,S001,S001_NORMAL_D12,1,NORMAL_D12,28.00,1.3202,,MR60BHA2_breath_phase,safenest-node-01
70.3330,0.200000,S001,S001_NORMAL_D12,1,NORMAL_D12,28.00,1.3202,,MR60BHA2_breath_phase,safenest-node-01
70.4330,0.100000,S001,S001_NORMAL_D12,1,NORMAL_D12,28.00,1.3202,,MR60BHA2_breath_phase,safenest-node-01
70.5330,0.050000,S001,S001_NORMAL_D12,1,NORMAL_D12,28.00,1.3202,,MR60BHA2_breath_phase,safenest-node-01
70.6330,-0.060000,S001,S001_NORMAL_D12,1,NORMAL_D12,28.00,1.3202,,MR60BHA2_breath_phase,safenest-node-01
70.7330,-0.100000,S001,S001_NORMAL_D12,1,NORMAL_D12,28.00,1.3202,,MR60BHA2_breath_phase,safenest-node-01
70.8330,-0.180000,S001,S001_NORMAL_D12,1,NORMAL_D12,28.00,1.3202,,MR60BHA2_breath_phase,safenest-node-01
70.9330,-0.250000,S001,S001_NORMAL_D12,1,NORMAL_D12,28.00,1.3202,,MR60BHA2_breath_phase,safenest-node-01
71.0330,-0.280000,S001,S001_NORMAL_D12,1,NORMAL_D12,28.00,1.3202,,MR60BHA2_breath_phase,safenest-node-01
71.1330,-0.290000,S001,S001_NORMAL_D12,1,NORMAL_D12,28.00,1.3202,,MR60BHA2_breath_phase,safenest-node-01
71.2330,-0.280000,S001,S001_NORMAL_D12,1,NORMAL_D12,28.00,1.3202,,MR60BHA2_breath_phase,safenest-node-01
71.3330,-0.270000,S001,S001_NORMAL_D12,1,NORMAL_D12,28.00,1.3202,,MR60BHA2_breath_phase,safenest-node-01
71.4330,-0.230000,S001,S001_NORMAL_D12,1,NORMAL_D12,28.00,1.3202,,MR60BHA2_breath_phase,safenest-node-01
71.5330,-0.170000,S001,S001_NORMAL_D12,1,NORMAL_D12,28.00,1.3202,,MR60BHA2_breath_phase,safenest-node-01
71.6330,-0.130000,S001,S001_NORMAL_D12,1,NORMAL_D12,28.00,1.3202,,MR60BHA2_breath_phase,safenest-node-01
71.7330,-0.050000,S001,S001_NORMAL_D12,1,NORMAL_D12,28.00,1.3202,,MR60BHA2_breath_phase,safenest-node-01
71.8330,-0.010000,S001,S001_NORMAL_D12,1,NORMAL_D12,28.00,1.3202,,MR60BHA2_breath_phase,safenest-node-01
71.9330,0.080000,S001,S001_NORMAL_D12,1,NORMAL_D12,28.00,1.3202,,MR60BHA2_breath_phase,safenest-node-01
72.0330,0.170000,S001,S001_NORMAL_D12,1,NORMAL_D12,28.00,1.3202,,MR60BHA2_breath_phase,safenest-node-01
72.1330,0.250000,S001,S001_NORMAL_D12,1,NORMAL_D12,28.00,1.3202,,MR60BHA2_breath_phase,safenest-node-01
72.2330,0.280000,S001,S001_NORMAL_D12,1,NORMAL_D12,28.00,1.3202,,MR60BHA2_breath_phase,safenest-node-01
72.3330,0.330000,S001,S001_NORMAL_D12,1,NORMAL_D12,28.00,1.3202,,MR60BHA2_breath_phase,safenest-node-01
72.4330,0.340000,S001,S001_NORMAL_D12,1,NORMAL_D12,28.00,1.3202,,MR60BHA2_breath_phase,safenest-node-01
72.5330,0.340000,S001,S001_NORMAL_D12,1,NORMAL_D12,28.00,1.3202,,MR60BHA2_breath_phase,safenest-node-01
72.6330,0.310000,S001,S001_NORMAL_D12,1,NORMAL_D12,28.00,1.3202,,MR60BHA2_breath_phase,safenest-node-01
72.7330,0.260000,S001,S001_NORMAL_D12,1,NORMAL_D12,28.00,1.3202,,MR60BHA2_breath_phase,safenest-node-01
72.8330,0.230000,S001,S001_NORMAL_D12,1,NORMAL_D12,28.00,1.3202,,MR60BHA2_breath_phase,safenest-node-01
72.9330,0.150000,S001,S001_NORMAL_D12,1,NORMAL_D12,28.00,1.3202,,MR60BHA2_breath_phase,safenest-node-01
73.0330,0.100000,S001,S001_NORMAL_D12,1,NORMAL_D12,28.00,1.3202,,MR60BHA2_breath_phase,safenest-node-01
73.1330,0.010000,S001,S001_NORMAL_D12,1,NORMAL_D12,28.00,1.3202,,MR60BHA2_breath_phase,safenest-node-01
73.2330,-0.080000,S001,S001_NORMAL_D12,1,NORMAL_D12,28.00,1.3202,,MR60BHA2_breath_phase,safenest-node-01
73.3330,-0.160000,S001,S001_NORMAL_D12,1,NORMAL_D12,28.00,1.3202,,MR60BHA2_breath_phase,safenest-node-01
73.4330,-0.190000,S001,S001_NORMAL_D12,1,NORMAL_D12,28.00,1.3202,,MR60BHA2_breath_phase,safenest-node-01
73.5330,-0.250000,S001,S001_NORMAL_D12,1,NORMAL_D12,28.00,1.3202,,MR60BHA2_breath_phase,safenest-node-01
73.6330,-0.270000,S001,S001_NORMAL_D12,1,NORMAL_D12,28.00,1.3202,,MR60BHA2_breath_phase,safenest-node-01
73.7330,-0.290000,S001,S001_NORMAL_D12,1,NORMAL_D12,28.00,1.3202,,MR60BHA2_breath_phase,safenest-node-01
73.8330,-0.290000,S001,S001_NORMAL_D12,1,NORMAL_D12,28.00,1.3202,,MR60BHA2_breath_phase,safenest-node-01
73.9330,-0.270000,S001,S001_NORMAL_D12,1,NORMAL_D12,28.00,1.3202,,MR60BHA2_breath_phase,safenest-node-01
74.0330,-0.250000,S001,S001_NORMAL_D12,1,NORMAL_D12,28.00,1.3202,,MR60BHA2_breath_phase,safenest-node-01
74.1330,-0.190000,S001,S001_NORMAL_D12,1,NORMAL_D12,28.00,1.3202,,MR60BHA2_breath_phase,safenest-node-01
74.2330,-0.160000,S001,S001_NORMAL_D12,1,NORMAL_D12,28.00,1.3202,,MR60BHA2_breath_phase,safenest-node-01
74.3330,-0.090000,S001,S001_NORMAL_D12,1,NORMAL_D12,28.00,1.3202,,MR60BHA2_breath_phase,safenest-node-01
74.4330,-0.010000,S001,S001_NORMAL_D12,1,NORMAL_D12,28.00,1.3202,,MR60BHA2_breath_phase,safenest-node-01
74.5330,0.060000,S001,S001_NORMAL_D12,1,NORMAL_D12,28.00,1.3202,,MR60BHA2_breath_phase,safenest-node-01
74.6330,0.100000,S001,S001_NORMAL_D12,1,NORMAL_D12,28.00,1.3202,,MR60BHA2_breath_phase,safenest-node-01
74.7330,0.160000,S001,S001_NORMAL_D12,1,NORMAL_D12,28.00,1.3202,,MR60BHA2_breath_phase,safenest-node-01
74.8330,0.190000,S001,S001_NORMAL_D12,1,NORMAL_D12,28.00,1.3202,,MR60BHA2_breath_phase,safenest-node-01
74.9330,0.230000,S001,S001_NORMAL_D12,1,NORMAL_D12,28.00,1.3202,,MR60BHA2_breath_phase,safenest-node-01
75.0330,0.250000,S001,S001_NORMAL_D12,1,NORMAL_D12,28.00,1.3202,,MR60BHA2_breath_phase,safenest-node-01
75.1330,0.250000,S001,S001_NORMAL_D12,1,NORMAL_D12,28.00,1.3202,,MR60BHA2_breath_phase,safenest-node-01
75.2330,0.230000,S001,S001_NORMAL_D12,1,NORMAL_D12,28.00,1.3202,,MR60BHA2_breath_phase,safenest-node-01
75.3330,0.180000,S001,S001_NORMAL_D12,1,NORMAL_D12,28.00,1.3202,,MR60BHA2_breath_phase,safenest-node-01
75.4330,0.150000,S001,S001_NORMAL_D12,1,NORMAL_D12,28.00,1.3202,,MR60BHA2_breath_phase,safenest-node-01
75.5330,0.080000,S001,S001_NORMAL_D12,1,NORMAL_D12,28.00,1.3202,,MR60BHA2_breath_phase,safenest-node-01
75.6330,0.000000,S001,S001_NORMAL_D12,1,NORMAL_D12,28.00,1.3202,,MR60BHA2_breath_phase,safenest-node-01
75.7330,-0.040000,S001,S001_NORMAL_D12,1,NORMAL_D12,28.00,1.3202,,MR60BHA2_breath_phase,safenest-node-01
75.8330,-0.120000,S001,S001_NORMAL_D12,1,NORMAL_D12,28.00,1.3202,,MR60BHA2_breath_phase,safenest-node-01
75.9330,-0.150000,S001,S001_NORMAL_D12,1,NORMAL_D12,28.00,1.3202,,MR60BHA2_breath_phase,safenest-node-01
76.0330,-0.220000,S001,S001_NORMAL_D12,1,NORMAL_D12,28.00,1.3202,,MR60BHA2_breath_phase,safenest-node-01
76.1330,-0.260000,S001,S001_NORMAL_D12,1,NORMAL_D12,28.00,1.3202,,MR60BHA2_breath_phase,safenest-node-01
76.2330,-0.290000,S001,S001_NORMAL_D12,1,NORMAL_D12,28.00,1.3202,,MR60BHA2_breath_phase,safenest-node-01
76.3330,-0.290000,S001,S001_NORMAL_D12,1,NORMAL_D12,28.00,1.3202,,MR60BHA2_breath_phase,safenest-node-01
76.4330,-0.280000,S001,S001_NORMAL_D12,1,NORMAL_D12,28.00,1.3202,,MR60BHA2_breath_phase,safenest-node-01
76.5330,-0.260000,S001,S001_NORMAL_D12,1,NORMAL_D12,28.00,1.3202,,MR60BHA2_breath_phase,safenest-node-01
76.6330,-0.220000,S001,S001_NORMAL_D12,1,NORMAL_D12,28.00,1.3202,,MR60BHA2_breath_phase,safenest-node-01
76.7330,-0.160000,S001,S001_NORMAL_D12,1,NORMAL_D12,28.00,1.3202,,MR60BHA2_breath_phase,safenest-node-01
76.8330,-0.080000,S001,S001_NORMAL_D12,1,NORMAL_D12,28.00,1.3202,,MR60BHA2_breath_phase,safenest-node-01
76.9330,-0.030000,S001,S001_NORMAL_D12,1,NORMAL_D12,28.00,1.3202,,MR60BHA2_breath_phase,safenest-node-01
77.0330,0.060000,S001,S001_NORMAL_D12,1,NORMAL_D12,28.00,1.3202,,MR60BHA2_breath_phase,safenest-node-01
77.1330,0.110000,S001,S001_NORMAL_D12,1,NORMAL_D12,28.00,1.3202,,MR60BHA2_breath_phase,safenest-node-01
77.2330,0.200000,S001,S001_NORMAL_D12,1,NORMAL_D12,28.00,1.3202,,MR60BHA2_breath_phase,safenest-node-01
77.3330,0.290000,S001,S001_NORMAL_D12,1,NORMAL_D12,28.00,1.3202,,MR60BHA2_breath_phase,safenest-node-01
77.4330,0.370000,S001,S001_NORMAL_D12,1,NORMAL_D12,28.00,1.3202,,MR60BHA2_breath_phase,safenest-node-01
77.5330,0.400000,S001,S001_NORMAL_D12,1,NORMAL_D12,28.00,1.3202,,MR60BHA2_breath_phase,safenest-node-01
77.6330,0.430000,S001,S001_NORMAL_D12,1,NORMAL_D12,28.00,1.3202,,MR60BHA2_breath_phase,safenest-node-01
77.7330,0.430000,S001,S001_NORMAL_D12,1,NORMAL_D12,28.00,1.3202,,MR60BHA2_breath_phase,safenest-node-01
77.8330,0.410000,S001,S001_NORMAL_D12,1,NORMAL_D12,28.00,1.3202,,MR60BHA2_breath_phase,safenest-node-01
77.9330,0.350000,S001,S001_NORMAL_D12,1,NORMAL_D12,28.00,1.3202,,MR60BHA2_breath_phase,safenest-node-01
78.0330,0.260000,S001,S001_NORMAL_D12,1,NORMAL_D12,28.00,1.3202,,MR60BHA2_breath_phase,safenest-node-01
78.1330,0.200000,S001,S001_NORMAL_D12,1,NORMAL_D12,28.00,1.3202,,MR60BHA2_breath_phase,safenest-node-01
78.2330,0.070000,S001,S001_NORMAL_D12,1,NORMAL_D12,28.00,1.3202,,MR60BHA2_breath_phase,safenest-node-01
78.3330,0.010000,S001,S001_NORMAL_D12,1,NORMAL_D12,28.00,1.3202,,MR60BHA2_breath_phase,safenest-node-01
78.4330,-0.120000,S001,S001_NORMAL_D12,1,NORMAL_D12,28.00,1.3202,,MR60BHA2_breath_phase,safenest-node-01
78.5330,-0.250000,S001,S001_NORMAL_D12,1,NORMAL_D12,28.00,1.3202,,MR60BHA2_breath_phase,safenest-node-01
78.6330,-0.300000,S001,S001_NORMAL_D12,1,NORMAL_D12,28.00,1.3202,,MR60BHA2_breath_phase,safenest-node-01
78.7330,-0.390000,S001,S001_NORMAL_D12,1,NORMAL_D12,28.00,1.3202,,MR60BHA2_breath_phase,safenest-node-01
78.8330,-0.460000,S001,S001_NORMAL_D12,1,NORMAL_D12,28.00,1.3202,,MR60BHA2_breath_phase,safenest-node-01
78.9330,-0.480000,S001,S001_NORMAL_D12,1,NORMAL_D12,28.00,1.3202,,MR60BHA2_breath_phase,safenest-node-01
79.0330,-0.500000,S001,S001_NORMAL_D12,1,NORMAL_D12,28.00,1.3202,,MR60BHA2_breath_phase,safenest-node-01
79.1330,-0.480000,S001,S001_NORMAL_D12,1,NORMAL_D12,28.00,1.3202,,MR60BHA2_breath_phase,safenest-node-01
79.2330,-0.470000,S001,S001_NORMAL_D12,1,NORMAL_D12,28.00,1.3202,,MR60BHA2_breath_phase,safenest-node-01
79.3330,-0.410000,S001,S001_NORMAL_D12,1,NORMAL_D12,28.00,1.3202,,MR60BHA2_breath_phase,safenest-node-01
79.4330,-0.380000,S001,S001_NORMAL_D12,1,NORMAL_D12,28.00,1.3202,,MR60BHA2_breath_phase,safenest-node-01
79.5330,-0.290000,S001,S001_NORMAL_D12,1,NORMAL_D12,28.00,1.3202,,MR60BHA2_breath_phase,safenest-node-01
79.6330,-0.190000,S001,S001_NORMAL_D12,1,NORMAL_D12,28.00,1.3202,,MR60BHA2_breath_phase,safenest-node-01
79.7330,-0.080000,S001,S001_NORMAL_D12,1,NORMAL_D12,28.00,1.3202,,MR60BHA2_breath_phase,safenest-node-01
79.8330,-0.030000,S001,S001_NORMAL_D12,1,NORMAL_D12,28.00,1.3202,,MR60BHA2_breath_phase,safenest-node-01
79.9330,0.070000,S001,S001_NORMAL_D12,1,NORMAL_D12,28.00,1.3202,,MR60BHA2_breath_phase,safenest-node-01
80.0330,0.120000,S001,S001_NORMAL_D12,1,NORMAL_D12,28.00,1.3202,,MR60BHA2_breath_phase,safenest-node-01
80.1330,0.210000,S001,S001_NORMAL_D12,1,NORMAL_D12,28.00,1.3202,,MR60BHA2_breath_phase,safenest-node-01
80.2330,0.280000,S001,S001_NORMAL_D12,1,NORMAL_D12,28.00,1.3202,,MR60BHA2_breath_phase,safenest-node-01
80.3340,0.320000,S001,S001_NORMAL_D12,1,NORMAL_D12,28.00,1.3202,,MR60BHA2_breath_phase,safenest-node-01
80.4340,0.330000,S001,S001_NORMAL_D12,1,NORMAL_D12,28.00,1.3202,,MR60BHA2_breath_phase,safenest-node-01
80.5340,0.340000,S001,S001_NORMAL_D12,1,NORMAL_D12,28.00,1.3202,,MR60BHA2_breath_phase,safenest-node-01
80.6340,0.330000,S001,S001_NORMAL_D12,1,NORMAL_D12,28.00,1.3202,,MR60BHA2_breath_phase,safenest-node-01
80.7340,0.300000,S001,S001_NORMAL_D12,1,NORMAL_D12,28.00,1.3202,,MR60BHA2_breath_phase,safenest-node-01
80.8340,0.250000,S001,S001_NORMAL_D12,1,NORMAL_D12,28.00,1.3202,,MR60BHA2_breath_phase,safenest-node-01
80.9340,0.190000,S001,S001_NORMAL_D12,1,NORMAL_D12,28.00,1.3202,,MR60BHA2_breath_phase,safenest-node-01
81.0340,0.150000,S001,S001_NORMAL_D12,1,NORMAL_D12,28.00,1.3202,,MR60BHA2_breath_phase,safenest-node-01
81.1340,0.080000,S001,S001_NORMAL_D12,1,NORMAL_D12,28.00,1.3202,,MR60BHA2_breath_phase,safenest-node-01
81.2340,0.040000,S001,S001_NORMAL_D12,1,NORMAL_D12,28.00,1.3202,,MR60BHA2_breath_phase,safenest-node-01
81.3340,-0.020000,S001,S001_NORMAL_D12,1,NORMAL_D12,28.00,1.3202,,MR60BHA2_breath_phase,safenest-node-01
81.4340,-0.080000,S001,S001_NORMAL_D12,1,NORMAL_D12,28.00,1.3202,,MR60BHA2_breath_phase,safenest-node-01
81.5350,-0.120000,S001,S001_NORMAL_D12,1,NORMAL_D12,28.00,1.3202,,MR60BHA2_breath_phase,safenest-node-01
81.6350,-0.130000,S001,S001_NORMAL_D12,1,NORMAL_D12,28.00,1.3202,,MR60BHA2_breath_phase,safenest-node-01
81.7350,-0.150000,S001,S001_NORMAL_D12,1,NORMAL_D12,28.00,1.3202,,MR60BHA2_breath_phase,safenest-node-01
81.8350,-0.150000,S001,S001_NORMAL_D12,1,NORMAL_D12,28.00,1.3202,,MR60BHA2_breath_phase,safenest-node-01
81.9350,-0.140000,S001,S001_NORMAL_D12,1,NORMAL_D12,28.00,1.3202,,MR60BHA2_breath_phase,safenest-node-01
82.0350,-0.110000,S001,S001_NORMAL_D12,1,NORMAL_D12,28.00,1.3202,,MR60BHA2_breath_phase,safenest-node-01
82.1350,-0.080000,S001,S001_NORMAL_D12,1,NORMAL_D12,28.00,1.3202,,MR60BHA2_breath_phase,safenest-node-01
82.2350,-0.030000,S001,S001_NORMAL_D12,1,NORMAL_D12,28.00,1.3202,,MR60BHA2_breath_phase,safenest-node-01
82.3350,0.040000,S001,S001_NORMAL_D12,1,NORMAL_D12,28.00,1.3202,,MR60BHA2_breath_phase,safenest-node-01
82.4350,0.080000,S001,S001_NORMAL_D12,1,NORMAL_D12,28.00,1.3202,,MR60BHA2_breath_phase,safenest-node-01
82.5350,0.150000,S001,S001_NORMAL_D12,1,NORMAL_D12,28.00,1.3202,,MR60BHA2_breath_phase,safenest-node-01
82.6350,0.220000,S001,S001_NORMAL_D12,1,NORMAL_D12,28.00,1.3202,,MR60BHA2_breath_phase,safenest-node-01
82.7350,0.250000,S001,S001_NORMAL_D12,1,NORMAL_D12,28.00,1.3202,,MR60BHA2_breath_phase,safenest-node-01
82.8350,0.300000,S001,S001_NORMAL_D12,1,NORMAL_D12,28.00,1.3202,,MR60BHA2_breath_phase,safenest-node-01
82.9350,0.310000,S001,S001_NORMAL_D12,1,NORMAL_D12,28.00,1.3202,,MR60BHA2_breath_phase,safenest-node-01
83.0350,0.320000,S001,S001_NORMAL_D12,1,NORMAL_D12,28.00,1.3202,,MR60BHA2_breath_phase,safenest-node-01
83.1350,0.300000,S001,S001_NORMAL_D12,1,NORMAL_D12,28.00,1.3202,,MR60BHA2_breath_phase,safenest-node-01
83.2350,0.260000,S001,S001_NORMAL_D12,1,NORMAL_D12,28.00,1.3202,,MR60BHA2_breath_phase,safenest-node-01
83.3350,0.230000,S001,S001_NORMAL_D12,1,NORMAL_D12,28.00,1.3202,,MR60BHA2_breath_phase,safenest-node-01
83.4350,0.150000,S001,S001_NORMAL_D12,1,NORMAL_D12,28.00,1.3202,,MR60BHA2_breath_phase,safenest-node-01
83.5350,0.110000,S001,S001_NORMAL_D12,1,NORMAL_D12,28.00,1.3202,,MR60BHA2_breath_phase,safenest-node-01
83.6350,0.010000,S001,S001_NORMAL_D12,1,NORMAL_D12,28.00,1.3202,,MR60BHA2_breath_phase,safenest-node-01
83.7350,-0.080000,S001,S001_NORMAL_D12,1,NORMAL_D12,28.00,1.3202,,MR60BHA2_breath_phase,safenest-node-01
83.8350,-0.170000,S001,S001_NORMAL_D12,1,NORMAL_D12,28.00,1.3202,,MR60BHA2_breath_phase,safenest-node-01
83.9350,-0.210000,S001,S001_NORMAL_D12,1,NORMAL_D12,28.00,1.3202,,MR60BHA2_breath_phase,safenest-node-01
84.0350,-0.270000,S001,S001_NORMAL_D12,1,NORMAL_D12,28.00,1.3202,,MR60BHA2_breath_phase,safenest-node-01
84.1350,-0.300000,S001,S001_NORMAL_D12,1,NORMAL_D12,28.00,1.3202,,MR60BHA2_breath_phase,safenest-node-01
84.2350,-0.330000,S001,S001_NORMAL_D12,1,NORMAL_D12,28.00,1.3202,,MR60BHA2_breath_phase,safenest-node-01
84.3350,-0.350000,S001,S001_NORMAL_D12,1,NORMAL_D12,28.00,1.3202,,MR60BHA2_breath_phase,safenest-node-01
84.4360,-0.340000,S001,S001_NORMAL_D12,1,NORMAL_D12,28.00,1.3202,,MR60BHA2_breath_phase,safenest-node-01
84.5360,-0.320000,S001,S001_NORMAL_D12,1,NORMAL_D12,28.00,1.3202,,MR60BHA2_breath_phase,safenest-node-01
84.6360,-0.280000,S001,S001_NORMAL_D12,1,NORMAL_D12,28.00,1.3202,,MR60BHA2_breath_phase,safenest-node-01
84.7360,-0.250000,S001,S001_NORMAL_D12,1,NORMAL_D12,28.00,1.3202,,MR60BHA2_breath_phase,safenest-node-01
84.8360,-0.180000,S001,S001_NORMAL_D12,1,NORMAL_D12,28.00,1.3202,,MR60BHA2_breath_phase,safenest-node-01
84.9360,-0.090000,S001,S001_NORMAL_D12,1,NORMAL_D12,28.00,1.3202,,MR60BHA2_breath_phase,safenest-node-01
85.0370,0.000000,S001,S001_NORMAL_D12,1,NORMAL_D12,28.00,1.3202,,MR60BHA2_breath_phase,safenest-node-01
85.1370,0.050000,S001,S001_NORMAL_D12,1,NORMAL_D12,28.00,1.3202,,MR60BHA2_breath_phase,safenest-node-01
85.2370,0.140000,S001,S001_NORMAL_D12,1,NORMAL_D12,28.00,1.3202,,MR60BHA2_breath_phase,safenest-node-01
85.3370,0.170000,S001,S001_NORMAL_D12,1,NORMAL_D12,28.00,1.3202,,MR60BHA2_breath_phase,safenest-node-01
85.4370,0.240000,S001,S001_NORMAL_D12,1,NORMAL_D12,28.00,1.3202,,MR60BHA2_breath_phase,safenest-node-01
85.5370,0.280000,S001,S001_NORMAL_D12,1,NORMAL_D12,28.00,1.3202,,MR60BHA2_breath_phase,safenest-node-01
85.6370,0.290000,S001,S001_NORMAL_D12,1,NORMAL_D12,28.00,1.3202,,MR60BHA2_breath_phase,safenest-node-01
85.7370,0.280000,S001,S001_NORMAL_D12,1,NORMAL_D12,28.00,1.3202,,MR60BHA2_breath_phase,safenest-node-01
85.8370,0.240000,S001,S001_NORMAL_D12,1,NORMAL_D12,28.00,1.3202,,MR60BHA2_breath_phase,safenest-node-01
85.9370,0.220000,S001,S001_NORMAL_D12,1,NORMAL_D12,28.00,1.3202,,MR60BHA2_breath_phase,safenest-node-01
86.0370,0.150000,S001,S001_NORMAL_D12,1,NORMAL_D12,28.00,1.3202,,MR60BHA2_breath_phase,safenest-node-01
86.1370,0.060000,S001,S001_NORMAL_D12,1,NORMAL_D12,28.00,1.3202,,MR60BHA2_breath_phase,safenest-node-01
86.2380,-0.030000,S001,S001_NORMAL_D12,1,NORMAL_D12,28.00,1.3202,,MR60BHA2_breath_phase,safenest-node-01
86.3380,-0.070000,S001,S001_NORMAL_D12,1,NORMAL_D12,28.00,1.3202,,MR60BHA2_breath_phase,safenest-node-01
86.4380,-0.110000,S001,S001_NORMAL_D12,1,NORMAL_D12,28.00,1.3202,,MR60BHA2_breath_phase,safenest-node-01
86.5380,-0.190000,S001,S001_NORMAL_D12,1,NORMAL_D12,28.00,1.3202,,MR60BHA2_breath_phase,safenest-node-01
86.6380,-0.250000,S001,S001_NORMAL_D12,1,NORMAL_D12,28.00,1.3202,,MR60BHA2_breath_phase,safenest-node-01
86.7380,-0.290000,S001,S001_NORMAL_D12,1,NORMAL_D12,28.00,1.3202,,MR60BHA2_breath_phase,safenest-node-01
86.8380,-0.300000,S001,S001_NORMAL_D12,1,NORMAL_D12,28.00,1.3202,,MR60BHA2_breath_phase,safenest-node-01
86.9380,-0.310000,S001,S001_NORMAL_D12,1,NORMAL_D12,28.00,1.3202,,MR60BHA2_breath_phase,safenest-node-01
87.0380,-0.300000,S001,S001_NORMAL_D12,1,NORMAL_D12,28.00,1.3202,,MR60BHA2_breath_phase,safenest-node-01
87.1380,-0.270000,S001,S001_NORMAL_D12,1,NORMAL_D12,28.00,1.3202,,MR60BHA2_breath_phase,safenest-node-01
87.2380,-0.230000,S001,S001_NORMAL_D12,1,NORMAL_D12,28.00,1.3202,,MR60BHA2_breath_phase,safenest-node-01
87.3380,-0.170000,S001,S001_NORMAL_D12,1,NORMAL_D12,28.00,1.3202,,MR60BHA2_breath_phase,safenest-node-01
87.4380,-0.130000,S001,S001_NORMAL_D12,1,NORMAL_D12,28.00,1.3202,,MR60BHA2_breath_phase,safenest-node-01
87.5380,-0.050000,S001,S001_NORMAL_D12,1,NORMAL_D12,28.00,1.3202,,MR60BHA2_breath_phase,safenest-node-01
87.6380,-0.010000,S001,S001_NORMAL_D12,1,NORMAL_D12,28.00,1.3202,,MR60BHA2_breath_phase,safenest-node-01
87.7380,0.080000,S001,S001_NORMAL_D12,1,NORMAL_D12,28.00,1.3202,,MR60BHA2_breath_phase,safenest-node-01
87.8380,0.160000,S001,S001_NORMAL_D12,1,NORMAL_D12,28.00,1.3202,,MR60BHA2_breath_phase,safenest-node-01
87.9380,0.230000,S001,S001_NORMAL_D12,1,NORMAL_D12,28.00,1.3202,,MR60BHA2_breath_phase,safenest-node-01
88.0380,0.260000,S001,S001_NORMAL_D12,1,NORMAL_D12,28.00,1.3202,,MR60BHA2_breath_phase,safenest-node-01
88.1380,0.310000,S001,S001_NORMAL_D12,1,NORMAL_D12,28.00,1.3202,,MR60BHA2_breath_phase,safenest-node-01
88.2380,0.320000,S001,S001_NORMAL_D12,1,NORMAL_D12,28.00,1.3202,,MR60BHA2_breath_phase,safenest-node-01
88.3380,0.330000,S001,S001_NORMAL_D12,1,NORMAL_D12,28.00,1.3202,,MR60BHA2_breath_phase,safenest-node-01
88.4380,0.310000,S001,S001_NORMAL_D12,1,NORMAL_D12,28.00,1.3202,,MR60BHA2_breath_phase,safenest-node-01
88.5380,0.260000,S001,S001_NORMAL_D12,1,NORMAL_D12,28.00,1.3202,,MR60BHA2_breath_phase,safenest-node-01
88.6380,0.230000,S001,S001_NORMAL_D12,1,NORMAL_D12,28.00,1.3202,,MR60BHA2_breath_phase,safenest-node-01
88.7380,0.150000,S001,S001_NORMAL_D12,1,NORMAL_D12,28.00,1.3202,,MR60BHA2_breath_phase,safenest-node-01
88.8380,0.110000,S001,S001_NORMAL_D12,1,NORMAL_D12,28.00,1.3202,,MR60BHA2_breath_phase,safenest-node-01
88.9380,0.020000,S001,S001_NORMAL_D12,1,NORMAL_D12,28.00,1.3202,,MR60BHA2_breath_phase,safenest-node-01
89.0380,-0.080000,S001,S001_NORMAL_D12,1,NORMAL_D12,28.00,1.3202,,MR60BHA2_breath_phase,safenest-node-01
89.1380,-0.160000,S001,S001_NORMAL_D12,1,NORMAL_D12,28.00,1.3202,,MR60BHA2_breath_phase,safenest-node-01
89.2380,-0.200000,S001,S001_NORMAL_D12,1,NORMAL_D12,28.00,1.3202,,MR60BHA2_breath_phase,safenest-node-01
89.3380,-0.260000,S001,S001_NORMAL_D12,1,NORMAL_D12,28.00,1.3202,,MR60BHA2_breath_phase,safenest-node-01
89.4380,-0.280000,S001,S001_NORMAL_D12,1,NORMAL_D12,28.00,1.3202,,MR60BHA2_breath_phase,safenest-node-01
89.5380,-0.310000,S001,S001_NORMAL_D12,1,NORMAL_D12,28.00,1.3202,,MR60BHA2_breath_phase,safenest-node-01
89.6380,-0.310000,S001,S001_NORMAL_D12,1,NORMAL_D12,28.00,1.3202,,MR60BHA2_breath_phase,safenest-node-01
89.7380,-0.300000,S001,S001_NORMAL_D12,1,NORMAL_D12,28.00,1.3202,,MR60BHA2_breath_phase,safenest-node-01
89.8380,-0.270000,S001,S001_NORMAL_D12,1,NORMAL_D12,28.00,1.3202,,MR60BHA2_breath_phase,safenest-node-01
89.9380,-0.250000,S001,S001_NORMAL_D12,1,NORMAL_D12,28.00,1.3202,,MR60BHA2_breath_phase,safenest-node-01
90.0380,-0.190000,S001,S001_NORMAL_D12,1,NORMAL_D12,28.00,1.3202,,MR60BHA2_breath_phase,safenest-node-01
90.1380,-0.130000,S001,S001_NORMAL_D12,1,NORMAL_D12,28.00,1.3202,,MR60BHA2_breath_phase,safenest-node-01
90.2380,-0.060000,S001,S001_NORMAL_D12,1,NORMAL_D12,28.00,1.3202,,MR60BHA2_breath_phase,safenest-node-01
90.3380,-0.030000,S001,S001_NORMAL_D12,1,NORMAL_D12,28.00,1.3202,,MR60BHA2_breath_phase,safenest-node-01
90.4380,0.040000,S001,S001_NORMAL_D12,1,NORMAL_D12,28.00,1.3202,,MR60BHA2_breath_phase,safenest-node-01
90.5380,0.060000,S001,S001_NORMAL_D12,1,NORMAL_D12,28.00,1.3202,,MR60BHA2_breath_phase,safenest-node-01
90.6380,0.110000,S001,S001_NORMAL_D12,1,NORMAL_D12,28.00,1.3202,,MR60BHA2_breath_phase,safenest-node-01
90.7380,0.150000,S001,S001_NORMAL_D12,1,NORMAL_D12,28.00,1.3202,,MR60BHA2_breath_phase,safenest-node-01
90.8380,0.170000,S001,S001_NORMAL_D12,1,NORMAL_D12,28.00,1.3202,,MR60BHA2_breath_phase,safenest-node-01
90.9380,0.180000,S001,S001_NORMAL_D12,1,NORMAL_D12,28.00,1.3202,,MR60BHA2_breath_phase,safenest-node-01
91.0380,0.180000,S001,S001_NORMAL_D12,1,NORMAL_D12,28.00,1.3202,,MR60BHA2_breath_phase,safenest-node-01
91.1380,0.180000,S001,S001_NORMAL_D12,1,NORMAL_D12,28.00,1.3202,,MR60BHA2_breath_phase,safenest-node-01
91.2380,0.180000,S001,S001_NORMAL_D12,1,NORMAL_D12,28.00,1.3202,,MR60BHA2_breath_phase,safenest-node-01
91.3380,0.170000,S001,S001_NORMAL_D12,1,NORMAL_D12,28.00,1.3202,,MR60BHA2_breath_phase,safenest-node-01
91.4380,0.150000,S001,S001_NORMAL_D12,1,NORMAL_D12,28.00,1.3202,,MR60BHA2_breath_phase,safenest-node-01
91.5380,0.140000,S001,S001_NORMAL_D12,1,NORMAL_D12,28.00,1.3202,,MR60BHA2_breath_phase,safenest-node-01
91.6380,0.120000,S001,S001_NORMAL_D12,1,NORMAL_D12,28.00,1.3202,,MR60BHA2_breath_phase,safenest-node-01
91.7380,0.110000,S001,S001_NORMAL_D12,1,NORMAL_D12,28.00,1.3202,,MR60BHA2_breath_phase,safenest-node-01
91.8380,0.080000,S001,S001_NORMAL_D12,1,NORMAL_D12,28.00,1.3202,,MR60BHA2_breath_phase,safenest-node-01
91.9380,0.060000,S001,S001_NORMAL_D12,1,NORMAL_D12,28.00,1.3202,,MR60BHA2_breath_phase,safenest-node-01
92.0380,0.040000,S001,S001_NORMAL_D12,1,NORMAL_D12,28.00,1.3202,,MR60BHA2_breath_phase,safenest-node-01
92.1380,0.040000,S001,S001_NORMAL_D12,1,NORMAL_D12,28.00,1.3202,,MR60BHA2_breath_phase,safenest-node-01
92.2380,0.030000,S001,S001_NORMAL_D12,1,NORMAL_D12,28.00,1.3202,,MR60BHA2_breath_phase,safenest-node-01
92.3380,0.040000,S001,S001_NORMAL_D12,1,NORMAL_D12,28.00,1.3202,,MR60BHA2_breath_phase,safenest-node-01
92.4380,0.040000,S001,S001_NORMAL_D12,1,NORMAL_D12,28.00,1.3202,,MR60BHA2_breath_phase,safenest-node-01
92.5380,0.050000,S001,S001_NORMAL_D12,1,NORMAL_D12,28.00,1.3202,,MR60BHA2_breath_phase,safenest-node-01
92.6380,0.060000,S001,S001_NORMAL_D12,1,NORMAL_D12,28.00,1.3202,,MR60BHA2_breath_phase,safenest-node-01
92.7380,0.070000,S001,S001_NORMAL_D12,1,NORMAL_D12,28.00,1.3202,,MR60BHA2_breath_phase,safenest-node-01
92.8380,0.070000,S001,S001_NORMAL_D12,1,NORMAL_D12,28.00,1.3202,,MR60BHA2_breath_phase,safenest-node-01
92.9380,0.070000,S001,S001_NORMAL_D12,1,NORMAL_D12,28.00,1.3202,,MR60BHA2_breath_phase,safenest-node-01
93.0380,0.070000,S001,S001_NORMAL_D12,1,NORMAL_D12,28.00,1.3202,,MR60BHA2_breath_phase,safenest-node-01
93.1380,0.060000,S001,S001_NORMAL_D12,1,NORMAL_D12,28.00,1.3202,,MR60BHA2_breath_phase,safenest-node-01
93.2380,0.060000,S001,S001_NORMAL_D12,1,NORMAL_D12,28.00,1.3202,,MR60BHA2_breath_phase,safenest-node-01
93.3380,0.040000,S001,S001_NORMAL_D12,1,NORMAL_D12,28.00,1.3202,,MR60BHA2_breath_phase,safenest-node-01
93.4380,0.030000,S001,S001_NORMAL_D12,1,NORMAL_D12,28.00,1.3202,,MR60BHA2_breath_phase,safenest-node-01
93.5380,0.020000,S001,S001_NORMAL_D12,1,NORMAL_D12,28.00,1.3202,,MR60BHA2_breath_phase,safenest-node-01
93.6380,-0.000000,S001,S001_NORMAL_D12,1,NORMAL_D12,28.00,1.3202,,MR60BHA2_breath_phase,safenest-node-01
93.7380,-0.010000,S001,S001_NORMAL_D12,1,NORMAL_D12,28.00,1.3202,,MR60BHA2_breath_phase,safenest-node-01
93.8380,-0.010000,S001,S001_NORMAL_D12,1,NORMAL_D12,28.00,1.3202,,MR60BHA2_breath_phase,safenest-node-01
93.9380,-0.020000,S001,S001_NORMAL_D12,1,NORMAL_D12,28.00,1.3202,,MR60BHA2_breath_phase,safenest-node-01
94.0380,-0.020000,S001,S001_NORMAL_D12,1,NORMAL_D12,28.00,1.3202,,MR60BHA2_breath_phase,safenest-node-01
94.1380,-0.020000,S001,S001_NORMAL_D12,1,NORMAL_D12,27.00,1.3202,,MR60BHA2_breath_phase,safenest-node-01
94.2380,-0.020000,S001,S001_NORMAL_D12,1,NORMAL_D12,27.00,1.3202,,MR60BHA2_breath_phase,safenest-node-01
94.3380,-0.030000,S001,S001_NORMAL_D12,1,NORMAL_D12,27.00,1.3202,,MR60BHA2_breath_phase,safenest-node-01
94.4380,-0.030000,S001,S001_NORMAL_D12,1,NORMAL_D12,27.00,1.3202,,MR60BHA2_breath_phase,safenest-node-01
94.5380,-0.030000,S001,S001_NORMAL_D12,1,NORMAL_D12,27.00,1.3202,,MR60BHA2_breath_phase,safenest-node-01
94.6380,-0.030000,S001,S001_NORMAL_D12,1,NORMAL_D12,27.00,1.3202,,MR60BHA2_breath_phase,safenest-node-01
94.7380,-0.030000,S001,S001_NORMAL_D12,1,NORMAL_D12,27.00,1.3202,,MR60BHA2_breath_phase,safenest-node-01
94.8380,-0.030000,S001,S001_NORMAL_D12,1,NORMAL_D12,27.00,1.3202,,MR60BHA2_breath_phase,safenest-node-01
94.9380,-0.030000,S001,S001_NORMAL_D12,1,NORMAL_D12,27.00,1.3202,,MR60BHA2_breath_phase,safenest-node-01
95.0380,-0.020000,S001,S001_NORMAL_D12,1,NORMAL_D12,27.00,1.3202,,MR60BHA2_breath_phase,safenest-node-01
95.1380,-0.010000,S001,S001_NORMAL_D12,1,NORMAL_D12,28.00,1.3202,,MR60BHA2_breath_phase,safenest-node-01
95.2380,-0.010000,S001,S001_NORMAL_D12,1,NORMAL_D12,28.00,1.3202,,MR60BHA2_breath_phase,safenest-node-01
95.3380,-0.010000,S001,S001_NORMAL_D12,1,NORMAL_D12,28.00,1.3202,,MR60BHA2_breath_phase,safenest-node-01
95.4380,-0.020000,S001,S001_NORMAL_D12,1,NORMAL_D12,28.00,1.3202,,MR60BHA2_breath_phase,safenest-node-01
95.5380,-0.040000,S001,S001_NORMAL_D12,1,NORMAL_D12,28.00,1.3202,,MR60BHA2_breath_phase,safenest-node-01
95.6380,-0.050000,S001,S001_NORMAL_D12,1,NORMAL_D12,28.00,1.3202,,MR60BHA2_breath_phase,safenest-node-01
95.7380,-0.090000,S001,S001_NORMAL_D12,1,NORMAL_D12,28.00,1.3202,,MR60BHA2_breath_phase,safenest-node-01
95.8380,-0.110000,S001,S001_NORMAL_D12,1,NORMAL_D12,28.00,1.3202,,MR60BHA2_breath_phase,safenest-node-01
95.9380,-0.170000,S001,S001_NORMAL_D12,1,NORMAL_D12,28.00,1.3202,,MR60BHA2_breath_phase,safenest-node-01
96.0380,-0.220000,S001,S001_NORMAL_D12,1,NORMAL_D12,28.00,1.3202,,MR60BHA2_breath_phase,safenest-node-01
96.1380,-0.270000,S001,S001_NORMAL_D12,1,NORMAL_D12,27.00,1.3202,,MR60BHA2_breath_phase,safenest-node-01
96.2380,-0.290000,S001,S001_NORMAL_D12,1,NORMAL_D12,27.00,1.3202,,MR60BHA2_breath_phase,safenest-node-01
96.3380,-0.320000,S001,S001_NORMAL_D12,1,NORMAL_D12,25.00,1.3202,,MR60BHA2_breath_phase,safenest-node-01
96.4380,-0.330000,S001,S001_NORMAL_D12,1,NORMAL_D12,24.00,1.3202,,MR60BHA2_breath_phase,safenest-node-01
96.5380,-0.340000,S001,S001_NORMAL_D12,1,NORMAL_D12,23.00,1.3202,,MR60BHA2_breath_phase,safenest-node-01
96.6380,-0.330000,S001,S001_NORMAL_D12,1,NORMAL_D12,22.00,1.3202,,MR60BHA2_breath_phase,safenest-node-01
96.7390,-0.310000,S001,S001_NORMAL_D12,1,NORMAL_D12,22.00,1.3202,,MR60BHA2_breath_phase,safenest-node-01
96.8390,-0.270000,S001,S001_NORMAL_D12,1,NORMAL_D12,21.00,1.3202,,MR60BHA2_breath_phase,safenest-node-01
96.9390,-0.220000,S001,S001_NORMAL_D12,1,NORMAL_D12,20.00,1.3202,,MR60BHA2_breath_phase,safenest-node-01
97.0390,-0.190000,S001,S001_NORMAL_D12,1,NORMAL_D12,19.00,1.3202,,MR60BHA2_breath_phase,safenest-node-01
97.1390,-0.130000,S001,S001_NORMAL_D12,1,NORMAL_D12,18.00,1.3202,,MR60BHA2_breath_phase,safenest-node-01
97.2390,-0.070000,S001,S001_NORMAL_D12,1,NORMAL_D12,17.00,1.3202,,MR60BHA2_breath_phase,safenest-node-01
97.3390,-0.030000,S001,S001_NORMAL_D12,1,NORMAL_D12,17.00,1.3202,,MR60BHA2_breath_phase,safenest-node-01
97.4390,0.040000,S001,S001_NORMAL_D12,1,NORMAL_D12,16.00,1.3202,,MR60BHA2_breath_phase,safenest-node-01
97.5390,0.080000,S001,S001_NORMAL_D12,1,NORMAL_D12,15.00,1.3202,,MR60BHA2_breath_phase,safenest-node-01
97.6390,0.150000,S001,S001_NORMAL_D12,1,NORMAL_D12,14.00,1.3202,,MR60BHA2_breath_phase,safenest-node-01
97.7390,0.210000,S001,S001_NORMAL_D12,1,NORMAL_D12,14.00,1.3202,,MR60BHA2_breath_phase,safenest-node-01
97.8390,0.260000,S001,S001_NORMAL_D12,1,NORMAL_D12,13.00,1.3202,,MR60BHA2_breath_phase,safenest-node-01
97.9390,0.280000,S001,S001_NORMAL_D12,1,NORMAL_D12,13.00,1.3202,,MR60BHA2_breath_phase,safenest-node-01
98.0390,0.300000,S001,S001_NORMAL_D12,1,NORMAL_D12,12.00,1.3202,,MR60BHA2_breath_phase,safenest-node-01
98.1390,0.300000,S001,S001_NORMAL_D12,1,NORMAL_D12,12.00,1.3202,,MR60BHA2_breath_phase,safenest-node-01
98.2390,0.290000,S001,S001_NORMAL_D12,1,NORMAL_D12,11.00,1.3202,,MR60BHA2_breath_phase,safenest-node-01
98.3390,0.270000,S001,S001_NORMAL_D12,1,NORMAL_D12,11.00,1.3202,,MR60BHA2_breath_phase,safenest-node-01
98.4390,0.240000,S001,S001_NORMAL_D12,1,NORMAL_D12,10.00,1.3202,,MR60BHA2_breath_phase,safenest-node-01
98.5390,0.220000,S001,S001_NORMAL_D12,1,NORMAL_D12,10.00,1.3202,,MR60BHA2_breath_phase,safenest-node-01
98.6390,0.170000,S001,S001_NORMAL_D12,1,NORMAL_D12,10.00,1.3202,,MR60BHA2_breath_phase,safenest-node-01
98.7390,0.150000,S001,S001_NORMAL_D12,1,NORMAL_D12,9.00,1.3202,,MR60BHA2_breath_phase,safenest-node-01
98.8390,0.110000,S001,S001_NORMAL_D12,1,NORMAL_D12,9.00,1.3202,,MR60BHA2_breath_phase,safenest-node-01
98.9390,0.070000,S001,S001_NORMAL_D12,1,NORMAL_D12,9.00,1.3202,,MR60BHA2_breath_phase,safenest-node-01
99.0400,0.040000,S001,S001_NORMAL_D12,1,NORMAL_D12,10.00,1.3202,,MR60BHA2_breath_phase,safenest-node-01
99.1400,0.020000,S001,S001_NORMAL_D12,1,NORMAL_D12,10.00,1.3202,,MR60BHA2_breath_phase,safenest-node-01
99.2400,-0.020000,S001,S001_NORMAL_D12,1,NORMAL_D12,10.00,1.3202,,MR60BHA2_breath_phase,safenest-node-01
99.3400,-0.030000,S001,S001_NORMAL_D12,1,NORMAL_D12,10.00,1.3202,,MR60BHA2_breath_phase,safenest-node-01
99.4400,-0.060000,S001,S001_NORMAL_D12,1,NORMAL_D12,10.00,1.3202,,MR60BHA2_breath_phase,safenest-node-01
99.5400,-0.080000,S001,S001_NORMAL_D12,1,NORMAL_D12,10.00,1.3202,,MR60BHA2_breath_phase,safenest-node-01
99.6410,-0.100000,S001,S001_NORMAL_D12,1,NORMAL_D12,11.00,1.3202,,MR60BHA2_breath_phase,safenest-node-01
99.7410,-0.110000,S001,S001_NORMAL_D12,1,NORMAL_D12,11.00,1.3202,,MR60BHA2_breath_phase,safenest-node-01
99.8410,-0.120000,S001,S001_NORMAL_D12,1,NORMAL_D12,11.00,1.3202,,MR60BHA2_breath_phase,safenest-node-01
99.9410,-0.130000,S001,S001_NORMAL_D12,1,NORMAL_D12,11.00,1.3202,,MR60BHA2_breath_phase,safenest-node-01
100.0410,-0.130000,S001,S001_NORMAL_D12,1,NORMAL_D12,11.00,1.3202,,MR60BHA2_breath_phase,safenest-node-01
100.1410,-0.130000,S001,S001_NORMAL_D12,1,NORMAL_D12,12.00,1.3202,,MR60BHA2_breath_phase,safenest-node-01
100.2420,-0.130000,S001,S001_NORMAL_D12,1,NORMAL_D12,12.00,1.3202,,MR60BHA2_breath_phase,safenest-node-01
100.3420,-0.120000,S001,S001_NORMAL_D12,1,NORMAL_D12,12.00,1.3202,,MR60BHA2_breath_phase,safenest-node-01
100.4420,-0.100000,S001,S001_NORMAL_D12,1,NORMAL_D12,12.00,1.3202,,MR60BHA2_breath_phase,safenest-node-01
100.5420,-0.100000,S001,S001_NORMAL_D12,1,NORMAL_D12,13.00,1.3202,,MR60BHA2_breath_phase,safenest-node-01
100.6420,-0.080000,S001,S001_NORMAL_D12,1,NORMAL_D12,13.00,1.3202,,MR60BHA2_breath_phase,safenest-node-01
100.7420,-0.060000,S001,S001_NORMAL_D12,1,NORMAL_D12,13.00,1.3202,,MR60BHA2_breath_phase,safenest-node-01
100.8420,-0.040000,S001,S001_NORMAL_D12,1,NORMAL_D12,13.00,1.3202,,MR60BHA2_breath_phase,safenest-node-01
100.9420,-0.010000,S001,S001_NORMAL_D12,1,NORMAL_D12,13.00,1.3202,,MR60BHA2_breath_phase,safenest-node-01
101.0420,0.000000,S001,S001_NORMAL_D12,1,NORMAL_D12,14.00,1.3202,,MR60BHA2_breath_phase,safenest-node-01
101.1420,0.050000,S001,S001_NORMAL_D12,1,NORMAL_D12,14.00,1.3202,,MR60BHA2_breath_phase,safenest-node-01
101.2420,0.090000,S001,S001_NORMAL_D12,1,NORMAL_D12,14.00,1.3202,,MR60BHA2_breath_phase,safenest-node-01
101.3420,0.140000,S001,S001_NORMAL_D12,1,NORMAL_D12,14.00,1.3202,,MR60BHA2_breath_phase,safenest-node-01
101.4420,0.160000,S001,S001_NORMAL_D12,1,NORMAL_D12,14.00,1.3202,,MR60BHA2_breath_phase,safenest-node-01
101.5420,0.200000,S001,S001_NORMAL_D12,1,NORMAL_D12,15.00,1.3202,,MR60BHA2_breath_phase,safenest-node-01
101.6420,0.210000,S001,S001_NORMAL_D12,1,NORMAL_D12,15.00,1.3202,,MR60BHA2_breath_phase,safenest-node-01
101.7420,0.230000,S001,S001_NORMAL_D12,1,NORMAL_D12,15.00,1.3202,,MR60BHA2_breath_phase,safenest-node-01
101.8420,0.240000,S001,S001_NORMAL_D12,1,NORMAL_D12,15.00,1.3202,,MR60BHA2_breath_phase,safenest-node-01
101.9430,0.230000,S001,S001_NORMAL_D12,1,NORMAL_D12,15.00,1.3202,,MR60BHA2_breath_phase,safenest-node-01
102.0430,0.230000,S001,S001_NORMAL_D12,1,NORMAL_D12,15.00,1.3202,,MR60BHA2_breath_phase,safenest-node-01
102.1430,0.220000,S001,S001_NORMAL_D12,1,NORMAL_D12,16.00,1.3202,,MR60BHA2_breath_phase,safenest-node-01
102.2430,0.210000,S001,S001_NORMAL_D12,1,NORMAL_D12,16.00,1.3202,,MR60BHA2_breath_phase,safenest-node-01
102.3430,0.200000,S001,S001_NORMAL_D12,1,NORMAL_D12,16.00,1.3202,,MR60BHA2_breath_phase,safenest-node-01
102.4430,0.180000,S001,S001_NORMAL_D12,1,NORMAL_D12,16.00,1.3202,,MR60BHA2_breath_phase,safenest-node-01
102.5440,0.160000,S001,S001_NORMAL_D12,1,NORMAL_D12,16.00,1.3202,,MR60BHA2_breath_phase,safenest-node-01
102.6440,0.150000,S001,S001_NORMAL_D12,1,NORMAL_D12,16.00,1.3202,,MR60BHA2_breath_phase,safenest-node-01
102.7440,0.140000,S001,S001_NORMAL_D12,1,NORMAL_D12,16.00,1.3202,,MR60BHA2_breath_phase,safenest-node-01
102.8440,0.110000,S001,S001_NORMAL_D12,1,NORMAL_D12,16.00,1.3202,,MR60BHA2_breath_phase,safenest-node-01
102.9440,0.090000,S001,S001_NORMAL_D12,1,NORMAL_D12,17.00,1.3202,,MR60BHA2_breath_phase,safenest-node-01
103.0440,0.070000,S001,S001_NORMAL_D12,1,NORMAL_D12,17.00,1.3202,,MR60BHA2_breath_phase,safenest-node-01
103.1440,0.060000,S001,S001_NORMAL_D12,1,NORMAL_D12,17.00,1.3202,,MR60BHA2_breath_phase,safenest-node-01
103.2440,0.040000,S001,S001_NORMAL_D12,1,NORMAL_D12,17.00,1.3202,,MR60BHA2_breath_phase,safenest-node-01
103.3440,0.030000,S001,S001_NORMAL_D12,1,NORMAL_D12,17.00,1.3202,,MR60BHA2_breath_phase,safenest-node-01
103.4440,0.010000,S001,S001_NORMAL_D12,1,NORMAL_D12,17.00,1.3202,,MR60BHA2_breath_phase,safenest-node-01
103.5440,0.000000,S001,S001_NORMAL_D12,1,NORMAL_D12,17.00,1.3202,,MR60BHA2_breath_phase,safenest-node-01
103.6450,-0.000000,S001,S001_NORMAL_D12,1,NORMAL_D12,17.00,1.3202,,MR60BHA2_breath_phase,safenest-node-01
103.7450,-0.000000,S001,S001_NORMAL_D12,1,NORMAL_D12,17.00,1.3202,,MR60BHA2_breath_phase,safenest-node-01
103.8450,-0.000000,S001,S001_NORMAL_D12,1,NORMAL_D12,17.00,1.3202,,MR60BHA2_breath_phase,safenest-node-01
103.9450,0.000000,S001,S001_NORMAL_D12,1,NORMAL_D12,17.00,1.3202,,MR60BHA2_breath_phase,safenest-node-01
104.0450,0.010000,S001,S001_NORMAL_D12,1,NORMAL_D12,17.00,1.3202,,MR60BHA2_breath_phase,safenest-node-01
104.1450,0.030000,S001,S001_NORMAL_D12,1,NORMAL_D12,17.00,1.3202,,MR60BHA2_breath_phase,safenest-node-01
104.2460,0.050000,S001,S001_NORMAL_D12,1,NORMAL_D12,17.00,1.3202,,MR60BHA2_breath_phase,safenest-node-01
104.3460,0.060000,S001,S001_NORMAL_D12,1,NORMAL_D12,17.00,1.3202,,MR60BHA2_breath_phase,safenest-node-01
104.4470,0.090000,S001,S001_NORMAL_D12,1,NORMAL_D12,18.00,1.3202,,MR60BHA2_breath_phase,safenest-node-01
104.5470,0.100000,S001,S001_NORMAL_D12,1,NORMAL_D12,18.00,1.3202,,MR60BHA2_breath_phase,safenest-node-01
104.6470,0.110000,S001,S001_NORMAL_D12,1,NORMAL_D12,18.00,1.3202,,MR60BHA2_breath_phase,safenest-node-01
104.7470,0.110000,S001,S001_NORMAL_D12,1,NORMAL_D12,18.00,1.3202,,MR60BHA2_breath_phase,safenest-node-01
104.8480,0.100000,S001,S001_NORMAL_D12,1,NORMAL_D12,18.00,1.3202,,MR60BHA2_breath_phase,safenest-node-01
104.9480,0.070000,S001,S001_NORMAL_D12,1,NORMAL_D12,18.00,1.3202,,MR60BHA2_breath_phase,safenest-node-01
105.0480,0.050000,S001,S001_NORMAL_D12,1,NORMAL_D12,18.00,1.3202,,MR60BHA2_breath_phase,safenest-node-01
105.1480,-0.010000,S001,S001_NORMAL_D12,1,NORMAL_D12,18.00,1.3202,,MR60BHA2_breath_phase,safenest-node-01
105.2480,-0.090000,S001,S001_NORMAL_D12,1,NORMAL_D12,18.00,1.3202,,MR60BHA2_breath_phase,safenest-node-01
105.3480,-0.180000,S001,S001_NORMAL_D12,1,NORMAL_D12,18.00,1.3202,,MR60BHA2_breath_phase,safenest-node-01
105.4480,-0.230000,S001,S001_NORMAL_D12,1,NORMAL_D12,18.00,1.3202,,MR60BHA2_breath_phase,safenest-node-01
105.5480,-0.330000,S001,S001_NORMAL_D12,1,NORMAL_D12,18.00,1.3202,,MR60BHA2_breath_phase,safenest-node-01
105.6480,-0.370000,S001,S001_NORMAL_D12,1,NORMAL_D12,18.00,1.3202,,MR60BHA2_breath_phase,safenest-node-01
105.7480,-0.460000,S001,S001_NORMAL_D12,1,NORMAL_D12,19.00,1.3202,,MR60BHA2_breath_phase,safenest-node-01
105.8480,-0.530000,S001,S001_NORMAL_D12,1,NORMAL_D12,18.00,1.3202,,MR60BHA2_breath_phase,safenest-node-01
105.9480,-0.570000,S001,S001_NORMAL_D12,1,NORMAL_D12,18.00,1.3202,,MR60BHA2_breath_phase,safenest-node-01
106.0480,-0.580000,S001,S001_NORMAL_D12,1,NORMAL_D12,18.00,1.3202,,MR60BHA2_breath_phase,safenest-node-01
106.1480,-0.580000,S001,S001_NORMAL_D12,1,NORMAL_D12,19.00,1.3202,,MR60BHA2_breath_phase,safenest-node-01
106.2480,-0.570000,S001,S001_NORMAL_D12,1,NORMAL_D12,18.00,1.3202,,MR60BHA2_breath_phase,safenest-node-01
106.3480,-0.520000,S001,S001_NORMAL_D12,1,NORMAL_D12,17.00,1.3202,,MR60BHA2_breath_phase,safenest-node-01
106.4480,-0.460000,S001,S001_NORMAL_D12,1,NORMAL_D12,16.00,1.3202,,MR60BHA2_breath_phase,safenest-node-01
106.5480,-0.370000,S001,S001_NORMAL_D12,1,NORMAL_D12,15.00,1.3202,,MR60BHA2_breath_phase,safenest-node-01
106.6480,-0.320000,S001,S001_NORMAL_D12,1,NORMAL_D12,15.00,1.3202,,MR60BHA2_breath_phase,safenest-node-01
106.7480,-0.220000,S001,S001_NORMAL_D12,1,NORMAL_D12,14.00,1.3202,,MR60BHA2_breath_phase,safenest-node-01
106.8480,-0.170000,S001,S001_NORMAL_D12,1,NORMAL_D12,14.00,1.3202,,MR60BHA2_breath_phase,safenest-node-01
106.9480,-0.060000,S001,S001_NORMAL_D12,1,NORMAL_D12,13.00,1.3202,,MR60BHA2_breath_phase,safenest-node-01
107.0480,0.040000,S001,S001_NORMAL_D12,1,NORMAL_D12,12.00,1.3202,,MR60BHA2_breath_phase,safenest-node-01
107.1480,0.140000,S001,S001_NORMAL_D12,1,NORMAL_D12,12.00,1.3202,,MR60BHA2_breath_phase,safenest-node-01
107.2480,0.190000,S001,S001_NORMAL_D12,1,NORMAL_D12,12.00,1.3202,,MR60BHA2_breath_phase,safenest-node-01
107.3480,0.280000,S001,S001_NORMAL_D12,1,NORMAL_D12,11.00,1.3202,,MR60BHA2_breath_phase,safenest-node-01
107.4480,0.320000,S001,S001_NORMAL_D12,1,NORMAL_D12,11.00,1.3202,,MR60BHA2_breath_phase,safenest-node-01
107.5480,0.390000,S001,S001_NORMAL_D12,1,NORMAL_D12,10.00,1.3202,,MR60BHA2_breath_phase,safenest-node-01
107.6480,0.440000,S001,S001_NORMAL_D12,1,NORMAL_D12,10.00,1.3202,,MR60BHA2_breath_phase,safenest-node-01
107.7480,0.450000,S001,S001_NORMAL_D12,1,NORMAL_D12,10.00,1.3202,,MR60BHA2_breath_phase,safenest-node-01
107.8480,0.460000,S001,S001_NORMAL_D12,1,NORMAL_D12,10.00,1.3202,,MR60BHA2_breath_phase,safenest-node-01
107.9480,0.430000,S001,S001_NORMAL_D12,1,NORMAL_D12,11.00,1.3202,,MR60BHA2_breath_phase,safenest-node-01
108.0480,0.400000,S001,S001_NORMAL_D12,1,NORMAL_D12,12.00,1.3202,,MR60BHA2_breath_phase,safenest-node-01
108.1480,0.320000,S001,S001_NORMAL_D12,1,NORMAL_D12,12.00,1.3202,,MR60BHA2_breath_phase,safenest-node-01
108.2480,0.210000,S001,S001_NORMAL_D12,1,NORMAL_D12,13.00,1.3202,,MR60BHA2_breath_phase,safenest-node-01
108.3480,0.150000,S001,S001_NORMAL_D12,1,NORMAL_D12,13.00,1.3202,,MR60BHA2_breath_phase,safenest-node-01
108.4480,0.030000,S001,S001_NORMAL_D12,1,NORMAL_D12,13.00,1.3202,,MR60BHA2_breath_phase,safenest-node-01
108.5490,-0.090000,S001,S001_NORMAL_D12,1,NORMAL_D12,14.00,1.3202,,MR60BHA2_breath_phase,safenest-node-01
108.6490,-0.150000,S001,S001_NORMAL_D12,1,NORMAL_D12,14.00,1.3202,,MR60BHA2_breath_phase,safenest-node-01
108.7490,-0.260000,S001,S001_NORMAL_D12,1,NORMAL_D12,15.00,1.3202,,MR60BHA2_breath_phase,safenest-node-01
108.8490,-0.340000,S001,S001_NORMAL_D12,1,NORMAL_D12,15.00,1.3202,,MR60BHA2_breath_phase,safenest-node-01
108.9490,-0.370000,S001,S001_NORMAL_D12,1,NORMAL_D12,15.00,1.3202,,MR60BHA2_breath_phase,safenest-node-01
109.0490,-0.410000,S001,S001_NORMAL_D12,1,NORMAL_D12,16.00,1.3202,,MR60BHA2_breath_phase,safenest-node-01
109.1490,-0.420000,S001,S001_NORMAL_D12,1,NORMAL_D12,16.00,1.3202,,MR60BHA2_breath_phase,safenest-node-01
109.2490,-0.410000,S001,S001_NORMAL_D12,1,NORMAL_D12,17.00,1.3202,,MR60BHA2_breath_phase,safenest-node-01
109.3490,-0.370000,S001,S001_NORMAL_D12,1,NORMAL_D12,17.00,1.3202,,MR60BHA2_breath_phase,safenest-node-01
109.4490,-0.300000,S001,S001_NORMAL_D12,1,NORMAL_D12,18.00,1.3202,,MR60BHA2_breath_phase,safenest-node-01
109.5490,-0.260000,S001,S001_NORMAL_D12,1,NORMAL_D12,18.00,1.3202,,MR60BHA2_breath_phase,safenest-node-01
109.6490,-0.170000,S001,S001_NORMAL_D12,1,NORMAL_D12,18.00,1.3202,,MR60BHA2_breath_phase,safenest-node-01
109.7490,-0.120000,S001,S001_NORMAL_D12,1,NORMAL_D12,18.00,1.3202,,MR60BHA2_breath_phase,safenest-node-01
109.8490,-0.010000,S001,S001_NORMAL_D12,1,NORMAL_D12,18.00,1.3202,,MR60BHA2_breath_phase,safenest-node-01
109.9490,0.080000,S001,S001_NORMAL_D12,1,NORMAL_D12,18.00,1.3202,,MR60BHA2_breath_phase,safenest-node-01
110.0490,0.170000,S001,S001_NORMAL_D12,1,NORMAL_D12,18.00,1.3202,,MR60BHA2_breath_phase,safenest-node-01
110.1490,0.210000,S001,S001_NORMAL_D12,1,NORMAL_D12,18.00,1.3202,,MR60BHA2_breath_phase,safenest-node-01
110.2490,0.270000,S001,S001_NORMAL_D12,1,NORMAL_D12,19.00,1.3202,,MR60BHA2_breath_phase,safenest-node-01
110.3490,0.300000,S001,S001_NORMAL_D12,1,NORMAL_D12,19.00,1.3202,,MR60BHA2_breath_phase,safenest-node-01
110.4490,0.330000,S001,S001_NORMAL_D12,1,NORMAL_D12,19.00,1.3202,,MR60BHA2_breath_phase,safenest-node-01
110.5490,0.350000,S001,S001_NORMAL_D12,1,NORMAL_D12,19.00,1.3202,,MR60BHA2_breath_phase,safenest-node-01
110.6490,0.340000,S001,S001_NORMAL_D12,1,NORMAL_D12,19.00,1.3202,,MR60BHA2_breath_phase,safenest-node-01
110.7490,0.320000,S001,S001_NORMAL_D12,1,NORMAL_D12,19.00,1.3202,,MR60BHA2_breath_phase,safenest-node-01
110.8490,0.290000,S001,S001_NORMAL_D12,1,NORMAL_D12,20.00,1.3202,,MR60BHA2_breath_phase,safenest-node-01
110.9490,0.270000,S001,S001_NORMAL_D12,1,NORMAL_D12,20.00,1.3202,,MR60BHA2_breath_phase,safenest-node-01
111.0490,0.210000,S001,S001_NORMAL_D12,1,NORMAL_D12,20.00,1.3202,,MR60BHA2_breath_phase,safenest-node-01
111.1490,0.160000,S001,S001_NORMAL_D12,1,NORMAL_D12,20.00,1.3202,,MR60BHA2_breath_phase,safenest-node-01
111.2500,0.140000,S001,S001_NORMAL_D12,1,NORMAL_D12,20.00,1.3202,,MR60BHA2_breath_phase,safenest-node-01
111.3500,0.090000,S001,S001_NORMAL_D12,1,NORMAL_D12,20.00,1.3202,,MR60BHA2_breath_phase,safenest-node-01
111.4500,0.060000,S001,S001_NORMAL_D12,1,NORMAL_D12,21.00,1.3202,,MR60BHA2_breath_phase,safenest-node-01
111.5500,0.050000,S001,S001_NORMAL_D12,1,NORMAL_D12,21.00,1.3202,,MR60BHA2_breath_phase,safenest-node-01
111.6500,0.030000,S001,S001_NORMAL_D12,1,NORMAL_D12,21.00,1.3202,,MR60BHA2_breath_phase,safenest-node-01
111.7500,0.020000,S001,S001_NORMAL_D12,1,NORMAL_D12,21.00,1.3202,,MR60BHA2_breath_phase,safenest-node-01
111.8500,0.020000,S001,S001_NORMAL_D12,1,NORMAL_D12,21.00,1.3202,,MR60BHA2_breath_phase,safenest-node-01
111.9500,0.020000,S001,S001_NORMAL_D12,1,NORMAL_D12,21.00,1.3202,,MR60BHA2_breath_phase,safenest-node-01
112.0500,0.020000,S001,S001_NORMAL_D12,1,NORMAL_D12,21.00,1.3202,,MR60BHA2_breath_phase,safenest-node-01
112.1500,0.030000,S001,S001_NORMAL_D12,1,NORMAL_D12,21.00,1.3202,,MR60BHA2_breath_phase,safenest-node-01
112.2500,0.050000,S001,S001_NORMAL_D12,1,NORMAL_D12,21.00,1.3202,,MR60BHA2_breath_phase,safenest-node-01
112.3500,0.070000,S001,S001_NORMAL_D12,1,NORMAL_D12,22.00,1.3202,,MR60BHA2_breath_phase,safenest-node-01
112.4500,0.090000,S001,S001_NORMAL_D12,1,NORMAL_D12,22.00,1.3202,,MR60BHA2_breath_phase,safenest-node-01
112.5500,0.130000,S001,S001_NORMAL_D12,1,NORMAL_D12,22.00,1.3202,,MR60BHA2_breath_phase,safenest-node-01
112.6500,0.140000,S001,S001_NORMAL_D12,1,NORMAL_D12,22.00,1.3202,,MR60BHA2_breath_phase,safenest-node-01
112.7500,0.180000,S001,S001_NORMAL_D12,1,NORMAL_D12,22.00,1.3202,,MR60BHA2_breath_phase,safenest-node-01
112.8500,0.200000,S001,S001_NORMAL_D12,1,NORMAL_D12,22.00,1.3202,,MR60BHA2_breath_phase,safenest-node-01
112.9500,0.210000,S001,S001_NORMAL_D12,1,NORMAL_D12,22.00,1.3202,,MR60BHA2_breath_phase,safenest-node-01
113.0500,0.200000,S001,S001_NORMAL_D12,1,NORMAL_D12,22.00,1.3202,,MR60BHA2_breath_phase,safenest-node-01
113.1500,0.180000,S001,S001_NORMAL_D12,1,NORMAL_D12,22.00,1.3202,,MR60BHA2_breath_phase,safenest-node-01
113.2500,0.160000,S001,S001_NORMAL_D12,1,NORMAL_D12,22.00,1.3202,,MR60BHA2_breath_phase,safenest-node-01
113.3500,0.110000,S001,S001_NORMAL_D12,1,NORMAL_D12,22.00,1.3202,,MR60BHA2_breath_phase,safenest-node-01
113.4500,0.050000,S001,S001_NORMAL_D12,1,NORMAL_D12,22.00,1.3202,,MR60BHA2_breath_phase,safenest-node-01
113.5500,-0.030000,S001,S001_NORMAL_D12,1,NORMAL_D12,22.00,1.3202,,MR60BHA2_breath_phase,safenest-node-01
113.6500,-0.060000,S001,S001_NORMAL_D12,1,NORMAL_D12,22.00,1.3202,,MR60BHA2_breath_phase,safenest-node-01
113.7500,-0.140000,S001,S001_NORMAL_D12,1,NORMAL_D12,23.00,1.3202,,MR60BHA2_breath_phase,safenest-node-01
113.8500,-0.180000,S001,S001_NORMAL_D12,1,NORMAL_D12,23.00,1.3202,,MR60BHA2_breath_phase,safenest-node-01
113.9500,-0.240000,S001,S001_NORMAL_D12,1,NORMAL_D12,23.00,1.3202,,MR60BHA2_breath_phase,safenest-node-01
114.0500,-0.280000,S001,S001_NORMAL_D12,1,NORMAL_D12,23.00,1.3202,,MR60BHA2_breath_phase,safenest-node-01
114.1510,-0.310000,S001,S001_NORMAL_D12,1,NORMAL_D12,23.00,1.3202,,MR60BHA2_breath_phase,safenest-node-01
114.2510,-0.310000,S001,S001_NORMAL_D12,1,NORMAL_D12,24.00,1.3202,,MR60BHA2_breath_phase,safenest-node-01
114.3510,-0.310000,S001,S001_NORMAL_D12,1,NORMAL_D12,24.00,1.3202,,MR60BHA2_breath_phase,safenest-node-01
114.4510,-0.310000,S001,S001_NORMAL_D12,1,NORMAL_D12,24.00,1.3202,,MR60BHA2_breath_phase,safenest-node-01
114.5510,-0.290000,S001,S001_NORMAL_D12,1,NORMAL_D12,24.00,1.3202,,MR60BHA2_breath_phase,safenest-node-01
114.6510,-0.260000,S001,S001_NORMAL_D12,1,NORMAL_D12,24.00,1.3202,,MR60BHA2_breath_phase,safenest-node-01
114.7520,-0.250000,S001,S001_NORMAL_D12,1,NORMAL_D12,24.00,1.3202,,MR60BHA2_breath_phase,safenest-node-01
114.8520,-0.200000,S001,S001_NORMAL_D12,1,NORMAL_D12,25.00,1.3202,,MR60BHA2_breath_phase,safenest-node-01
114.9520,-0.150000,S001,S001_NORMAL_D12,1,NORMAL_D12,25.00,1.3202,,MR60BHA2_breath_phase,safenest-node-01
115.0520,-0.120000,S001,S001_NORMAL_D12,1,NORMAL_D12,25.00,1.3202,,MR60BHA2_breath_phase,safenest-node-01
115.1520,-0.070000,S001,S001_NORMAL_D12,1,NORMAL_D12,25.00,1.3202,,MR60BHA2_breath_phase,safenest-node-01
115.2520,-0.040000,S001,S001_NORMAL_D12,1,NORMAL_D12,25.00,1.3202,,MR60BHA2_breath_phase,safenest-node-01
115.3520,-0.020000,S001,S001_NORMAL_D12,1,NORMAL_D12,25.00,1.3202,,MR60BHA2_breath_phase,safenest-node-01
115.4520,0.000000,S001,S001_NORMAL_D12,1,NORMAL_D12,25.00,1.3202,,MR60BHA2_breath_phase,safenest-node-01
115.5530,0.020000,S001,S001_NORMAL_D12,1,NORMAL_D12,26.00,1.3202,,MR60BHA2_breath_phase,safenest-node-01
115.6530,0.020000,S001,S001_NORMAL_D12,1,NORMAL_D12,26.00,1.3202,,MR60BHA2_breath_phase,safenest-node-01
115.7530,0.020000,S001,S001_NORMAL_D12,1,NORMAL_D12,26.00,1.3202,,MR60BHA2_breath_phase,safenest-node-01
115.8530,0.020000,S001,S001_NORMAL_D12,1,NORMAL_D12,26.00,1.3202,,MR60BHA2_breath_phase,safenest-node-01
115.9530,0.020000,S001,S001_NORMAL_D12,1,NORMAL_D12,26.00,1.3202,,MR60BHA2_breath_phase,safenest-node-01
116.0530,0.010000,S001,S001_NORMAL_D12,1,NORMAL_D12,26.00,1.3202,,MR60BHA2_breath_phase,safenest-node-01
116.1530,0.010000,S001,S001_NORMAL_D12,1,NORMAL_D12,26.00,1.3202,,MR60BHA2_breath_phase,safenest-node-01
116.2530,0.020000,S001,S001_NORMAL_D12,1,NORMAL_D12,26.00,1.3202,,MR60BHA2_breath_phase,safenest-node-01
116.3530,0.040000,S001,S001_NORMAL_D12,1,NORMAL_D12,26.00,1.3202,,MR60BHA2_breath_phase,safenest-node-01
116.4530,0.080000,S001,S001_NORMAL_D12,1,NORMAL_D12,26.00,1.3202,,MR60BHA2_breath_phase,safenest-node-01
116.5530,0.110000,S001,S001_NORMAL_D12,1,NORMAL_D12,26.00,1.3202,,MR60BHA2_breath_phase,safenest-node-01
116.6530,0.160000,S001,S001_NORMAL_D12,1,NORMAL_D12,26.00,1.3202,,MR60BHA2_breath_phase,safenest-node-01
116.7530,0.190000,S001,S001_NORMAL_D12,1,NORMAL_D12,26.00,1.3202,,MR60BHA2_breath_phase,safenest-node-01
116.8530,0.240000,S001,S001_NORMAL_D12,1,NORMAL_D12,25.00,1.3202,,MR60BHA2_breath_phase,safenest-node-01
116.9530,0.270000,S001,S001_NORMAL_D12,1,NORMAL_D12,25.00,1.3202,,MR60BHA2_breath_phase,safenest-node-01
117.0530,0.290000,S001,S001_NORMAL_D12,1,NORMAL_D12,24.00,1.3202,,MR60BHA2_breath_phase,safenest-node-01
117.1530,0.290000,S001,S001_NORMAL_D12,1,NORMAL_D12,24.00,1.3202,,MR60BHA2_breath_phase,safenest-node-01
117.2530,0.280000,S001,S001_NORMAL_D12,1,NORMAL_D12,24.00,1.3202,,MR60BHA2_breath_phase,safenest-node-01
117.3530,0.270000,S001,S001_NORMAL_D12,1,NORMAL_D12,23.00,1.3202,,MR60BHA2_breath_phase,safenest-node-01
117.4530,0.240000,S001,S001_NORMAL_D12,1,NORMAL_D12,23.00,1.3202,,MR60BHA2_breath_phase,safenest-node-01
117.5530,0.200000,S001,S001_NORMAL_D12,1,NORMAL_D12,22.00,1.3202,,MR60BHA2_breath_phase,safenest-node-01
117.6530,0.170000,S001,S001_NORMAL_D12,1,NORMAL_D12,21.00,1.3202,,MR60BHA2_breath_phase,safenest-node-01
117.7530,0.150000,S001,S001_NORMAL_D12,1,NORMAL_D12,21.00,1.3202,,MR60BHA2_breath_phase,safenest-node-01
117.8530,0.130000,S001,S001_NORMAL_D12,1,NORMAL_D12,21.00,1.3202,,MR60BHA2_breath_phase,safenest-node-01
117.9530,0.120000,S001,S001_NORMAL_D12,1,NORMAL_D12,21.00,1.3202,,MR60BHA2_breath_phase,safenest-node-01
118.0530,0.100000,S001,S001_NORMAL_D12,1,NORMAL_D12,21.00,1.3202,,MR60BHA2_breath_phase,safenest-node-01
118.1530,0.070000,S001,S001_NORMAL_D12,1,NORMAL_D12,20.00,1.3202,,MR60BHA2_breath_phase,safenest-node-01
118.2530,0.050000,S001,S001_NORMAL_D12,1,NORMAL_D12,20.00,1.3202,,MR60BHA2_breath_phase,safenest-node-01
118.3530,0.030000,S001,S001_NORMAL_D12,1,NORMAL_D12,20.00,1.3202,,MR60BHA2_breath_phase,safenest-node-01
118.4530,-0.000000,S001,S001_NORMAL_D12,1,NORMAL_D12,20.00,1.3202,,MR60BHA2_breath_phase,safenest-node-01
118.5530,-0.020000,S001,S001_NORMAL_D12,1,NORMAL_D12,19.00,1.3202,,MR60BHA2_breath_phase,safenest-node-01
118.6530,-0.060000,S001,S001_NORMAL_D12,1,NORMAL_D12,19.00,1.3202,,MR60BHA2_breath_phase,safenest-node-01
118.7530,-0.100000,S001,S001_NORMAL_D12,1,NORMAL_D12,19.00,1.3202,,MR60BHA2_breath_phase,safenest-node-01
118.8530,-0.120000,S001,S001_NORMAL_D12,1,NORMAL_D12,19.00,1.3202,,MR60BHA2_breath_phase,safenest-node-01
118.9530,-0.150000,S001,S001_NORMAL_D12,1,NORMAL_D12,19.00,1.3202,,MR60BHA2_breath_phase,safenest-node-01
119.0530,-0.170000,S001,S001_NORMAL_D12,1,NORMAL_D12,18.00,1.3202,,MR60BHA2_breath_phase,safenest-node-01
119.1530,-0.190000,S001,S001_NORMAL_D12,1,NORMAL_D12,18.00,1.3202,,MR60BHA2_breath_phase,safenest-node-01
119.2530,-0.200000,S001,S001_NORMAL_D12,1,NORMAL_D12,18.00,1.3202,,MR60BHA2_breath_phase,safenest-node-01
119.3530,-0.200000,S001,S001_NORMAL_D12,1,NORMAL_D12,18.00,1.3202,,MR60BHA2_breath_phase,safenest-node-01
119.4530,-0.190000,S001,S001_NORMAL_D12,1,NORMAL_D12,18.00,1.3202,,MR60BHA2_breath_phase,safenest-node-01
119.5530,-0.170000,S001,S001_NORMAL_D12,1,NORMAL_D12,18.00,1.3202,,MR60BHA2_breath_phase,safenest-node-01
119.6530,-0.160000,S001,S001_NORMAL_D12,1,NORMAL_D12,17.00,1.3202,,MR60BHA2_breath_phase,safenest-node-01
119.7530,-0.150000,S001,S001_NORMAL_D12,1,NORMAL_D12,17.00,1.3202,,MR60BHA2_breath_phase,safenest-node-01
119.8530,-0.130000,S001,S001_NORMAL_D12,1,NORMAL_D12,17.00,1.3202,,MR60BHA2_breath_phase,safenest-node-01
119.9530,-0.130000,S001,S001_NORMAL_D12,1,NORMAL_D12,17.00,1.3202,,MR60BHA2_breath_phase,safenest-node-01
120.0530,-0.140000,S001,S001_NORMAL_D12,1,NORMAL_D12,17.00,1.3202,,MR60BHA2_breath_phase,safenest-node-01
120.1530,-0.150000,S001,S001_NORMAL_D12,1,NORMAL_D12,17.00,1.3202,,MR60BHA2_breath_phase,safenest-node-01
120.2530,-0.160000,S001,S001_NORMAL_D12,1,NORMAL_D12,17.00,1.3202,,MR60BHA2_breath_phase,safenest-node-01
120.3530,-0.190000,S001,S001_NORMAL_D12,1,NORMAL_D12,17.00,1.3202,,MR60BHA2_breath_phase,safenest-node-01
120.4530,-0.230000,S001,S001_NORMAL_D12,1,NORMAL_D12,16.00,1.3202,,MR60BHA2_breath_phase,safenest-node-01
120.5530,-0.260000,S001,S001_NORMAL_D12,1,NORMAL_D12,16.00,1.3202,,MR60BHA2_breath_phase,safenest-node-01
120.6530,-0.280000,S001,S001_NORMAL_D12,1,NORMAL_D12,16.00,1.3202,,MR60BHA2_breath_phase,safenest-node-01
120.7530,-0.310000,S001,S001_NORMAL_D12,1,NORMAL_D12,16.00,1.3202,,MR60BHA2_breath_phase,safenest-node-01
120.8530,-0.330000,S001,S001_NORMAL_D12,1,NORMAL_D12,16.00,1.3202,,MR60BHA2_breath_phase,safenest-node-01
120.9530,-0.340000,S001,S001_NORMAL_D12,1,NORMAL_D12,16.00,1.3202,,MR60BHA2_breath_phase,safenest-node-01
121.0530,-0.340000,S001,S001_NORMAL_D12,1,NORMAL_D12,15.00,1.3202,,MR60BHA2_breath_phase,safenest-node-01
121.1530,-0.330000,S001,S001_NORMAL_D12,1,NORMAL_D12,14.00,1.3202,,MR60BHA2_breath_phase,safenest-node-01
121.2530,-0.310000,S001,S001_NORMAL_D12,1,NORMAL_D12,14.00,1.3202,,MR60BHA2_breath_phase,safenest-node-01
121.3530,-0.270000,S001,S001_NORMAL_D12,1,NORMAL_D12,14.00,1.3202,,MR60BHA2_breath_phase,safenest-node-01
121.4530,-0.250000,S001,S001_NORMAL_D12,1,NORMAL_D12,13.00,1.3202,,MR60BHA2_breath_phase,safenest-node-01
121.5530,-0.190000,S001,S001_NORMAL_D12,1,NORMAL_D12,12.00,1.3202,,MR60BHA2_breath_phase,safenest-node-01
121.6530,-0.120000,S001,S001_NORMAL_D12,1,NORMAL_D12,12.00,1.3202,,MR60BHA2_breath_phase,safenest-node-01
121.7540,-0.090000,S001,S001_NORMAL_D12,1,NORMAL_D12,12.00,1.3202,,MR60BHA2_breath_phase,safenest-node-01
121.8540,-0.020000,S001,S001_NORMAL_D12,1,NORMAL_D12,11.00,1.3202,,MR60BHA2_breath_phase,safenest-node-01
121.9540,0.010000,S001,S001_NORMAL_D12,1,NORMAL_D12,11.00,1.3202,,MR60BHA2_breath_phase,safenest-node-01
122.0540,0.070000,S001,S001_NORMAL_D12,1,NORMAL_D12,10.00,1.3202,,MR60BHA2_breath_phase,safenest-node-01
122.1540,0.130000,S001,S001_NORMAL_D12,1,NORMAL_D12,10.00,1.3202,,MR60BHA2_breath_phase,safenest-node-01
122.2540,0.180000,S001,S001_NORMAL_D12,1,NORMAL_D12,9.00,1.3202,,MR60BHA2_breath_phase,safenest-node-01
122.3540,0.200000,S001,S001_NORMAL_D12,1,NORMAL_D12,9.00,1.3202,,MR60BHA2_breath_phase,safenest-node-01
122.4540,0.230000,S001,S001_NORMAL_D12,1,NORMAL_D12,9.00,1.3202,,MR60BHA2_breath_phase,safenest-node-01
122.5540,0.250000,S001,S001_NORMAL_D12,1,NORMAL_D12,8.00,1.3202,,MR60BHA2_breath_phase,safenest-node-01
122.6540,0.270000,S001,S001_NORMAL_D12,1,NORMAL_D12,8.00,1.3202,,MR60BHA2_breath_phase,safenest-node-01
122.7540,0.280000,S001,S001_NORMAL_D12,1,NORMAL_D12,7.00,1.3202,,MR60BHA2_breath_phase,safenest-node-01
122.8540,0.280000,S001,S001_NORMAL_D12,1,NORMAL_D12,7.00,1.3202,,MR60BHA2_breath_phase,safenest-node-01
122.9540,0.280000,S001,S001_NORMAL_D12,1,NORMAL_D12,7.00,1.3202,,MR60BHA2_breath_phase,safenest-node-01
123.0540,0.280000,S001,S001_NORMAL_D12,1,NORMAL_D12,7.00,1.3202,,MR60BHA2_breath_phase,safenest-node-01
123.1540,0.270000,S001,S001_NORMAL_D12,1,NORMAL_D12,8.00,1.3202,,MR60BHA2_breath_phase,safenest-node-01
123.2540,0.270000,S001,S001_NORMAL_D12,1,NORMAL_D12,8.00,1.3202,,MR60BHA2_breath_phase,safenest-node-01
123.3550,0.270000,S001,S001_NORMAL_D12,1,NORMAL_D12,8.00,1.3202,,MR60BHA2_breath_phase,safenest-node-01
123.4550,0.270000,S001,S001_NORMAL_D12,1,NORMAL_D12,8.00,1.3202,,MR60BHA2_breath_phase,safenest-node-01
123.5550,0.270000,S001,S001_NORMAL_D12,1,NORMAL_D12,9.00,1.3202,,MR60BHA2_breath_phase,safenest-node-01
123.6550,0.280000,S001,S001_NORMAL_D12,1,NORMAL_D12,9.00,1.3202,,MR60BHA2_breath_phase,safenest-node-01
123.7550,0.290000,S001,S001_NORMAL_D12,1,NORMAL_D12,9.00,1.3202,,MR60BHA2_breath_phase,safenest-node-01
123.8550,0.290000,S001,S001_NORMAL_D12,1,NORMAL_D12,9.00,1.3202,,MR60BHA2_breath_phase,safenest-node-01
123.9550,0.290000,S001,S001_NORMAL_D12,1,NORMAL_D12,9.00,1.3202,,MR60BHA2_breath_phase,safenest-node-01
124.0550,0.280000,S001,S001_NORMAL_D12,1,NORMAL_D12,10.00,1.3202,,MR60BHA2_breath_phase,safenest-node-01
124.1550,0.270000,S001,S001_NORMAL_D12,1,NORMAL_D12,9.00,1.3202,,MR60BHA2_breath_phase,safenest-node-01
124.2550,0.230000,S001,S001_NORMAL_D12,1,NORMAL_D12,9.00,1.3202,,MR60BHA2_breath_phase,safenest-node-01
124.3550,0.180000,S001,S001_NORMAL_D12,1,NORMAL_D12,8.00,1.3202,,MR60BHA2_breath_phase,safenest-node-01
124.4550,0.110000,S001,S001_NORMAL_D12,1,NORMAL_D12,8.00,1.3202,,MR60BHA2_breath_phase,safenest-node-01
124.5550,0.070000,S001,S001_NORMAL_D12,1,NORMAL_D12,8.00,1.3202,,MR60BHA2_breath_phase,safenest-node-01
124.6550,-0.010000,S001,S001_NORMAL_D12,1,NORMAL_D12,7.00,1.3202,,MR60BHA2_breath_phase,safenest-node-01
124.7550,-0.050000,S001,S001_NORMAL_D12,1,NORMAL_D12,7.00,1.3202,,MR60BHA2_breath_phase,safenest-node-01
124.8550,-0.120000,S001,S001_NORMAL_D12,1,NORMAL_D12,7.00,1.3202,,MR60BHA2_breath_phase,safenest-node-01
124.9550,-0.190000,S001,S001_NORMAL_D12,1,NORMAL_D12,8.00,1.3202,,MR60BHA2_breath_phase,safenest-node-01
125.0550,-0.240000,S001,S001_NORMAL_D12,1,NORMAL_D12,8.00,1.3202,,MR60BHA2_breath_phase,safenest-node-01
125.1550,-0.250000,S001,S001_NORMAL_D12,1,NORMAL_D12,8.00,1.3202,,MR60BHA2_breath_phase,safenest-node-01
125.2550,-0.280000,S001,S001_NORMAL_D12,1,NORMAL_D12,8.00,1.3202,,MR60BHA2_breath_phase,safenest-node-01
125.3550,-0.280000,S001,S001_NORMAL_D12,1,NORMAL_D12,9.00,1.3202,,MR60BHA2_breath_phase,safenest-node-01
125.4550,-0.270000,S001,S001_NORMAL_D12,1,NORMAL_D12,9.00,1.3202,,MR60BHA2_breath_phase,safenest-node-01
125.5550,-0.240000,S001,S001_NORMAL_D12,1,NORMAL_D12,9.00,1.3202,,MR60BHA2_breath_phase,safenest-node-01
125.6550,-0.220000,S001,S001_NORMAL_D12,1,NORMAL_D12,9.00,1.3202,,MR60BHA2_breath_phase,safenest-node-01
125.7550,-0.170000,S001,S001_NORMAL_D12,1,NORMAL_D12,9.00,1.3202,,MR60BHA2_breath_phase,safenest-node-01
125.8550,-0.110000,S001,S001_NORMAL_D12,1,NORMAL_D12,10.00,1.3202,,MR60BHA2_breath_phase,safenest-node-01
125.9550,-0.080000,S001,S001_NORMAL_D12,1,NORMAL_D12,10.00,1.3202,,MR60BHA2_breath_phase,safenest-node-01
126.0550,-0.010000,S001,S001_NORMAL_D12,1,NORMAL_D12,10.00,1.3202,,MR60BHA2_breath_phase,safenest-node-01
126.1550,0.060000,S001,S001_NORMAL_D12,1,NORMAL_D12,10.00,1.3202,,MR60BHA2_breath_phase,safenest-node-01
126.2550,0.080000,S001,S001_NORMAL_D12,1,NORMAL_D12,10.00,1.3202,,MR60BHA2_breath_phase,safenest-node-01
126.3550,0.130000,S001,S001_NORMAL_D12,1,NORMAL_D12,10.00,1.3202,,MR60BHA2_breath_phase,safenest-node-01
126.4560,0.170000,S001,S001_NORMAL_D12,1,NORMAL_D12,11.00,1.3202,,MR60BHA2_breath_phase,safenest-node-01
126.5560,0.180000,S001,S001_NORMAL_D12,1,NORMAL_D12,11.00,1.3202,,MR60BHA2_breath_phase,safenest-node-01
126.6560,0.200000,S001,S001_NORMAL_D12,1,NORMAL_D12,11.00,1.3202,,MR60BHA2_breath_phase,safenest-node-01
126.7560,0.190000,S001,S001_NORMAL_D12,1,NORMAL_D12,11.00,1.3202,,MR60BHA2_breath_phase,safenest-node-01
126.8560,0.190000,S001,S001_NORMAL_D12,1,NORMAL_D12,11.00,1.3202,,MR60BHA2_breath_phase,safenest-node-01
126.9560,0.170000,S001,S001_NORMAL_D12,1,NORMAL_D12,11.00,1.3202,,MR60BHA2_breath_phase,safenest-node-01
127.0560,0.160000,S001,S001_NORMAL_D12,1,NORMAL_D12,11.00,1.3202,,MR60BHA2_breath_phase,safenest-node-01
127.1560,0.140000,S001,S001_NORMAL_D12,1,NORMAL_D12,12.00,1.3202,,MR60BHA2_breath_phase,safenest-node-01
127.2560,0.110000,S001,S001_NORMAL_D12,1,NORMAL_D12,12.00,1.3202,,MR60BHA2_breath_phase,safenest-node-01
127.3560,0.090000,S001,S001_NORMAL_D12,1,NORMAL_D12,12.00,1.3202,,MR60BHA2_breath_phase,safenest-node-01
127.4560,0.080000,S001,S001_NORMAL_D12,1,NORMAL_D12,12.00,1.3202,,MR60BHA2_breath_phase,safenest-node-01
127.5560,0.050000,S001,S001_NORMAL_D12,1,NORMAL_D12,12.00,1.3202,,MR60BHA2_breath_phase,safenest-node-01
127.6560,0.040000,S001,S001_NORMAL_D12,1,NORMAL_D12,12.00,1.3202,,MR60BHA2_breath_phase,safenest-node-01
127.7560,0.030000,S001,S001_NORMAL_D12,1,NORMAL_D12,12.00,1.3202,,MR60BHA2_breath_phase,safenest-node-01
127.8560,0.010000,S001,S001_NORMAL_D12,1,NORMAL_D12,12.00,1.3202,,MR60BHA2_breath_phase,safenest-node-01
127.9570,-0.010000,S001,S001_NORMAL_D12,1,NORMAL_D12,13.00,1.3202,,MR60BHA2_breath_phase,safenest-node-01
128.0570,-0.020000,S001,S001_NORMAL_D12,1,NORMAL_D12,13.00,1.3202,,MR60BHA2_breath_phase,safenest-node-01
128.1570,-0.030000,S001,S001_NORMAL_D12,1,NORMAL_D12,13.00,1.3202,,MR60BHA2_breath_phase,safenest-node-01
128.2570,-0.040000,S001,S001_NORMAL_D12,1,NORMAL_D12,13.00,1.3202,,MR60BHA2_breath_phase,safenest-node-01
128.3570,-0.050000,S001,S001_NORMAL_D12,1,NORMAL_D12,13.00,1.3202,,MR60BHA2_breath_phase,safenest-node-01
128.4570,-0.050000,S001,S001_NORMAL_D12,1,NORMAL_D12,14.00,1.3202,,MR60BHA2_breath_phase,safenest-node-01
128.5570,-0.060000,S001,S001_NORMAL_D12,1,NORMAL_D12,14.00,1.3202,,MR60BHA2_breath_phase,safenest-node-01
128.6570,-0.050000,S001,S001_NORMAL_D12,1,NORMAL_D12,14.00,1.3202,,MR60BHA2_breath_phase,safenest-node-01
128.7570,-0.050000,S001,S001_NORMAL_D12,1,NORMAL_D12,14.00,1.3202,,MR60BHA2_breath_phase,safenest-node-01
128.8570,-0.040000,S001,S001_NORMAL_D12,1,NORMAL_D12,14.00,1.3202,,MR60BHA2_breath_phase,safenest-node-01
128.9570,-0.020000,S001,S001_NORMAL_D12,1,NORMAL_D12,15.00,1.3202,,MR60BHA2_breath_phase,safenest-node-01
129.0570,-0.000000,S001,S001_NORMAL_D12,1,NORMAL_D12,15.00,1.3202,,MR60BHA2_breath_phase,safenest-node-01
129.1580,0.010000,S001,S001_NORMAL_D12,1,NORMAL_D12,15.00,1.3202,,MR60BHA2_breath_phase,safenest-node-01
129.2580,0.020000,S001,S001_NORMAL_D12,1,NORMAL_D12,15.00,1.3202,,MR60BHA2_breath_phase,safenest-node-01
129.3590,0.020000,S001,S001_NORMAL_D12,1,NORMAL_D12,15.00,1.3202,,MR60BHA2_breath_phase,safenest-node-01
129.4590,0.020000,S001,S001_NORMAL_D12,1,NORMAL_D12,15.00,1.3202,,MR60BHA2_breath_phase,safenest-node-01
129.5590,-0.000000,S001,S001_NORMAL_D12,1,NORMAL_D12,16.00,1.3202,,MR60BHA2_breath_phase,safenest-node-01
129.6590,-0.040000,S001,S001_NORMAL_D12,1,NORMAL_D12,16.00,1.3202,,MR60BHA2_breath_phase,safenest-node-01
129.7600,-0.100000,S001,S001_NORMAL_D12,1,NORMAL_D12,16.00,1.3202,,MR60BHA2_breath_phase,safenest-node-01
129.8600,-0.130000,S001,S001_NORMAL_D12,1,NORMAL_D12,16.00,1.3202,,MR60BHA2_breath_phase,safenest-node-01
129.9600,-0.200000,S001,S001_NORMAL_D12,1,NORMAL_D12,16.00,1.3202,,MR60BHA2_breath_phase,safenest-node-01
130.0600,-0.240000,S001,S001_NORMAL_D12,1,NORMAL_D12,16.00,1.3202,,MR60BHA2_breath_phase,safenest-node-01
130.1600,-0.310000,S001,S001_NORMAL_D12,1,NORMAL_D12,16.00,1.3202,,MR60BHA2_breath_phase,safenest-node-01
130.2600,-0.370000,S001,S001_NORMAL_D12,1,NORMAL_D12,16.00,1.3202,,MR60BHA2_breath_phase,safenest-node-01
130.3600,-0.390000,S001,S001_NORMAL_D12,1,NORMAL_D12,16.00,1.3202,,MR60BHA2_breath_phase,safenest-node-01
130.4600,-0.430000,S001,S001_NORMAL_D12,1,NORMAL_D12,17.00,1.3202,,MR60BHA2_breath_phase,safenest-node-01
130.5600,-0.440000,S001,S001_NORMAL_D12,1,NORMAL_D12,17.00,1.3202,,MR60BHA2_breath_phase,safenest-node-01
130.6600,-0.440000,S001,S001_NORMAL_D12,1,NORMAL_D12,17.00,1.3202,,MR60BHA2_breath_phase,safenest-node-01
130.7600,-0.410000,S001,S001_NORMAL_D12,1,NORMAL_D12,18.00,1.3202,,MR60BHA2_breath_phase,safenest-node-01
130.8600,-0.360000,S001,S001_NORMAL_D12,1,NORMAL_D12,18.00,1.3202,,MR60BHA2_breath_phase,safenest-node-01
130.9600,-0.330000,S001,S001_NORMAL_D12,1,NORMAL_D12,18.00,1.3202,,MR60BHA2_breath_phase,safenest-node-01
131.0600,-0.250000,S001,S001_NORMAL_D12,1,NORMAL_D12,19.00,1.3202,,MR60BHA2_breath_phase,safenest-node-01
131.1600,-0.210000,S001,S001_NORMAL_D12,1,NORMAL_D12,19.00,1.3202,,MR60BHA2_breath_phase,safenest-node-01
131.2600,-0.120000,S001,S001_NORMAL_D12,1,NORMAL_D12,20.00,1.3202,,MR60BHA2_breath_phase,safenest-node-01
131.3600,-0.030000,S001,S001_NORMAL_D12,1,NORMAL_D12,20.00,1.3202,,MR60BHA2_breath_phase,safenest-node-01
131.4600,0.050000,S001,S001_NORMAL_D12,1,NORMAL_D12,21.00,1.3202,,MR60BHA2_breath_phase,safenest-node-01
131.5600,0.090000,S001,S001_NORMAL_D12,1,NORMAL_D12,21.00,1.3202,,MR60BHA2_breath_phase,safenest-node-01
131.6600,0.160000,S001,S001_NORMAL_D12,1,NORMAL_D12,21.00,1.3202,,MR60BHA2_breath_phase,safenest-node-01
131.7600,0.190000,S001,S001_NORMAL_D12,1,NORMAL_D12,21.00,1.3202,,MR60BHA2_breath_phase,safenest-node-01
131.8600,0.240000,S001,S001_NORMAL_D12,1,NORMAL_D12,22.00,1.3202,,MR60BHA2_breath_phase,safenest-node-01
131.9600,0.270000,S001,S001_NORMAL_D12,1,NORMAL_D12,22.00,1.3202,,MR60BHA2_breath_phase,safenest-node-01
132.0600,0.280000,S001,S001_NORMAL_D12,1,NORMAL_D12,22.00,1.3202,,MR60BHA2_breath_phase,safenest-node-01
132.1600,0.280000,S001,S001_NORMAL_D12,1,NORMAL_D12,22.00,1.3202,,MR60BHA2_breath_phase,safenest-node-01
132.2600,0.280000,S001,S001_NORMAL_D12,1,NORMAL_D12,21.00,1.3202,,MR60BHA2_breath_phase,safenest-node-01
132.3600,0.280000,S001,S001_NORMAL_D12,1,NORMAL_D12,21.00,1.3202,,MR60BHA2_breath_phase,safenest-node-01
132.4600,0.260000,S001,S001_NORMAL_D12,1,NORMAL_D12,20.00,1.3202,,MR60BHA2_breath_phase,safenest-node-01
132.5600,0.230000,S001,S001_NORMAL_D12,1,NORMAL_D12,20.00,1.3202,,MR60BHA2_breath_phase,safenest-node-01
132.6600,0.190000,S001,S001_NORMAL_D12,1,NORMAL_D12,20.00,1.3202,,MR60BHA2_breath_phase,safenest-node-01
132.7600,0.170000,S001,S001_NORMAL_D12,1,NORMAL_D12,20.00,1.3202,,MR60BHA2_breath_phase,safenest-node-01
132.8610,0.130000,S001,S001_NORMAL_D12,1,NORMAL_D12,20.00,1.3202,,MR60BHA2_breath_phase,safenest-node-01
132.9610,0.110000,S001,S001_NORMAL_D12,1,NORMAL_D12,19.00,1.3202,,MR60BHA2_breath_phase,safenest-node-01
133.0610,0.080000,S001,S001_NORMAL_D12,1,NORMAL_D12,19.00,1.3202,,MR60BHA2_breath_phase,safenest-node-01
133.1610,0.070000,S001,S001_NORMAL_D12,1,NORMAL_D12,19.00,1.3202,,MR60BHA2_breath_phase,safenest-node-01
133.2610,0.070000,S001,S001_NORMAL_D12,1,NORMAL_D12,19.00,1.3202,,MR60BHA2_breath_phase,safenest-node-01
133.3610,0.070000,S001,S001_NORMAL_D12,1,NORMAL_D12,19.00,1.3202,,MR60BHA2_breath_phase,safenest-node-01
133.4620,0.090000,S001,S001_NORMAL_D12,1,NORMAL_D12,18.00,1.3202,,MR60BHA2_breath_phase,safenest-node-01
133.5620,0.100000,S001,S001_NORMAL_D12,1,NORMAL_D12,18.00,1.3202,,MR60BHA2_breath_phase,safenest-node-01
133.6620,0.130000,S001,S001_NORMAL_D12,1,NORMAL_D12,18.00,1.3202,,MR60BHA2_breath_phase,safenest-node-01
133.7620,0.160000,S001,S001_NORMAL_D12,1,NORMAL_D12,18.00,1.3202,,MR60BHA2_breath_phase,safenest-node-01
133.8620,0.170000,S001,S001_NORMAL_D12,1,NORMAL_D12,18.00,1.3202,,MR60BHA2_breath_phase,safenest-node-01
133.9620,0.190000,S001,S001_NORMAL_D12,1,NORMAL_D12,18.00,1.3202,,MR60BHA2_breath_phase,safenest-node-01
134.0620,0.190000,S001,S001_NORMAL_D12,1,NORMAL_D12,17.00,1.3202,,MR60BHA2_breath_phase,safenest-node-01
134.1620,0.190000,S001,S001_NORMAL_D12,1,NORMAL_D12,17.00,1.3202,,MR60BHA2_breath_phase,safenest-node-01
134.2620,0.180000,S001,S001_NORMAL_D12,1,NORMAL_D12,17.00,1.3202,,MR60BHA2_breath_phase,safenest-node-01
134.3620,0.150000,S001,S001_NORMAL_D12,1,NORMAL_D12,17.00,1.3202,,MR60BHA2_breath_phase,safenest-node-01
134.4630,0.130000,S001,S001_NORMAL_D12,1,NORMAL_D12,17.00,1.3202,,MR60BHA2_breath_phase,safenest-node-01
134.5630,0.080000,S001,S001_NORMAL_D12,1,NORMAL_D12,17.00,1.3202,,MR60BHA2_breath_phase,safenest-node-01
134.6630,0.050000,S001,S001_NORMAL_D12,1,NORMAL_D12,17.00,1.3202,,MR60BHA2_breath_phase,safenest-node-01
134.7630,-0.010000,S001,S001_NORMAL_D12,1,NORMAL_D12,16.00,1.3202,,MR60BHA2_breath_phase,safenest-node-01
134.8630,-0.060000,S001,S001_NORMAL_D12,1,NORMAL_D12,16.00,1.3202,,MR60BHA2_breath_phase,safenest-node-01
134.9630,-0.110000,S001,S001_NORMAL_D12,1,NORMAL_D12,16.00,1.3202,,MR60BHA2_breath_phase,safenest-node-01
135.0630,-0.140000,S001,S001_NORMAL_D12,1,NORMAL_D12,16.00,1.3202,,MR60BHA2_breath_phase,safenest-node-01
135.1630,-0.180000,S001,S001_NORMAL_D12,1,NORMAL_D12,16.00,1.3202,,MR60BHA2_breath_phase,safenest-node-01
135.2630,-0.190000,S001,S001_NORMAL_D12,1,NORMAL_D12,16.00,1.3202,,MR60BHA2_breath_phase,safenest-node-01
135.3630,-0.220000,S001,S001_NORMAL_D12,1,NORMAL_D12,16.00,1.3202,,MR60BHA2_breath_phase,safenest-node-01
135.4630,-0.230000,S001,S001_NORMAL_D12,1,NORMAL_D12,16.00,1.3202,,MR60BHA2_breath_phase,safenest-node-01
135.5630,-0.230000,S001,S001_NORMAL_D12,1,NORMAL_D12,16.00,1.3202,,MR60BHA2_breath_phase,safenest-node-01
135.6630,-0.220000,S001,S001_NORMAL_D12,1,NORMAL_D12,16.00,1.3202,,MR60BHA2_breath_phase,safenest-node-01
135.7630,-0.210000,S001,S001_NORMAL_D12,1,NORMAL_D12,16.00,1.3202,,MR60BHA2_breath_phase,safenest-node-01
135.8630,-0.200000,S001,S001_NORMAL_D12,1,NORMAL_D12,16.00,1.3202,,MR60BHA2_breath_phase,safenest-node-01
135.9630,-0.170000,S001,S001_NORMAL_D12,1,NORMAL_D12,16.00,1.3202,,MR60BHA2_breath_phase,safenest-node-01
136.0630,-0.140000,S001,S001_NORMAL_D12,1,NORMAL_D12,15.00,1.3202,,MR60BHA2_breath_phase,safenest-node-01
136.1630,-0.130000,S001,S001_NORMAL_D12,1,NORMAL_D12,15.00,1.3202,,MR60BHA2_breath_phase,safenest-node-01
136.2630,-0.100000,S001,S001_NORMAL_D12,1,NORMAL_D12,15.00,1.3202,,MR60BHA2_breath_phase,safenest-node-01
136.3630,-0.070000,S001,S001_NORMAL_D12,1,NORMAL_D12,15.00,1.3202,,MR60BHA2_breath_phase,safenest-node-01
136.4630,-0.050000,S001,S001_NORMAL_D12,1,NORMAL_D12,15.00,1.3202,,MR60BHA2_breath_phase,safenest-node-01
136.5630,-0.020000,S001,S001_NORMAL_D12,1,NORMAL_D12,15.00,1.3202,,MR60BHA2_breath_phase,safenest-node-01
136.6630,0.010000,S001,S001_NORMAL_D12,1,NORMAL_D12,15.00,1.3202,,MR60BHA2_breath_phase,safenest-node-01
136.7630,0.030000,S001,S001_NORMAL_D12,1,NORMAL_D12,15.00,1.3202,,MR60BHA2_breath_phase,safenest-node-01
136.8630,0.050000,S001,S001_NORMAL_D12,1,NORMAL_D12,15.00,1.3202,,MR60BHA2_breath_phase,safenest-node-01
136.9630,0.060000,S001,S001_NORMAL_D12,1,NORMAL_D12,15.00,1.3202,,MR60BHA2_breath_phase,safenest-node-01
137.0630,0.070000,S001,S001_NORMAL_D12,1,NORMAL_D12,15.00,1.3202,,MR60BHA2_breath_phase,safenest-node-01
137.1630,0.070000,S001,S001_NORMAL_D12,1,NORMAL_D12,15.00,1.3202,,MR60BHA2_breath_phase,safenest-node-01
137.2630,0.060000,S001,S001_NORMAL_D12,1,NORMAL_D12,15.00,1.3202,,MR60BHA2_breath_phase,safenest-node-01
137.3630,0.060000,S001,S001_NORMAL_D12,1,NORMAL_D12,15.00,1.3202,,MR60BHA2_breath_phase,safenest-node-01
137.4630,0.050000,S001,S001_NORMAL_D12,1,NORMAL_D12,15.00,1.3202,,MR60BHA2_breath_phase,safenest-node-01
137.5630,0.040000,S001,S001_NORMAL_D12,1,NORMAL_D12,15.00,1.3202,,MR60BHA2_breath_phase,safenest-node-01
137.6630,0.030000,S001,S001_NORMAL_D12,1,NORMAL_D12,15.00,1.3202,,MR60BHA2_breath_phase,safenest-node-01
137.7640,0.030000,S001,S001_NORMAL_D12,1,NORMAL_D12,15.00,1.3202,,MR60BHA2_breath_phase,safenest-node-01
137.8640,0.030000,S001,S001_NORMAL_D12,1,NORMAL_D12,15.00,1.3202,,MR60BHA2_breath_phase,safenest-node-01
137.9640,0.030000,S001,S001_NORMAL_D12,1,NORMAL_D12,15.00,1.3202,,MR60BHA2_breath_phase,safenest-node-01
138.0640,0.040000,S001,S001_NORMAL_D12,1,NORMAL_D12,15.00,1.3202,,MR60BHA2_breath_phase,safenest-node-01
138.1640,0.050000,S001,S001_NORMAL_D12,1,NORMAL_D12,15.00,1.3202,,MR60BHA2_breath_phase,safenest-node-01
138.2640,0.070000,S001,S001_NORMAL_D12,1,NORMAL_D12,15.00,1.3202,,MR60BHA2_breath_phase,safenest-node-01
138.3640,0.070000,S001,S001_NORMAL_D12,1,NORMAL_D12,15.00,1.3202,,MR60BHA2_breath_phase,safenest-node-01
138.4640,0.090000,S001,S001_NORMAL_D12,1,NORMAL_D12,15.00,1.3202,,MR60BHA2_breath_phase,safenest-node-01
138.5640,0.100000,S001,S001_NORMAL_D12,1,NORMAL_D12,15.00,1.3202,,MR60BHA2_breath_phase,safenest-node-01
138.6640,0.120000,S001,S001_NORMAL_D12,1,NORMAL_D12,15.00,1.3202,,MR60BHA2_breath_phase,safenest-node-01
138.7640,0.140000,S001,S001_NORMAL_D12,1,NORMAL_D12,15.00,1.3202,,MR60BHA2_breath_phase,safenest-node-01
138.8640,0.150000,S001,S001_NORMAL_D12,1,NORMAL_D12,15.00,1.3202,,MR60BHA2_breath_phase,safenest-node-01
138.9640,0.160000,S001,S001_NORMAL_D12,1,NORMAL_D12,14.00,1.3202,,MR60BHA2_breath_phase,safenest-node-01
139.0640,0.160000,S001,S001_NORMAL_D12,1,NORMAL_D12,14.00,1.3202,,MR60BHA2_breath_phase,safenest-node-01
139.1640,0.170000,S001,S001_NORMAL_D12,1,NORMAL_D12,14.00,1.3202,,MR60BHA2_breath_phase,safenest-node-01
139.2640,0.170000,S001,S001_NORMAL_D12,1,NORMAL_D12,14.00,1.3202,,MR60BHA2_breath_phase,safenest-node-01
139.3640,0.170000,S001,S001_NORMAL_D12,1,NORMAL_D12,14.00,1.3202,,MR60BHA2_breath_phase,safenest-node-01
139.4640,0.160000,S001,S001_NORMAL_D12,1,NORMAL_D12,14.00,1.3202,,MR60BHA2_breath_phase,safenest-node-01
139.5640,0.150000,S001,S001_NORMAL_D12,1,NORMAL_D12,14.00,1.3202,,MR60BHA2_breath_phase,safenest-node-01
139.6640,0.130000,S001,S001_NORMAL_D12,1,NORMAL_D12,14.00,1.3202,,MR60BHA2_breath_phase,safenest-node-01
139.7640,0.100000,S001,S001_NORMAL_D12,1,NORMAL_D12,14.00,1.3202,,MR60BHA2_breath_phase,safenest-node-01
139.8650,0.080000,S001,S001_NORMAL_D12,1,NORMAL_D12,14.00,1.3202,,MR60BHA2_breath_phase,safenest-node-01
139.9650,0.040000,S001,S001_NORMAL_D12,1,NORMAL_D12,14.00,1.3202,,MR60BHA2_breath_phase,safenest-node-01
140.0650,0.020000,S001,S001_NORMAL_D12,1,NORMAL_D12,14.00,1.3202,,MR60BHA2_breath_phase,safenest-node-01
140.1650,-0.030000,S001,S001_NORMAL_D12,1,NORMAL_D12,14.00,1.3202,,MR60BHA2_breath_phase,safenest-node-01
140.2650,-0.080000,S001,S001_NORMAL_D12,1,NORMAL_D12,14.00,1.3202,,MR60BHA2_breath_phase,safenest-node-01
140.3650,-0.140000,S001,S001_NORMAL_D12,1,NORMAL_D12,14.00,1.3202,,MR60BHA2_breath_phase,safenest-node-01
140.4650,-0.160000,S001,S001_NORMAL_D12,1,NORMAL_D12,14.00,1.3202,,MR60BHA2_breath_phase,safenest-node-01
140.5650,-0.210000,S001,S001_NORMAL_D12,1,NORMAL_D12,14.00,1.3202,,MR60BHA2_breath_phase,safenest-node-01
140.6650,-0.230000,S001,S001_NORMAL_D12,1,NORMAL_D12,14.00,1.3202,,MR60BHA2_breath_phase,safenest-node-01
140.7650,-0.260000,S001,S001_NORMAL_D12,1,NORMAL_D12,14.00,1.3202,,MR60BHA2_breath_phase,safenest-node-01
140.8650,-0.260000,S001,S001_NORMAL_D12,1,NORMAL_D12,14.00,1.3202,,MR60BHA2_breath_phase,safenest-node-01
140.9650,-0.260000,S001,S001_NORMAL_D12,1,NORMAL_D12,14.00,1.3202,,MR60BHA2_breath_phase,safenest-node-01
141.0650,-0.230000,S001,S001_NORMAL_D12,1,NORMAL_D12,14.00,1.3202,,MR60BHA2_breath_phase,safenest-node-01
141.1650,-0.210000,S001,S001_NORMAL_D12,1,NORMAL_D12,14.00,1.3202,,MR60BHA2_breath_phase,safenest-node-01
141.2650,-0.160000,S001,S001_NORMAL_D12,1,NORMAL_D12,14.00,1.3202,,MR60BHA2_breath_phase,safenest-node-01
141.3650,-0.110000,S001,S001_NORMAL_D12,1,NORMAL_D12,14.00,1.3202,,MR60BHA2_breath_phase,safenest-node-01
141.4650,-0.080000,S001,S001_NORMAL_D12,1,NORMAL_D12,14.00,1.3202,,MR60BHA2_breath_phase,safenest-node-01
141.5650,-0.040000,S001,S001_NORMAL_D12,1,NORMAL_D12,14.00,1.3202,,MR60BHA2_breath_phase,safenest-node-01
141.6650,-0.020000,S001,S001_NORMAL_D12,1,NORMAL_D12,14.00,1.3202,,MR60BHA2_breath_phase,safenest-node-01
141.7650,0.010000,S001,S001_NORMAL_D12,1,NORMAL_D12,14.00,1.3202,,MR60BHA2_breath_phase,safenest-node-01
141.8650,0.030000,S001,S001_NORMAL_D12,1,NORMAL_D12,14.00,1.3202,,MR60BHA2_breath_phase,safenest-node-01
141.9650,0.040000,S001,S001_NORMAL_D12,1,NORMAL_D12,14.00,1.3202,,MR60BHA2_breath_phase,safenest-node-01
142.0650,0.040000,S001,S001_NORMAL_D12,1,NORMAL_D12,14.00,1.3202,,MR60BHA2_breath_phase,safenest-node-01
142.1660,0.030000,S001,S001_NORMAL_D12,1,NORMAL_D12,14.00,1.3202,,MR60BHA2_breath_phase,safenest-node-01
142.2660,0.020000,S001,S001_NORMAL_D12,1,NORMAL_D12,14.00,1.3202,,MR60BHA2_breath_phase,safenest-node-01
142.3660,0.010000,S001,S001_NORMAL_D12,1,NORMAL_D12,14.00,1.3202,,MR60BHA2_breath_phase,safenest-node-01
142.4660,-0.010000,S001,S001_NORMAL_D12,1,NORMAL_D12,14.00,1.3202,,MR60BHA2_breath_phase,safenest-node-01
142.5660,-0.010000,S001,S001_NORMAL_D12,1,NORMAL_D12,14.00,1.3202,,MR60BHA2_breath_phase,safenest-node-01
142.6660,-0.020000,S001,S001_NORMAL_D12,1,NORMAL_D12,14.00,1.3202,,MR60BHA2_breath_phase,safenest-node-01
142.7660,-0.020000,S001,S001_NORMAL_D12,1,NORMAL_D12,14.00,1.3202,,MR60BHA2_breath_phase,safenest-node-01
142.8660,-0.020000,S001,S001_NORMAL_D12,1,NORMAL_D12,14.00,1.3202,,MR60BHA2_breath_phase,safenest-node-01
142.9660,-0.010000,S001,S001_NORMAL_D12,1,NORMAL_D12,14.00,1.3202,,MR60BHA2_breath_phase,safenest-node-01
143.0660,-0.000000,S001,S001_NORMAL_D12,1,NORMAL_D12,14.00,1.3202,,MR60BHA2_breath_phase,safenest-node-01
143.1660,0.010000,S001,S001_NORMAL_D12,1,NORMAL_D12,14.00,1.3202,,MR60BHA2_breath_phase,safenest-node-01
143.2660,0.020000,S001,S001_NORMAL_D12,1,NORMAL_D12,14.00,1.3202,,MR60BHA2_breath_phase,safenest-node-01
143.3660,0.040000,S001,S001_NORMAL_D12,1,NORMAL_D12,14.00,1.3202,,MR60BHA2_breath_phase,safenest-node-01
143.4660,0.040000,S001,S001_NORMAL_D12,1,NORMAL_D12,14.00,1.3202,,MR60BHA2_breath_phase,safenest-node-01
143.5660,0.040000,S001,S001_NORMAL_D12,1,NORMAL_D12,14.00,1.3202,,MR60BHA2_breath_phase,safenest-node-01
143.6660,0.030000,S001,S001_NORMAL_D12,1,NORMAL_D12,14.00,1.3202,,MR60BHA2_breath_phase,safenest-node-01
143.7660,0.010000,S001,S001_NORMAL_D12,1,NORMAL_D12,14.00,1.3202,,MR60BHA2_breath_phase,safenest-node-01
143.8660,-0.000000,S001,S001_NORMAL_D12,1,NORMAL_D12,14.00,1.3202,,MR60BHA2_breath_phase,safenest-node-01
143.9660,-0.040000,S001,S001_NORMAL_D12,1,NORMAL_D12,14.00,1.3202,,MR60BHA2_breath_phase,safenest-node-01
144.0660,-0.080000,S001,S001_NORMAL_D12,1,NORMAL_D12,14.00,1.3202,,MR60BHA2_breath_phase,safenest-node-01
144.1660,-0.090000,S001,S001_NORMAL_D12,1,NORMAL_D12,14.00,1.3202,,MR60BHA2_breath_phase,safenest-node-01
144.2660,-0.130000,S001,S001_NORMAL_D12,1,NORMAL_D12,14.00,1.3202,,MR60BHA2_breath_phase,safenest-node-01
144.3660,-0.150000,S001,S001_NORMAL_D12,1,NORMAL_D12,14.00,1.3202,,MR60BHA2_breath_phase,safenest-node-01
144.4660,-0.170000,S001,S001_NORMAL_D12,1,NORMAL_D12,14.00,1.3202,,MR60BHA2_breath_phase,safenest-node-01
144.5660,-0.190000,S001,S001_NORMAL_D12,1,NORMAL_D12,14.00,1.3202,,MR60BHA2_breath_phase,safenest-node-01
144.6660,-0.190000,S001,S001_NORMAL_D12,1,NORMAL_D12,14.00,1.3202,,MR60BHA2_breath_phase,safenest-node-01
144.7660,-0.190000,S001,S001_NORMAL_D12,1,NORMAL_D12,15.00,1.3202,,MR60BHA2_breath_phase,safenest-node-01
144.8660,-0.180000,S001,S001_NORMAL_D12,1,NORMAL_D12,15.00,1.3202,,MR60BHA2_breath_phase,safenest-node-01
144.9660,-0.150000,S001,S001_NORMAL_D12,1,NORMAL_D12,15.00,1.3202,,MR60BHA2_breath_phase,safenest-node-01
145.0660,-0.120000,S001,S001_NORMAL_D12,1,NORMAL_D12,15.00,1.3202,,MR60BHA2_breath_phase,safenest-node-01
145.1660,-0.100000,S001,S001_NORMAL_D12,1,NORMAL_D12,15.00,1.3202,,MR60BHA2_breath_phase,safenest-node-01
145.2660,-0.060000,S001,S001_NORMAL_D12,1,NORMAL_D12,15.00,1.3202,,MR60BHA2_breath_phase,safenest-node-01
145.3660,-0.040000,S001,S001_NORMAL_D12,1,NORMAL_D12,16.00,1.3202,,MR60BHA2_breath_phase,safenest-node-01
145.4660,0.010000,S001,S001_NORMAL_D12,1,NORMAL_D12,16.00,1.3202,,MR60BHA2_breath_phase,safenest-node-01
145.5660,0.060000,S001,S001_NORMAL_D12,1,NORMAL_D12,16.00,1.3202,,MR60BHA2_breath_phase,safenest-node-01
145.6670,0.100000,S001,S001_NORMAL_D12,1,NORMAL_D12,16.00,1.3202,,MR60BHA2_breath_phase,safenest-node-01
145.7670,0.120000,S001,S001_NORMAL_D12,1,NORMAL_D12,16.00,1.3202,,MR60BHA2_breath_phase,safenest-node-01
145.8670,0.150000,S001,S001_NORMAL_D12,1,NORMAL_D12,16.00,1.3202,,MR60BHA2_breath_phase,safenest-node-01
145.9670,0.160000,S001,S001_NORMAL_D12,1,NORMAL_D12,16.00,1.3202,,MR60BHA2_breath_phase,safenest-node-01
146.0670,0.170000,S001,S001_NORMAL_D12,1,NORMAL_D12,16.00,1.3202,,MR60BHA2_breath_phase,safenest-node-01
146.1670,0.180000,S001,S001_NORMAL_D12,1,NORMAL_D12,16.00,1.3202,,MR60BHA2_breath_phase,safenest-node-01
146.2670,0.180000,S001,S001_NORMAL_D12,1,NORMAL_D12,16.00,1.3202,,MR60BHA2_breath_phase,safenest-node-01
146.3670,0.170000,S001,S001_NORMAL_D12,1,NORMAL_D12,17.00,1.3202,,MR60BHA2_breath_phase,safenest-node-01
146.4670,0.170000,S001,S001_NORMAL_D12,1,NORMAL_D12,17.00,1.3202,,MR60BHA2_breath_phase,safenest-node-01
146.5670,0.160000,S001,S001_NORMAL_D12,1,NORMAL_D12,17.00,1.3202,,MR60BHA2_breath_phase,safenest-node-01
146.6670,0.150000,S001,S001_NORMAL_D12,1,NORMAL_D12,18.00,1.3202,,MR60BHA2_breath_phase,safenest-node-01
146.7670,0.140000,S001,S001_NORMAL_D12,1,NORMAL_D12,18.00,1.3202,,MR60BHA2_breath_phase,safenest-node-01
146.8670,0.120000,S001,S001_NORMAL_D12,1,NORMAL_D12,18.00,1.3202,,MR60BHA2_breath_phase,safenest-node-01
146.9670,0.110000,S001,S001_NORMAL_D12,1,NORMAL_D12,18.00,1.3202,,MR60BHA2_breath_phase,safenest-node-01
147.0670,0.100000,S001,S001_NORMAL_D12,1,NORMAL_D12,18.00,1.3202,,MR60BHA2_breath_phase,safenest-node-01
147.1670,0.080000,S001,S001_NORMAL_D12,1,NORMAL_D12,18.00,1.3202,,MR60BHA2_breath_phase,safenest-node-01
147.2680,0.070000,S001,S001_NORMAL_D12,1,NORMAL_D12,18.00,1.3202,,MR60BHA2_breath_phase,safenest-node-01
147.3680,0.060000,S001,S001_NORMAL_D12,1,NORMAL_D12,18.00,1.3202,,MR60BHA2_breath_phase,safenest-node-01
147.4680,0.050000,S001,S001_NORMAL_D12,1,NORMAL_D12,18.00,1.3202,,MR60BHA2_breath_phase,safenest-node-01
147.5680,0.050000,S001,S001_NORMAL_D12,1,NORMAL_D12,18.00,1.3202,,MR60BHA2_breath_phase,safenest-node-01
147.6680,0.040000,S001,S001_NORMAL_D12,1,NORMAL_D12,18.00,1.3202,,MR60BHA2_breath_phase,safenest-node-01
147.7680,0.050000,S001,S001_NORMAL_D12,1,NORMAL_D12,18.00,1.3202,,MR60BHA2_breath_phase,safenest-node-01
147.8680,0.050000,S001,S001_NORMAL_D12,1,NORMAL_D12,18.00,1.3202,,MR60BHA2_breath_phase,safenest-node-01
147.9680,0.080000,S001,S001_NORMAL_D12,1,NORMAL_D12,18.00,1.3202,,MR60BHA2_breath_phase,safenest-node-01
148.0680,0.090000,S001,S001_NORMAL_D12,1,NORMAL_D12,18.00,1.3202,,MR60BHA2_breath_phase,safenest-node-01
148.1680,0.130000,S001,S001_NORMAL_D12,1,NORMAL_D12,18.00,1.3202,,MR60BHA2_breath_phase,safenest-node-01
148.2680,0.160000,S001,S001_NORMAL_D12,1,NORMAL_D12,18.00,1.3202,,MR60BHA2_breath_phase,safenest-node-01
148.3680,0.170000,S001,S001_NORMAL_D12,1,NORMAL_D12,18.00,1.3202,,MR60BHA2_breath_phase,safenest-node-01
148.4680,0.180000,S001,S001_NORMAL_D12,1,NORMAL_D12,18.00,1.3202,,MR60BHA2_breath_phase,safenest-node-01
148.5680,0.180000,S001,S001_NORMAL_D12,1,NORMAL_D12,17.00,1.3202,,MR60BHA2_breath_phase,safenest-node-01
148.6680,0.160000,S001,S001_NORMAL_D12,1,NORMAL_D12,17.00,1.3202,,MR60BHA2_breath_phase,safenest-node-01
148.7680,0.120000,S001,S001_NORMAL_D12,1,NORMAL_D12,16.00,1.3202,,MR60BHA2_breath_phase,safenest-node-01
148.8700,0.060000,S001,S001_NORMAL_D12,1,NORMAL_D12,16.00,1.3202,,MR60BHA2_breath_phase,safenest-node-01
148.9700,0.030000,S001,S001_NORMAL_D12,1,NORMAL_D12,15.00,1.3202,,MR60BHA2_breath_phase,safenest-node-01
149.0700,-0.050000,S001,S001_NORMAL_D12,1,NORMAL_D12,14.00,1.3202,,MR60BHA2_breath_phase,safenest-node-01
149.1700,-0.090000,S001,S001_NORMAL_D12,1,NORMAL_D12,13.00,1.3202,,MR60BHA2_breath_phase,safenest-node-01
149.2700,-0.180000,S001,S001_NORMAL_D12,1,NORMAL_D12,13.00,1.3202,,MR60BHA2_breath_phase,safenest-node-01
149.3700,-0.260000,S001,S001_NORMAL_D12,1,NORMAL_D12,14.00,1.3202,,MR60BHA2_breath_phase,safenest-node-01
149.4700,-0.290000,S001,S001_NORMAL_D12,1,NORMAL_D12,14.00,1.3202,,MR60BHA2_breath_phase,safenest-node-01
149.5700,-0.360000,S001,S001_NORMAL_D12,1,NORMAL_D12,14.00,1.3202,,MR60BHA2_breath_phase,safenest-node-01
149.6700,-0.390000,S001,S001_NORMAL_D12,1,NORMAL_D12,14.00,1.3202,,MR60BHA2_breath_phase,safenest-node-01
149.7700,-0.430000,S001,S001_NORMAL_D12,1,NORMAL_D12,14.00,1.3202,,MR60BHA2_breath_phase,safenest-node-01
149.8700,-0.450000,S001,S001_NORMAL_D12,1,NORMAL_D12,14.00,1.3202,,MR60BHA2_breath_phase,safenest-node-01
149.9700,-0.450000,S001,S001_NORMAL_D12,1,NORMAL_D12,14.00,1.3202,,MR60BHA2_breath_phase,safenest-node-01
150.0700,-0.430000,S001,S001_NORMAL_D12,1,NORMAL_D12,15.00,1.3202,,MR60BHA2_breath_phase,safenest-node-01
150.1700,-0.420000,S001,S001_NORMAL_D12,1,NORMAL_D12,16.00,1.3202,,MR60BHA2_breath_phase,safenest-node-01
150.2700,-0.370000,S001,S001_NORMAL_D12,1,NORMAL_D12,16.00,1.3202,,MR60BHA2_breath_phase,safenest-node-01
150.3700,-0.300000,S001,S001_NORMAL_D12,1,NORMAL_D12,17.00,1.3202,,MR60BHA2_breath_phase,safenest-node-01
150.4700,-0.210000,S001,S001_NORMAL_D12,1,NORMAL_D12,17.00,1.3202,,MR60BHA2_breath_phase,safenest-node-01
150.5700,-0.160000,S001,S001_NORMAL_D12,1,NORMAL_D12,17.00,1.3202,,MR60BHA2_breath_phase,safenest-node-01
150.6700,-0.110000,S001,S001_NORMAL_D12,1,NORMAL_D12,17.00,1.3202,,MR60BHA2_breath_phase,safenest-node-01
150.7700,-0.010000,S001,S001_NORMAL_D12,1,NORMAL_D12,16.00,1.3202,,MR60BHA2_breath_phase,safenest-node-01
150.8700,0.090000,S001,S001_NORMAL_D12,1,NORMAL_D12,17.00,1.3202,,MR60BHA2_breath_phase,safenest-node-01
150.9700,0.170000,S001,S001_NORMAL_D12,1,NORMAL_D12,17.00,1.3202,,MR60BHA2_breath_phase,safenest-node-01
151.0700,0.210000,S001,S001_NORMAL_D12,1,NORMAL_D12,17.00,1.3202,,MR60BHA2_breath_phase,safenest-node-01
151.1700,0.270000,S001,S001_NORMAL_D12,1,NORMAL_D12,17.00,1.3202,,MR60BHA2_breath_phase,safenest-node-01
151.2700,0.300000,S001,S001_NORMAL_D12,1,NORMAL_D12,17.00,1.3202,,MR60BHA2_breath_phase,safenest-node-01
151.3700,0.340000,S001,S001_NORMAL_D12,1,NORMAL_D12,17.00,1.3202,,MR60BHA2_breath_phase,safenest-node-01
151.4700,0.360000,S001,S001_NORMAL_D12,1,NORMAL_D12,16.00,1.3202,,MR60BHA2_breath_phase,safenest-node-01
151.5700,0.360000,S001,S001_NORMAL_D12,1,NORMAL_D12,16.00,1.3202,,MR60BHA2_breath_phase,safenest-node-01
151.6700,0.360000,S001,S001_NORMAL_D12,1,NORMAL_D12,16.00,1.3202,,MR60BHA2_breath_phase,safenest-node-01
151.7700,0.330000,S001,S001_NORMAL_D12,1,NORMAL_D12,16.00,1.3202,,MR60BHA2_breath_phase,safenest-node-01
151.8700,0.320000,S001,S001_NORMAL_D12,1,NORMAL_D12,16.00,1.3202,,MR60BHA2_breath_phase,safenest-node-01
151.9700,0.000000,S001,S001_NORMAL_D12,1,NORMAL_D12,,1.3202,,MR60BHA2_breath_phase,safenest-node-01
152.0700,0.000000,S001,S001_NORMAL_D12,0,NORMAL_D12,,,,MR60BHA2_breath_phase,safenest-node-01
152.1710,0.000000,S001,S001_NORMAL_D12,0,NORMAL_D12,,,,MR60BHA2_breath_phase,safenest-node-01
152.2710,0.000000,S001,S001_NORMAL_D12,0,NORMAL_D12,,,,MR60BHA2_breath_phase,safenest-node-01
152.3710,0.000000,S001,S001_NORMAL_D12,0,NORMAL_D12,,,,MR60BHA2_breath_phase,safenest-node-01
152.4710,0.000000,S001,S001_NORMAL_D12,0,NORMAL_D12,,,,MR60BHA2_breath_phase,safenest-node-01
152.5710,0.000000,S001,S001_NORMAL_D12,0,NORMAL_D12,,,,MR60BHA2_breath_phase,safenest-node-01
152.6710,0.000000,S001,S001_NORMAL_D12,0,NORMAL_D12,,,,MR60BHA2_breath_phase,safenest-node-01
152.7710,0.000000,S001,S001_NORMAL_D12,0,NORMAL_D12,,,,MR60BHA2_breath_phase,safenest-node-01
152.8710,0.000000,S001,S001_NORMAL_D12,0,NORMAL_D12,,,,MR60BHA2_breath_phase,safenest-node-01
152.9710,0.000000,S001,S001_NORMAL_D12,0,NORMAL_D12,,,,MR60BHA2_breath_phase,safenest-node-01
153.0710,0.000000,S001,S001_NORMAL_D12,0,NORMAL_D12,,,,MR60BHA2_breath_phase,safenest-node-01
153.1710,0.000000,S001,S001_NORMAL_D12,0,NORMAL_D12,,,,MR60BHA2_breath_phase,safenest-node-01
153.2710,0.000000,S001,S001_NORMAL_D12,0,NORMAL_D12,,,,MR60BHA2_breath_phase,safenest-node-01
153.3710,0.000000,S001,S001_NORMAL_D12,0,NORMAL_D12,,,,MR60BHA2_breath_phase,safenest-node-01
153.4710,0.000000,S001,S001_NORMAL_D12,0,NORMAL_D12,,,,MR60BHA2_breath_phase,safenest-node-01
153.5710,0.000000,S001,S001_NORMAL_D12,0,NORMAL_D12,,,,MR60BHA2_breath_phase,safenest-node-01
153.6710,0.000000,S001,S001_NORMAL_D12,0,NORMAL_D12,,,,MR60BHA2_breath_phase,safenest-node-01
153.7710,0.000000,S001,S001_NORMAL_D12,0,NORMAL_D12,,,,MR60BHA2_breath_phase,safenest-node-01
153.8710,0.000000,S001,S001_NORMAL_D12,0,NORMAL_D12,,,,MR60BHA2_breath_phase,safenest-node-01
153.9710,0.000000,S001,S001_NORMAL_D12,0,NORMAL_D12,,,,MR60BHA2_breath_phase,safenest-node-01
154.0710,0.000000,S001,S001_NORMAL_D12,0,NORMAL_D12,,,,MR60BHA2_breath_phase,safenest-node-01
154.1710,0.000000,S001,S001_NORMAL_D12,0,NORMAL_D12,,,,MR60BHA2_breath_phase,safenest-node-01
154.2710,0.000000,S001,S001_NORMAL_D12,0,NORMAL_D12,,,,MR60BHA2_breath_phase,safenest-node-01
154.3710,0.000000,S001,S001_NORMAL_D12,0,NORMAL_D12,,,,MR60BHA2_breath_phase,safenest-node-01
154.4710,0.000000,S001,S001_NORMAL_D12,0,NORMAL_D12,,,,MR60BHA2_breath_phase,safenest-node-01
154.5710,0.000000,S001,S001_NORMAL_D12,0,NORMAL_D12,,,,MR60BHA2_breath_phase,safenest-node-01
154.6710,0.000000,S001,S001_NORMAL_D12,0,NORMAL_D12,,,,MR60BHA2_breath_phase,safenest-node-01
154.7710,0.000000,S001,S001_NORMAL_D12,0,NORMAL_D12,,,,MR60BHA2_breath_phase,safenest-node-01
154.8710,0.000000,S001,S001_NORMAL_D12,0,NORMAL_D12,,,,MR60BHA2_breath_phase,safenest-node-01
154.9710,0.000000,S001,S001_NORMAL_D12,0,NORMAL_D12,,,,MR60BHA2_breath_phase,safenest-node-01
155.0710,0.000000,S001,S001_NORMAL_D12,0,NORMAL_D12,,,,MR60BHA2_breath_phase,safenest-node-01
155.1710,0.000000,S001,S001_NORMAL_D12,0,NORMAL_D12,,,,MR60BHA2_breath_phase,safenest-node-01
155.2710,0.000000,S001,S001_NORMAL_D12,0,NORMAL_D12,,,,MR60BHA2_breath_phase,safenest-node-01
155.3710,0.000000,S001,S001_NORMAL_D12,0,NORMAL_D12,,,,MR60BHA2_breath_phase,safenest-node-01
155.4710,0.000000,S001,S001_NORMAL_D12,0,NORMAL_D12,,,,MR60BHA2_breath_phase,safenest-node-01
155.5710,0.000000,S001,S001_NORMAL_D12,0,NORMAL_D12,,,,MR60BHA2_breath_phase,safenest-node-01
155.6710,0.000000,S001,S001_NORMAL_D12,0,NORMAL_D12,,,,MR60BHA2_breath_phase,safenest-node-01
155.7710,0.000000,S001,S001_NORMAL_D12,0,NORMAL_D12,,,,MR60BHA2_breath_phase,safenest-node-01
155.8710,0.000000,S001,S001_NORMAL_D12,0,NORMAL_D12,,,,MR60BHA2_breath_phase,safenest-node-01
155.9710,0.000000,S001,S001_NORMAL_D12,0,NORMAL_D12,,,,MR60BHA2_breath_phase,safenest-node-01
156.0710,0.000000,S001,S001_NORMAL_D12,0,NORMAL_D12,,,,MR60BHA2_breath_phase,safenest-node-01
156.1710,0.000000,S001,S001_NORMAL_D12,0,NORMAL_D12,,,,MR60BHA2_breath_phase,safenest-node-01
156.2710,0.000000,S001,S001_NORMAL_D12,0,NORMAL_D12,,,,MR60BHA2_breath_phase,safenest-node-01
156.3710,0.000000,S001,S001_NORMAL_D12,0,NORMAL_D12,,,,MR60BHA2_breath_phase,safenest-node-01
156.4710,0.000000,S001,S001_NORMAL_D12,0,NORMAL_D12,,,,MR60BHA2_breath_phase,safenest-node-01
156.5710,0.000000,S001,S001_NORMAL_D12,0,NORMAL_D12,,,,MR60BHA2_breath_phase,safenest-node-01
156.6710,0.000000,S001,S001_NORMAL_D12,0,NORMAL_D12,,,,MR60BHA2_breath_phase,safenest-node-01
156.7710,0.000000,S001,S001_NORMAL_D12,0,NORMAL_D12,,,,MR60BHA2_breath_phase,safenest-node-01
156.8710,0.000000,S001,S001_NORMAL_D12,0,NORMAL_D12,,,,MR60BHA2_breath_phase,safenest-node-01
156.9710,0.000000,S001,S001_NORMAL_D12,0,NORMAL_D12,,,,MR60BHA2_breath_phase,safenest-node-01
157.0710,0.000000,S001,S001_NORMAL_D12,0,NORMAL_D12,,,,MR60BHA2_breath_phase,safenest-node-01
157.1710,0.000000,S001,S001_NORMAL_D12,0,NORMAL_D12,,,,MR60BHA2_breath_phase,safenest-node-01
157.2710,0.000000,S001,S001_NORMAL_D12,0,NORMAL_D12,,,,MR60BHA2_breath_phase,safenest-node-01
157.3710,0.000000,S001,S001_NORMAL_D12,0,NORMAL_D12,,,,MR60BHA2_breath_phase,safenest-node-01
157.4710,0.000000,S001,S001_NORMAL_D12,0,NORMAL_D12,,,,MR60BHA2_breath_phase,safenest-node-01
157.5710,0.000000,S001,S001_NORMAL_D12,0,NORMAL_D12,,,,MR60BHA2_breath_phase,safenest-node-01
157.6710,0.000000,S001,S001_NORMAL_D12,0,NORMAL_D12,,,,MR60BHA2_breath_phase,safenest-node-01
157.7710,0.000000,S001,S001_NORMAL_D12,0,NORMAL_D12,,,,MR60BHA2_breath_phase,safenest-node-01
157.8710,0.000000,S001,S001_NORMAL_D12,0,NORMAL_D12,,,,MR60BHA2_breath_phase,safenest-node-01
157.9710,0.000000,S001,S001_NORMAL_D12,0,NORMAL_D12,,,,MR60BHA2_breath_phase,safenest-node-01
158.0710,0.000000,S001,S001_NORMAL_D12,0,NORMAL_D12,,,,MR60BHA2_breath_phase,safenest-node-01
158.1710,0.000000,S001,S001_NORMAL_D12,0,NORMAL_D12,,,,MR60BHA2_breath_phase,safenest-node-01
158.2710,0.000000,S001,S001_NORMAL_D12,0,NORMAL_D12,,,,MR60BHA2_breath_phase,safenest-node-01
158.3710,0.000000,S001,S001_NORMAL_D12,0,NORMAL_D12,,,,MR60BHA2_breath_phase,safenest-node-01
158.4710,0.000000,S001,S001_NORMAL_D12,0,NORMAL_D12,,,,MR60BHA2_breath_phase,safenest-node-01
158.5710,0.000000,S001,S001_NORMAL_D12,0,NORMAL_D12,,,,MR60BHA2_breath_phase,safenest-node-01
158.6710,0.000000,S001,S001_NORMAL_D12,0,NORMAL_D12,,,,MR60BHA2_breath_phase,safenest-node-01
158.7710,0.000000,S001,S001_NORMAL_D12,0,NORMAL_D12,,,,MR60BHA2_breath_phase,safenest-node-01
158.8710,0.000000,S001,S001_NORMAL_D12,0,NORMAL_D12,,,,MR60BHA2_breath_phase,safenest-node-01
158.9710,0.000000,S001,S001_NORMAL_D12,0,NORMAL_D12,,,,MR60BHA2_breath_phase,safenest-node-01
159.0710,0.000000,S001,S001_NORMAL_D12,0,NORMAL_D12,,,,MR60BHA2_breath_phase,safenest-node-01
159.1710,0.000000,S001,S001_NORMAL_D12,0,NORMAL_D12,,,,MR60BHA2_breath_phase,safenest-node-01
159.2730,0.000000,S001,S001_NORMAL_D12,0,NORMAL_D12,,,,MR60BHA2_breath_phase,safenest-node-01
159.3730,0.000000,S001,S001_NORMAL_D12,0,NORMAL_D12,,,,MR60BHA2_breath_phase,safenest-node-01
159.4730,0.000000,S001,S001_NORMAL_D12,0,NORMAL_D12,,,,MR60BHA2_breath_phase,safenest-node-01
159.5730,0.000000,S001,S001_NORMAL_D12,0,NORMAL_D12,,,,MR60BHA2_breath_phase,safenest-node-01
159.6730,0.000000,S001,S001_NORMAL_D12,0,NORMAL_D12,,,,MR60BHA2_breath_phase,safenest-node-01
159.7730,0.000000,S001,S001_NORMAL_D12,0,NORMAL_D12,,,,MR60BHA2_breath_phase,safenest-node-01
159.8730,0.000000,S001,S001_NORMAL_D12,0,NORMAL_D12,,,,MR60BHA2_breath_phase,safenest-node-01
159.9740,0.000000,S001,S001_NORMAL_D12,0,NORMAL_D12,,,,MR60BHA2_breath_phase,safenest-node-01
160.0740,0.000000,S001,S001_NORMAL_D12,0,NORMAL_D12,,,,MR60BHA2_breath_phase,safenest-node-01
160.1740,0.000000,S001,S001_NORMAL_D12,0,NORMAL_D12,,,,MR60BHA2_breath_phase,safenest-node-01
160.2740,0.000000,S001,S001_NORMAL_D12,0,NORMAL_D12,,,,MR60BHA2_breath_phase,safenest-node-01
160.3740,0.000000,S001,S001_NORMAL_D12,0,NORMAL_D12,,,,MR60BHA2_breath_phase,safenest-node-01
160.4740,0.000000,S001,S001_NORMAL_D12,0,NORMAL_D12,,,,MR60BHA2_breath_phase,safenest-node-01
160.5740,0.000000,S001,S001_NORMAL_D12,0,NORMAL_D12,,,,MR60BHA2_breath_phase,safenest-node-01
160.6740,0.000000,S001,S001_NORMAL_D12,0,NORMAL_D12,,,,MR60BHA2_breath_phase,safenest-node-01
160.7740,0.000000,S001,S001_NORMAL_D12,0,NORMAL_D12,,,,MR60BHA2_breath_phase,safenest-node-01
160.8740,0.000000,S001,S001_NORMAL_D12,0,NORMAL_D12,,,,MR60BHA2_breath_phase,safenest-node-01
160.9740,0.000000,S001,S001_NORMAL_D12,0,NORMAL_D12,,,,MR60BHA2_breath_phase,safenest-node-01
161.0740,0.000000,S001,S001_NORMAL_D12,0,NORMAL_D12,,,,MR60BHA2_breath_phase,safenest-node-01
161.1740,0.000000,S001,S001_NORMAL_D12,0,NORMAL_D12,,,,MR60BHA2_breath_phase,safenest-node-01
161.2740,0.000000,S001,S001_NORMAL_D12,0,NORMAL_D12,,,,MR60BHA2_breath_phase,safenest-node-01
161.3740,0.000000,S001,S001_NORMAL_D12,0,NORMAL_D12,,,,MR60BHA2_breath_phase,safenest-node-01
161.4740,0.000000,S001,S001_NORMAL_D12,0,NORMAL_D12,,,,MR60BHA2_breath_phase,safenest-node-01
161.5740,0.000000,S001,S001_NORMAL_D12,0,NORMAL_D12,,,,MR60BHA2_breath_phase,safenest-node-01
161.6740,0.000000,S001,S001_NORMAL_D12,0,NORMAL_D12,,,,MR60BHA2_breath_phase,safenest-node-01
161.7740,0.000000,S001,S001_NORMAL_D12,0,NORMAL_D12,,,,MR60BHA2_breath_phase,safenest-node-01
161.8740,0.000000,S001,S001_NORMAL_D12,0,NORMAL_D12,,,,MR60BHA2_breath_phase,safenest-node-01
161.9740,0.000000,S001,S001_NORMAL_D12,0,NORMAL_D12,,,,MR60BHA2_breath_phase,safenest-node-01
162.0740,0.000000,S001,S001_NORMAL_D12,0,NORMAL_D12,,,,MR60BHA2_breath_phase,safenest-node-01
162.1740,0.000000,S001,S001_NORMAL_D12,0,NORMAL_D12,,,,MR60BHA2_breath_phase,safenest-node-01
162.2740,0.000000,S001,S001_NORMAL_D12,0,NORMAL_D12,,,,MR60BHA2_breath_phase,safenest-node-01
162.3740,0.000000,S001,S001_NORMAL_D12,0,NORMAL_D12,,,,MR60BHA2_breath_phase,safenest-node-01
162.4740,0.000000,S001,S001_NORMAL_D12,0,NORMAL_D12,,,,MR60BHA2_breath_phase,safenest-node-01
162.5740,0.000000,S001,S001_NORMAL_D12,0,NORMAL_D12,,,,MR60BHA2_breath_phase,safenest-node-01
162.6740,0.000000,S001,S001_NORMAL_D12,0,NORMAL_D12,,,,MR60BHA2_breath_phase,safenest-node-01
162.7740,0.000000,S001,S001_NORMAL_D12,0,NORMAL_D12,,,,MR60BHA2_breath_phase,safenest-node-01
162.8740,0.000000,S001,S001_NORMAL_D12,0,NORMAL_D12,,,,MR60BHA2_breath_phase,safenest-node-01
162.9740,0.000000,S001,S001_NORMAL_D12,0,NORMAL_D12,,,,MR60BHA2_breath_phase,safenest-node-01
163.0740,0.000000,S001,S001_NORMAL_D12,0,NORMAL_D12,,,,MR60BHA2_breath_phase,safenest-node-01
163.1740,0.000000,S001,S001_NORMAL_D12,0,NORMAL_D12,,,,MR60BHA2_breath_phase,safenest-node-01
163.2740,0.000000,S001,S001_NORMAL_D12,0,NORMAL_D12,,,,MR60BHA2_breath_phase,safenest-node-01
163.3740,0.000000,S001,S001_NORMAL_D12,0,NORMAL_D12,,,,MR60BHA2_breath_phase,safenest-node-01
163.4740,0.000000,S001,S001_NORMAL_D12,0,NORMAL_D12,,,,MR60BHA2_breath_phase,safenest-node-01
163.5740,0.000000,S001,S001_NORMAL_D12,0,NORMAL_D12,,,,MR60BHA2_breath_phase,safenest-node-01
163.6740,0.000000,S001,S001_NORMAL_D12,0,NORMAL_D12,,,,MR60BHA2_breath_phase,safenest-node-01
163.7740,0.000000,S001,S001_NORMAL_D12,0,NORMAL_D12,,,,MR60BHA2_breath_phase,safenest-node-01
163.8740,0.000000,S001,S001_NORMAL_D12,0,NORMAL_D12,,,,MR60BHA2_breath_phase,safenest-node-01
163.9740,0.000000,S001,S001_NORMAL_D12,0,NORMAL_D12,,,,MR60BHA2_breath_phase,safenest-node-01
164.0740,0.000000,S001,S001_NORMAL_D12,0,NORMAL_D12,,,,MR60BHA2_breath_phase,safenest-node-01
164.1750,0.000000,S001,S001_NORMAL_D12,0,NORMAL_D12,,,,MR60BHA2_breath_phase,safenest-node-01
164.2750,0.000000,S001,S001_NORMAL_D12,0,NORMAL_D12,,,,MR60BHA2_breath_phase,safenest-node-01
164.3750,0.000000,S001,S001_NORMAL_D12,0,NORMAL_D12,,,,MR60BHA2_breath_phase,safenest-node-01
164.4750,0.000000,S001,S001_NORMAL_D12,0,NORMAL_D12,,,,MR60BHA2_breath_phase,safenest-node-01
164.5750,0.000000,S001,S001_NORMAL_D12,0,NORMAL_D12,,,,MR60BHA2_breath_phase,safenest-node-01
164.6750,0.000000,S001,S001_NORMAL_D12,0,NORMAL_D12,,,,MR60BHA2_breath_phase,safenest-node-01
164.7750,0.000000,S001,S001_NORMAL_D12,0,NORMAL_D12,,,,MR60BHA2_breath_phase,safenest-node-01
164.8760,0.000000,S001,S001_NORMAL_D12,0,NORMAL_D12,,,,MR60BHA2_breath_phase,safenest-node-01
164.9760,0.000000,S001,S001_NORMAL_D12,0,NORMAL_D12,,,,MR60BHA2_breath_phase,safenest-node-01
165.0760,0.000000,S001,S001_NORMAL_D12,0,NORMAL_D12,,,,MR60BHA2_breath_phase,safenest-node-01
165.1760,0.000000,S001,S001_NORMAL_D12,0,NORMAL_D12,,,,MR60BHA2_breath_phase,safenest-node-01
165.2760,0.000000,S001,S001_NORMAL_D12,0,NORMAL_D12,,,,MR60BHA2_breath_phase,safenest-node-01
165.3760,0.000000,S001,S001_NORMAL_D12,0,NORMAL_D12,,,,MR60BHA2_breath_phase,safenest-node-01
165.4760,0.000000,S001,S001_NORMAL_D12,0,NORMAL_D12,,,,MR60BHA2_breath_phase,safenest-node-01
165.5760,0.000000,S001,S001_NORMAL_D12,0,NORMAL_D12,,,,MR60BHA2_breath_phase,safenest-node-01
165.6760,0.000000,S001,S001_NORMAL_D12,0,NORMAL_D12,,,,MR60BHA2_breath_phase,safenest-node-01
165.7760,0.000000,S001,S001_NORMAL_D12,0,NORMAL_D12,,,,MR60BHA2_breath_phase,safenest-node-01
165.8760,0.000000,S001,S001_NORMAL_D12,0,NORMAL_D12,,,,MR60BHA2_breath_phase,safenest-node-01
165.9760,0.000000,S001,S001_NORMAL_D12,0,NORMAL_D12,,,,MR60BHA2_breath_phase,safenest-node-01
166.0760,0.000000,S001,S001_NORMAL_D12,0,NORMAL_D12,,,,MR60BHA2_breath_phase,safenest-node-01
166.1760,0.000000,S001,S001_NORMAL_D12,0,NORMAL_D12,,,,MR60BHA2_breath_phase,safenest-node-01
166.2760,0.000000,S001,S001_NORMAL_D12,0,NORMAL_D12,,,,MR60BHA2_breath_phase,safenest-node-01
166.3760,0.000000,S001,S001_NORMAL_D12,0,NORMAL_D12,,,,MR60BHA2_breath_phase,safenest-node-01
166.4760,0.000000,S001,S001_NORMAL_D12,0,NORMAL_D12,,,,MR60BHA2_breath_phase,safenest-node-01
166.5760,0.000000,S001,S001_NORMAL_D12,0,NORMAL_D12,,,,MR60BHA2_breath_phase,safenest-node-01
166.6760,0.000000,S001,S001_NORMAL_D12,0,NORMAL_D12,,,,MR60BHA2_breath_phase,safenest-node-01
166.7760,0.000000,S001,S001_NORMAL_D12,0,NORMAL_D12,,,,MR60BHA2_breath_phase,safenest-node-01
166.8760,0.000000,S001,S001_NORMAL_D12,0,NORMAL_D12,,,,MR60BHA2_breath_phase,safenest-node-01
166.9760,0.000000,S001,S001_NORMAL_D12,0,NORMAL_D12,,,,MR60BHA2_breath_phase,safenest-node-01
167.0760,0.000000,S001,S001_NORMAL_D12,0,NORMAL_D12,,,,MR60BHA2_breath_phase,safenest-node-01
167.1760,0.000000,S001,S001_NORMAL_D12,0,NORMAL_D12,,,,MR60BHA2_breath_phase,safenest-node-01
167.2760,0.000000,S001,S001_NORMAL_D12,0,NORMAL_D12,,,,MR60BHA2_breath_phase,safenest-node-01
167.3760,0.000000,S001,S001_NORMAL_D12,0,NORMAL_D12,,,,MR60BHA2_breath_phase,safenest-node-01
167.4760,0.000000,S001,S001_NORMAL_D12,0,NORMAL_D12,,,,MR60BHA2_breath_phase,safenest-node-01
167.5760,0.000000,S001,S001_NORMAL_D12,0,NORMAL_D12,,,,MR60BHA2_breath_phase,safenest-node-01
167.6760,0.000000,S001,S001_NORMAL_D12,0,NORMAL_D12,,,,MR60BHA2_breath_phase,safenest-node-01
167.7760,0.000000,S001,S001_NORMAL_D12,0,NORMAL_D12,,,,MR60BHA2_breath_phase,safenest-node-01
167.8760,0.000000,S001,S001_NORMAL_D12,0,NORMAL_D12,,,,MR60BHA2_breath_phase,safenest-node-01
167.9760,0.000000,S001,S001_NORMAL_D12,0,NORMAL_D12,,,,MR60BHA2_breath_phase,safenest-node-01
168.0760,0.000000,S001,S001_NORMAL_D12,0,NORMAL_D12,,,,MR60BHA2_breath_phase,safenest-node-01
168.1760,0.000000,S001,S001_NORMAL_D12,0,NORMAL_D12,,,,MR60BHA2_breath_phase,safenest-node-01
168.2760,0.000000,S001,S001_NORMAL_D12,0,NORMAL_D12,,,,MR60BHA2_breath_phase,safenest-node-01
168.3760,0.000000,S001,S001_NORMAL_D12,0,NORMAL_D12,,,,MR60BHA2_breath_phase,safenest-node-01
168.4760,0.000000,S001,S001_NORMAL_D12,0,NORMAL_D12,,,,MR60BHA2_breath_phase,safenest-node-01
168.5760,0.000000,S001,S001_NORMAL_D12,0,NORMAL_D12,,,,MR60BHA2_breath_phase,safenest-node-01
168.6760,0.000000,S001,S001_NORMAL_D12,0,NORMAL_D12,,,,MR60BHA2_breath_phase,safenest-node-01
168.7760,0.000000,S001,S001_NORMAL_D12,0,NORMAL_D12,,,,MR60BHA2_breath_phase,safenest-node-01
168.8760,0.000000,S001,S001_NORMAL_D12,0,NORMAL_D12,,,,MR60BHA2_breath_phase,safenest-node-01
168.9760,0.000000,S001,S001_NORMAL_D12,0,NORMAL_D12,,,,MR60BHA2_breath_phase,safenest-node-01
169.0760,0.000000,S001,S001_NORMAL_D12,0,NORMAL_D12,,,,MR60BHA2_breath_phase,safenest-node-01
169.1760,0.000000,S001,S001_NORMAL_D12,0,NORMAL_D12,,,,MR60BHA2_breath_phase,safenest-node-01
169.2760,0.000000,S001,S001_NORMAL_D12,0,NORMAL_D12,,,,MR60BHA2_breath_phase,safenest-node-01
169.3760,0.000000,S001,S001_NORMAL_D12,0,NORMAL_D12,,,,MR60BHA2_breath_phase,safenest-node-01
169.4760,0.000000,S001,S001_NORMAL_D12,0,NORMAL_D12,,,,MR60BHA2_breath_phase,safenest-node-01
169.5760,0.000000,S001,S001_NORMAL_D12,0,NORMAL_D12,,,,MR60BHA2_breath_phase,safenest-node-01
169.6760,0.000000,S001,S001_NORMAL_D12,0,NORMAL_D12,,,,MR60BHA2_breath_phase,safenest-node-01
169.7760,0.000000,S001,S001_NORMAL_D12,0,NORMAL_D12,,,,MR60BHA2_breath_phase,safenest-node-01
169.8760,0.000000,S001,S001_NORMAL_D12,0,NORMAL_D12,,,,MR60BHA2_breath_phase,safenest-node-01
169.9760,0.000000,S001,S001_NORMAL_D12,0,NORMAL_D12,,,,MR60BHA2_breath_phase,safenest-node-01
170.0760,0.000000,S001,S001_NORMAL_D12,0,NORMAL_D12,,,,MR60BHA2_breath_phase,safenest-node-01
170.1760,0.000000,S001,S001_NORMAL_D12,0,NORMAL_D12,,,,MR60BHA2_breath_phase,safenest-node-01
170.2760,0.000000,S001,S001_NORMAL_D12,0,NORMAL_D12,,,,MR60BHA2_breath_phase,safenest-node-01
170.3760,0.000000,S001,S001_NORMAL_D12,0,NORMAL_D12,,,,MR60BHA2_breath_phase,safenest-node-01
170.4760,0.000000,S001,S001_NORMAL_D12,0,NORMAL_D12,,,,MR60BHA2_breath_phase,safenest-node-01
170.5760,0.000000,S001,S001_NORMAL_D12,0,NORMAL_D12,,,,MR60BHA2_breath_phase,safenest-node-01
170.6760,0.000000,S001,S001_NORMAL_D12,0,NORMAL_D12,,,,MR60BHA2_breath_phase,safenest-node-01
170.7760,0.000000,S001,S001_NORMAL_D12,0,NORMAL_D12,,,,MR60BHA2_breath_phase,safenest-node-01
170.8760,0.000000,S001,S001_NORMAL_D12,0,NORMAL_D12,,,,MR60BHA2_breath_phase,safenest-node-01
170.9760,0.000000,S001,S001_NORMAL_D12,0,NORMAL_D12,,,,MR60BHA2_breath_phase,safenest-node-01
171.0760,0.000000,S001,S001_NORMAL_D12,0,NORMAL_D12,,,,MR60BHA2_breath_phase,safenest-node-01
171.1760,0.000000,S001,S001_NORMAL_D12,0,NORMAL_D12,,,,MR60BHA2_breath_phase,safenest-node-01
171.2760,0.000000,S001,S001_NORMAL_D12,0,NORMAL_D12,,,,MR60BHA2_breath_phase,safenest-node-01
171.3760,0.000000,S001,S001_NORMAL_D12,0,NORMAL_D12,,,,MR60BHA2_breath_phase,safenest-node-01
171.4760,0.000000,S001,S001_NORMAL_D12,0,NORMAL_D12,,,,MR60BHA2_breath_phase,safenest-node-01
171.5760,0.000000,S001,S001_NORMAL_D12,0,NORMAL_D12,,,,MR60BHA2_breath_phase,safenest-node-01
171.6760,0.000000,S001,S001_NORMAL_D12,0,NORMAL_D12,,,,MR60BHA2_breath_phase,safenest-node-01
171.7760,0.000000,S001,S001_NORMAL_D12,0,NORMAL_D12,,,,MR60BHA2_breath_phase,safenest-node-01
171.8760,0.000000,S001,S001_NORMAL_D12,0,NORMAL_D12,,,,MR60BHA2_breath_phase,safenest-node-01
171.9760,0.000000,S001,S001_NORMAL_D12,0,NORMAL_D12,,,,MR60BHA2_breath_phase,safenest-node-01
172.0760,0.000000,S001,S001_NORMAL_D12,0,NORMAL_D12,,,,MR60BHA2_breath_phase,safenest-node-01
172.1760,0.000000,S001,S001_NORMAL_D12,0,NORMAL_D12,,,,MR60BHA2_breath_phase,safenest-node-01
172.2760,0.000000,S001,S001_NORMAL_D12,0,NORMAL_D12,,,,MR60BHA2_breath_phase,safenest-node-01
172.3760,0.000000,S001,S001_NORMAL_D12,0,NORMAL_D12,,,,MR60BHA2_breath_phase,safenest-node-01
172.4760,0.000000,S001,S001_NORMAL_D12,0,NORMAL_D12,,,,MR60BHA2_breath_phase,safenest-node-01
172.5760,0.000000,S001,S001_NORMAL_D12,0,NORMAL_D12,,,,MR60BHA2_breath_phase,safenest-node-01
172.6760,0.000000,S001,S001_NORMAL_D12,0,NORMAL_D12,,,,MR60BHA2_breath_phase,safenest-node-01
172.7760,0.000000,S001,S001_NORMAL_D12,0,NORMAL_D12,,,,MR60BHA2_breath_phase,safenest-node-01
172.8760,0.000000,S001,S001_NORMAL_D12,0,NORMAL_D12,,,,MR60BHA2_breath_phase,safenest-node-01
172.9760,0.000000,S001,S001_NORMAL_D12,0,NORMAL_D12,,,,MR60BHA2_breath_phase,safenest-node-01
173.0760,0.000000,S001,S001_NORMAL_D12,0,NORMAL_D12,,,,MR60BHA2_breath_phase,safenest-node-01
173.1760,0.000000,S001,S001_NORMAL_D12,0,NORMAL_D12,,,,MR60BHA2_breath_phase,safenest-node-01
173.2760,0.000000,S001,S001_NORMAL_D12,0,NORMAL_D12,,,,MR60BHA2_breath_phase,safenest-node-01
173.3760,0.000000,S001,S001_NORMAL_D12,0,NORMAL_D12,,,,MR60BHA2_breath_phase,safenest-node-01
173.4760,0.000000,S001,S001_NORMAL_D12,0,NORMAL_D12,,,,MR60BHA2_breath_phase,safenest-node-01
173.5760,0.000000,S001,S001_NORMAL_D12,0,NORMAL_D12,,,,MR60BHA2_breath_phase,safenest-node-01
173.6760,0.000000,S001,S001_NORMAL_D12,0,NORMAL_D12,,,,MR60BHA2_breath_phase,safenest-node-01
173.7760,0.000000,S001,S001_NORMAL_D12,0,NORMAL_D12,,,,MR60BHA2_breath_phase,safenest-node-01
173.8760,0.000000,S001,S001_NORMAL_D12,0,NORMAL_D12,,,,MR60BHA2_breath_phase,safenest-node-01
173.9760,0.000000,S001,S001_NORMAL_D12,0,NORMAL_D12,,,,MR60BHA2_breath_phase,safenest-node-01
174.0770,0.000000,S001,S001_NORMAL_D12,0,NORMAL_D12,,,,MR60BHA2_breath_phase,safenest-node-01
174.1770,0.000000,S001,S001_NORMAL_D12,0,NORMAL_D12,,,,MR60BHA2_breath_phase,safenest-node-01
174.2770,0.000000,S001,S001_NORMAL_D12,0,NORMAL_D12,,,,MR60BHA2_breath_phase,safenest-node-01
174.3770,0.000000,S001,S001_NORMAL_D12,0,NORMAL_D12,,,,MR60BHA2_breath_phase,safenest-node-01
174.4770,0.000000,S001,S001_NORMAL_D12,0,NORMAL_D12,,,,MR60BHA2_breath_phase,safenest-node-01
174.5770,0.000000,S001,S001_NORMAL_D12,0,NORMAL_D12,,,,MR60BHA2_breath_phase,safenest-node-01
174.6770,0.000000,S001,S001_NORMAL_D12,0,NORMAL_D12,,,,MR60BHA2_breath_phase,safenest-node-01
174.7780,0.000000,S001,S001_NORMAL_D12,0,NORMAL_D12,,,,MR60BHA2_breath_phase,safenest-node-01
174.8780,0.000000,S001,S001_NORMAL_D12,0,NORMAL_D12,,,,MR60BHA2_breath_phase,safenest-node-01
174.9780,0.000000,S001,S001_NORMAL_D12,0,NORMAL_D12,,,,MR60BHA2_breath_phase,safenest-node-01
175.0780,0.000000,S001,S001_NORMAL_D12,0,NORMAL_D12,,,,MR60BHA2_breath_phase,safenest-node-01
175.1780,0.000000,S001,S001_NORMAL_D12,0,NORMAL_D12,,,,MR60BHA2_breath_phase,safenest-node-01
175.2780,0.000000,S001,S001_NORMAL_D12,0,NORMAL_D12,,,,MR60BHA2_breath_phase,safenest-node-01
175.3780,0.000000,S001,S001_NORMAL_D12,0,NORMAL_D12,,,,MR60BHA2_breath_phase,safenest-node-01
175.4780,0.000000,S001,S001_NORMAL_D12,0,NORMAL_D12,,,,MR60BHA2_breath_phase,safenest-node-01
175.5780,0.000000,S001,S001_NORMAL_D12,0,NORMAL_D12,,,,MR60BHA2_breath_phase,safenest-node-01
175.6780,0.000000,S001,S001_NORMAL_D12,0,NORMAL_D12,,,,MR60BHA2_breath_phase,safenest-node-01
175.7780,0.000000,S001,S001_NORMAL_D12,0,NORMAL_D12,,,,MR60BHA2_breath_phase,safenest-node-01
175.8780,0.000000,S001,S001_NORMAL_D12,0,NORMAL_D12,,,,MR60BHA2_breath_phase,safenest-node-01
175.9780,0.000000,S001,S001_NORMAL_D12,0,NORMAL_D12,,,,MR60BHA2_breath_phase,safenest-node-01
176.0780,0.000000,S001,S001_NORMAL_D12,0,NORMAL_D12,,,,MR60BHA2_breath_phase,safenest-node-01
176.1780,0.000000,S001,S001_NORMAL_D12,0,NORMAL_D12,,,,MR60BHA2_breath_phase,safenest-node-01
176.2780,0.000000,S001,S001_NORMAL_D12,0,NORMAL_D12,,,,MR60BHA2_breath_phase,safenest-node-01
176.3780,0.000000,S001,S001_NORMAL_D12,0,NORMAL_D12,,,,MR60BHA2_breath_phase,safenest-node-01
176.4780,0.000000,S001,S001_NORMAL_D12,0,NORMAL_D12,,,,MR60BHA2_breath_phase,safenest-node-01
176.5780,0.000000,S001,S001_NORMAL_D12,0,NORMAL_D12,,,,MR60BHA2_breath_phase,safenest-node-01
176.6780,0.000000,S001,S001_NORMAL_D12,0,NORMAL_D12,,,,MR60BHA2_breath_phase,safenest-node-01
176.7780,0.000000,S001,S001_NORMAL_D12,0,NORMAL_D12,,,,MR60BHA2_breath_phase,safenest-node-01
176.8780,0.000000,S001,S001_NORMAL_D12,0,NORMAL_D12,,,,MR60BHA2_breath_phase,safenest-node-01
176.9780,0.000000,S001,S001_NORMAL_D12,0,NORMAL_D12,,,,MR60BHA2_breath_phase,safenest-node-01
177.0780,0.000000,S001,S001_NORMAL_D12,0,NORMAL_D12,,,,MR60BHA2_breath_phase,safenest-node-01
177.1780,0.000000,S001,S001_NORMAL_D12,0,NORMAL_D12,,,,MR60BHA2_breath_phase,safenest-node-01
177.2780,0.000000,S001,S001_NORMAL_D12,0,NORMAL_D12,,,,MR60BHA2_breath_phase,safenest-node-01
177.3780,0.000000,S001,S001_NORMAL_D12,0,NORMAL_D12,,,,MR60BHA2_breath_phase,safenest-node-01
177.4780,0.000000,S001,S001_NORMAL_D12,0,NORMAL_D12,,,,MR60BHA2_breath_phase,safenest-node-01
177.5780,0.000000,S001,S001_NORMAL_D12,0,NORMAL_D12,,,,MR60BHA2_breath_phase,safenest-node-01
177.6780,0.000000,S001,S001_NORMAL_D12,0,NORMAL_D12,,,,MR60BHA2_breath_phase,safenest-node-01
177.7780,0.000000,S001,S001_NORMAL_D12,0,NORMAL_D12,,,,MR60BHA2_breath_phase,safenest-node-01
177.8780,0.000000,S001,S001_NORMAL_D12,0,NORMAL_D12,,,,MR60BHA2_breath_phase,safenest-node-01
177.9780,0.000000,S001,S001_NORMAL_D12,0,NORMAL_D12,,,,MR60BHA2_breath_phase,safenest-node-01
178.0780,0.000000,S001,S001_NORMAL_D12,0,NORMAL_D12,,,,MR60BHA2_breath_phase,safenest-node-01
178.1780,0.000000,S001,S001_NORMAL_D12,0,NORMAL_D12,,,,MR60BHA2_breath_phase,safenest-node-01
178.2780,0.000000,S001,S001_NORMAL_D12,0,NORMAL_D12,,,,MR60BHA2_breath_phase,safenest-node-01
178.3780,0.000000,S001,S001_NORMAL_D12,0,NORMAL_D12,,,,MR60BHA2_breath_phase,safenest-node-01
178.4780,0.000000,S001,S001_NORMAL_D12,0,NORMAL_D12,,,,MR60BHA2_breath_phase,safenest-node-01
178.5780,0.000000,S001,S001_NORMAL_D12,0,NORMAL_D12,,,,MR60BHA2_breath_phase,safenest-node-01
178.6780,0.000000,S001,S001_NORMAL_D12,0,NORMAL_D12,,,,MR60BHA2_breath_phase,safenest-node-01
178.7780,0.000000,S001,S001_NORMAL_D12,0,NORMAL_D12,,,,MR60BHA2_breath_phase,safenest-node-01
178.8780,0.000000,S001,S001_NORMAL_D12,0,NORMAL_D12,,,,MR60BHA2_breath_phase,safenest-node-01
178.9780,0.000000,S001,S001_NORMAL_D12,0,NORMAL_D12,,,,MR60BHA2_breath_phase,safenest-node-01
179.0780,0.000000,S001,S001_NORMAL_D12,0,NORMAL_D12,,,,MR60BHA2_breath_phase,safenest-node-01
179.1780,0.000000,S001,S001_NORMAL_D12,0,NORMAL_D12,,,,MR60BHA2_breath_phase,safenest-node-01
179.2780,0.000000,S001,S001_NORMAL_D12,0,NORMAL_D12,,,,MR60BHA2_breath_phase,safenest-node-01
179.3780,0.000000,S001,S001_NORMAL_D12,0,NORMAL_D12,,,,MR60BHA2_breath_phase,safenest-node-01
179.4780,0.000000,S001,S001_NORMAL_D12,0,NORMAL_D12,,,,MR60BHA2_breath_phase,safenest-node-01
179.5780,0.000000,S001,S001_NORMAL_D12,0,NORMAL_D12,,,,MR60BHA2_breath_phase,safenest-node-01
179.6780,0.000000,S001,S001_NORMAL_D12,0,NORMAL_D12,,,,MR60BHA2_breath_phase,safenest-node-01
179.7780,0.000000,S001,S001_NORMAL_D12,0,NORMAL_D12,,,,MR60BHA2_breath_phase,safenest-node-01
179.8780,0.000000,S001,S001_NORMAL_D12,0,NORMAL_D12,,,,MR60BHA2_breath_phase,safenest-node-01
179.9780,0.000000,S001,S001_NORMAL_D12,0,NORMAL_D12,,,,MR60BHA2_breath_phase,safenest-node-01
180.0780,0.000000,S001,S001_NORMAL_D12,0,NORMAL_D12,,,,MR60BHA2_breath_phase,safenest-node-01
180.1780,0.000000,S001,S001_NORMAL_D12,0,NORMAL_D12,,,,MR60BHA2_breath_phase,safenest-node-01
180.2780,0.000000,S001,S001_NORMAL_D12,0,NORMAL_D12,,,,MR60BHA2_breath_phase,safenest-node-01
180.3790,0.000000,S001,S001_NORMAL_D12,0,NORMAL_D12,,,,MR60BHA2_breath_phase,safenest-node-01
180.4790,0.000000,S001,S001_NORMAL_D12,0,NORMAL_D12,,,,MR60BHA2_breath_phase,safenest-node-01
180.5790,0.000000,S001,S001_NORMAL_D12,0,NORMAL_D12,,,,MR60BHA2_breath_phase,safenest-node-01
180.6790,0.000000,S001,S001_NORMAL_D12,0,NORMAL_D12,,,,MR60BHA2_breath_phase,safenest-node-01
180.7790,0.000000,S001,S001_NORMAL_D12,0,NORMAL_D12,,,,MR60BHA2_breath_phase,safenest-node-01
180.8790,0.000000,S001,S001_NORMAL_D12,0,NORMAL_D12,,,,MR60BHA2_breath_phase,safenest-node-01
180.9790,0.000000,S001,S001_NORMAL_D12,0,NORMAL_D12,,,,MR60BHA2_breath_phase,safenest-node-01
181.0800,0.000000,S001,S001_NORMAL_D12,0,NORMAL_D12,,,,MR60BHA2_breath_phase,safenest-node-01
181.1800,0.000000,S001,S001_NORMAL_D12,0,NORMAL_D12,,,,MR60BHA2_breath_phase,safenest-node-01
181.2800,0.000000,S001,S001_NORMAL_D12,0,NORMAL_D12,,,,MR60BHA2_breath_phase,safenest-node-01
181.3800,0.000000,S001,S001_NORMAL_D12,0,NORMAL_D12,,,,MR60BHA2_breath_phase,safenest-node-01
181.4800,0.000000,S001,S001_NORMAL_D12,0,NORMAL_D12,,,,MR60BHA2_breath_phase,safenest-node-01
181.5800,0.000000,S001,S001_NORMAL_D12,0,NORMAL_D12,,,,MR60BHA2_breath_phase,safenest-node-01
181.6800,0.000000,S001,S001_NORMAL_D12,0,NORMAL_D12,,,,MR60BHA2_breath_phase,safenest-node-01
181.7800,0.000000,S001,S001_NORMAL_D12,0,NORMAL_D12,,,,MR60BHA2_breath_phase,safenest-node-01
181.8800,0.000000,S001,S001_NORMAL_D12,0,NORMAL_D12,,,,MR60BHA2_breath_phase,safenest-node-01
181.9800,0.000000,S001,S001_NORMAL_D12,0,NORMAL_D12,,,,MR60BHA2_breath_phase,safenest-node-01
182.0800,0.000000,S001,S001_NORMAL_D12,0,NORMAL_D12,,,,MR60BHA2_breath_phase,safenest-node-01
182.1800,0.000000,S001,S001_NORMAL_D12,0,NORMAL_D12,,,,MR60BHA2_breath_phase,safenest-node-01
182.2800,0.000000,S001,S001_NORMAL_D12,0,NORMAL_D12,,,,MR60BHA2_breath_phase,safenest-node-01
182.3800,0.000000,S001,S001_NORMAL_D12,0,NORMAL_D12,,,,MR60BHA2_breath_phase,safenest-node-01
182.4800,0.000000,S001,S001_NORMAL_D12,0,NORMAL_D12,,,,MR60BHA2_breath_phase,safenest-node-01
182.5800,0.000000,S001,S001_NORMAL_D12,0,NORMAL_D12,,,,MR60BHA2_breath_phase,safenest-node-01
182.6800,0.000000,S001,S001_NORMAL_D12,0,NORMAL_D12,,,,MR60BHA2_breath_phase,safenest-node-01
182.7800,0.000000,S001,S001_NORMAL_D12,0,NORMAL_D12,,,,MR60BHA2_breath_phase,safenest-node-01
182.8800,0.000000,S001,S001_NORMAL_D12,0,NORMAL_D12,,,,MR60BHA2_breath_phase,safenest-node-01
182.9800,0.000000,S001,S001_NORMAL_D12,0,NORMAL_D12,,,,MR60BHA2_breath_phase,safenest-node-01
183.0800,0.000000,S001,S001_NORMAL_D12,0,NORMAL_D12,,,,MR60BHA2_breath_phase,safenest-node-01
183.1800,0.000000,S001,S001_NORMAL_D12,0,NORMAL_D12,,,,MR60BHA2_breath_phase,safenest-node-01
183.2800,0.000000,S001,S001_NORMAL_D12,0,NORMAL_D12,,,,MR60BHA2_breath_phase,safenest-node-01
183.3800,0.000000,S001,S001_NORMAL_D12,0,NORMAL_D12,,,,MR60BHA2_breath_phase,safenest-node-01
183.4800,0.000000,S001,S001_NORMAL_D12,0,NORMAL_D12,,,,MR60BHA2_breath_phase,safenest-node-01
183.5800,0.000000,S001,S001_NORMAL_D12,0,NORMAL_D12,,,,MR60BHA2_breath_phase,safenest-node-01
183.6800,0.000000,S001,S001_NORMAL_D12,0,NORMAL_D12,,,,MR60BHA2_breath_phase,safenest-node-01
183.7800,0.000000,S001,S001_NORMAL_D12,0,NORMAL_D12,,,,MR60BHA2_breath_phase,safenest-node-01
183.8800,0.000000,S001,S001_NORMAL_D12,0,NORMAL_D12,,,,MR60BHA2_breath_phase,safenest-node-01
183.9800,0.000000,S001,S001_NORMAL_D12,0,NORMAL_D12,,,,MR60BHA2_breath_phase,safenest-node-01
184.0800,0.000000,S001,S001_NORMAL_D12,0,NORMAL_D12,,,,MR60BHA2_breath_phase,safenest-node-01
184.1800,0.000000,S001,S001_NORMAL_D12,0,NORMAL_D12,,,,MR60BHA2_breath_phase,safenest-node-01
184.2800,0.000000,S001,S001_NORMAL_D12,0,NORMAL_D12,,,,MR60BHA2_breath_phase,safenest-node-01
184.3800,0.000000,S001,S001_NORMAL_D12,0,NORMAL_D12,,,,MR60BHA2_breath_phase,safenest-node-01
184.4800,0.000000,S001,S001_NORMAL_D12,0,NORMAL_D12,,,,MR60BHA2_breath_phase,safenest-node-01
184.5800,0.000000,S001,S001_NORMAL_D12,0,NORMAL_D12,,,,MR60BHA2_breath_phase,safenest-node-01
184.6800,0.000000,S001,S001_NORMAL_D12,0,NORMAL_D12,,,,MR60BHA2_breath_phase,safenest-node-01
184.7800,0.000000,S001,S001_NORMAL_D12,0,NORMAL_D12,,,,MR60BHA2_breath_phase,safenest-node-01
184.8800,0.000000,S001,S001_NORMAL_D12,0,NORMAL_D12,,,,MR60BHA2_breath_phase,safenest-node-01
184.9800,0.000000,S001,S001_NORMAL_D12,0,NORMAL_D12,,,,MR60BHA2_breath_phase,safenest-node-01
185.0800,0.000000,S001,S001_NORMAL_D12,0,NORMAL_D12,,,,MR60BHA2_breath_phase,safenest-node-01
185.1800,0.000000,S001,S001_NORMAL_D12,0,NORMAL_D12,,,,MR60BHA2_breath_phase,safenest-node-01
185.2800,0.000000,S001,S001_NORMAL_D12,0,NORMAL_D12,,,,MR60BHA2_breath_phase,safenest-node-01
185.3800,0.000000,S001,S001_NORMAL_D12,0,NORMAL_D12,,,,MR60BHA2_breath_phase,safenest-node-01
185.4800,0.000000,S001,S001_NORMAL_D12,0,NORMAL_D12,,,,MR60BHA2_breath_phase,safenest-node-01
185.5800,0.000000,S001,S001_NORMAL_D12,0,NORMAL_D12,,,,MR60BHA2_breath_phase,safenest-node-01
185.6800,0.000000,S001,S001_NORMAL_D12,0,NORMAL_D12,,,,MR60BHA2_breath_phase,safenest-node-01
185.7800,0.000000,S001,S001_NORMAL_D12,0,NORMAL_D12,,,,MR60BHA2_breath_phase,safenest-node-01
185.8800,0.000000,S001,S001_NORMAL_D12,0,NORMAL_D12,,,,MR60BHA2_breath_phase,safenest-node-01
185.9800,0.000000,S001,S001_NORMAL_D12,0,NORMAL_D12,,,,MR60BHA2_breath_phase,safenest-node-01
186.0800,0.000000,S001,S001_NORMAL_D12,0,NORMAL_D12,,,,MR60BHA2_breath_phase,safenest-node-01
186.1800,0.000000,S001,S001_NORMAL_D12,0,NORMAL_D12,,,,MR60BHA2_breath_phase,safenest-node-01
186.2800,0.000000,S001,S001_NORMAL_D12,0,NORMAL_D12,,,,MR60BHA2_breath_phase,safenest-node-01
186.3800,0.000000,S001,S001_NORMAL_D12,0,NORMAL_D12,,,,MR60BHA2_breath_phase,safenest-node-01
186.4800,0.000000,S001,S001_NORMAL_D12,0,NORMAL_D12,,,,MR60BHA2_breath_phase,safenest-node-01
186.5800,0.000000,S001,S001_NORMAL_D12,0,NORMAL_D12,,,,MR60BHA2_breath_phase,safenest-node-01
186.6800,0.000000,S001,S001_NORMAL_D12,0,NORMAL_D12,,,,MR60BHA2_breath_phase,safenest-node-01
186.7800,0.000000,S001,S001_NORMAL_D12,0,NORMAL_D12,,,,MR60BHA2_breath_phase,safenest-node-01
186.8800,0.000000,S001,S001_NORMAL_D12,0,NORMAL_D12,,,,MR60BHA2_breath_phase,safenest-node-01
186.9800,0.000000,S001,S001_NORMAL_D12,0,NORMAL_D12,,,,MR60BHA2_breath_phase,safenest-node-01
187.0800,0.000000,S001,S001_NORMAL_D12,0,NORMAL_D12,,,,MR60BHA2_breath_phase,safenest-node-01
187.1800,0.000000,S001,S001_NORMAL_D12,0,NORMAL_D12,,,,MR60BHA2_breath_phase,safenest-node-01
187.2800,0.000000,S001,S001_NORMAL_D12,0,NORMAL_D12,,,,MR60BHA2_breath_phase,safenest-node-01
187.3800,0.000000,S001,S001_NORMAL_D12,0,NORMAL_D12,,,,MR60BHA2_breath_phase,safenest-node-01
187.4800,0.000000,S001,S001_NORMAL_D12,0,NORMAL_D12,,,,MR60BHA2_breath_phase,safenest-node-01
187.5800,0.000000,S001,S001_NORMAL_D12,0,NORMAL_D12,,,,MR60BHA2_breath_phase,safenest-node-01
187.6800,0.000000,S001,S001_NORMAL_D12,0,NORMAL_D12,,,,MR60BHA2_breath_phase,safenest-node-01
187.7800,0.000000,S001,S001_NORMAL_D12,0,NORMAL_D12,,,,MR60BHA2_breath_phase,safenest-node-01
187.8800,0.000000,S001,S001_NORMAL_D12,0,NORMAL_D12,,,,MR60BHA2_breath_phase,safenest-node-01
187.9800,0.000000,S001,S001_NORMAL_D12,0,NORMAL_D12,,,,MR60BHA2_breath_phase,safenest-node-01
188.0800,0.000000,S001,S001_NORMAL_D12,0,NORMAL_D12,,,,MR60BHA2_breath_phase,safenest-node-01
188.1800,0.000000,S001,S001_NORMAL_D12,0,NORMAL_D12,,,,MR60BHA2_breath_phase,safenest-node-01
188.2800,0.000000,S001,S001_NORMAL_D12,0,NORMAL_D12,,,,MR60BHA2_breath_phase,safenest-node-01
188.3800,0.000000,S001,S001_NORMAL_D12,0,NORMAL_D12,,,,MR60BHA2_breath_phase,safenest-node-01
188.4800,0.000000,S001,S001_NORMAL_D12,0,NORMAL_D12,,,,MR60BHA2_breath_phase,safenest-node-01
188.5800,0.000000,S001,S001_NORMAL_D12,0,NORMAL_D12,,,,MR60BHA2_breath_phase,safenest-node-01
188.6800,0.000000,S001,S001_NORMAL_D12,0,NORMAL_D12,,,,MR60BHA2_breath_phase,safenest-node-01
188.7800,0.000000,S001,S001_NORMAL_D12,0,NORMAL_D12,,,,MR60BHA2_breath_phase,safenest-node-01
188.8800,0.000000,S001,S001_NORMAL_D12,0,NORMAL_D12,,,,MR60BHA2_breath_phase,safenest-node-01
188.9800,0.000000,S001,S001_NORMAL_D12,0,NORMAL_D12,,,,MR60BHA2_breath_phase,safenest-node-01
189.0800,0.000000,S001,S001_NORMAL_D12,0,NORMAL_D12,,,,MR60BHA2_breath_phase,safenest-node-01
189.1800,0.000000,S001,S001_NORMAL_D12,0,NORMAL_D12,,,,MR60BHA2_breath_phase,safenest-node-01
189.2800,0.000000,S001,S001_NORMAL_D12,0,NORMAL_D12,,,,MR60BHA2_breath_phase,safenest-node-01
189.3800,0.000000,S001,S001_NORMAL_D12,0,NORMAL_D12,,,,MR60BHA2_breath_phase,safenest-node-01
189.4800,0.000000,S001,S001_NORMAL_D12,0,NORMAL_D12,,,,MR60BHA2_breath_phase,safenest-node-01
189.5820,0.000000,S001,S001_NORMAL_D12,0,NORMAL_D12,,,,MR60BHA2_breath_phase,safenest-node-01
189.6820,0.000000,S001,S001_NORMAL_D12,0,NORMAL_D12,,,,MR60BHA2_breath_phase,safenest-node-01
189.7820,0.000000,S001,S001_NORMAL_D12,0,NORMAL_D12,,,,MR60BHA2_breath_phase,safenest-node-01
189.8820,0.000000,S001,S001_NORMAL_D12,0,NORMAL_D12,,,,MR60BHA2_breath_phase,safenest-node-01
189.9820,0.000000,S001,S001_NORMAL_D12,0,NORMAL_D12,,,,MR60BHA2_breath_phase,safenest-node-01
190.0820,0.000000,S001,S001_NORMAL_D12,0,NORMAL_D12,,,,MR60BHA2_breath_phase,safenest-node-01
190.1820,0.000000,S001,S001_NORMAL_D12,0,NORMAL_D12,,,,MR60BHA2_breath_phase,safenest-node-01
190.2820,0.000000,S001,S001_NORMAL_D12,0,NORMAL_D12,,,,MR60BHA2_breath_phase,safenest-node-01
190.3820,0.000000,S001,S001_NORMAL_D12,0,NORMAL_D12,,,,MR60BHA2_breath_phase,safenest-node-01
190.4820,0.000000,S001,S001_NORMAL_D12,0,NORMAL_D12,,,,MR60BHA2_breath_phase,safenest-node-01
190.5820,0.000000,S001,S001_NORMAL_D12,0,NORMAL_D12,,,,MR60BHA2_breath_phase,safenest-node-01
190.6820,0.000000,S001,S001_NORMAL_D12,0,NORMAL_D12,,,,MR60BHA2_breath_phase,safenest-node-01
190.7820,0.000000,S001,S001_NORMAL_D12,0,NORMAL_D12,,,,MR60BHA2_breath_phase,safenest-node-01
190.8820,0.000000,S001,S001_NORMAL_D12,0,NORMAL_D12,,,,MR60BHA2_breath_phase,safenest-node-01
190.9820,0.000000,S001,S001_NORMAL_D12,0,NORMAL_D12,,,,MR60BHA2_breath_phase,safenest-node-01
191.0820,0.000000,S001,S001_NORMAL_D12,0,NORMAL_D12,,,,MR60BHA2_breath_phase,safenest-node-01
191.1820,0.000000,S001,S001_NORMAL_D12,0,NORMAL_D12,,,,MR60BHA2_breath_phase,safenest-node-01
191.2820,0.000000,S001,S001_NORMAL_D12,0,NORMAL_D12,,,,MR60BHA2_breath_phase,safenest-node-01
191.3820,0.000000,S001,S001_NORMAL_D12,0,NORMAL_D12,,,,MR60BHA2_breath_phase,safenest-node-01
191.4820,0.000000,S001,S001_NORMAL_D12,0,NORMAL_D12,,,,MR60BHA2_breath_phase,safenest-node-01
191.5820,0.000000,S001,S001_NORMAL_D12,0,NORMAL_D12,,,,MR60BHA2_breath_phase,safenest-node-01
191.6820,0.000000,S001,S001_NORMAL_D12,0,NORMAL_D12,,,,MR60BHA2_breath_phase,safenest-node-01
191.7820,0.000000,S001,S001_NORMAL_D12,0,NORMAL_D12,,,,MR60BHA2_breath_phase,safenest-node-01
191.8820,0.000000,S001,S001_NORMAL_D12,0,NORMAL_D12,,,,MR60BHA2_breath_phase,safenest-node-01
191.9820,0.000000,S001,S001_NORMAL_D12,0,NORMAL_D12,,,,MR60BHA2_breath_phase,safenest-node-01
192.0820,0.000000,S001,S001_NORMAL_D12,0,NORMAL_D12,,,,MR60BHA2_breath_phase,safenest-node-01
192.1820,0.000000,S001,S001_NORMAL_D12,0,NORMAL_D12,,,,MR60BHA2_breath_phase,safenest-node-01
192.2820,0.000000,S001,S001_NORMAL_D12,0,NORMAL_D12,,,,MR60BHA2_breath_phase,safenest-node-01
192.3820,0.000000,S001,S001_NORMAL_D12,0,NORMAL_D12,,,,MR60BHA2_breath_phase,safenest-node-01
192.4820,0.000000,S001,S001_NORMAL_D12,0,NORMAL_D12,,,,MR60BHA2_breath_phase,safenest-node-01
192.5820,0.000000,S001,S001_NORMAL_D12,0,NORMAL_D12,,,,MR60BHA2_breath_phase,safenest-node-01
192.6820,0.000000,S001,S001_NORMAL_D12,0,NORMAL_D12,,,,MR60BHA2_breath_phase,safenest-node-01
192.7820,0.000000,S001,S001_NORMAL_D12,0,NORMAL_D12,,,,MR60BHA2_breath_phase,safenest-node-01
192.8820,0.000000,S001,S001_NORMAL_D12,0,NORMAL_D12,,,,MR60BHA2_breath_phase,safenest-node-01
192.9820,0.000000,S001,S001_NORMAL_D12,0,NORMAL_D12,,,,MR60BHA2_breath_phase,safenest-node-01
193.0820,0.000000,S001,S001_NORMAL_D12,0,NORMAL_D12,,,,MR60BHA2_breath_phase,safenest-node-01
193.1820,0.000000,S001,S001_NORMAL_D12,0,NORMAL_D12,,,,MR60BHA2_breath_phase,safenest-node-01
193.2820,0.000000,S001,S001_NORMAL_D12,0,NORMAL_D12,,,,MR60BHA2_breath_phase,safenest-node-01
193.3820,0.000000,S001,S001_NORMAL_D12,0,NORMAL_D12,,,,MR60BHA2_breath_phase,safenest-node-01
193.4820,0.000000,S001,S001_NORMAL_D12,0,NORMAL_D12,,,,MR60BHA2_breath_phase,safenest-node-01
193.5820,0.000000,S001,S001_NORMAL_D12,0,NORMAL_D12,,,,MR60BHA2_breath_phase,safenest-node-01
193.6820,0.000000,S001,S001_NORMAL_D12,0,NORMAL_D12,,,,MR60BHA2_breath_phase,safenest-node-01
193.7820,0.000000,S001,S001_NORMAL_D12,0,NORMAL_D12,,,,MR60BHA2_breath_phase,safenest-node-01
193.8820,0.000000,S001,S001_NORMAL_D12,0,NORMAL_D12,,,,MR60BHA2_breath_phase,safenest-node-01
193.9820,0.000000,S001,S001_NORMAL_D12,0,NORMAL_D12,,,,MR60BHA2_breath_phase,safenest-node-01
194.0820,0.000000,S001,S001_NORMAL_D12,0,NORMAL_D12,,,,MR60BHA2_breath_phase,safenest-node-01
194.1820,0.000000,S001,S001_NORMAL_D12,0,NORMAL_D12,,,,MR60BHA2_breath_phase,safenest-node-01
194.2820,0.000000,S001,S001_NORMAL_D12,0,NORMAL_D12,,,,MR60BHA2_breath_phase,safenest-node-01
194.3820,0.000000,S001,S001_NORMAL_D12,0,NORMAL_D12,,,,MR60BHA2_breath_phase,safenest-node-01
194.4830,0.000000,S001,S001_NORMAL_D12,0,NORMAL_D12,,,,MR60BHA2_breath_phase,safenest-node-01
194.5830,0.000000,S001,S001_NORMAL_D12,0,NORMAL_D12,,,,MR60BHA2_breath_phase,safenest-node-01
194.6830,0.000000,S001,S001_NORMAL_D12,0,NORMAL_D12,,,,MR60BHA2_breath_phase,safenest-node-01
194.7830,0.000000,S001,S001_NORMAL_D12,0,NORMAL_D12,,,,MR60BHA2_breath_phase,safenest-node-01
194.8830,0.000000,S001,S001_NORMAL_D12,0,NORMAL_D12,,,,MR60BHA2_breath_phase,safenest-node-01
194.9830,0.000000,S001,S001_NORMAL_D12,0,NORMAL_D12,,,,MR60BHA2_breath_phase,safenest-node-01
195.0830,0.000000,S001,S001_NORMAL_D12,0,NORMAL_D12,,,,MR60BHA2_breath_phase,safenest-node-01
195.1830,0.000000,S001,S001_NORMAL_D12,0,NORMAL_D12,,,,MR60BHA2_breath_phase,safenest-node-01
195.2830,0.000000,S001,S001_NORMAL_D12,0,NORMAL_D12,,,,MR60BHA2_breath_phase,safenest-node-01
195.3830,0.000000,S001,S001_NORMAL_D12,0,NORMAL_D12,,,,MR60BHA2_breath_phase,safenest-node-01
195.4830,0.000000,S001,S001_NORMAL_D12,0,NORMAL_D12,,,,MR60BHA2_breath_phase,safenest-node-01
195.5830,0.000000,S001,S001_NORMAL_D12,0,NORMAL_D12,,,,MR60BHA2_breath_phase,safenest-node-01
195.6830,0.000000,S001,S001_NORMAL_D12,0,NORMAL_D12,,,,MR60BHA2_breath_phase,safenest-node-01
195.7830,0.000000,S001,S001_NORMAL_D12,0,NORMAL_D12,,,,MR60BHA2_breath_phase,safenest-node-01
195.8830,0.000000,S001,S001_NORMAL_D12,0,NORMAL_D12,,,,MR60BHA2_breath_phase,safenest-node-01
195.9830,0.000000,S001,S001_NORMAL_D12,0,NORMAL_D12,,,,MR60BHA2_breath_phase,safenest-node-01
196.0830,0.000000,S001,S001_NORMAL_D12,0,NORMAL_D12,,,,MR60BHA2_breath_phase,safenest-node-01
196.1830,0.000000,S001,S001_NORMAL_D12,0,NORMAL_D12,,,,MR60BHA2_breath_phase,safenest-node-01
196.2830,0.000000,S001,S001_NORMAL_D12,0,NORMAL_D12,,,,MR60BHA2_breath_phase,safenest-node-01
196.3830,0.000000,S001,S001_NORMAL_D12,0,NORMAL_D12,,,,MR60BHA2_breath_phase,safenest-node-01
196.4830,0.000000,S001,S001_NORMAL_D12,0,NORMAL_D12,,,,MR60BHA2_breath_phase,safenest-node-01
196.5830,0.000000,S001,S001_NORMAL_D12,0,NORMAL_D12,,,,MR60BHA2_breath_phase,safenest-node-01
196.6830,0.000000,S001,S001_NORMAL_D12,0,NORMAL_D12,,,,MR60BHA2_breath_phase,safenest-node-01
196.7830,0.000000,S001,S001_NORMAL_D12,0,NORMAL_D12,,,,MR60BHA2_breath_phase,safenest-node-01
196.8830,0.000000,S001,S001_NORMAL_D12,0,NORMAL_D12,,,,MR60BHA2_breath_phase,safenest-node-01
196.9830,0.000000,S001,S001_NORMAL_D12,0,NORMAL_D12,,,,MR60BHA2_breath_phase,safenest-node-01
197.0830,0.000000,S001,S001_NORMAL_D12,0,NORMAL_D12,,,,MR60BHA2_breath_phase,safenest-node-01
197.1830,0.000000,S001,S001_NORMAL_D12,0,NORMAL_D12,,,,MR60BHA2_breath_phase,safenest-node-01
197.2830,0.000000,S001,S001_NORMAL_D12,0,NORMAL_D12,,,,MR60BHA2_breath_phase,safenest-node-01
197.3830,0.000000,S001,S001_NORMAL_D12,0,NORMAL_D12,,,,MR60BHA2_breath_phase,safenest-node-01
197.4830,0.000000,S001,S001_NORMAL_D12,0,NORMAL_D12,,,,MR60BHA2_breath_phase,safenest-node-01
197.5830,0.000000,S001,S001_NORMAL_D12,0,NORMAL_D12,,,,MR60BHA2_breath_phase,safenest-node-01
197.6830,0.000000,S001,S001_NORMAL_D12,0,NORMAL_D12,,,,MR60BHA2_breath_phase,safenest-node-01
197.7830,0.000000,S001,S001_NORMAL_D12,0,NORMAL_D12,,,,MR60BHA2_breath_phase,safenest-node-01
197.8830,0.000000,S001,S001_NORMAL_D12,0,NORMAL_D12,,,,MR60BHA2_breath_phase,safenest-node-01
197.9830,0.000000,S001,S001_NORMAL_D12,0,NORMAL_D12,,,,MR60BHA2_breath_phase,safenest-node-01
198.0830,0.000000,S001,S001_NORMAL_D12,0,NORMAL_D12,,,,MR60BHA2_breath_phase,safenest-node-01
198.1830,0.000000,S001,S001_NORMAL_D12,0,NORMAL_D12,,,,MR60BHA2_breath_phase,safenest-node-01
198.2830,0.000000,S001,S001_NORMAL_D12,0,NORMAL_D12,,,,MR60BHA2_breath_phase,safenest-node-01
198.3830,0.000000,S001,S001_NORMAL_D12,0,NORMAL_D12,,,,MR60BHA2_breath_phase,safenest-node-01
198.4830,0.000000,S001,S001_NORMAL_D12,0,NORMAL_D12,,,,MR60BHA2_breath_phase,safenest-node-01
198.5830,0.000000,S001,S001_NORMAL_D12,0,NORMAL_D12,,,,MR60BHA2_breath_phase,safenest-node-01
198.6830,0.000000,S001,S001_NORMAL_D12,0,NORMAL_D12,,,,MR60BHA2_breath_phase,safenest-node-01
198.7830,0.000000,S001,S001_NORMAL_D12,0,NORMAL_D12,,,,MR60BHA2_breath_phase,safenest-node-01
198.8830,0.000000,S001,S001_NORMAL_D12,0,NORMAL_D12,,,,MR60BHA2_breath_phase,safenest-node-01
198.9830,0.000000,S001,S001_NORMAL_D12,0,NORMAL_D12,,,,MR60BHA2_breath_phase,safenest-node-01
199.0830,0.000000,S001,S001_NORMAL_D12,0,NORMAL_D12,,,,MR60BHA2_breath_phase,safenest-node-01
199.1830,0.000000,S001,S001_NORMAL_D12,0,NORMAL_D12,,,,MR60BHA2_breath_phase,safenest-node-01
199.2830,0.000000,S001,S001_NORMAL_D12,0,NORMAL_D12,,,,MR60BHA2_breath_phase,safenest-node-01
199.3830,0.000000,S001,S001_NORMAL_D12,0,NORMAL_D12,,,,MR60BHA2_breath_phase,safenest-node-01
199.4830,0.000000,S001,S001_NORMAL_D12,0,NORMAL_D12,,,,MR60BHA2_breath_phase,safenest-node-01
199.5830,0.000000,S001,S001_NORMAL_D12,0,NORMAL_D12,,,,MR60BHA2_breath_phase,safenest-node-01
199.6830,0.000000,S001,S001_NORMAL_D12,0,NORMAL_D12,,,,MR60BHA2_breath_phase,safenest-node-01
199.7830,0.000000,S001,S001_NORMAL_D12,0,NORMAL_D12,,,,MR60BHA2_breath_phase,safenest-node-01
199.8830,0.000000,S001,S001_NORMAL_D12,0,NORMAL_D12,,,,MR60BHA2_breath_phase,safenest-node-01
199.9830,0.000000,S001,S001_NORMAL_D12,0,NORMAL_D12,,,,MR60BHA2_breath_phase,safenest-node-01
200.0830,0.000000,S001,S001_NORMAL_D12,0,NORMAL_D12,,,,MR60BHA2_breath_phase,safenest-node-01
200.1830,0.000000,S001,S001_NORMAL_D12,0,NORMAL_D12,,,,MR60BHA2_breath_phase,safenest-node-01
200.2830,0.000000,S001,S001_NORMAL_D12,0,NORMAL_D12,,,,MR60BHA2_breath_phase,safenest-node-01
200.3830,0.000000,S001,S001_NORMAL_D12,0,NORMAL_D12,,,,MR60BHA2_breath_phase,safenest-node-01
200.4830,0.000000,S001,S001_NORMAL_D12,0,NORMAL_D12,,,,MR60BHA2_breath_phase,safenest-node-01
200.5830,0.000000,S001,S001_NORMAL_D12,0,NORMAL_D12,,,,MR60BHA2_breath_phase,safenest-node-01
200.6830,0.000000,S001,S001_NORMAL_D12,0,NORMAL_D12,,,,MR60BHA2_breath_phase,safenest-node-01
200.7830,0.000000,S001,S001_NORMAL_D12,0,NORMAL_D12,,,,MR60BHA2_breath_phase,safenest-node-01
200.8830,0.000000,S001,S001_NORMAL_D12,0,NORMAL_D12,,,,MR60BHA2_breath_phase,safenest-node-01
200.9830,0.000000,S001,S001_NORMAL_D12,0,NORMAL_D12,,,,MR60BHA2_breath_phase,safenest-node-01
201.0830,0.000000,S001,S001_NORMAL_D12,0,NORMAL_D12,,,,MR60BHA2_breath_phase,safenest-node-01
201.1830,0.000000,S001,S001_NORMAL_D12,0,NORMAL_D12,,,,MR60BHA2_breath_phase,safenest-node-01
201.2830,0.000000,S001,S001_NORMAL_D12,0,NORMAL_D12,,,,MR60BHA2_breath_phase,safenest-node-01
201.3830,0.000000,S001,S001_NORMAL_D12,0,NORMAL_D12,,,,MR60BHA2_breath_phase,safenest-node-01
201.4830,0.000000,S001,S001_NORMAL_D12,0,NORMAL_D12,,,,MR60BHA2_breath_phase,safenest-node-01
201.5830,0.000000,S001,S001_NORMAL_D12,0,NORMAL_D12,,,,MR60BHA2_breath_phase,safenest-node-01
201.6830,0.000000,S001,S001_NORMAL_D12,0,NORMAL_D12,,,,MR60BHA2_breath_phase,safenest-node-01
201.7830,0.000000,S001,S001_NORMAL_D12,0,NORMAL_D12,,,,MR60BHA2_breath_phase,safenest-node-01
201.8830,0.000000,S001,S001_NORMAL_D12,0,NORMAL_D12,,,,MR60BHA2_breath_phase,safenest-node-01
201.9830,0.000000,S001,S001_NORMAL_D12,0,NORMAL_D12,,,,MR60BHA2_breath_phase,safenest-node-01
202.0830,0.000000,S001,S001_NORMAL_D12,0,NORMAL_D12,,,,MR60BHA2_breath_phase,safenest-node-01
202.1830,0.000000,S001,S001_NORMAL_D12,0,NORMAL_D12,,,,MR60BHA2_breath_phase,safenest-node-01
202.2830,0.000000,S001,S001_NORMAL_D12,0,NORMAL_D12,,,,MR60BHA2_breath_phase,safenest-node-01
202.3830,0.000000,S001,S001_NORMAL_D12,0,NORMAL_D12,,,,MR60BHA2_breath_phase,safenest-node-01
202.4830,0.000000,S001,S001_NORMAL_D12,0,NORMAL_D12,,,,MR60BHA2_breath_phase,safenest-node-01
202.5830,0.000000,S001,S001_NORMAL_D12,0,NORMAL_D12,,,,MR60BHA2_breath_phase,safenest-node-01
202.6830,0.000000,S001,S001_NORMAL_D12,0,NORMAL_D12,,,,MR60BHA2_breath_phase,safenest-node-01
202.7830,0.000000,S001,S001_NORMAL_D12,0,NORMAL_D12,,,,MR60BHA2_breath_phase,safenest-node-01
202.8830,0.000000,S001,S001_NORMAL_D12,0,NORMAL_D12,,,,MR60BHA2_breath_phase,safenest-node-01
202.9830,0.000000,S001,S001_NORMAL_D12,0,NORMAL_D12,,,,MR60BHA2_breath_phase,safenest-node-01
203.0830,0.000000,S001,S001_NORMAL_D12,0,NORMAL_D12,,,,MR60BHA2_breath_phase,safenest-node-01
203.1830,0.000000,S001,S001_NORMAL_D12,0,NORMAL_D12,,,,MR60BHA2_breath_phase,safenest-node-01
203.2830,0.000000,S001,S001_NORMAL_D12,0,NORMAL_D12,,,,MR60BHA2_breath_phase,safenest-node-01
203.3830,0.000000,S001,S001_NORMAL_D12,0,NORMAL_D12,,,,MR60BHA2_breath_phase,safenest-node-01
203.4830,0.000000,S001,S001_NORMAL_D12,0,NORMAL_D12,,,,MR60BHA2_breath_phase,safenest-node-01
203.5830,0.000000,S001,S001_NORMAL_D12,0,NORMAL_D12,,,,MR60BHA2_breath_phase,safenest-node-01
203.6830,0.000000,S001,S001_NORMAL_D12,0,NORMAL_D12,,,,MR60BHA2_breath_phase,safenest-node-01
203.7830,0.000000,S001,S001_NORMAL_D12,0,NORMAL_D12,,,,MR60BHA2_breath_phase,safenest-node-01
203.8830,0.000000,S001,S001_NORMAL_D12,0,NORMAL_D12,,,,MR60BHA2_breath_phase,safenest-node-01
203.9830,0.000000,S001,S001_NORMAL_D12,0,NORMAL_D12,,,,MR60BHA2_breath_phase,safenest-node-01
204.0830,0.000000,S001,S001_NORMAL_D12,0,NORMAL_D12,,,,MR60BHA2_breath_phase,safenest-node-01
204.1830,0.000000,S001,S001_NORMAL_D12,0,NORMAL_D12,,,,MR60BHA2_breath_phase,safenest-node-01
204.2830,0.000000,S001,S001_NORMAL_D12,0,NORMAL_D12,,,,MR60BHA2_breath_phase,safenest-node-01
204.3830,0.000000,S001,S001_NORMAL_D12,0,NORMAL_D12,,,,MR60BHA2_breath_phase,safenest-node-01
204.4830,0.000000,S001,S001_NORMAL_D12,0,NORMAL_D12,,,,MR60BHA2_breath_phase,safenest-node-01
204.5830,0.000000,S001,S001_NORMAL_D12,0,NORMAL_D12,,,,MR60BHA2_breath_phase,safenest-node-01
204.6830,0.000000,S001,S001_NORMAL_D12,0,NORMAL_D12,,,,MR60BHA2_breath_phase,safenest-node-01
204.7830,0.000000,S001,S001_NORMAL_D12,0,NORMAL_D12,,,,MR60BHA2_breath_phase,safenest-node-01
204.8830,0.000000,S001,S001_NORMAL_D12,0,NORMAL_D12,,,,MR60BHA2_breath_phase,safenest-node-01
204.9830,0.000000,S001,S001_NORMAL_D12,0,NORMAL_D12,,,,MR60BHA2_breath_phase,safenest-node-01
205.0850,0.000000,S001,S001_NORMAL_D12,0,NORMAL_D12,,,,MR60BHA2_breath_phase,safenest-node-01
205.1850,0.000000,S001,S001_NORMAL_D12,0,NORMAL_D12,,,,MR60BHA2_breath_phase,safenest-node-01
205.2850,0.000000,S001,S001_NORMAL_D12,0,NORMAL_D12,,,,MR60BHA2_breath_phase,safenest-node-01
205.3850,0.000000,S001,S001_NORMAL_D12,0,NORMAL_D12,,,,MR60BHA2_breath_phase,safenest-node-01
205.4850,0.000000,S001,S001_NORMAL_D12,0,NORMAL_D12,,,,MR60BHA2_breath_phase,safenest-node-01
205.5850,0.000000,S001,S001_NORMAL_D12,0,NORMAL_D12,,,,MR60BHA2_breath_phase,safenest-node-01
205.6850,0.000000,S001,S001_NORMAL_D12,0,NORMAL_D12,,,,MR60BHA2_breath_phase,safenest-node-01
205.7850,0.000000,S001,S001_NORMAL_D12,0,NORMAL_D12,,,,MR60BHA2_breath_phase,safenest-node-01
205.8850,0.000000,S001,S001_NORMAL_D12,0,NORMAL_D12,,,,MR60BHA2_breath_phase,safenest-node-01
205.9850,0.000000,S001,S001_NORMAL_D12,0,NORMAL_D12,,,,MR60BHA2_breath_phase,safenest-node-01
206.0850,0.000000,S001,S001_NORMAL_D12,0,NORMAL_D12,,,,MR60BHA2_breath_phase,safenest-node-01
206.1850,0.000000,S001,S001_NORMAL_D12,0,NORMAL_D12,,,,MR60BHA2_breath_phase,safenest-node-01
206.2850,0.000000,S001,S001_NORMAL_D12,0,NORMAL_D12,,,,MR60BHA2_breath_phase,safenest-node-01
206.3850,0.000000,S001,S001_NORMAL_D12,0,NORMAL_D12,,,,MR60BHA2_breath_phase,safenest-node-01
206.4850,0.000000,S001,S001_NORMAL_D12,0,NORMAL_D12,,,,MR60BHA2_breath_phase,safenest-node-01
206.5850,0.000000,S001,S001_NORMAL_D12,0,NORMAL_D12,,,,MR60BHA2_breath_phase,safenest-node-01
206.6850,0.000000,S001,S001_NORMAL_D12,0,NORMAL_D12,,,,MR60BHA2_breath_phase,safenest-node-01
206.7850,0.000000,S001,S001_NORMAL_D12,0,NORMAL_D12,,,,MR60BHA2_breath_phase,safenest-node-01
206.8850,0.000000,S001,S001_NORMAL_D12,0,NORMAL_D12,,,,MR60BHA2_breath_phase,safenest-node-01
206.9850,0.000000,S001,S001_NORMAL_D12,0,NORMAL_D12,,,,MR60BHA2_breath_phase,safenest-node-01
207.0850,0.000000,S001,S001_NORMAL_D12,0,NORMAL_D12,,,,MR60BHA2_breath_phase,safenest-node-01
207.1870,0.000000,S001,S001_NORMAL_D12,0,NORMAL_D12,,,,MR60BHA2_breath_phase,safenest-node-01
207.2870,0.000000,S001,S001_NORMAL_D12,0,NORMAL_D12,,,,MR60BHA2_breath_phase,safenest-node-01
207.3870,0.000000,S001,S001_NORMAL_D12,0,NORMAL_D12,,,,MR60BHA2_breath_phase,safenest-node-01
207.4870,0.000000,S001,S001_NORMAL_D12,0,NORMAL_D12,,,,MR60BHA2_breath_phase,safenest-node-01
207.5870,0.000000,S001,S001_NORMAL_D12,0,NORMAL_D12,,,,MR60BHA2_breath_phase,safenest-node-01
207.6870,0.000000,S001,S001_NORMAL_D12,0,NORMAL_D12,,,,MR60BHA2_breath_phase,safenest-node-01
207.7870,0.270000,S001,S001_NORMAL_D12,1,NORMAL_D12,16.00,1.3776,,MR60BHA2_breath_phase,safenest-node-01
207.8870,0.250000,S001,S001_NORMAL_D12,1,NORMAL_D12,16.00,1.3776,,MR60BHA2_breath_phase,safenest-node-01
207.9870,0.190000,S001,S001_NORMAL_D12,1,NORMAL_D12,16.00,1.3776,,MR60BHA2_breath_phase,safenest-node-01
208.0870,0.160000,S001,S001_NORMAL_D12,1,NORMAL_D12,16.00,1.3776,,MR60BHA2_breath_phase,safenest-node-01
208.1870,0.100000,S001,S001_NORMAL_D12,1,NORMAL_D12,16.00,1.3776,,MR60BHA2_breath_phase,safenest-node-01
208.2870,0.040000,S001,S001_NORMAL_D12,1,NORMAL_D12,16.00,1.3776,,MR60BHA2_breath_phase,safenest-node-01
208.3870,-0.010000,S001,S001_NORMAL_D12,1,NORMAL_D12,16.00,1.3776,,MR60BHA2_breath_phase,safenest-node-01
208.4870,-0.030000,S001,S001_NORMAL_D12,1,NORMAL_D12,16.00,1.3776,,MR60BHA2_breath_phase,safenest-node-01
208.5870,-0.060000,S001,S001_NORMAL_D12,1,NORMAL_D12,15.00,1.3776,,MR60BHA2_breath_phase,safenest-node-01
208.6870,-0.070000,S001,S001_NORMAL_D12,1,NORMAL_D12,15.00,1.3776,,MR60BHA2_breath_phase,safenest-node-01
208.7870,-0.070000,S001,S001_NORMAL_D12,1,NORMAL_D12,15.00,1.3776,,MR60BHA2_breath_phase,safenest-node-01
208.8870,-0.050000,S001,S001_NORMAL_D12,1,NORMAL_D12,15.00,1.3776,,MR60BHA2_breath_phase,safenest-node-01
208.9870,-0.020000,S001,S001_NORMAL_D12,1,NORMAL_D12,15.00,1.3776,,MR60BHA2_breath_phase,safenest-node-01
209.0870,-0.010000,S001,S001_NORMAL_D12,1,NORMAL_D12,15.00,1.3776,,MR60BHA2_breath_phase,safenest-node-01
209.1870,0.020000,S001,S001_NORMAL_D12,1,NORMAL_D12,15.00,1.3776,,MR60BHA2_breath_phase,safenest-node-01
209.2870,0.040000,S001,S001_NORMAL_D12,1,NORMAL_D12,15.00,1.3776,,MR60BHA2_breath_phase,safenest-node-01
209.3870,0.060000,S001,S001_NORMAL_D12,1,NORMAL_D12,15.00,1.3776,,MR60BHA2_breath_phase,safenest-node-01
209.4870,0.070000,S001,S001_NORMAL_D12,1,NORMAL_D12,15.00,1.3776,,MR60BHA2_breath_phase,safenest-node-01
209.5870,0.060000,S001,S001_NORMAL_D12,1,NORMAL_D12,15.00,1.3776,,MR60BHA2_breath_phase,safenest-node-01
209.6870,0.050000,S001,S001_NORMAL_D12,1,NORMAL_D12,15.00,1.3776,,MR60BHA2_breath_phase,safenest-node-01
209.7870,0.020000,S001,S001_NORMAL_D12,1,NORMAL_D12,15.00,1.3776,,MR60BHA2_breath_phase,safenest-node-01
209.8870,0.010000,S001,S001_NORMAL_D12,1,NORMAL_D12,15.00,1.3776,,MR60BHA2_breath_phase,safenest-node-01
209.9870,-0.040000,S001,S001_NORMAL_D12,1,NORMAL_D12,15.00,1.3776,,MR60BHA2_breath_phase,safenest-node-01
210.0870,-0.080000,S001,S001_NORMAL_D12,1,NORMAL_D12,16.00,1.3776,,MR60BHA2_breath_phase,safenest-node-01
210.1870,-0.110000,S001,S001_NORMAL_D12,1,NORMAL_D12,16.00,1.3776,,MR60BHA2_breath_phase,safenest-node-01
210.2870,-0.160000,S001,S001_NORMAL_D12,1,NORMAL_D12,16.00,1.3776,,MR60BHA2_breath_phase,safenest-node-01
210.3880,-0.200000,S001,S001_NORMAL_D12,1,NORMAL_D12,16.00,1.3776,,MR60BHA2_breath_phase,safenest-node-01
210.4880,-0.210000,S001,S001_NORMAL_D12,1,NORMAL_D12,16.00,1.3776,,MR60BHA2_breath_phase,safenest-node-01
210.5880,-0.240000,S001,S001_NORMAL_D12,1,NORMAL_D12,16.00,1.3776,,MR60BHA2_breath_phase,safenest-node-01
210.6880,-0.250000,S001,S001_NORMAL_D12,1,NORMAL_D12,16.00,1.3776,,MR60BHA2_breath_phase,safenest-node-01
210.7880,-0.250000,S001,S001_NORMAL_D12,1,NORMAL_D12,16.00,1.3776,,MR60BHA2_breath_phase,safenest-node-01
210.8880,-0.230000,S001,S001_NORMAL_D12,1,NORMAL_D12,16.00,1.3776,,MR60BHA2_breath_phase,safenest-node-01
210.9880,-0.220000,S001,S001_NORMAL_D12,1,NORMAL_D12,17.00,1.3776,,MR60BHA2_breath_phase,safenest-node-01
211.0880,-0.180000,S001,S001_NORMAL_D12,1,NORMAL_D12,17.00,1.3776,,MR60BHA2_breath_phase,safenest-node-01
211.1880,-0.140000,S001,S001_NORMAL_D12,1,NORMAL_D12,17.00,1.3776,,MR60BHA2_breath_phase,safenest-node-01
211.2880,-0.090000,S001,S001_NORMAL_D12,1,NORMAL_D12,18.00,1.3776,,MR60BHA2_breath_phase,safenest-node-01
211.3880,-0.060000,S001,S001_NORMAL_D12,1,NORMAL_D12,18.00,1.3776,,MR60BHA2_breath_phase,safenest-node-01
211.4880,-0.010000,S001,S001_NORMAL_D12,1,NORMAL_D12,18.00,1.3776,,MR60BHA2_breath_phase,safenest-node-01
211.5880,0.010000,S001,S001_NORMAL_D12,1,NORMAL_D12,19.00,1.3776,,MR60BHA2_breath_phase,safenest-node-01
211.6880,0.060000,S001,S001_NORMAL_D12,1,NORMAL_D12,19.00,1.3776,,MR60BHA2_breath_phase,safenest-node-01
211.7880,0.110000,S001,S001_NORMAL_D12,1,NORMAL_D12,20.00,1.3776,,MR60BHA2_breath_phase,safenest-node-01
211.8880,0.150000,S001,S001_NORMAL_D12,1,NORMAL_D12,19.00,1.3776,,MR60BHA2_breath_phase,safenest-node-01
211.9880,0.160000,S001,S001_NORMAL_D12,1,NORMAL_D12,19.00,1.3776,,MR60BHA2_breath_phase,safenest-node-01
212.0880,0.180000,S001,S001_NORMAL_D12,1,NORMAL_D12,19.00,1.3776,,MR60BHA2_breath_phase,safenest-node-01
212.1880,0.190000,S001,S001_NORMAL_D12,1,NORMAL_D12,19.00,1.3776,,MR60BHA2_breath_phase,safenest-node-01
212.2880,0.190000,S001,S001_NORMAL_D12,1,NORMAL_D12,19.00,1.3776,,MR60BHA2_breath_phase,safenest-node-01
212.3880,0.170000,S001,S001_NORMAL_D12,1,NORMAL_D12,18.00,1.3776,,MR60BHA2_breath_phase,safenest-node-01
212.4880,0.140000,S001,S001_NORMAL_D12,1,NORMAL_D12,18.00,1.3776,,MR60BHA2_breath_phase,safenest-node-01
212.5880,0.120000,S001,S001_NORMAL_D12,1,NORMAL_D12,18.00,1.3776,,MR60BHA2_breath_phase,safenest-node-01
212.6880,0.080000,S001,S001_NORMAL_D12,1,NORMAL_D12,18.00,1.3776,,MR60BHA2_breath_phase,safenest-node-01
212.7880,0.060000,S001,S001_NORMAL_D12,1,NORMAL_D12,18.00,1.3776,,MR60BHA2_breath_phase,safenest-node-01
212.8880,0.020000,S001,S001_NORMAL_D12,1,NORMAL_D12,18.00,1.3776,,MR60BHA2_breath_phase,safenest-node-01
212.9880,-0.020000,S001,S001_NORMAL_D12,1,NORMAL_D12,17.00,1.3776,,MR60BHA2_breath_phase,safenest-node-01
213.0880,-0.060000,S001,S001_NORMAL_D12,1,NORMAL_D12,17.00,1.3776,,MR60BHA2_breath_phase,safenest-node-01
213.1880,-0.070000,S001,S001_NORMAL_D12,1,NORMAL_D12,17.00,1.3776,,MR60BHA2_breath_phase,safenest-node-01
213.2880,-0.090000,S001,S001_NORMAL_D12,1,NORMAL_D12,17.00,1.3776,,MR60BHA2_breath_phase,safenest-node-01
213.3880,-0.090000,S001,S001_NORMAL_D12,1,NORMAL_D12,17.00,1.3776,,MR60BHA2_breath_phase,safenest-node-01
213.4880,-0.090000,S001,S001_NORMAL_D12,1,NORMAL_D12,18.00,1.3776,,MR60BHA2_breath_phase,safenest-node-01
213.5880,-0.080000,S001,S001_NORMAL_D12,1,NORMAL_D12,18.00,1.3776,,MR60BHA2_breath_phase,safenest-node-01
213.6880,-0.070000,S001,S001_NORMAL_D12,1,NORMAL_D12,18.00,1.3776,,MR60BHA2_breath_phase,safenest-node-01
213.7880,-0.040000,S001,S001_NORMAL_D12,1,NORMAL_D12,18.00,1.3776,,MR60BHA2_breath_phase,safenest-node-01
213.8880,-0.020000,S001,S001_NORMAL_D12,1,NORMAL_D12,18.00,1.3776,,MR60BHA2_breath_phase,safenest-node-01
213.9880,0.030000,S001,S001_NORMAL_D12,1,NORMAL_D12,17.00,1.3776,,MR60BHA2_breath_phase,safenest-node-01
214.0880,0.080000,S001,S001_NORMAL_D12,1,NORMAL_D12,17.00,1.3776,,MR60BHA2_breath_phase,safenest-node-01
214.1880,0.140000,S001,S001_NORMAL_D12,1,NORMAL_D12,17.00,1.3776,,MR60BHA2_breath_phase,safenest-node-01
214.2890,0.160000,S001,S001_NORMAL_D12,1,NORMAL_D12,17.00,1.3776,,MR60BHA2_breath_phase,safenest-node-01
214.3890,0.210000,S001,S001_NORMAL_D12,1,NORMAL_D12,17.00,1.3776,,MR60BHA2_breath_phase,safenest-node-01
214.4890,0.230000,S001,S001_NORMAL_D12,1,NORMAL_D12,18.00,1.3776,,MR60BHA2_breath_phase,safenest-node-01
214.5890,0.260000,S001,S001_NORMAL_D12,1,NORMAL_D12,19.00,1.3776,,MR60BHA2_breath_phase,safenest-node-01
214.6890,0.260000,S001,S001_NORMAL_D12,1,NORMAL_D12,19.00,1.3776,,MR60BHA2_breath_phase,safenest-node-01
214.7890,0.240000,S001,S001_NORMAL_D12,1,NORMAL_D12,20.00,1.3776,,MR60BHA2_breath_phase,safenest-node-01
214.8890,0.220000,S001,S001_NORMAL_D12,1,NORMAL_D12,20.00,1.3776,,MR60BHA2_breath_phase,safenest-node-01
214.9890,0.160000,S001,S001_NORMAL_D12,1,NORMAL_D12,21.00,1.3776,,MR60BHA2_breath_phase,safenest-node-01
215.0890,0.130000,S001,S001_NORMAL_D12,1,NORMAL_D12,21.00,1.3776,,MR60BHA2_breath_phase,safenest-node-01
215.1890,0.050000,S001,S001_NORMAL_D12,1,NORMAL_D12,22.00,1.3776,,MR60BHA2_breath_phase,safenest-node-01
215.2890,-0.030000,S001,S001_NORMAL_D12,1,NORMAL_D12,22.00,1.3776,,MR60BHA2_breath_phase,safenest-node-01
215.3890,-0.110000,S001,S001_NORMAL_D12,1,NORMAL_D12,21.00,1.3776,,MR60BHA2_breath_phase,safenest-node-01
215.4890,-0.150000,S001,S001_NORMAL_D12,1,NORMAL_D12,21.00,1.3776,,MR60BHA2_breath_phase,safenest-node-01
215.5890,-0.230000,S001,S001_NORMAL_D12,1,NORMAL_D12,22.00,1.3776,,MR60BHA2_breath_phase,safenest-node-01
215.6890,-0.260000,S001,S001_NORMAL_D12,1,NORMAL_D12,22.00,1.3776,,MR60BHA2_breath_phase,safenest-node-01
215.7890,-0.310000,S001,S001_NORMAL_D12,1,NORMAL_D12,22.00,1.3776,,MR60BHA2_breath_phase,safenest-node-01
215.8890,-0.330000,S001,S001_NORMAL_D12,1,NORMAL_D12,22.00,1.3776,,MR60BHA2_breath_phase,safenest-node-01
215.9890,-0.340000,S001,S001_NORMAL_D12,1,NORMAL_D12,23.00,1.3776,,MR60BHA2_breath_phase,safenest-node-01
216.0890,-0.330000,S001,S001_NORMAL_D12,1,NORMAL_D12,23.00,1.3776,,MR60BHA2_breath_phase,safenest-node-01
216.1890,-0.310000,S001,S001_NORMAL_D12,1,NORMAL_D12,23.00,1.3776,,MR60BHA2_breath_phase,safenest-node-01
216.2890,-0.290000,S001,S001_NORMAL_D12,1,NORMAL_D12,23.00,1.3776,,MR60BHA2_breath_phase,safenest-node-01
216.3890,-0.240000,S001,S001_NORMAL_D12,1,NORMAL_D12,24.00,1.3776,,MR60BHA2_breath_phase,safenest-node-01
216.4890,-0.180000,S001,S001_NORMAL_D12,1,NORMAL_D12,24.00,1.3776,,MR60BHA2_breath_phase,safenest-node-01
216.5890,-0.120000,S001,S001_NORMAL_D12,1,NORMAL_D12,24.00,1.3776,,MR60BHA2_breath_phase,safenest-node-01
216.6890,-0.090000,S001,S001_NORMAL_D12,1,NORMAL_D12,24.00,1.3776,,MR60BHA2_breath_phase,safenest-node-01
216.7890,-0.030000,S001,S001_NORMAL_D12,1,NORMAL_D12,24.00,1.3776,,MR60BHA2_breath_phase,safenest-node-01
216.8890,0.000000,S001,S001_NORMAL_D12,1,NORMAL_D12,24.00,1.3776,,MR60BHA2_breath_phase,safenest-node-01
216.9890,0.060000,S001,S001_NORMAL_D12,1,NORMAL_D12,25.00,1.3776,,MR60BHA2_breath_phase,safenest-node-01
217.0890,0.100000,S001,S001_NORMAL_D12,1,NORMAL_D12,25.00,1.3776,,MR60BHA2_breath_phase,safenest-node-01
217.1890,0.130000,S001,S001_NORMAL_D12,1,NORMAL_D12,25.00,1.3776,,MR60BHA2_breath_phase,safenest-node-01
217.2890,0.140000,S001,S001_NORMAL_D12,1,NORMAL_D12,25.00,1.3776,,MR60BHA2_breath_phase,safenest-node-01
217.3890,0.160000,S001,S001_NORMAL_D12,1,NORMAL_D12,25.00,1.3776,,MR60BHA2_breath_phase,safenest-node-01
217.4890,0.170000,S001,S001_NORMAL_D12,1,NORMAL_D12,25.00,1.3776,,MR60BHA2_breath_phase,safenest-node-01
217.5890,0.170000,S001,S001_NORMAL_D12,1,NORMAL_D12,25.00,1.3776,,MR60BHA2_breath_phase,safenest-node-01
217.6890,0.160000,S001,S001_NORMAL_D12,1,NORMAL_D12,26.00,1.3776,,MR60BHA2_breath_phase,safenest-node-01
217.7890,0.150000,S001,S001_NORMAL_D12,1,NORMAL_D12,26.00,1.3776,,MR60BHA2_breath_phase,safenest-node-01
217.8890,0.130000,S001,S001_NORMAL_D12,1,NORMAL_D12,26.00,1.3776,,MR60BHA2_breath_phase,safenest-node-01
217.9890,0.120000,S001,S001_NORMAL_D12,1,NORMAL_D12,26.00,1.3776,,MR60BHA2_breath_phase,safenest-node-01
218.0890,0.100000,S001,S001_NORMAL_D12,1,NORMAL_D12,26.00,1.3776,,MR60BHA2_breath_phase,safenest-node-01
218.1890,0.070000,S001,S001_NORMAL_D12,1,NORMAL_D12,26.00,1.3776,,MR60BHA2_breath_phase,safenest-node-01
218.2890,0.050000,S001,S001_NORMAL_D12,1,NORMAL_D12,26.00,1.3776,,MR60BHA2_breath_phase,safenest-node-01
218.3890,0.050000,S001,S001_NORMAL_D12,1,NORMAL_D12,26.00,1.3776,,MR60BHA2_breath_phase,safenest-node-01
218.4890,0.040000,S001,S001_NORMAL_D12,1,NORMAL_D12,26.00,1.3776,,MR60BHA2_breath_phase,safenest-node-01
218.5890,0.040000,S001,S001_NORMAL_D12,1,NORMAL_D12,26.00,1.3776,,MR60BHA2_breath_phase,safenest-node-01
218.6890,0.040000,S001,S001_NORMAL_D12,1,NORMAL_D12,26.00,1.3776,,MR60BHA2_breath_phase,safenest-node-01
218.7890,0.050000,S001,S001_NORMAL_D12,1,NORMAL_D12,26.00,1.3776,,MR60BHA2_breath_phase,safenest-node-01
218.8890,0.040000,S001,S001_NORMAL_D12,1,NORMAL_D12,27.00,1.3776,,MR60BHA2_breath_phase,safenest-node-01
218.9890,0.030000,S001,S001_NORMAL_D12,1,NORMAL_D12,27.00,1.3776,,MR60BHA2_breath_phase,safenest-node-01
219.0890,0.010000,S001,S001_NORMAL_D12,1,NORMAL_D12,27.00,1.3776,,MR60BHA2_breath_phase,safenest-node-01
219.1890,-0.000000,S001,S001_NORMAL_D12,1,NORMAL_D12,27.00,1.3776,,MR60BHA2_breath_phase,safenest-node-01
219.2890,-0.040000,S001,S001_NORMAL_D12,1,NORMAL_D12,27.00,1.3776,,MR60BHA2_breath_phase,safenest-node-01
219.3890,-0.080000,S001,S001_NORMAL_D12,1,NORMAL_D12,27.00,1.3776,,MR60BHA2_breath_phase,safenest-node-01
219.4890,-0.120000,S001,S001_NORMAL_D12,1,NORMAL_D12,27.00,1.3776,,MR60BHA2_breath_phase,safenest-node-01
219.5890,-0.140000,S001,S001_NORMAL_D12,1,NORMAL_D12,27.00,1.3776,,MR60BHA2_breath_phase,safenest-node-01
219.6890,-0.190000,S001,S001_NORMAL_D12,1,NORMAL_D12,27.00,1.3776,,MR60BHA2_breath_phase,safenest-node-01
219.7890,-0.200000,S001,S001_NORMAL_D12,1,NORMAL_D12,27.00,1.3776,,MR60BHA2_breath_phase,safenest-node-01
219.8890,-0.230000,S001,S001_NORMAL_D12,1,NORMAL_D12,27.00,1.3776,,MR60BHA2_breath_phase,safenest-node-01
219.9890,-0.250000,S001,S001_NORMAL_D12,1,NORMAL_D12,26.00,1.3776,,MR60BHA2_breath_phase,safenest-node-01
220.0890,-0.260000,S001,S001_NORMAL_D12,1,NORMAL_D12,26.00,1.3776,,MR60BHA2_breath_phase,safenest-node-01
220.1890,-0.250000,S001,S001_NORMAL_D12,1,NORMAL_D12,26.00,1.3776,,MR60BHA2_breath_phase,safenest-node-01
220.2890,-0.250000,S001,S001_NORMAL_D12,1,NORMAL_D12,26.00,1.3776,,MR60BHA2_breath_phase,safenest-node-01
220.3890,-0.220000,S001,S001_NORMAL_D12,1,NORMAL_D12,25.00,1.3776,,MR60BHA2_breath_phase,safenest-node-01
220.4890,-0.190000,S001,S001_NORMAL_D12,1,NORMAL_D12,25.00,1.3776,,MR60BHA2_breath_phase,safenest-node-01
220.5900,-0.160000,S001,S001_NORMAL_D12,1,NORMAL_D12,25.00,1.3776,,MR60BHA2_breath_phase,safenest-node-01
220.6900,-0.110000,S001,S001_NORMAL_D12,1,NORMAL_D12,25.00,1.3776,,MR60BHA2_breath_phase,safenest-node-01
220.7900,-0.080000,S001,S001_NORMAL_D12,1,NORMAL_D12,24.00,1.3776,,MR60BHA2_breath_phase,safenest-node-01
220.8900,-0.020000,S001,S001_NORMAL_D12,1,NORMAL_D12,24.00,1.3776,,MR60BHA2_breath_phase,safenest-node-01
220.9900,0.040000,S001,S001_NORMAL_D12,1,NORMAL_D12,24.00,1.3776,,MR60BHA2_breath_phase,safenest-node-01
221.0910,0.100000,S001,S001_NORMAL_D12,1,NORMAL_D12,23.00,1.3776,,MR60BHA2_breath_phase,safenest-node-01
221.1910,0.140000,S001,S001_NORMAL_D12,1,NORMAL_D12,23.00,1.3776,,MR60BHA2_breath_phase,safenest-node-01
221.2910,0.200000,S001,S001_NORMAL_D12,1,NORMAL_D12,23.00,1.3202,,MR60BHA2_breath_phase,safenest-node-01
221.3910,0.230000,S001,S001_NORMAL_D12,1,NORMAL_D12,23.00,1.3202,,MR60BHA2_breath_phase,safenest-node-01
221.4910,0.290000,S001,S001_NORMAL_D12,1,NORMAL_D12,23.00,1.3202,,MR60BHA2_breath_phase,safenest-node-01
221.5910,0.350000,S001,S001_NORMAL_D12,1,NORMAL_D12,23.00,1.3202,,MR60BHA2_breath_phase,safenest-node-01
221.6910,0.370000,S001,S001_NORMAL_D12,1,NORMAL_D12,23.00,1.3202,,MR60BHA2_breath_phase,safenest-node-01
221.7910,0.410000,S001,S001_NORMAL_D12,1,NORMAL_D12,22.00,1.3202,,MR60BHA2_breath_phase,safenest-node-01
221.8910,0.420000,S001,S001_NORMAL_D12,1,NORMAL_D12,22.00,1.2628,,MR60BHA2_breath_phase,safenest-node-01
221.9910,0.430000,S001,S001_NORMAL_D12,1,NORMAL_D12,22.00,1.2628,,MR60BHA2_breath_phase,safenest-node-01
222.0910,0.420000,S001,S001_NORMAL_D12,1,NORMAL_D12,22.00,1.2628,,MR60BHA2_breath_phase,safenest-node-01
222.1910,0.400000,S001,S001_NORMAL_D12,1,NORMAL_D12,22.00,1.2628,,MR60BHA2_breath_phase,safenest-node-01
222.2910,0.350000,S001,S001_NORMAL_D12,1,NORMAL_D12,22.00,1.2628,,MR60BHA2_breath_phase,safenest-node-01
222.3910,0.310000,S001,S001_NORMAL_D12,1,NORMAL_D12,22.00,1.2628,,MR60BHA2_breath_phase,safenest-node-01
222.4910,0.220000,S001,S001_NORMAL_D12,1,NORMAL_D12,21.00,1.2628,,MR60BHA2_breath_phase,safenest-node-01
222.5910,0.110000,S001,S001_NORMAL_D12,1,NORMAL_D12,21.00,1.2628,,MR60BHA2_breath_phase,safenest-node-01
222.6910,-0.020000,S001,S001_NORMAL_D12,1,NORMAL_D12,21.00,1.2054,,MR60BHA2_breath_phase,safenest-node-01
222.7910,-0.090000,S001,S001_NORMAL_D12,1,NORMAL_D12,21.00,1.2054,,MR60BHA2_breath_phase,safenest-node-01
222.8910,-0.210000,S001,S001_NORMAL_D12,1,NORMAL_D12,21.00,1.2054,,MR60BHA2_breath_phase,safenest-node-01
222.9910,-0.270000,S001,S001_NORMAL_D12,1,NORMAL_D12,21.00,1.2054,,MR60BHA2_breath_phase,safenest-node-01
223.0910,-0.370000,S001,S001_NORMAL_D12,1,NORMAL_D12,21.00,1.2054,,MR60BHA2_breath_phase,safenest-node-01
223.1910,-0.440000,S001,S001_NORMAL_D12,1,NORMAL_D12,21.00,1.2054,,MR60BHA2_breath_phase,safenest-node-01
223.2910,-0.470000,S001,S001_NORMAL_D12,1,NORMAL_D12,21.00,1.2054,,MR60BHA2_breath_phase,safenest-node-01
223.3910,-0.490000,S001,S001_NORMAL_D12,1,NORMAL_D12,21.00,1.2054,,MR60BHA2_breath_phase,safenest-node-01
223.4910,-0.490000,S001,S001_NORMAL_D12,1,NORMAL_D12,21.00,1.2054,,MR60BHA2_breath_phase,safenest-node-01
223.5910,-0.470000,S001,S001_NORMAL_D12,1,NORMAL_D12,20.00,1.2054,,MR60BHA2_breath_phase,safenest-node-01
223.6910,-0.420000,S001,S001_NORMAL_D12,1,NORMAL_D12,20.00,1.2054,,MR60BHA2_breath_phase,safenest-node-01
223.7910,-0.350000,S001,S001_NORMAL_D12,1,NORMAL_D12,20.00,1.2628,,MR60BHA2_breath_phase,safenest-node-01
223.8910,-0.310000,S001,S001_NORMAL_D12,1,NORMAL_D12,20.00,1.2628,,MR60BHA2_breath_phase,safenest-node-01
223.9910,-0.230000,S001,S001_NORMAL_D12,1,NORMAL_D12,20.00,1.2628,,MR60BHA2_breath_phase,safenest-node-01
224.0910,-0.190000,S001,S001_NORMAL_D12,1,NORMAL_D12,20.00,1.2628,,MR60BHA2_breath_phase,safenest-node-01
224.1910,-0.120000,S001,S001_NORMAL_D12,1,NORMAL_D12,20.00,1.2628,,MR60BHA2_breath_phase,safenest-node-01
224.2910,-0.070000,S001,S001_NORMAL_D12,1,NORMAL_D12,20.00,1.2628,,MR60BHA2_breath_phase,safenest-node-01
224.3910,-0.020000,S001,S001_NORMAL_D12,1,NORMAL_D12,20.00,1.2628,,MR60BHA2_breath_phase,safenest-node-01
224.4910,-0.000000,S001,S001_NORMAL_D12,1,NORMAL_D12,20.00,1.2628,,MR60BHA2_breath_phase,safenest-node-01
224.5910,0.030000,S001,S001_NORMAL_D12,1,NORMAL_D12,20.00,1.2628,,MR60BHA2_breath_phase,safenest-node-01
224.6910,0.050000,S001,S001_NORMAL_D12,1,NORMAL_D12,20.00,1.2628,,MR60BHA2_breath_phase,safenest-node-01
224.7910,0.070000,S001,S001_NORMAL_D12,1,NORMAL_D12,20.00,1.2628,,MR60BHA2_breath_phase,safenest-node-01
224.8910,0.090000,S001,S001_NORMAL_D12,1,NORMAL_D12,20.00,1.3202,,MR60BHA2_breath_phase,safenest-node-01
224.9910,0.110000,S001,S001_NORMAL_D12,1,NORMAL_D12,20.00,1.3202,,MR60BHA2_breath_phase,safenest-node-01
225.0910,0.140000,S001,S001_NORMAL_D12,1,NORMAL_D12,20.00,1.3202,,MR60BHA2_breath_phase,safenest-node-01
225.1910,0.170000,S001,S001_NORMAL_D12,1,NORMAL_D12,20.00,1.3202,,MR60BHA2_breath_phase,safenest-node-01
225.2910,0.220000,S001,S001_NORMAL_D12,1,NORMAL_D12,20.00,1.3202,,MR60BHA2_breath_phase,safenest-node-01
225.3910,0.280000,S001,S001_NORMAL_D12,1,NORMAL_D12,20.00,1.3202,,MR60BHA2_breath_phase,safenest-node-01
225.4910,0.310000,S001,S001_NORMAL_D12,1,NORMAL_D12,20.00,1.3202,,MR60BHA2_breath_phase,safenest-node-01
225.5910,0.370000,S001,S001_NORMAL_D12,1,NORMAL_D12,19.00,1.3202,,MR60BHA2_breath_phase,safenest-node-01
225.6910,0.400000,S001,S001_NORMAL_D12,1,NORMAL_D12,19.00,1.3202,,MR60BHA2_breath_phase,safenest-node-01
225.7910,0.440000,S001,S001_NORMAL_D12,1,NORMAL_D12,19.00,1.3202,,MR60BHA2_breath_phase,safenest-node-01
225.8910,0.460000,S001,S001_NORMAL_D12,1,NORMAL_D12,19.00,1.3202,,MR60BHA2_breath_phase,safenest-node-01
225.9910,0.460000,S001,S001_NORMAL_D12,1,NORMAL_D12,19.00,1.3202,,MR60BHA2_breath_phase,safenest-node-01
226.0910,0.450000,S001,S001_NORMAL_D12,1,NORMAL_D12,19.00,1.3202,,MR60BHA2_breath_phase,safenest-node-01
226.1910,0.430000,S001,S001_NORMAL_D12,1,NORMAL_D12,19.00,1.3202,,MR60BHA2_breath_phase,safenest-node-01
226.2910,0.380000,S001,S001_NORMAL_D12,1,NORMAL_D12,19.00,1.3202,,MR60BHA2_breath_phase,safenest-node-01
226.3910,0.300000,S001,S001_NORMAL_D12,1,NORMAL_D12,19.00,1.3202,,MR60BHA2_breath_phase,safenest-node-01
226.4910,0.200000,S001,S001_NORMAL_D12,1,NORMAL_D12,19.00,1.3202,,MR60BHA2_breath_phase,safenest-node-01
226.5910,0.150000,S001,S001_NORMAL_D12,1,NORMAL_D12,19.00,1.3202,,MR60BHA2_breath_phase,safenest-node-01
226.6910,0.040000,S001,S001_NORMAL_D12,1,NORMAL_D12,19.00,1.3202,,MR60BHA2_breath_phase,safenest-node-01
226.7910,-0.020000,S001,S001_NORMAL_D12,1,NORMAL_D12,19.00,1.3202,,MR60BHA2_breath_phase,safenest-node-01
226.8910,-0.120000,S001,S001_NORMAL_D12,1,NORMAL_D12,19.00,1.3202,,MR60BHA2_breath_phase,safenest-node-01
226.9910,-0.210000,S001,S001_NORMAL_D12,1,NORMAL_D12,19.00,1.3202,,MR60BHA2_breath_phase,safenest-node-01
227.0910,-0.250000,S001,S001_NORMAL_D12,1,NORMAL_D12,19.00,1.3202,,MR60BHA2_breath_phase,safenest-node-01
227.1910,-0.310000,S001,S001_NORMAL_D12,1,NORMAL_D12,19.00,1.3202,,MR60BHA2_breath_phase,safenest-node-01
227.2910,-0.330000,S001,S001_NORMAL_D12,1,NORMAL_D12,19.00,1.3202,,MR60BHA2_breath_phase,safenest-node-01
227.3910,-0.360000,S001,S001_NORMAL_D12,1,NORMAL_D12,19.00,1.3202,,MR60BHA2_breath_phase,safenest-node-01
227.4910,-0.370000,S001,S001_NORMAL_D12,1,NORMAL_D12,19.00,1.3202,,MR60BHA2_breath_phase,safenest-node-01
227.5910,-0.360000,S001,S001_NORMAL_D12,1,NORMAL_D12,19.00,1.3202,,MR60BHA2_breath_phase,safenest-node-01
227.6910,-0.330000,S001,S001_NORMAL_D12,1,NORMAL_D12,19.00,1.3202,,MR60BHA2_breath_phase,safenest-node-01
227.7910,-0.310000,S001,S001_NORMAL_D12,1,NORMAL_D12,19.00,1.3202,,MR60BHA2_breath_phase,safenest-node-01
227.8910,-0.230000,S001,S001_NORMAL_D12,1,NORMAL_D12,19.00,1.3202,,MR60BHA2_breath_phase,safenest-node-01
227.9910,-0.140000,S001,S001_NORMAL_D12,1,NORMAL_D12,19.00,1.3202,,MR60BHA2_breath_phase,safenest-node-01
228.0920,-0.040000,S001,S001_NORMAL_D12,1,NORMAL_D12,19.00,1.3202,,MR60BHA2_breath_phase,safenest-node-01
228.1920,0.020000,S001,S001_NORMAL_D12,1,NORMAL_D12,19.00,1.3202,,MR60BHA2_breath_phase,safenest-node-01
228.2920,0.120000,S001,S001_NORMAL_D12,1,NORMAL_D12,19.00,1.3202,,MR60BHA2_breath_phase,safenest-node-01
228.3920,0.170000,S001,S001_NORMAL_D12,1,NORMAL_D12,19.00,1.3202,,MR60BHA2_breath_phase,safenest-node-01
228.4920,0.250000,S001,S001_NORMAL_D12,1,NORMAL_D12,19.00,1.3202,,MR60BHA2_breath_phase,safenest-node-01
228.5920,0.310000,S001,S001_NORMAL_D12,1,NORMAL_D12,19.00,1.3202,,MR60BHA2_breath_phase,safenest-node-01
228.6920,0.340000,S001,S001_NORMAL_D12,1,NORMAL_D12,19.00,1.3202,,MR60BHA2_breath_phase,safenest-node-01
228.7920,0.360000,S001,S001_NORMAL_D12,1,NORMAL_D12,19.00,1.3202,,MR60BHA2_breath_phase,safenest-node-01
228.8920,0.360000,S001,S001_NORMAL_D12,1,NORMAL_D12,19.00,1.3202,,MR60BHA2_breath_phase,safenest-node-01
228.9920,0.340000,S001,S001_NORMAL_D12,1,NORMAL_D12,19.00,1.3202,,MR60BHA2_breath_phase,safenest-node-01
229.0920,0.300000,S001,S001_NORMAL_D12,1,NORMAL_D12,19.00,1.3202,,MR60BHA2_breath_phase,safenest-node-01
229.1920,0.260000,S001,S001_NORMAL_D12,1,NORMAL_D12,19.00,1.3202,,MR60BHA2_breath_phase,safenest-node-01
229.2920,0.180000,S001,S001_NORMAL_D12,1,NORMAL_D12,19.00,1.3202,,MR60BHA2_breath_phase,safenest-node-01
229.3920,0.130000,S001,S001_NORMAL_D12,1,NORMAL_D12,19.00,1.3202,,MR60BHA2_breath_phase,safenest-node-01
229.4920,0.020000,S001,S001_NORMAL_D12,1,NORMAL_D12,19.00,1.3202,,MR60BHA2_breath_phase,safenest-node-01
229.5920,-0.090000,S001,S001_NORMAL_D12,1,NORMAL_D12,19.00,1.3202,,MR60BHA2_breath_phase,safenest-node-01
229.6930,-0.140000,S001,S001_NORMAL_D12,1,NORMAL_D12,19.00,1.3202,,MR60BHA2_breath_phase,safenest-node-01
229.7930,-0.230000,S001,S001_NORMAL_D12,1,NORMAL_D12,19.00,1.3202,,MR60BHA2_breath_phase,safenest-node-01
229.8930,-0.270000,S001,S001_NORMAL_D12,1,NORMAL_D12,19.00,1.3202,,MR60BHA2_breath_phase,safenest-node-01
229.9930,-0.350000,S001,S001_NORMAL_D12,1,NORMAL_D12,19.00,1.3202,,MR60BHA2_breath_phase,safenest-node-01
230.0930,-0.400000,S001,S001_NORMAL_D12,1,NORMAL_D12,19.00,1.3202,,MR60BHA2_breath_phase,safenest-node-01
230.1930,-0.430000,S001,S001_NORMAL_D12,1,NORMAL_D12,20.00,1.3202,,MR60BHA2_breath_phase,safenest-node-01
230.2930,-0.440000,S001,S001_NORMAL_D12,1,NORMAL_D12,20.00,1.3202,,MR60BHA2_breath_phase,safenest-node-01
230.3930,-0.450000,S001,S001_NORMAL_D12,1,NORMAL_D12,20.00,1.3202,,MR60BHA2_breath_phase,safenest-node-01
230.4930,-0.450000,S001,S001_NORMAL_D12,1,NORMAL_D12,20.00,1.3202,,MR60BHA2_breath_phase,safenest-node-01
230.5930,-0.430000,S001,S001_NORMAL_D12,1,NORMAL_D12,20.00,1.3202,,MR60BHA2_breath_phase,safenest-node-01
230.6930,-0.390000,S001,S001_NORMAL_D12,1,NORMAL_D12,20.00,1.3202,,MR60BHA2_breath_phase,safenest-node-01
230.7930,-0.370000,S001,S001_NORMAL_D12,1,NORMAL_D12,20.00,1.3202,,MR60BHA2_breath_phase,safenest-node-01
230.8930,-0.310000,S001,S001_NORMAL_D12,1,NORMAL_D12,20.00,1.3202,,MR60BHA2_breath_phase,safenest-node-01
230.9930,-0.280000,S001,S001_NORMAL_D12,1,NORMAL_D12,21.00,1.3202,,MR60BHA2_breath_phase,safenest-node-01
231.0930,-0.210000,S001,S001_NORMAL_D12,1,NORMAL_D12,21.00,1.3202,,MR60BHA2_breath_phase,safenest-node-01
231.1930,-0.130000,S001,S001_NORMAL_D12,1,NORMAL_D12,21.00,1.3202,,MR60BHA2_breath_phase,safenest-node-01
231.2930,-0.080000,S001,S001_NORMAL_D12,1,NORMAL_D12,21.00,1.3202,,MR60BHA2_breath_phase,safenest-node-01
231.3930,0.000000,S001,S001_NORMAL_D12,1,NORMAL_D12,21.00,1.3202,,MR60BHA2_breath_phase,safenest-node-01
231.4930,0.040000,S001,S001_NORMAL_D12,1,NORMAL_D12,21.00,1.3202,,MR60BHA2_breath_phase,safenest-node-01
231.5930,0.130000,S001,S001_NORMAL_D12,1,NORMAL_D12,21.00,1.3202,,MR60BHA2_breath_phase,safenest-node-01
231.6930,0.200000,S001,S001_NORMAL_D12,1,NORMAL_D12,21.00,1.3202,,MR60BHA2_breath_phase,safenest-node-01
231.7930,0.230000,S001,S001_NORMAL_D12,1,NORMAL_D12,21.00,1.3202,,MR60BHA2_breath_phase,safenest-node-01
231.8930,0.290000,S001,S001_NORMAL_D12,1,NORMAL_D12,21.00,1.3202,,MR60BHA2_breath_phase,safenest-node-01
231.9930,0.300000,S001,S001_NORMAL_D12,1,NORMAL_D12,22.00,1.3202,,MR60BHA2_breath_phase,safenest-node-01
232.0930,0.310000,S001,S001_NORMAL_D12,1,NORMAL_D12,22.00,1.3202,,MR60BHA2_breath_phase,safenest-node-01
232.1930,0.280000,S001,S001_NORMAL_D12,1,NORMAL_D12,22.00,1.3202,,MR60BHA2_breath_phase,safenest-node-01
232.2930,0.230000,S001,S001_NORMAL_D12,1,NORMAL_D12,22.00,1.3202,,MR60BHA2_breath_phase,safenest-node-01
232.3930,0.190000,S001,S001_NORMAL_D12,1,NORMAL_D12,22.00,1.3202,,MR60BHA2_breath_phase,safenest-node-01
232.4930,0.090000,S001,S001_NORMAL_D12,1,NORMAL_D12,22.00,1.3202,,MR60BHA2_breath_phase,safenest-node-01
232.5930,0.030000,S001,S001_NORMAL_D12,1,NORMAL_D12,22.00,1.3202,,MR60BHA2_breath_phase,safenest-node-01
232.6930,-0.090000,S001,S001_NORMAL_D12,1,NORMAL_D12,22.00,1.3202,,MR60BHA2_breath_phase,safenest-node-01
232.7930,-0.220000,S001,S001_NORMAL_D12,1,NORMAL_D12,22.00,1.3202,,MR60BHA2_breath_phase,safenest-node-01
232.8930,-0.280000,S001,S001_NORMAL_D12,1,NORMAL_D12,22.00,1.3202,,MR60BHA2_breath_phase,safenest-node-01
232.9930,-0.390000,S001,S001_NORMAL_D12,1,NORMAL_D12,22.00,1.3202,,MR60BHA2_breath_phase,safenest-node-01
233.0930,-0.430000,S001,S001_NORMAL_D12,1,NORMAL_D12,22.00,1.3202,,MR60BHA2_breath_phase,safenest-node-01
233.1930,-0.490000,S001,S001_NORMAL_D12,1,NORMAL_D12,22.00,1.3202,,MR60BHA2_breath_phase,safenest-node-01
233.2930,-0.510000,S001,S001_NORMAL_D12,1,NORMAL_D12,22.00,1.3202,,MR60BHA2_breath_phase,safenest-node-01
233.3930,-0.500000,S001,S001_NORMAL_D12,1,NORMAL_D12,22.00,1.3202,,MR60BHA2_breath_phase,safenest-node-01
233.4930,-0.450000,S001,S001_NORMAL_D12,1,NORMAL_D12,22.00,1.3202,,MR60BHA2_breath_phase,safenest-node-01
233.5930,-0.410000,S001,S001_NORMAL_D12,1,NORMAL_D12,22.00,1.3202,,MR60BHA2_breath_phase,safenest-node-01
233.6930,-0.300000,S001,S001_NORMAL_D12,1,NORMAL_D12,23.00,1.3202,,MR60BHA2_breath_phase,safenest-node-01
233.7930,-0.160000,S001,S001_NORMAL_D12,1,NORMAL_D12,23.00,1.3202,,MR60BHA2_breath_phase,safenest-node-01
233.8940,0.010000,S001,S001_NORMAL_D12,1,NORMAL_D12,23.00,1.3202,,MR60BHA2_breath_phase,safenest-node-01
233.9940,0.100000,S001,S001_NORMAL_D12,1,NORMAL_D12,23.00,1.3202,,MR60BHA2_breath_phase,safenest-node-01
234.0940,0.190000,S001,S001_NORMAL_D12,1,NORMAL_D12,23.00,1.3202,,MR60BHA2_breath_phase,safenest-node-01
234.1940,0.370000,S001,S001_NORMAL_D12,1,NORMAL_D12,23.00,1.3202,,MR60BHA2_breath_phase,safenest-node-01
234.2940,0.520000,S001,S001_NORMAL_D12,1,NORMAL_D12,23.00,1.3202,,MR60BHA2_breath_phase,safenest-node-01
234.3940,0.640000,S001,S001_NORMAL_D12,1,NORMAL_D12,23.00,1.3202,,MR60BHA2_breath_phase,safenest-node-01
234.4940,0.670000,S001,S001_NORMAL_D12,1,NORMAL_D12,23.00,1.3202,,MR60BHA2_breath_phase,safenest-node-01
234.5940,0.710000,S001,S001_NORMAL_D12,1,NORMAL_D12,23.00,1.3202,,MR60BHA2_breath_phase,safenest-node-01
234.6940,0.710000,S001,S001_NORMAL_D12,1,NORMAL_D12,23.00,1.3202,,MR60BHA2_breath_phase,safenest-node-01
234.7940,0.660000,S001,S001_NORMAL_D12,1,NORMAL_D12,23.00,1.3202,,MR60BHA2_breath_phase,safenest-node-01
234.8940,0.580000,S001,S001_NORMAL_D12,1,NORMAL_D12,23.00,1.3202,,MR60BHA2_breath_phase,safenest-node-01
234.9940,0.520000,S001,S001_NORMAL_D12,1,NORMAL_D12,23.00,1.3202,,MR60BHA2_breath_phase,safenest-node-01
235.0940,0.380000,S001,S001_NORMAL_D12,1,NORMAL_D12,23.00,1.3202,,MR60BHA2_breath_phase,safenest-node-01
235.1940,0.310000,S001,S001_NORMAL_D12,1,NORMAL_D12,23.00,1.3202,,MR60BHA2_breath_phase,safenest-node-01
235.2940,0.160000,S001,S001_NORMAL_D12,1,NORMAL_D12,23.00,1.3202,,MR60BHA2_breath_phase,safenest-node-01
235.3940,0.020000,S001,S001_NORMAL_D12,1,NORMAL_D12,23.00,1.3202,,MR60BHA2_breath_phase,safenest-node-01
235.4940,-0.040000,S001,S001_NORMAL_D12,1,NORMAL_D12,23.00,1.3202,,MR60BHA2_breath_phase,safenest-node-01
235.5940,-0.140000,S001,S001_NORMAL_D12,1,NORMAL_D12,23.00,1.3202,,MR60BHA2_breath_phase,safenest-node-01
235.6940,-0.180000,S001,S001_NORMAL_D12,1,NORMAL_D12,23.00,1.3202,,MR60BHA2_breath_phase,safenest-node-01
235.7940,-0.230000,S001,S001_NORMAL_D12,1,NORMAL_D12,23.00,1.3202,,MR60BHA2_breath_phase,safenest-node-01
235.8940,-0.250000,S001,S001_NORMAL_D12,1,NORMAL_D12,23.00,1.3202,,MR60BHA2_breath_phase,safenest-node-01
235.9940,-0.240000,S001,S001_NORMAL_D12,1,NORMAL_D12,23.00,1.3202,,MR60BHA2_breath_phase,safenest-node-01
236.0940,-0.220000,S001,S001_NORMAL_D12,1,NORMAL_D12,23.00,1.3202,,MR60BHA2_breath_phase,safenest-node-01
236.1940,-0.170000,S001,S001_NORMAL_D12,1,NORMAL_D12,23.00,1.3202,,MR60BHA2_breath_phase,safenest-node-01
236.2940,-0.130000,S001,S001_NORMAL_D12,1,NORMAL_D12,23.00,1.3202,,MR60BHA2_breath_phase,safenest-node-01
236.3940,-0.050000,S001,S001_NORMAL_D12,1,NORMAL_D12,24.00,1.3202,,MR60BHA2_breath_phase,safenest-node-01
236.4940,0.050000,S001,S001_NORMAL_D12,1,NORMAL_D12,24.00,1.3202,,MR60BHA2_breath_phase,safenest-node-01
236.5940,0.100000,S001,S001_NORMAL_D12,1,NORMAL_D12,24.00,1.3202,,MR60BHA2_breath_phase,safenest-node-01
236.6940,0.190000,S001,S001_NORMAL_D12,1,NORMAL_D12,24.00,1.3202,,MR60BHA2_breath_phase,safenest-node-01
236.7940,0.230000,S001,S001_NORMAL_D12,1,NORMAL_D12,24.00,1.3202,,MR60BHA2_breath_phase,safenest-node-01
236.8940,0.310000,S001,S001_NORMAL_D12,1,NORMAL_D12,24.00,1.3202,,MR60BHA2_breath_phase,safenest-node-01
236.9940,0.350000,S001,S001_NORMAL_D12,1,NORMAL_D12,25.00,1.3202,,MR60BHA2_breath_phase,safenest-node-01
237.0940,0.360000,S001,S001_NORMAL_D12,1,NORMAL_D12,25.00,1.3202,,MR60BHA2_breath_phase,safenest-node-01
237.1940,0.360000,S001,S001_NORMAL_D12,1,NORMAL_D12,25.00,1.3202,,MR60BHA2_breath_phase,safenest-node-01
237.2940,0.340000,S001,S001_NORMAL_D12,1,NORMAL_D12,25.00,1.3202,,MR60BHA2_breath_phase,safenest-node-01
237.3940,0.290000,S001,S001_NORMAL_D12,1,NORMAL_D12,25.00,1.3202,,MR60BHA2_breath_phase,safenest-node-01
237.4940,0.200000,S001,S001_NORMAL_D12,1,NORMAL_D12,25.00,1.3202,,MR60BHA2_breath_phase,safenest-node-01
237.5940,0.100000,S001,S001_NORMAL_D12,1,NORMAL_D12,25.00,1.3202,,MR60BHA2_breath_phase,safenest-node-01
237.6940,0.040000,S001,S001_NORMAL_D12,1,NORMAL_D12,25.00,1.3202,,MR60BHA2_breath_phase,safenest-node-01
237.7940,-0.020000,S001,S001_NORMAL_D12,1,NORMAL_D12,26.00,1.3202,,MR60BHA2_breath_phase,safenest-node-01
237.8940,-0.140000,S001,S001_NORMAL_D12,1,NORMAL_D12,26.00,1.3202,,MR60BHA2_breath_phase,safenest-node-01
237.9940,-0.240000,S001,S001_NORMAL_D12,1,NORMAL_D12,26.00,1.3202,,MR60BHA2_breath_phase,safenest-node-01
238.0940,-0.330000,S001,S001_NORMAL_D12,1,NORMAL_D12,26.00,1.3202,,MR60BHA2_breath_phase,safenest-node-01
238.1940,-0.370000,S001,S001_NORMAL_D12,1,NORMAL_D12,26.00,1.3202,,MR60BHA2_breath_phase,safenest-node-01
238.2940,-0.410000,S001,S001_NORMAL_D12,1,NORMAL_D12,26.00,1.3202,,MR60BHA2_breath_phase,safenest-node-01
238.3940,-0.420000,S001,S001_NORMAL_D12,1,NORMAL_D12,26.00,1.3202,,MR60BHA2_breath_phase,safenest-node-01
238.4940,-0.420000,S001,S001_NORMAL_D12,1,NORMAL_D12,26.00,1.3202,,MR60BHA2_breath_phase,safenest-node-01
238.5940,-0.380000,S001,S001_NORMAL_D12,1,NORMAL_D12,26.00,1.3202,,MR60BHA2_breath_phase,safenest-node-01
238.6940,-0.340000,S001,S001_NORMAL_D12,1,NORMAL_D12,26.00,1.3202,,MR60BHA2_breath_phase,safenest-node-01
238.7940,-0.250000,S001,S001_NORMAL_D12,1,NORMAL_D12,26.00,1.3202,,MR60BHA2_breath_phase,safenest-node-01
238.8940,-0.200000,S001,S001_NORMAL_D12,1,NORMAL_D12,27.00,1.3202,,MR60BHA2_breath_phase,safenest-node-01
238.9940,-0.090000,S001,S001_NORMAL_D12,1,NORMAL_D12,27.00,1.3202,,MR60BHA2_breath_phase,safenest-node-01
239.0940,0.020000,S001,S001_NORMAL_D12,1,NORMAL_D12,27.00,1.3202,,MR60BHA2_breath_phase,safenest-node-01
239.1940,0.070000,S001,S001_NORMAL_D12,1,NORMAL_D12,27.00,1.3202,,MR60BHA2_breath_phase,safenest-node-01
239.2940,0.160000,S001,S001_NORMAL_D12,1,NORMAL_D12,27.00,1.3202,,MR60BHA2_breath_phase,safenest-node-01
239.3950,0.230000,S001,S001_NORMAL_D12,1,NORMAL_D12,27.00,1.3202,,MR60BHA2_breath_phase,safenest-node-01
239.4950,0.240000,S001,S001_NORMAL_D12,1,NORMAL_D12,27.00,1.3202,,MR60BHA2_breath_phase,safenest-node-01
239.5950,0.260000,S001,S001_NORMAL_D12,1,NORMAL_D12,27.00,1.3202,,MR60BHA2_breath_phase,safenest-node-01
239.6950,0.240000,S001,S001_NORMAL_D12,1,NORMAL_D12,27.00,1.3202,,MR60BHA2_breath_phase,safenest-node-01
239.7950,0.210000,S001,S001_NORMAL_D12,1,NORMAL_D12,27.00,1.3202,,MR60BHA2_breath_phase,safenest-node-01
239.8950,0.150000,S001,S001_NORMAL_D12,1,NORMAL_D12,27.00,1.3202,,MR60BHA2_breath_phase,safenest-node-01
239.9950,0.110000,S001,S001_NORMAL_D12,1,NORMAL_D12,27.00,1.3202,,MR60BHA2_breath_phase,safenest-node-01
240.0950,0.020000,S001,S001_NORMAL_D12,1,NORMAL_D12,27.00,1.3202,,MR60BHA2_breath_phase,safenest-node-01
240.1950,-0.080000,S001,S001_NORMAL_D12,1,NORMAL_D12,27.00,1.3202,,MR60BHA2_breath_phase,safenest-node-01
240.2950,-0.130000,S001,S001_NORMAL_D12,1,NORMAL_D12,27.00,1.3202,,MR60BHA2_breath_phase,safenest-node-01
240.3950,-0.220000,S001,S001_NORMAL_D12,1,NORMAL_D12,27.00,1.3202,,MR60BHA2_breath_phase,safenest-node-01
240.4950,-0.250000,S001,S001_NORMAL_D12,1,NORMAL_D12,27.00,1.3202,,MR60BHA2_breath_phase,safenest-node-01
240.5950,-0.320000,S001,S001_NORMAL_D12,1,NORMAL_D12,27.00,1.3202,,MR60BHA2_breath_phase,safenest-node-01
240.6950,-0.360000,S001,S001_NORMAL_D12,1,NORMAL_D12,27.00,1.3202,,MR60BHA2_breath_phase,safenest-node-01
240.7950,-0.370000,S001,S001_NORMAL_D12,1,NORMAL_D12,27.00,1.3202,,MR60BHA2_breath_phase,safenest-node-01
240.8950,-0.370000,S001,S001_NORMAL_D12,1,NORMAL_D12,27.00,1.3202,,MR60BHA2_breath_phase,safenest-node-01
240.9960,-0.340000,S001,S001_NORMAL_D12,1,NORMAL_D12,27.00,1.3202,,MR60BHA2_breath_phase,safenest-node-01
241.0960,-0.320000,S001,S001_NORMAL_D12,1,NORMAL_D12,27.00,1.3202,,MR60BHA2_breath_phase,safenest-node-01
241.1960,-0.260000,S001,S001_NORMAL_D12,1,NORMAL_D12,28.00,1.3202,,MR60BHA2_breath_phase,safenest-node-01
241.2960,-0.170000,S001,S001_NORMAL_D12,1,NORMAL_D12,28.00,1.3202,,MR60BHA2_breath_phase,safenest-node-01
241.3960,-0.130000,S001,S001_NORMAL_D12,1,NORMAL_D12,28.00,1.3202,,MR60BHA2_breath_phase,safenest-node-01
241.4960,-0.030000,S001,S001_NORMAL_D12,1,NORMAL_D12,28.00,1.3202,,MR60BHA2_breath_phase,safenest-node-01
241.5960,0.020000,S001,S001_NORMAL_D12,1,NORMAL_D12,28.00,1.3202,,MR60BHA2_breath_phase,safenest-node-01
241.6960,0.120000,S001,S001_NORMAL_D12,1,NORMAL_D12,28.00,1.3202,,MR60BHA2_breath_phase,safenest-node-01
241.7960,0.210000,S001,S001_NORMAL_D12,1,NORMAL_D12,28.00,1.3202,,MR60BHA2_breath_phase,safenest-node-01
241.8960,0.250000,S001,S001_NORMAL_D12,1,NORMAL_D12,28.00,1.3202,,MR60BHA2_breath_phase,safenest-node-01
241.9960,0.310000,S001,S001_NORMAL_D12,1,NORMAL_D12,28.00,1.3202,,MR60BHA2_breath_phase,safenest-node-01
242.0960,0.330000,S001,S001_NORMAL_D12,1,NORMAL_D12,28.00,1.3202,,MR60BHA2_breath_phase,safenest-node-01
242.1960,0.350000,S001,S001_NORMAL_D12,1,NORMAL_D12,28.00,1.3202,,MR60BHA2_breath_phase,safenest-node-01
242.2960,0.350000,S001,S001_NORMAL_D12,1,NORMAL_D12,28.00,1.3202,,MR60BHA2_breath_phase,safenest-node-01
242.3960,0.310000,S001,S001_NORMAL_D12,1,NORMAL_D12,28.00,1.3202,,MR60BHA2_breath_phase,safenest-node-01
242.4960,0.290000,S001,S001_NORMAL_D12,1,NORMAL_D12,28.00,1.3202,,MR60BHA2_breath_phase,safenest-node-01
242.5960,0.250000,S001,S001_NORMAL_D12,1,NORMAL_D12,28.00,1.3202,,MR60BHA2_breath_phase,safenest-node-01
242.6960,0.170000,S001,S001_NORMAL_D12,1,NORMAL_D12,28.00,1.3202,,MR60BHA2_breath_phase,safenest-node-01
242.7960,0.070000,S001,S001_NORMAL_D12,1,NORMAL_D12,28.00,1.3202,,MR60BHA2_breath_phase,safenest-node-01
242.8960,-0.050000,S001,S001_NORMAL_D12,1,NORMAL_D12,28.00,1.3202,,MR60BHA2_breath_phase,safenest-node-01
242.9960,-0.100000,S001,S001_NORMAL_D12,1,NORMAL_D12,28.00,1.3202,,MR60BHA2_breath_phase,safenest-node-01
243.0960,-0.210000,S001,S001_NORMAL_D12,1,NORMAL_D12,28.00,1.3202,,MR60BHA2_breath_phase,safenest-node-01
243.1960,-0.260000,S001,S001_NORMAL_D12,1,NORMAL_D12,28.00,1.3202,,MR60BHA2_breath_phase,safenest-node-01
243.2960,-0.340000,S001,S001_NORMAL_D12,1,NORMAL_D12,28.00,1.3202,,MR60BHA2_breath_phase,safenest-node-01
243.3960,-0.390000,S001,S001_NORMAL_D12,1,NORMAL_D12,28.00,1.3202,,MR60BHA2_breath_phase,safenest-node-01
243.4960,-0.410000,S001,S001_NORMAL_D12,1,NORMAL_D12,28.00,1.3202,,MR60BHA2_breath_phase,safenest-node-01
243.5960,-0.420000,S001,S001_NORMAL_D12,1,NORMAL_D12,28.00,1.3202,,MR60BHA2_breath_phase,safenest-node-01
243.6960,-0.410000,S001,S001_NORMAL_D12,1,NORMAL_D12,28.00,1.3202,,MR60BHA2_breath_phase,safenest-node-01
243.7960,-0.380000,S001,S001_NORMAL_D12,1,NORMAL_D12,28.00,1.3202,,MR60BHA2_breath_phase,safenest-node-01
243.8960,-0.310000,S001,S001_NORMAL_D12,1,NORMAL_D12,28.00,1.3202,,MR60BHA2_breath_phase,safenest-node-01
243.9960,-0.270000,S001,S001_NORMAL_D12,1,NORMAL_D12,28.00,1.3202,,MR60BHA2_breath_phase,safenest-node-01
244.0960,-0.180000,S001,S001_NORMAL_D12,1,NORMAL_D12,28.00,1.3202,,MR60BHA2_breath_phase,safenest-node-01
244.1970,-0.070000,S001,S001_NORMAL_D12,1,NORMAL_D12,28.00,1.3202,,MR60BHA2_breath_phase,safenest-node-01
244.2970,-0.010000,S001,S001_NORMAL_D12,1,NORMAL_D12,28.00,1.3202,,MR60BHA2_breath_phase,safenest-node-01
244.3970,0.100000,S001,S001_NORMAL_D12,1,NORMAL_D12,28.00,1.3202,,MR60BHA2_breath_phase,safenest-node-01
244.4970,0.220000,S001,S001_NORMAL_D12,1,NORMAL_D12,28.00,1.3202,,MR60BHA2_breath_phase,safenest-node-01
244.5970,0.270000,S001,S001_NORMAL_D12,1,NORMAL_D12,28.00,1.3202,,MR60BHA2_breath_phase,safenest-node-01
244.6970,0.360000,S001,S001_NORMAL_D12,1,NORMAL_D12,28.00,1.3202,,MR60BHA2_breath_phase,safenest-node-01
244.7970,0.400000,S001,S001_NORMAL_D12,1,NORMAL_D12,28.00,1.3202,,MR60BHA2_breath_phase,safenest-node-01
244.8970,0.460000,S001,S001_NORMAL_D12,1,NORMAL_D12,28.00,1.3202,,MR60BHA2_breath_phase,safenest-node-01
244.9970,0.480000,S001,S001_NORMAL_D12,1,NORMAL_D12,28.00,1.3202,,MR60BHA2_breath_phase,safenest-node-01
245.0970,0.480000,S001,S001_NORMAL_D12,1,NORMAL_D12,28.00,1.3202,,MR60BHA2_breath_phase,safenest-node-01
245.1970,0.450000,S001,S001_NORMAL_D12,1,NORMAL_D12,28.00,1.3202,,MR60BHA2_breath_phase,safenest-node-01
245.2970,0.420000,S001,S001_NORMAL_D12,1,NORMAL_D12,28.00,1.3202,,MR60BHA2_breath_phase,safenest-node-01
245.3970,0.340000,S001,S001_NORMAL_D12,1,NORMAL_D12,28.00,1.3202,,MR60BHA2_breath_phase,safenest-node-01
245.4970,0.240000,S001,S001_NORMAL_D12,1,NORMAL_D12,28.00,1.3202,,MR60BHA2_breath_phase,safenest-node-01
245.5970,0.120000,S001,S001_NORMAL_D12,1,NORMAL_D12,28.00,1.3202,,MR60BHA2_breath_phase,safenest-node-01
245.6970,0.060000,S001,S001_NORMAL_D12,1,NORMAL_D12,28.00,1.3202,,MR60BHA2_breath_phase,safenest-node-01
245.7970,-0.000000,S001,S001_NORMAL_D12,1,NORMAL_D12,28.00,1.3202,,MR60BHA2_breath_phase,safenest-node-01
245.8970,-0.120000,S001,S001_NORMAL_D12,1,NORMAL_D12,28.00,1.3202,,MR60BHA2_breath_phase,safenest-node-01
245.9970,-0.230000,S001,S001_NORMAL_D12,1,NORMAL_D12,28.00,1.3202,,MR60BHA2_breath_phase,safenest-node-01
246.0970,-0.320000,S001,S001_NORMAL_D12,1,NORMAL_D12,28.00,1.3202,,MR60BHA2_breath_phase,safenest-node-01
246.1970,-0.360000,S001,S001_NORMAL_D12,1,NORMAL_D12,28.00,1.3202,,MR60BHA2_breath_phase,safenest-node-01
246.2970,-0.410000,S001,S001_NORMAL_D12,1,NORMAL_D12,28.00,1.3202,,MR60BHA2_breath_phase,safenest-node-01
246.3970,-0.420000,S001,S001_NORMAL_D12,1,NORMAL_D12,28.00,1.3202,,MR60BHA2_breath_phase,safenest-node-01
246.4970,-0.410000,S001,S001_NORMAL_D12,1,NORMAL_D12,28.00,1.3202,,MR60BHA2_breath_phase,safenest-node-01
246.5970,-0.370000,S001,S001_NORMAL_D12,1,NORMAL_D12,28.00,1.3202,,MR60BHA2_breath_phase,safenest-node-01
246.6970,-0.330000,S001,S001_NORMAL_D12,1,NORMAL_D12,28.00,1.3202,,MR60BHA2_breath_phase,safenest-node-01
246.7970,-0.240000,S001,S001_NORMAL_D12,1,NORMAL_D12,28.00,1.3202,,MR60BHA2_breath_phase,safenest-node-01
246.8970,-0.180000,S001,S001_NORMAL_D12,1,NORMAL_D12,28.00,1.3202,,MR60BHA2_breath_phase,safenest-node-01
246.9970,-0.060000,S001,S001_NORMAL_D12,1,NORMAL_D12,28.00,1.3202,,MR60BHA2_breath_phase,safenest-node-01
247.0970,0.070000,S001,S001_NORMAL_D12,1,NORMAL_D12,28.00,1.3202,,MR60BHA2_breath_phase,safenest-node-01
247.1970,0.130000,S001,S001_NORMAL_D12,1,NORMAL_D12,28.00,1.3202,,MR60BHA2_breath_phase,safenest-node-01
247.2970,0.240000,S001,S001_NORMAL_D12,1,NORMAL_D12,28.00,1.3202,,MR60BHA2_breath_phase,safenest-node-01
247.3970,0.290000,S001,S001_NORMAL_D12,1,NORMAL_D12,28.00,1.3202,,MR60BHA2_breath_phase,safenest-node-01
247.4970,0.380000,S001,S001_NORMAL_D12,1,NORMAL_D12,28.00,1.3202,,MR60BHA2_breath_phase,safenest-node-01
247.5970,0.430000,S001,S001_NORMAL_D12,1,NORMAL_D12,28.00,1.3202,,MR60BHA2_breath_phase,safenest-node-01
247.6970,0.440000,S001,S001_NORMAL_D12,1,NORMAL_D12,28.00,1.3202,,MR60BHA2_breath_phase,safenest-node-01
247.7970,0.430000,S001,S001_NORMAL_D12,1,NORMAL_D12,28.00,1.3202,,MR60BHA2_breath_phase,safenest-node-01
247.8970,0.390000,S001,S001_NORMAL_D12,1,NORMAL_D12,28.00,1.3202,,MR60BHA2_breath_phase,safenest-node-01
247.9970,0.350000,S001,S001_NORMAL_D12,1,NORMAL_D12,28.00,1.3202,,MR60BHA2_breath_phase,safenest-node-01
248.0970,0.260000,S001,S001_NORMAL_D12,1,NORMAL_D12,28.00,1.3202,,MR60BHA2_breath_phase,safenest-node-01
248.1970,0.150000,S001,S001_NORMAL_D12,1,NORMAL_D12,28.00,1.3202,,MR60BHA2_breath_phase,safenest-node-01
248.2970,0.090000,S001,S001_NORMAL_D12,1,NORMAL_D12,28.00,1.3202,,MR60BHA2_breath_phase,safenest-node-01
248.3970,-0.040000,S001,S001_NORMAL_D12,1,NORMAL_D12,28.00,1.3202,,MR60BHA2_breath_phase,safenest-node-01
248.4970,-0.100000,S001,S001_NORMAL_D12,1,NORMAL_D12,28.00,1.3202,,MR60BHA2_breath_phase,safenest-node-01
248.5970,-0.210000,S001,S001_NORMAL_D12,1,NORMAL_D12,28.00,1.3202,,MR60BHA2_breath_phase,safenest-node-01
248.6970,-0.300000,S001,S001_NORMAL_D12,1,NORMAL_D12,28.00,1.3202,,MR60BHA2_breath_phase,safenest-node-01
248.7980,-0.340000,S001,S001_NORMAL_D12,1,NORMAL_D12,28.00,1.3202,,MR60BHA2_breath_phase,safenest-node-01
248.8980,-0.390000,S001,S001_NORMAL_D12,1,NORMAL_D12,28.00,1.3202,,MR60BHA2_breath_phase,safenest-node-01
248.9990,-0.420000,S001,S001_NORMAL_D12,1,NORMAL_D12,28.00,1.3202,,MR60BHA2_breath_phase,safenest-node-01
249.0990,-0.420000,S001,S001_NORMAL_D12,1,NORMAL_D12,28.00,1.3202,,MR60BHA2_breath_phase,safenest-node-01
249.1990,-0.400000,S001,S001_NORMAL_D12,1,NORMAL_D12,28.00,1.3202,,MR60BHA2_breath_phase,safenest-node-01
249.2990,-0.350000,S001,S001_NORMAL_D12,1,NORMAL_D12,28.00,1.3202,,MR60BHA2_breath_phase,safenest-node-01
249.3990,-0.320000,S001,S001_NORMAL_D12,1,NORMAL_D12,28.00,1.3202,,MR60BHA2_breath_phase,safenest-node-01
249.4990,-0.240000,S001,S001_NORMAL_D12,1,NORMAL_D12,28.00,1.3202,,MR60BHA2_breath_phase,safenest-node-01
249.5990,-0.200000,S001,S001_NORMAL_D12,1,NORMAL_D12,28.00,1.3202,,MR60BHA2_breath_phase,safenest-node-01
249.6990,-0.110000,S001,S001_NORMAL_D12,1,NORMAL_D12,28.00,1.3202,,MR60BHA2_breath_phase,safenest-node-01
249.7990,-0.020000,S001,S001_NORMAL_D12,1,NORMAL_D12,28.00,1.3202,,MR60BHA2_breath_phase,safenest-node-01
249.9000,0.030000,S001,S001_NORMAL_D12,1,NORMAL_D12,28.00,1.3202,,MR60BHA2_breath_phase,safenest-node-01
250.0000,0.110000,S001,S001_NORMAL_D12,1,NORMAL_D12,28.00,1.3202,,MR60BHA2_breath_phase,safenest-node-01
250.1000,0.140000,S001,S001_NORMAL_D12,1,NORMAL_D12,28.00,1.3202,,MR60BHA2_breath_phase,safenest-node-01
250.2000,0.190000,S001,S001_NORMAL_D12,1,NORMAL_D12,28.00,1.3202,,MR60BHA2_breath_phase,safenest-node-01
250.3000,0.210000,S001,S001_NORMAL_D12,1,NORMAL_D12,28.00,1.3202,,MR60BHA2_breath_phase,safenest-node-01
250.4010,0.220000,S001,S001_NORMAL_D12,1,NORMAL_D12,28.00,1.3202,,MR60BHA2_breath_phase,safenest-node-01
250.5010,0.210000,S001,S001_NORMAL_D12,1,NORMAL_D12,28.00,1.3202,,MR60BHA2_breath_phase,safenest-node-01
250.6010,0.200000,S001,S001_NORMAL_D12,1,NORMAL_D12,28.00,1.2628,,MR60BHA2_breath_phase,safenest-node-01
250.7010,0.180000,S001,S001_NORMAL_D12,1,NORMAL_D12,28.00,1.2628,,MR60BHA2_breath_phase,safenest-node-01
250.8010,0.140000,S001,S001_NORMAL_D12,1,NORMAL_D12,28.00,1.2628,,MR60BHA2_breath_phase,safenest-node-01
250.9010,0.130000,S001,S001_NORMAL_D12,1,NORMAL_D12,28.00,1.2628,,MR60BHA2_breath_phase,safenest-node-01
251.0010,0.100000,S001,S001_NORMAL_D12,1,NORMAL_D12,28.00,1.2628,,MR60BHA2_breath_phase,safenest-node-01
251.1010,0.070000,S001,S001_NORMAL_D12,1,NORMAL_D12,28.00,1.2628,,MR60BHA2_breath_phase,safenest-node-01
251.2010,0.060000,S001,S001_NORMAL_D12,1,NORMAL_D12,28.00,1.2628,,MR60BHA2_breath_phase,safenest-node-01
251.3010,0.040000,S001,S001_NORMAL_D12,1,NORMAL_D12,28.00,1.2628,,MR60BHA2_breath_phase,safenest-node-01
251.4020,0.020000,S001,S001_NORMAL_D12,1,NORMAL_D12,28.00,1.2628,,MR60BHA2_breath_phase,safenest-node-01
251.5020,0.020000,S001,S001_NORMAL_D12,1,NORMAL_D12,28.00,1.2628,,MR60BHA2_breath_phase,safenest-node-01
251.6020,0.020000,S001,S001_NORMAL_D12,1,NORMAL_D12,28.00,1.2628,,MR60BHA2_breath_phase,safenest-node-01
251.7020,0.030000,S001,S001_NORMAL_D12,1,NORMAL_D12,28.00,1.2628,,MR60BHA2_breath_phase,safenest-node-01
251.8020,0.040000,S001,S001_NORMAL_D12,1,NORMAL_D12,28.00,1.3202,,MR60BHA2_breath_phase,safenest-node-01
251.9020,0.070000,S001,S001_NORMAL_D12,1,NORMAL_D12,28.00,1.3202,,MR60BHA2_breath_phase,safenest-node-01
252.0020,0.080000,S001,S001_NORMAL_D12,1,NORMAL_D12,28.00,1.3202,,MR60BHA2_breath_phase,safenest-node-01
252.1020,0.120000,S001,S001_NORMAL_D12,1,NORMAL_D12,28.00,1.3202,,MR60BHA2_breath_phase,safenest-node-01
252.2020,0.140000,S001,S001_NORMAL_D12,1,NORMAL_D12,28.00,1.3202,,MR60BHA2_breath_phase,safenest-node-01
252.3020,0.180000,S001,S001_NORMAL_D12,1,NORMAL_D12,28.00,1.3202,,MR60BHA2_breath_phase,safenest-node-01
252.4020,0.210000,S001,S001_NORMAL_D12,1,NORMAL_D12,28.00,1.3202,,MR60BHA2_breath_phase,safenest-node-01
252.5020,0.230000,S001,S001_NORMAL_D12,1,NORMAL_D12,28.00,1.3202,,MR60BHA2_breath_phase,safenest-node-01
252.6020,0.250000,S001,S001_NORMAL_D12,1,NORMAL_D12,28.00,1.3202,,MR60BHA2_breath_phase,safenest-node-01
252.7020,0.250000,S001,S001_NORMAL_D12,1,NORMAL_D12,28.00,1.3202,,MR60BHA2_breath_phase,safenest-node-01
252.8020,0.250000,S001,S001_NORMAL_D12,1,NORMAL_D12,28.00,1.3202,,MR60BHA2_breath_phase,safenest-node-01
252.9020,0.230000,S001,S001_NORMAL_D12,1,NORMAL_D12,28.00,1.3202,,MR60BHA2_breath_phase,safenest-node-01
253.0020,0.190000,S001,S001_NORMAL_D12,1,NORMAL_D12,28.00,1.3202,,MR60BHA2_breath_phase,safenest-node-01
253.1020,0.160000,S001,S001_NORMAL_D12,1,NORMAL_D12,28.00,1.3202,,MR60BHA2_breath_phase,safenest-node-01
253.2020,0.130000,S001,S001_NORMAL_D12,1,NORMAL_D12,28.00,1.3202,,MR60BHA2_breath_phase,safenest-node-01
253.3020,0.050000,S001,S001_NORMAL_D12,1,NORMAL_D12,28.00,1.3202,,MR60BHA2_breath_phase,safenest-node-01
253.4020,-0.030000,S001,S001_NORMAL_D12,1,NORMAL_D12,28.00,1.3202,,MR60BHA2_breath_phase,safenest-node-01
253.5030,-0.120000,S001,S001_NORMAL_D12,1,NORMAL_D12,28.00,1.3202,,MR60BHA2_breath_phase,safenest-node-01
253.6030,-0.160000,S001,S001_NORMAL_D12,1,NORMAL_D12,28.00,1.3202,,MR60BHA2_breath_phase,safenest-node-01
253.7030,-0.190000,S001,S001_NORMAL_D12,1,NORMAL_D12,28.00,1.3202,,MR60BHA2_breath_phase,safenest-node-01
253.8030,-0.240000,S001,S001_NORMAL_D12,1,NORMAL_D12,28.00,1.3202,,MR60BHA2_breath_phase,safenest-node-01
253.9030,-0.250000,S001,S001_NORMAL_D12,1,NORMAL_D12,28.00,1.3202,,MR60BHA2_breath_phase,safenest-node-01
254.0030,-0.250000,S001,S001_NORMAL_D12,1,NORMAL_D12,28.00,1.3202,,MR60BHA2_breath_phase,safenest-node-01
254.1030,-0.240000,S001,S001_NORMAL_D12,1,NORMAL_D12,28.00,1.3202,,MR60BHA2_breath_phase,safenest-node-01
254.2030,-0.200000,S001,S001_NORMAL_D12,1,NORMAL_D12,28.00,1.3202,,MR60BHA2_breath_phase,safenest-node-01
254.3030,-0.180000,S001,S001_NORMAL_D12,1,NORMAL_D12,28.00,1.3202,,MR60BHA2_breath_phase,safenest-node-01
254.4030,-0.130000,S001,S001_NORMAL_D12,1,NORMAL_D12,28.00,1.3202,,MR60BHA2_breath_phase,safenest-node-01
254.5030,-0.080000,S001,S001_NORMAL_D12,1,NORMAL_D12,28.00,1.3202,,MR60BHA2_breath_phase,safenest-node-01
254.6030,-0.050000,S001,S001_NORMAL_D12,1,NORMAL_D12,28.00,1.3202,,MR60BHA2_breath_phase,safenest-node-01
254.7030,-0.020000,S001,S001_NORMAL_D12,1,NORMAL_D12,28.00,1.3202,,MR60BHA2_breath_phase,safenest-node-01
254.8030,-0.010000,S001,S001_NORMAL_D12,1,NORMAL_D12,28.00,1.3202,,MR60BHA2_breath_phase,safenest-node-01
254.9030,-0.010000,S001,S001_NORMAL_D12,1,NORMAL_D12,28.00,1.3202,,MR60BHA2_breath_phase,safenest-node-01
255.0030,-0.010000,S001,S001_NORMAL_D12,1,NORMAL_D12,28.00,1.3202,,MR60BHA2_breath_phase,safenest-node-01
255.1040,-0.020000,S001,S001_NORMAL_D12,1,NORMAL_D12,28.00,1.3202,,MR60BHA2_breath_phase,safenest-node-01
255.2040,-0.050000,S001,S001_NORMAL_D12,1,NORMAL_D12,28.00,1.3202,,MR60BHA2_breath_phase,safenest-node-01
255.3040,-0.060000,S001,S001_NORMAL_D12,1,NORMAL_D12,28.00,1.3202,,MR60BHA2_breath_phase,safenest-node-01
255.4040,-0.100000,S001,S001_NORMAL_D12,1,NORMAL_D12,28.00,1.3202,,MR60BHA2_breath_phase,safenest-node-01
255.5040,-0.140000,S001,S001_NORMAL_D12,1,NORMAL_D12,28.00,1.3202,,MR60BHA2_breath_phase,safenest-node-01
255.6050,-0.170000,S001,S001_NORMAL_D12,1,NORMAL_D12,29.00,1.3202,,MR60BHA2_breath_phase,safenest-node-01
255.7050,-0.190000,S001,S001_NORMAL_D12,1,NORMAL_D12,29.00,1.3202,,MR60BHA2_breath_phase,safenest-node-01
255.8050,-0.210000,S001,S001_NORMAL_D12,1,NORMAL_D12,29.00,1.3202,,MR60BHA2_breath_phase,safenest-node-01
255.9050,-0.220000,S001,S001_NORMAL_D12,1,NORMAL_D12,29.00,1.3202,,MR60BHA2_breath_phase,safenest-node-01
256.0050,-0.240000,S001,S001_NORMAL_D12,1,NORMAL_D12,29.00,1.3202,,MR60BHA2_breath_phase,safenest-node-01
256.1050,-0.250000,S001,S001_NORMAL_D12,1,NORMAL_D12,29.00,1.3202,,MR60BHA2_breath_phase,safenest-node-01
256.2050,-0.250000,S001,S001_NORMAL_D12,1,NORMAL_D12,29.00,1.3202,,MR60BHA2_breath_phase,safenest-node-01
256.3050,-0.250000,S001,S001_NORMAL_D12,1,NORMAL_D12,30.00,1.3202,,MR60BHA2_breath_phase,safenest-node-01
256.4050,-0.250000,S001,S001_NORMAL_D12,1,NORMAL_D12,30.00,1.3202,,MR60BHA2_breath_phase,safenest-node-01
256.5050,-0.250000,S001,S001_NORMAL_D12,1,NORMAL_D12,30.00,1.3202,,MR60BHA2_breath_phase,safenest-node-01
256.6050,-0.240000,S001,S001_NORMAL_D12,1,NORMAL_D12,30.00,1.3202,,MR60BHA2_breath_phase,safenest-node-01
256.7060,-0.240000,S001,S001_NORMAL_D12,1,NORMAL_D12,30.00,1.3202,,MR60BHA2_breath_phase,safenest-node-01
256.8060,-0.230000,S001,S001_NORMAL_D12,1,NORMAL_D12,30.00,1.3202,,MR60BHA2_breath_phase,safenest-node-01
256.9060,-0.220000,S001,S001_NORMAL_D12,1,NORMAL_D12,30.00,1.3202,,MR60BHA2_breath_phase,safenest-node-01
257.0060,-0.190000,S001,S001_NORMAL_D12,1,NORMAL_D12,30.00,1.3202,,MR60BHA2_breath_phase,safenest-node-01
257.1060,-0.140000,S001,S001_NORMAL_D12,1,NORMAL_D12,29.00,1.3202,,MR60BHA2_breath_phase,safenest-node-01
257.2060,-0.060000,S001,S001_NORMAL_D12,1,NORMAL_D12,27.00,1.3202,,MR60BHA2_breath_phase,safenest-node-01
257.3060,-0.010000,S001,S001_NORMAL_D12,1,NORMAL_D12,27.00,1.3202,,MR60BHA2_breath_phase,safenest-node-01
257.4070,0.110000,S001,S001_NORMAL_D12,1,NORMAL_D12,26.00,1.3202,,MR60BHA2_breath_phase,safenest-node-01
257.5070,0.170000,S001,S001_NORMAL_D12,1,NORMAL_D12,25.00,1.3202,,MR60BHA2_breath_phase,safenest-node-01
257.6070,0.300000,S001,S001_NORMAL_D12,1,NORMAL_D12,24.00,1.3202,,MR60BHA2_breath_phase,safenest-node-01
257.7070,0.430000,S001,S001_NORMAL_D12,1,NORMAL_D12,22.00,1.3202,,MR60BHA2_breath_phase,safenest-node-01
257.8070,0.480000,S001,S001_NORMAL_D12,1,NORMAL_D12,22.00,1.3202,,MR60BHA2_breath_phase,safenest-node-01
257.9070,0.560000,S001,S001_NORMAL_D12,1,NORMAL_D12,21.00,1.3202,,MR60BHA2_breath_phase,safenest-node-01
258.0070,0.590000,S001,S001_NORMAL_D12,1,NORMAL_D12,20.00,1.3202,,MR60BHA2_breath_phase,safenest-node-01
258.1070,0.620000,S001,S001_NORMAL_D12,1,NORMAL_D12,19.00,1.3202,,MR60BHA2_breath_phase,safenest-node-01
258.2070,0.600000,S001,S001_NORMAL_D12,1,NORMAL_D12,18.00,1.3202,,MR60BHA2_breath_phase,safenest-node-01
258.3070,0.570000,S001,S001_NORMAL_D12,1,NORMAL_D12,18.00,1.3202,,MR60BHA2_breath_phase,safenest-node-01
258.4070,0.500000,S001,S001_NORMAL_D12,1,NORMAL_D12,17.00,1.3202,,MR60BHA2_breath_phase,safenest-node-01
258.5070,0.450000,S001,S001_NORMAL_D12,1,NORMAL_D12,16.00,1.3202,,MR60BHA2_breath_phase,safenest-node-01
258.6070,0.340000,S001,S001_NORMAL_D12,1,NORMAL_D12,16.00,1.3202,,MR60BHA2_breath_phase,safenest-node-01
258.7070,0.220000,S001,S001_NORMAL_D12,1,NORMAL_D12,16.00,1.3202,,MR60BHA2_breath_phase,safenest-node-01
258.8070,0.110000,S001,S001_NORMAL_D12,1,NORMAL_D12,16.00,1.3202,,MR60BHA2_breath_phase,safenest-node-01
258.9070,0.050000,S001,S001_NORMAL_D12,1,NORMAL_D12,16.00,1.3202,,MR60BHA2_breath_phase,safenest-node-01
259.0070,-0.040000,S001,S001_NORMAL_D12,1,NORMAL_D12,16.00,1.3202,,MR60BHA2_breath_phase,safenest-node-01
259.1070,-0.080000,S001,S001_NORMAL_D12,1,NORMAL_D12,16.00,1.3202,,MR60BHA2_breath_phase,safenest-node-01
259.2070,-0.150000,S001,S001_NORMAL_D12,1,NORMAL_D12,16.00,1.3202,,MR60BHA2_breath_phase,safenest-node-01
259.3070,-0.190000,S001,S001_NORMAL_D12,1,NORMAL_D12,16.00,1.3202,,MR60BHA2_breath_phase,safenest-node-01
259.4070,-0.210000,S001,S001_NORMAL_D12,1,NORMAL_D12,16.00,1.3202,,MR60BHA2_breath_phase,safenest-node-01
259.5070,-0.220000,S001,S001_NORMAL_D12,1,NORMAL_D12,16.00,1.3202,,MR60BHA2_breath_phase,safenest-node-01
259.6070,-0.220000,S001,S001_NORMAL_D12,1,NORMAL_D12,16.00,1.3202,,MR60BHA2_breath_phase,safenest-node-01
259.7070,-0.220000,S001,S001_NORMAL_D12,1,NORMAL_D12,17.00,1.3202,,MR60BHA2_breath_phase,safenest-node-01
259.8070,-0.220000,S001,S001_NORMAL_D12,1,NORMAL_D12,17.00,1.3202,,MR60BHA2_breath_phase,safenest-node-01
259.9080,-0.220000,S001,S001_NORMAL_D12,1,NORMAL_D12,17.00,1.3202,,MR60BHA2_breath_phase,safenest-node-01
260.0080,-0.220000,S001,S001_NORMAL_D12,1,NORMAL_D12,18.00,1.3202,,MR60BHA2_breath_phase,safenest-node-01
260.1080,-0.210000,S001,S001_NORMAL_D12,1,NORMAL_D12,18.00,1.3202,,MR60BHA2_breath_phase,safenest-node-01
260.2080,-0.190000,S001,S001_NORMAL_D12,1,NORMAL_D12,19.00,1.3202,,MR60BHA2_breath_phase,safenest-node-01
260.3080,-0.160000,S001,S001_NORMAL_D12,1,NORMAL_D12,19.00,1.3202,,MR60BHA2_breath_phase,safenest-node-01
260.4080,-0.110000,S001,S001_NORMAL_D12,1,NORMAL_D12,18.00,1.3202,,MR60BHA2_breath_phase,safenest-node-01
260.5080,-0.080000,S001,S001_NORMAL_D12,1,NORMAL_D12,18.00,1.3202,,MR60BHA2_breath_phase,safenest-node-01
260.6090,-0.020000,S001,S001_NORMAL_D12,1,NORMAL_D12,18.00,1.3202,,MR60BHA2_breath_phase,safenest-node-01
260.7090,0.010000,S001,S001_NORMAL_D12,1,NORMAL_D12,18.00,1.3202,,MR60BHA2_breath_phase,safenest-node-01
260.8090,0.060000,S001,S001_NORMAL_D12,1,NORMAL_D12,18.00,1.3202,,MR60BHA2_breath_phase,safenest-node-01
260.9090,0.110000,S001,S001_NORMAL_D12,1,NORMAL_D12,19.00,1.3202,,MR60BHA2_breath_phase,safenest-node-01
261.0090,0.120000,S001,S001_NORMAL_D12,1,NORMAL_D12,19.00,1.3202,,MR60BHA2_breath_phase,safenest-node-01
261.1090,0.140000,S001,S001_NORMAL_D12,1,NORMAL_D12,19.00,1.3202,,MR60BHA2_breath_phase,safenest-node-01
261.2090,0.140000,S001,S001_NORMAL_D12,1,NORMAL_D12,19.00,1.3202,,MR60BHA2_breath_phase,safenest-node-01
261.3090,0.120000,S001,S001_NORMAL_D12,1,NORMAL_D12,19.00,1.3202,,MR60BHA2_breath_phase,safenest-node-01
261.4090,0.080000,S001,S001_NORMAL_D12,1,NORMAL_D12,19.00,1.3202,,MR60BHA2_breath_phase,safenest-node-01
261.5090,0.050000,S001,S001_NORMAL_D12,1,NORMAL_D12,19.00,1.3202,,MR60BHA2_breath_phase,safenest-node-01
261.6090,-0.020000,S001,S001_NORMAL_D12,1,NORMAL_D12,20.00,1.3202,,MR60BHA2_breath_phase,safenest-node-01
261.7090,-0.060000,S001,S001_NORMAL_D12,1,NORMAL_D12,20.00,1.3202,,MR60BHA2_breath_phase,safenest-node-01
261.8090,-0.140000,S001,S001_NORMAL_D12,1,NORMAL_D12,20.00,1.3202,,MR60BHA2_breath_phase,safenest-node-01
261.9090,-0.200000,S001,S001_NORMAL_D12,1,NORMAL_D12,20.00,1.3202,,MR60BHA2_breath_phase,safenest-node-01
262.0090,-0.230000,S001,S001_NORMAL_D12,1,NORMAL_D12,20.00,1.3202,,MR60BHA2_breath_phase,safenest-node-01
262.1090,-0.260000,S001,S001_NORMAL_D12,1,NORMAL_D12,20.00,1.3202,,MR60BHA2_breath_phase,safenest-node-01
262.2090,-0.250000,S001,S001_NORMAL_D12,1,NORMAL_D12,21.00,1.3202,,MR60BHA2_breath_phase,safenest-node-01
262.3090,-0.240000,S001,S001_NORMAL_D12,1,NORMAL_D12,21.00,1.3202,,MR60BHA2_breath_phase,safenest-node-01
262.4090,-0.190000,S001,S001_NORMAL_D12,1,NORMAL_D12,21.00,1.3202,,MR60BHA2_breath_phase,safenest-node-01
262.5090,-0.110000,S001,S001_NORMAL_D12,1,NORMAL_D12,21.00,1.3202,,MR60BHA2_breath_phase,safenest-node-01
262.6090,-0.060000,S001,S001_NORMAL_D12,1,NORMAL_D12,21.00,1.3202,,MR60BHA2_breath_phase,safenest-node-01
262.7090,0.040000,S001,S001_NORMAL_D12,1,NORMAL_D12,21.00,1.3202,,MR60BHA2_breath_phase,safenest-node-01
262.8090,0.090000,S001,S001_NORMAL_D12,1,NORMAL_D12,21.00,1.3202,,MR60BHA2_breath_phase,safenest-node-01
262.9090,0.180000,S001,S001_NORMAL_D12,1,NORMAL_D12,21.00,1.3202,,MR60BHA2_breath_phase,safenest-node-01
263.0090,0.240000,S001,S001_NORMAL_D12,1,NORMAL_D12,21.00,1.3202,,MR60BHA2_breath_phase,safenest-node-01
263.1100,0.270000,S001,S001_NORMAL_D12,1,NORMAL_D12,21.00,1.3202,,MR60BHA2_breath_phase,safenest-node-01
263.2100,0.280000,S001,S001_NORMAL_D12,1,NORMAL_D12,22.00,1.3202,,MR60BHA2_breath_phase,safenest-node-01
263.3100,0.280000,S001,S001_NORMAL_D12,1,NORMAL_D12,21.00,1.3202,,MR60BHA2_breath_phase,safenest-node-01
263.4100,0.250000,S001,S001_NORMAL_D12,1,NORMAL_D12,21.00,1.3202,,MR60BHA2_breath_phase,safenest-node-01
263.5100,0.180000,S001,S001_NORMAL_D12,1,NORMAL_D12,21.00,1.3202,,MR60BHA2_breath_phase,safenest-node-01
263.6110,0.090000,S001,S001_NORMAL_D12,1,NORMAL_D12,21.00,1.3202,,MR60BHA2_breath_phase,safenest-node-01
263.7110,0.050000,S001,S001_NORMAL_D12,1,NORMAL_D12,21.00,1.3202,,MR60BHA2_breath_phase,safenest-node-01
263.8110,-0.050000,S001,S001_NORMAL_D12,1,NORMAL_D12,22.00,1.3202,,MR60BHA2_breath_phase,safenest-node-01
263.9110,-0.100000,S001,S001_NORMAL_D12,1,NORMAL_D12,22.00,1.3202,,MR60BHA2_breath_phase,safenest-node-01
264.0110,-0.190000,S001,S001_NORMAL_D12,1,NORMAL_D12,22.00,1.3202,,MR60BHA2_breath_phase,safenest-node-01
264.1110,-0.260000,S001,S001_NORMAL_D12,1,NORMAL_D12,23.00,1.3202,,MR60BHA2_breath_phase,safenest-node-01
264.2110,-0.290000,S001,S001_NORMAL_D12,1,NORMAL_D12,23.00,1.3202,,MR60BHA2_breath_phase,safenest-node-01
264.3110,-0.340000,S001,S001_NORMAL_D12,1,NORMAL_D12,23.00,1.3202,,MR60BHA2_breath_phase,safenest-node-01
264.4110,-0.350000,S001,S001_NORMAL_D12,1,NORMAL_D12,23.00,1.3202,,MR60BHA2_breath_phase,safenest-node-01
264.5110,-0.370000,S001,S001_NORMAL_D12,1,NORMAL_D12,23.00,1.3202,,MR60BHA2_breath_phase,safenest-node-01
264.6110,-0.360000,S001,S001_NORMAL_D12,1,NORMAL_D12,24.00,1.3202,,MR60BHA2_breath_phase,safenest-node-01
264.7110,-0.340000,S001,S001_NORMAL_D12,1,NORMAL_D12,24.00,1.3202,,MR60BHA2_breath_phase,safenest-node-01
264.8110,-0.310000,S001,S001_NORMAL_D12,1,NORMAL_D12,24.00,1.3202,,MR60BHA2_breath_phase,safenest-node-01
264.9110,-0.280000,S001,S001_NORMAL_D12,1,NORMAL_D12,24.00,1.3202,,MR60BHA2_breath_phase,safenest-node-01
265.0110,-0.220000,S001,S001_NORMAL_D12,1,NORMAL_D12,24.00,1.3202,,MR60BHA2_breath_phase,safenest-node-01
265.1110,-0.160000,S001,S001_NORMAL_D12,1,NORMAL_D12,25.00,1.3202,,MR60BHA2_breath_phase,safenest-node-01
265.2110,-0.090000,S001,S001_NORMAL_D12,1,NORMAL_D12,25.00,1.3202,,MR60BHA2_breath_phase,safenest-node-01
265.3110,-0.060000,S001,S001_NORMAL_D12,1,NORMAL_D12,25.00,1.3202,,MR60BHA2_breath_phase,safenest-node-01
265.4110,-0.030000,S001,S001_NORMAL_D12,1,NORMAL_D12,25.00,1.3202,,MR60BHA2_breath_phase,safenest-node-01
265.5110,0.030000,S001,S001_NORMAL_D12,1,NORMAL_D12,25.00,1.3202,,MR60BHA2_breath_phase,safenest-node-01
265.6110,0.080000,S001,S001_NORMAL_D12,1,NORMAL_D12,25.00,1.3202,,MR60BHA2_breath_phase,safenest-node-01
265.7110,0.120000,S001,S001_NORMAL_D12,1,NORMAL_D12,25.00,1.3202,,MR60BHA2_breath_phase,safenest-node-01
265.8110,0.130000,S001,S001_NORMAL_D12,1,NORMAL_D12,25.00,1.3202,,MR60BHA2_breath_phase,safenest-node-01
265.9110,0.160000,S001,S001_NORMAL_D12,1,NORMAL_D12,25.00,1.3202,,MR60BHA2_breath_phase,safenest-node-01
266.0110,0.170000,S001,S001_NORMAL_D12,1,NORMAL_D12,26.00,1.3202,,MR60BHA2_breath_phase,safenest-node-01
266.1110,0.180000,S001,S001_NORMAL_D12,1,NORMAL_D12,26.00,1.3202,,MR60BHA2_breath_phase,safenest-node-01
266.2110,0.190000,S001,S001_NORMAL_D12,1,NORMAL_D12,26.00,1.3202,,MR60BHA2_breath_phase,safenest-node-01
266.3120,0.190000,S001,S001_NORMAL_D12,1,NORMAL_D12,26.00,1.3202,,MR60BHA2_breath_phase,safenest-node-01
266.4120,0.200000,S001,S001_NORMAL_D12,1,NORMAL_D12,27.00,1.3202,,MR60BHA2_breath_phase,safenest-node-01
266.5120,0.200000,S001,S001_NORMAL_D12,1,NORMAL_D12,27.00,1.3202,,MR60BHA2_breath_phase,safenest-node-01
266.6120,0.220000,S001,S001_NORMAL_D12,1,NORMAL_D12,27.00,1.3202,,MR60BHA2_breath_phase,safenest-node-01
266.7120,0.240000,S001,S001_NORMAL_D12,1,NORMAL_D12,27.00,1.3202,,MR60BHA2_breath_phase,safenest-node-01
266.8120,0.260000,S001,S001_NORMAL_D12,1,NORMAL_D12,27.00,1.3202,,MR60BHA2_breath_phase,safenest-node-01
266.9120,0.280000,S001,S001_NORMAL_D12,1,NORMAL_D12,27.00,1.3202,,MR60BHA2_breath_phase,safenest-node-01
267.0120,0.300000,S001,S001_NORMAL_D12,1,NORMAL_D12,27.00,1.3202,,MR60BHA2_breath_phase,safenest-node-01
267.1120,0.300000,S001,S001_NORMAL_D12,1,NORMAL_D12,27.00,1.3202,,MR60BHA2_breath_phase,safenest-node-01
267.2120,0.300000,S001,S001_NORMAL_D12,1,NORMAL_D12,27.00,1.3202,,MR60BHA2_breath_phase,safenest-node-01
267.3120,0.290000,S001,S001_NORMAL_D12,1,NORMAL_D12,27.00,1.3202,,MR60BHA2_breath_phase,safenest-node-01
267.4120,0.270000,S001,S001_NORMAL_D12,1,NORMAL_D12,27.00,1.3202,,MR60BHA2_breath_phase,safenest-node-01
267.5120,0.230000,S001,S001_NORMAL_D12,1,NORMAL_D12,26.00,1.3202,,MR60BHA2_breath_phase,safenest-node-01
267.6120,0.200000,S001,S001_NORMAL_D12,1,NORMAL_D12,26.00,1.3202,,MR60BHA2_breath_phase,safenest-node-01
267.7120,0.140000,S001,S001_NORMAL_D12,1,NORMAL_D12,25.00,1.3202,,MR60BHA2_breath_phase,safenest-node-01
267.8120,0.070000,S001,S001_NORMAL_D12,1,NORMAL_D12,25.00,1.3202,,MR60BHA2_breath_phase,safenest-node-01
267.9120,0.040000,S001,S001_NORMAL_D12,1,NORMAL_D12,25.00,1.3202,,MR60BHA2_breath_phase,safenest-node-01
268.0120,-0.030000,S001,S001_NORMAL_D12,1,NORMAL_D12,24.00,1.3202,,MR60BHA2_breath_phase,safenest-node-01
268.1120,-0.060000,S001,S001_NORMAL_D12,1,NORMAL_D12,24.00,1.3202,,MR60BHA2_breath_phase,safenest-node-01
268.2120,-0.120000,S001,S001_NORMAL_D12,1,NORMAL_D12,23.00,1.3202,,MR60BHA2_breath_phase,safenest-node-01
268.3120,-0.160000,S001,S001_NORMAL_D12,1,NORMAL_D12,23.00,1.3202,,MR60BHA2_breath_phase,safenest-node-01
268.4130,-0.190000,S001,S001_NORMAL_D12,1,NORMAL_D12,23.00,1.3202,,MR60BHA2_breath_phase,safenest-node-01
268.5130,-0.190000,S001,S001_NORMAL_D12,1,NORMAL_D12,23.00,1.3202,,MR60BHA2_breath_phase,safenest-node-01
268.6130,-0.190000,S001,S001_NORMAL_D12,1,NORMAL_D12,23.00,1.3202,,MR60BHA2_breath_phase,safenest-node-01
268.7130,-0.180000,S001,S001_NORMAL_D12,1,NORMAL_D12,23.00,1.3202,,MR60BHA2_breath_phase,safenest-node-01
268.8130,-0.150000,S001,S001_NORMAL_D12,1,NORMAL_D12,23.00,1.3202,,MR60BHA2_breath_phase,safenest-node-01
268.9130,-0.110000,S001,S001_NORMAL_D12,1,NORMAL_D12,23.00,1.3202,,MR60BHA2_breath_phase,safenest-node-01
269.0130,-0.080000,S001,S001_NORMAL_D12,1,NORMAL_D12,23.00,1.3202,,MR60BHA2_breath_phase,safenest-node-01
269.1130,-0.020000,S001,S001_NORMAL_D12,1,NORMAL_D12,22.00,1.3202,,MR60BHA2_breath_phase,safenest-node-01
269.2130,0.010000,S001,S001_NORMAL_D12,1,NORMAL_D12,22.00,1.3202,,MR60BHA2_breath_phase,safenest-node-01
269.3130,0.080000,S001,S001_NORMAL_D12,1,NORMAL_D12,22.00,1.3202,,MR60BHA2_breath_phase,safenest-node-01
269.4130,0.150000,S001,S001_NORMAL_D12,1,NORMAL_D12,22.00,1.3202,,MR60BHA2_breath_phase,safenest-node-01
269.5140,0.210000,S001,S001_NORMAL_D12,1,NORMAL_D12,22.00,1.3202,,MR60BHA2_breath_phase,safenest-node-01
269.6140,0.240000,S001,S001_NORMAL_D12,1,NORMAL_D12,22.00,1.3202,,MR60BHA2_breath_phase,safenest-node-01
269.7140,0.260000,S001,S001_NORMAL_D12,1,NORMAL_D12,22.00,1.3202,,MR60BHA2_breath_phase,safenest-node-01
269.8140,0.290000,S001,S001_NORMAL_D12,1,NORMAL_D12,22.00,1.3202,,MR60BHA2_breath_phase,safenest-node-01
269.9140,0.300000,S001,S001_NORMAL_D12,1,NORMAL_D12,22.00,1.3202,,MR60BHA2_breath_phase,safenest-node-01
270.0140,0.290000,S001,S001_NORMAL_D12,1,NORMAL_D12,22.00,1.3202,,MR60BHA2_breath_phase,safenest-node-01
270.1140,0.270000,S001,S001_NORMAL_D12,1,NORMAL_D12,22.00,1.3202,,MR60BHA2_breath_phase,safenest-node-01
270.2140,0.210000,S001,S001_NORMAL_D12,1,NORMAL_D12,22.00,1.3202,,MR60BHA2_breath_phase,safenest-node-01
270.3140,0.180000,S001,S001_NORMAL_D12,1,NORMAL_D12,22.00,1.3202,,MR60BHA2_breath_phase,safenest-node-01
270.4140,0.100000,S001,S001_NORMAL_D12,1,NORMAL_D12,22.00,1.3202,,MR60BHA2_breath_phase,safenest-node-01
270.5140,0.000000,S001,S001_NORMAL_D12,1,NORMAL_D12,22.00,1.3202,,MR60BHA2_breath_phase,safenest-node-01
270.6140,-0.050000,S001,S001_NORMAL_D12,1,NORMAL_D12,22.00,1.3202,,MR60BHA2_breath_phase,safenest-node-01
270.7140,-0.140000,S001,S001_NORMAL_D12,1,NORMAL_D12,21.00,1.3202,,MR60BHA2_breath_phase,safenest-node-01
270.8140,-0.190000,S001,S001_NORMAL_D12,1,NORMAL_D12,21.00,1.3202,,MR60BHA2_breath_phase,safenest-node-01
270.9140,-0.270000,S001,S001_NORMAL_D12,1,NORMAL_D12,21.00,1.3202,,MR60BHA2_breath_phase,safenest-node-01
271.0140,-0.340000,S001,S001_NORMAL_D12,1,NORMAL_D12,22.00,1.3202,,MR60BHA2_breath_phase,safenest-node-01
271.1140,-0.390000,S001,S001_NORMAL_D12,1,NORMAL_D12,22.00,1.3202,,MR60BHA2_breath_phase,safenest-node-01
271.2140,-0.400000,S001,S001_NORMAL_D12,1,NORMAL_D12,22.00,1.3202,,MR60BHA2_breath_phase,safenest-node-01
271.3140,-0.410000,S001,S001_NORMAL_D12,1,NORMAL_D12,22.00,1.3202,,MR60BHA2_breath_phase,safenest-node-01
271.4140,-0.410000,S001,S001_NORMAL_D12,1,NORMAL_D12,22.00,1.3202,,MR60BHA2_breath_phase,safenest-node-01
271.5140,-0.370000,S001,S001_NORMAL_D12,1,NORMAL_D12,22.00,1.3202,,MR60BHA2_breath_phase,safenest-node-01
271.6140,-0.310000,S001,S001_NORMAL_D12,1,NORMAL_D12,22.00,1.3202,,MR60BHA2_breath_phase,safenest-node-01
271.7140,-0.270000,S001,S001_NORMAL_D12,1,NORMAL_D12,22.00,1.3202,,MR60BHA2_breath_phase,safenest-node-01
271.8140,-0.170000,S001,S001_NORMAL_D12,1,NORMAL_D12,22.00,1.3202,,MR60BHA2_breath_phase,safenest-node-01
271.9140,-0.120000,S001,S001_NORMAL_D12,1,NORMAL_D12,22.00,1.3202,,MR60BHA2_breath_phase,safenest-node-01
272.0140,-0.010000,S001,S001_NORMAL_D12,1,NORMAL_D12,22.00,1.3202,,MR60BHA2_breath_phase,safenest-node-01
272.1140,0.090000,S001,S001_NORMAL_D12,1,NORMAL_D12,22.00,1.3202,,MR60BHA2_breath_phase,safenest-node-01
272.2150,0.140000,S001,S001_NORMAL_D12,1,NORMAL_D12,22.00,1.3202,,MR60BHA2_breath_phase,safenest-node-01
272.3150,0.220000,S001,S001_NORMAL_D12,1,NORMAL_D12,22.00,1.3202,,MR60BHA2_breath_phase,safenest-node-01
272.4150,0.250000,S001,S001_NORMAL_D12,1,NORMAL_D12,22.00,1.3202,,MR60BHA2_breath_phase,safenest-node-01
272.5150,0.290000,S001,S001_NORMAL_D12,1,NORMAL_D12,22.00,1.3202,,MR60BHA2_breath_phase,safenest-node-01
272.6150,0.290000,S001,S001_NORMAL_D12,1,NORMAL_D12,22.00,1.3202,,MR60BHA2_breath_phase,safenest-node-01
272.7150,0.280000,S001,S001_NORMAL_D12,1,NORMAL_D12,23.00,1.3202,,MR60BHA2_breath_phase,safenest-node-01
272.8150,0.260000,S001,S001_NORMAL_D12,1,NORMAL_D12,23.00,1.3202,,MR60BHA2_breath_phase,safenest-node-01
272.9150,0.210000,S001,S001_NORMAL_D12,1,NORMAL_D12,23.00,1.3202,,MR60BHA2_breath_phase,safenest-node-01
273.0150,0.180000,S001,S001_NORMAL_D12,1,NORMAL_D12,23.00,1.3202,,MR60BHA2_breath_phase,safenest-node-01
273.1150,0.110000,S001,S001_NORMAL_D12,1,NORMAL_D12,23.00,1.3202,,MR60BHA2_breath_phase,safenest-node-01
273.2150,0.040000,S001,S001_NORMAL_D12,1,NORMAL_D12,23.00,1.3202,,MR60BHA2_breath_phase,safenest-node-01
273.3150,0.000000,S001,S001_NORMAL_D12,1,NORMAL_D12,23.00,1.3202,,MR60BHA2_breath_phase,safenest-node-01
273.4150,-0.080000,S001,S001_NORMAL_D12,1,NORMAL_D12,23.00,1.3202,,MR60BHA2_breath_phase,safenest-node-01
273.5150,-0.110000,S001,S001_NORMAL_D12,1,NORMAL_D12,23.00,1.3202,,MR60BHA2_breath_phase,safenest-node-01
273.6150,-0.180000,S001,S001_NORMAL_D12,1,NORMAL_D12,23.00,1.3202,,MR60BHA2_breath_phase,safenest-node-01
273.7150,-0.240000,S001,S001_NORMAL_D12,1,NORMAL_D12,23.00,1.3202,,MR60BHA2_breath_phase,safenest-node-01
273.8150,-0.280000,S001,S001_NORMAL_D12,1,NORMAL_D12,23.00,1.3202,,MR60BHA2_breath_phase,safenest-node-01
273.9160,-0.290000,S001,S001_NORMAL_D12,1,NORMAL_D12,23.00,1.3202,,MR60BHA2_breath_phase,safenest-node-01
274.0160,-0.320000,S001,S001_NORMAL_D12,1,NORMAL_D12,23.00,1.3202,,MR60BHA2_breath_phase,safenest-node-01
274.1160,-0.330000,S001,S001_NORMAL_D12,1,NORMAL_D12,24.00,1.3202,,MR60BHA2_breath_phase,safenest-node-01
274.2160,-0.340000,S001,S001_NORMAL_D12,1,NORMAL_D12,24.00,1.3202,,MR60BHA2_breath_phase,safenest-node-01
274.3160,-0.330000,S001,S001_NORMAL_D12,1,NORMAL_D12,24.00,1.3202,,MR60BHA2_breath_phase,safenest-node-01
274.4160,-0.320000,S001,S001_NORMAL_D12,1,NORMAL_D12,24.00,1.3202,,MR60BHA2_breath_phase,safenest-node-01
274.5160,-0.310000,S001,S001_NORMAL_D12,1,NORMAL_D12,24.00,1.3202,,MR60BHA2_breath_phase,safenest-node-01
274.6160,-0.280000,S001,S001_NORMAL_D12,1,NORMAL_D12,24.00,1.3202,,MR60BHA2_breath_phase,safenest-node-01
274.7160,-0.260000,S001,S001_NORMAL_D12,1,NORMAL_D12,25.00,1.3202,,MR60BHA2_breath_phase,safenest-node-01
274.8160,-0.220000,S001,S001_NORMAL_D12,1,NORMAL_D12,25.00,1.3202,,MR60BHA2_breath_phase,safenest-node-01
274.9160,-0.160000,S001,S001_NORMAL_D12,1,NORMAL_D12,25.00,1.3202,,MR60BHA2_breath_phase,safenest-node-01
275.0160,-0.100000,S001,S001_NORMAL_D12,1,NORMAL_D12,25.00,1.3202,,MR60BHA2_breath_phase,safenest-node-01
275.1160,-0.070000,S001,S001_NORMAL_D12,1,NORMAL_D12,25.00,1.3202,,MR60BHA2_breath_phase,safenest-node-01
275.2160,-0.000000,S001,S001_NORMAL_D12,1,NORMAL_D12,25.00,1.3202,,MR60BHA2_breath_phase,safenest-node-01
275.3160,0.030000,S001,S001_NORMAL_D12,1,NORMAL_D12,25.00,1.3202,,MR60BHA2_breath_phase,safenest-node-01
275.4160,0.090000,S001,S001_NORMAL_D12,1,NORMAL_D12,25.00,1.3202,,MR60BHA2_breath_phase,safenest-node-01
275.5160,0.140000,S001,S001_NORMAL_D12,1,NORMAL_D12,25.00,1.3202,,MR60BHA2_breath_phase,safenest-node-01
275.6160,0.190000,S001,S001_NORMAL_D12,1,NORMAL_D12,25.00,1.3202,,MR60BHA2_breath_phase,safenest-node-01
275.7160,0.210000,S001,S001_NORMAL_D12,1,NORMAL_D12,25.00,1.3202,,MR60BHA2_breath_phase,safenest-node-01
275.8160,0.240000,S001,S001_NORMAL_D12,1,NORMAL_D12,25.00,1.3202,,MR60BHA2_breath_phase,safenest-node-01
275.9160,0.250000,S001,S001_NORMAL_D12,1,NORMAL_D12,25.00,1.3202,,MR60BHA2_breath_phase,safenest-node-01
276.0160,0.260000,S001,S001_NORMAL_D12,1,NORMAL_D12,25.00,1.3202,,MR60BHA2_breath_phase,safenest-node-01
276.1160,0.270000,S001,S001_NORMAL_D12,1,NORMAL_D12,25.00,1.3202,,MR60BHA2_breath_phase,safenest-node-01
276.2170,0.270000,S001,S001_NORMAL_D12,1,NORMAL_D12,25.00,1.3202,,MR60BHA2_breath_phase,safenest-node-01
276.3170,0.260000,S001,S001_NORMAL_D12,1,NORMAL_D12,25.00,1.3202,,MR60BHA2_breath_phase,safenest-node-01
276.4170,0.250000,S001,S001_NORMAL_D12,1,NORMAL_D12,25.00,1.3202,,MR60BHA2_breath_phase,safenest-node-01
276.5170,0.240000,S001,S001_NORMAL_D12,1,NORMAL_D12,24.00,1.3202,,MR60BHA2_breath_phase,safenest-node-01
276.6170,0.230000,S001,S001_NORMAL_D12,1,NORMAL_D12,24.00,1.3202,,MR60BHA2_breath_phase,safenest-node-01
276.7170,0.230000,S001,S001_NORMAL_D12,1,NORMAL_D12,24.00,1.3202,,MR60BHA2_breath_phase,safenest-node-01
276.8180,0.230000,S001,S001_NORMAL_D12,1,NORMAL_D12,24.00,1.3202,,MR60BHA2_breath_phase,safenest-node-01
276.9180,0.220000,S001,S001_NORMAL_D12,1,NORMAL_D12,24.00,1.3202,,MR60BHA2_breath_phase,safenest-node-01
277.0180,0.220000,S001,S001_NORMAL_D12,1,NORMAL_D12,24.00,1.3202,,MR60BHA2_breath_phase,safenest-node-01
277.1180,0.210000,S001,S001_NORMAL_D12,1,NORMAL_D12,24.00,1.3202,,MR60BHA2_breath_phase,safenest-node-01
277.2180,0.190000,S001,S001_NORMAL_D12,1,NORMAL_D12,24.00,1.3202,,MR60BHA2_breath_phase,safenest-node-01
277.3180,0.160000,S001,S001_NORMAL_D12,1,NORMAL_D12,24.00,1.3202,,MR60BHA2_breath_phase,safenest-node-01
277.4180,0.150000,S001,S001_NORMAL_D12,1,NORMAL_D12,24.00,1.3202,,MR60BHA2_breath_phase,safenest-node-01
277.5180,0.100000,S001,S001_NORMAL_D12,1,NORMAL_D12,24.00,1.3202,,MR60BHA2_breath_phase,safenest-node-01
277.6180,0.070000,S001,S001_NORMAL_D12,1,NORMAL_D12,24.00,1.3202,,MR60BHA2_breath_phase,safenest-node-01
277.7180,0.020000,S001,S001_NORMAL_D12,1,NORMAL_D12,24.00,1.3202,,MR60BHA2_breath_phase,safenest-node-01
277.8180,-0.050000,S001,S001_NORMAL_D12,1,NORMAL_D12,24.00,1.3202,,MR60BHA2_breath_phase,safenest-node-01
277.9180,-0.110000,S001,S001_NORMAL_D12,1,NORMAL_D12,24.00,1.3202,,MR60BHA2_breath_phase,safenest-node-01
278.0180,-0.140000,S001,S001_NORMAL_D12,1,NORMAL_D12,24.00,1.3202,,MR60BHA2_breath_phase,safenest-node-01
278.1180,-0.200000,S001,S001_NORMAL_D12,1,NORMAL_D12,23.00,1.3202,,MR60BHA2_breath_phase,safenest-node-01
278.2180,-0.230000,S001,S001_NORMAL_D12,1,NORMAL_D12,23.00,1.3202,,MR60BHA2_breath_phase,safenest-node-01
278.3180,-0.270000,S001,S001_NORMAL_D12,1,NORMAL_D12,23.00,1.3202,,MR60BHA2_breath_phase,safenest-node-01
278.4180,-0.310000,S001,S001_NORMAL_D12,1,NORMAL_D12,23.00,1.3202,,MR60BHA2_breath_phase,safenest-node-01
278.5190,-0.330000,S001,S001_NORMAL_D12,1,NORMAL_D12,22.00,1.3202,,MR60BHA2_breath_phase,safenest-node-01
278.6190,-0.340000,S001,S001_NORMAL_D12,1,NORMAL_D12,22.00,1.3202,,MR60BHA2_breath_phase,safenest-node-01
278.7190,-0.340000,S001,S001_NORMAL_D12,1,NORMAL_D12,22.00,1.3202,,MR60BHA2_breath_phase,safenest-node-01
278.8190,-0.330000,S001,S001_NORMAL_D12,1,NORMAL_D12,22.00,1.3202,,MR60BHA2_breath_phase,safenest-node-01
278.9190,-0.300000,S001,S001_NORMAL_D12,1,NORMAL_D12,22.00,1.3202,,MR60BHA2_breath_phase,safenest-node-01
279.0190,-0.250000,S001,S001_NORMAL_D12,1,NORMAL_D12,22.00,1.3202,,MR60BHA2_breath_phase,safenest-node-01
279.1190,-0.190000,S001,S001_NORMAL_D12,1,NORMAL_D12,22.00,1.3202,,MR60BHA2_breath_phase,safenest-node-01
279.2190,-0.150000,S001,S001_NORMAL_D12,1,NORMAL_D12,22.00,1.3202,,MR60BHA2_breath_phase,safenest-node-01
279.3190,-0.070000,S001,S001_NORMAL_D12,1,NORMAL_D12,21.00,1.3202,,MR60BHA2_breath_phase,safenest-node-01
279.4190,-0.020000,S001,S001_NORMAL_D12,1,NORMAL_D12,21.00,1.3202,,MR60BHA2_breath_phase,safenest-node-01
279.5190,0.070000,S001,S001_NORMAL_D12,1,NORMAL_D12,21.00,1.3202,,MR60BHA2_breath_phase,safenest-node-01
279.6190,0.170000,S001,S001_NORMAL_D12,1,NORMAL_D12,21.00,1.3202,,MR60BHA2_breath_phase,safenest-node-01
279.7190,0.210000,S001,S001_NORMAL_D12,1,NORMAL_D12,21.00,1.3202,,MR60BHA2_breath_phase,safenest-node-01
279.8190,0.290000,S001,S001_NORMAL_D12,1,NORMAL_D12,21.00,1.3202,,MR60BHA2_breath_phase,safenest-node-01
279.9190,0.340000,S001,S001_NORMAL_D12,1,NORMAL_D12,21.00,1.3202,,MR60BHA2_breath_phase,safenest-node-01
280.0190,0.350000,S001,S001_NORMAL_D12,1,NORMAL_D12,21.00,1.3202,,MR60BHA2_breath_phase,safenest-node-01
280.1190,0.360000,S001,S001_NORMAL_D12,1,NORMAL_D12,21.00,1.3202,,MR60BHA2_breath_phase,safenest-node-01
280.2190,0.330000,S001,S001_NORMAL_D12,1,NORMAL_D12,21.00,1.3202,,MR60BHA2_breath_phase,safenest-node-01
280.3190,0.300000,S001,S001_NORMAL_D12,1,NORMAL_D12,21.00,1.3202,,MR60BHA2_breath_phase,safenest-node-01
280.4190,0.230000,S001,S001_NORMAL_D12,1,NORMAL_D12,20.00,1.3202,,MR60BHA2_breath_phase,safenest-node-01
280.5190,0.140000,S001,S001_NORMAL_D12,1,NORMAL_D12,20.00,1.3202,,MR60BHA2_breath_phase,safenest-node-01
280.6190,0.090000,S001,S001_NORMAL_D12,1,NORMAL_D12,20.00,1.3202,,MR60BHA2_breath_phase,safenest-node-01
280.7190,-0.020000,S001,S001_NORMAL_D12,1,NORMAL_D12,20.00,1.3202,,MR60BHA2_breath_phase,safenest-node-01
280.8190,-0.110000,S001,S001_NORMAL_D12,1,NORMAL_D12,20.00,1.3202,,MR60BHA2_breath_phase,safenest-node-01
280.9190,-0.160000,S001,S001_NORMAL_D12,1,NORMAL_D12,20.00,1.3202,,MR60BHA2_breath_phase,safenest-node-01
281.0190,-0.230000,S001,S001_NORMAL_D12,1,NORMAL_D12,20.00,1.3202,,MR60BHA2_breath_phase,safenest-node-01
281.1190,-0.260000,S001,S001_NORMAL_D12,1,NORMAL_D12,20.00,1.3202,,MR60BHA2_breath_phase,safenest-node-01
281.2190,-0.300000,S001,S001_NORMAL_D12,1,NORMAL_D12,20.00,1.3202,,MR60BHA2_breath_phase,safenest-node-01
281.3190,-0.310000,S001,S001_NORMAL_D12,1,NORMAL_D12,20.00,1.3202,,MR60BHA2_breath_phase,safenest-node-01
281.4190,-0.300000,S001,S001_NORMAL_D12,1,NORMAL_D12,20.00,1.3202,,MR60BHA2_breath_phase,safenest-node-01
281.5190,-0.280000,S001,S001_NORMAL_D12,1,NORMAL_D12,20.00,1.3202,,MR60BHA2_breath_phase,safenest-node-01
281.6190,-0.230000,S001,S001_NORMAL_D12,1,NORMAL_D12,20.00,1.3202,,MR60BHA2_breath_phase,safenest-node-01
281.7190,-0.200000,S001,S001_NORMAL_D12,1,NORMAL_D12,20.00,1.3202,,MR60BHA2_breath_phase,safenest-node-01
281.8190,-0.130000,S001,S001_NORMAL_D12,1,NORMAL_D12,20.00,1.3202,,MR60BHA2_breath_phase,safenest-node-01
281.9190,-0.050000,S001,S001_NORMAL_D12,1,NORMAL_D12,20.00,1.3202,,MR60BHA2_breath_phase,safenest-node-01
282.0190,0.030000,S001,S001_NORMAL_D12,1,NORMAL_D12,20.00,1.3202,,MR60BHA2_breath_phase,safenest-node-01
282.1190,0.070000,S001,S001_NORMAL_D12,1,NORMAL_D12,20.00,1.3202,,MR60BHA2_breath_phase,safenest-node-01
282.2190,0.140000,S001,S001_NORMAL_D12,1,NORMAL_D12,20.00,1.3202,,MR60BHA2_breath_phase,safenest-node-01
282.3190,0.170000,S001,S001_NORMAL_D12,1,NORMAL_D12,20.00,1.3202,,MR60BHA2_breath_phase,safenest-node-01
282.4190,0.220000,S001,S001_NORMAL_D12,1,NORMAL_D12,19.00,1.3202,,MR60BHA2_breath_phase,safenest-node-01
282.5190,0.260000,S001,S001_NORMAL_D12,1,NORMAL_D12,20.00,1.3202,,MR60BHA2_breath_phase,safenest-node-01
282.6190,0.290000,S001,S001_NORMAL_D12,1,NORMAL_D12,20.00,1.3202,,MR60BHA2_breath_phase,safenest-node-01
282.7190,0.290000,S001,S001_NORMAL_D12,1,NORMAL_D12,20.00,1.3202,,MR60BHA2_breath_phase,safenest-node-01
282.8190,0.290000,S001,S001_NORMAL_D12,1,NORMAL_D12,20.00,1.3202,,MR60BHA2_breath_phase,safenest-node-01
282.9190,0.280000,S001,S001_NORMAL_D12,1,NORMAL_D12,20.00,1.3202,,MR60BHA2_breath_phase,safenest-node-01
283.0190,0.260000,S001,S001_NORMAL_D12,1,NORMAL_D12,20.00,1.3202,,MR60BHA2_breath_phase,safenest-node-01
283.1190,0.230000,S001,S001_NORMAL_D12,1,NORMAL_D12,21.00,1.3202,,MR60BHA2_breath_phase,safenest-node-01
283.2190,0.210000,S001,S001_NORMAL_D12,1,NORMAL_D12,21.00,1.3202,,MR60BHA2_breath_phase,safenest-node-01
283.3190,0.160000,S001,S001_NORMAL_D12,1,NORMAL_D12,21.00,1.3202,,MR60BHA2_breath_phase,safenest-node-01
283.4190,0.110000,S001,S001_NORMAL_D12,1,NORMAL_D12,21.00,1.3202,,MR60BHA2_breath_phase,safenest-node-01
283.5190,0.080000,S001,S001_NORMAL_D12,1,NORMAL_D12,21.00,1.3202,,MR60BHA2_breath_phase,safenest-node-01
283.6190,0.030000,S001,S001_NORMAL_D12,1,NORMAL_D12,21.00,1.3202,,MR60BHA2_breath_phase,safenest-node-01
283.7190,-0.030000,S001,S001_NORMAL_D12,1,NORMAL_D12,21.00,1.3202,,MR60BHA2_breath_phase,safenest-node-01
283.8190,-0.050000,S001,S001_NORMAL_D12,1,NORMAL_D12,21.00,1.3202,,MR60BHA2_breath_phase,safenest-node-01
283.9190,-0.100000,S001,S001_NORMAL_D12,1,NORMAL_D12,21.00,1.3202,,MR60BHA2_breath_phase,safenest-node-01
284.0200,-0.130000,S001,S001_NORMAL_D12,1,NORMAL_D12,21.00,1.3202,,MR60BHA2_breath_phase,safenest-node-01
284.1200,-0.150000,S001,S001_NORMAL_D12,1,NORMAL_D12,22.00,1.3202,,MR60BHA2_breath_phase,safenest-node-01
284.2200,-0.160000,S001,S001_NORMAL_D12,1,NORMAL_D12,22.00,1.3202,,MR60BHA2_breath_phase,safenest-node-01
284.3200,-0.170000,S001,S001_NORMAL_D12,1,NORMAL_D12,22.00,1.3202,,MR60BHA2_breath_phase,safenest-node-01
284.4200,-0.170000,S001,S001_NORMAL_D12,1,NORMAL_D12,22.00,1.3202,,MR60BHA2_breath_phase,safenest-node-01
284.5200,-0.160000,S001,S001_NORMAL_D12,1,NORMAL_D12,22.00,1.3202,,MR60BHA2_breath_phase,safenest-node-01
284.6200,-0.150000,S001,S001_NORMAL_D12,1,NORMAL_D12,22.00,1.3202,,MR60BHA2_breath_phase,safenest-node-01
284.7200,-0.130000,S001,S001_NORMAL_D12,1,NORMAL_D12,22.00,1.3202,,MR60BHA2_breath_phase,safenest-node-01
284.8200,-0.110000,S001,S001_NORMAL_D12,1,NORMAL_D12,22.00,1.3202,,MR60BHA2_breath_phase,safenest-node-01
284.9200,-0.080000,S001,S001_NORMAL_D12,1,NORMAL_D12,22.00,1.3202,,MR60BHA2_breath_phase,safenest-node-01
285.0200,-0.070000,S001,S001_NORMAL_D12,1,NORMAL_D12,22.00,1.3202,,MR60BHA2_breath_phase,safenest-node-01
285.1200,-0.050000,S001,S001_NORMAL_D12,1,NORMAL_D12,22.00,1.3202,,MR60BHA2_breath_phase,safenest-node-01
285.2200,-0.040000,S001,S001_NORMAL_D12,1,NORMAL_D12,22.00,1.3202,,MR60BHA2_breath_phase,safenest-node-01
285.3200,-0.020000,S001,S001_NORMAL_D12,1,NORMAL_D12,22.00,1.3202,,MR60BHA2_breath_phase,safenest-node-01
285.4200,-0.000000,S001,S001_NORMAL_D12,1,NORMAL_D12,23.00,1.3202,,MR60BHA2_breath_phase,safenest-node-01
285.5200,0.010000,S001,S001_NORMAL_D12,1,NORMAL_D12,23.00,1.3202,,MR60BHA2_breath_phase,safenest-node-01
285.6200,0.020000,S001,S001_NORMAL_D12,1,NORMAL_D12,23.00,1.3202,,MR60BHA2_breath_phase,safenest-node-01
285.7200,0.020000,S001,S001_NORMAL_D12,1,NORMAL_D12,23.00,1.3202,,MR60BHA2_breath_phase,safenest-node-01
285.8200,0.020000,S001,S001_NORMAL_D12,1,NORMAL_D12,23.00,1.3202,,MR60BHA2_breath_phase,safenest-node-01
285.9200,0.020000,S001,S001_NORMAL_D12,1,NORMAL_D12,23.00,1.3202,,MR60BHA2_breath_phase,safenest-node-01
286.0200,0.020000,S001,S001_NORMAL_D12,1,NORMAL_D12,23.00,1.3202,,MR60BHA2_breath_phase,safenest-node-01
286.1200,0.020000,S001,S001_NORMAL_D12,1,NORMAL_D12,23.00,1.3202,,MR60BHA2_breath_phase,safenest-node-01
286.2200,0.020000,S001,S001_NORMAL_D12,1,NORMAL_D12,23.00,1.3202,,MR60BHA2_breath_phase,safenest-node-01
286.3200,0.020000,S001,S001_NORMAL_D12,1,NORMAL_D12,23.00,1.3202,,MR60BHA2_breath_phase,safenest-node-01
286.4200,0.020000,S001,S001_NORMAL_D12,1,NORMAL_D12,23.00,1.3202,,MR60BHA2_breath_phase,safenest-node-01
286.5200,0.010000,S001,S001_NORMAL_D12,1,NORMAL_D12,23.00,1.3202,,MR60BHA2_breath_phase,safenest-node-01
286.6200,0.010000,S001,S001_NORMAL_D12,1,NORMAL_D12,23.00,1.3202,,MR60BHA2_breath_phase,safenest-node-01
286.7200,-0.000000,S001,S001_NORMAL_D12,1,NORMAL_D12,23.00,1.3202,,MR60BHA2_breath_phase,safenest-node-01
286.8200,-0.010000,S001,S001_NORMAL_D12,1,NORMAL_D12,23.00,1.3776,,MR60BHA2_breath_phase,safenest-node-01
286.9200,-0.020000,S001,S001_NORMAL_D12,1,NORMAL_D12,23.00,1.3776,,MR60BHA2_breath_phase,safenest-node-01
287.0200,-0.020000,S001,S001_NORMAL_D12,1,NORMAL_D12,23.00,1.3776,,MR60BHA2_breath_phase,safenest-node-01
287.1200,-0.030000,S001,S001_NORMAL_D12,1,NORMAL_D12,23.00,1.3776,,MR60BHA2_breath_phase,safenest-node-01
287.2200,-0.030000,S001,S001_NORMAL_D12,1,NORMAL_D12,23.00,1.3776,,MR60BHA2_breath_phase,safenest-node-01
287.3200,-0.040000,S001,S001_NORMAL_D12,1,NORMAL_D12,23.00,1.3776,,MR60BHA2_breath_phase,safenest-node-01
287.4200,-0.040000,S001,S001_NORMAL_D12,1,NORMAL_D12,23.00,1.3776,,MR60BHA2_breath_phase,safenest-node-01
287.5200,-0.040000,S001,S001_NORMAL_D12,1,NORMAL_D12,23.00,1.3776,,MR60BHA2_breath_phase,safenest-node-01
287.6200,-0.040000,S001,S001_NORMAL_D12,1,NORMAL_D12,23.00,1.3776,,MR60BHA2_breath_phase,safenest-node-01
287.7200,-0.040000,S001,S001_NORMAL_D12,1,NORMAL_D12,23.00,1.3776,,MR60BHA2_breath_phase,safenest-node-01
287.8210,-0.040000,S001,S001_NORMAL_D12,1,NORMAL_D12,23.00,1.3776,,MR60BHA2_breath_phase,safenest-node-01
287.9210,-0.040000,S001,S001_NORMAL_D12,1,NORMAL_D12,23.00,1.3776,,MR60BHA2_breath_phase,safenest-node-01
288.0210,-0.030000,S001,S001_NORMAL_D12,1,NORMAL_D12,23.00,1.3776,,MR60BHA2_breath_phase,safenest-node-01
288.1210,-0.010000,S001,S001_NORMAL_D12,1,NORMAL_D12,23.00,1.3776,,MR60BHA2_breath_phase,safenest-node-01
288.2210,-0.010000,S001,S001_NORMAL_D12,1,NORMAL_D12,23.00,1.3776,,MR60BHA2_breath_phase,safenest-node-01
288.3210,0.010000,S001,S001_NORMAL_D12,1,NORMAL_D12,23.00,1.3776,,MR60BHA2_breath_phase,safenest-node-01
288.4210,0.020000,S001,S001_NORMAL_D12,1,NORMAL_D12,23.00,1.3776,,MR60BHA2_breath_phase,safenest-node-01
288.5210,0.030000,S001,S001_NORMAL_D12,1,NORMAL_D12,23.00,1.3776,,MR60BHA2_breath_phase,safenest-node-01
288.6210,0.050000,S001,S001_NORMAL_D12,1,NORMAL_D12,23.00,1.3776,,MR60BHA2_breath_phase,safenest-node-01
288.7210,0.050000,S001,S001_NORMAL_D12,1,NORMAL_D12,23.00,1.3776,,MR60BHA2_breath_phase,safenest-node-01
288.8210,0.060000,S001,S001_NORMAL_D12,1,NORMAL_D12,23.00,1.3776,,MR60BHA2_breath_phase,safenest-node-01
288.9210,0.070000,S001,S001_NORMAL_D12,1,NORMAL_D12,23.00,1.3776,,MR60BHA2_breath_phase,safenest-node-01
289.0210,0.070000,S001,S001_NORMAL_D12,1,NORMAL_D12,23.00,1.3776,,MR60BHA2_breath_phase,safenest-node-01
289.1210,0.070000,S001,S001_NORMAL_D12,1,NORMAL_D12,23.00,1.3776,,MR60BHA2_breath_phase,safenest-node-01
289.2210,0.070000,S001,S001_NORMAL_D12,1,NORMAL_D12,23.00,1.3776,,MR60BHA2_breath_phase,safenest-node-01
289.3210,0.070000,S001,S001_NORMAL_D12,1,NORMAL_D12,23.00,1.3776,,MR60BHA2_breath_phase,safenest-node-01
289.4210,0.070000,S001,S001_NORMAL_D12,1,NORMAL_D12,23.00,1.3776,,MR60BHA2_breath_phase,safenest-node-01
289.5210,0.060000,S001,S001_NORMAL_D12,1,NORMAL_D12,23.00,1.3776,,MR60BHA2_breath_phase,safenest-node-01
289.6210,0.050000,S001,S001_NORMAL_D12,1,NORMAL_D12,23.00,1.3776,,MR60BHA2_breath_phase,safenest-node-01
289.7210,0.040000,S001,S001_NORMAL_D12,1,NORMAL_D12,23.00,1.3776,,MR60BHA2_breath_phase,safenest-node-01
289.8210,0.030000,S001,S001_NORMAL_D12,1,NORMAL_D12,23.00,1.3776,,MR60BHA2_breath_phase,safenest-node-01
289.9210,0.020000,S001,S001_NORMAL_D12,1,NORMAL_D12,23.00,1.3776,,MR60BHA2_breath_phase,safenest-node-01
290.0210,0.010000,S001,S001_NORMAL_D12,1,NORMAL_D12,23.00,1.3776,,MR60BHA2_breath_phase,safenest-node-01
290.1210,-0.000000,S001,S001_NORMAL_D12,1,NORMAL_D12,23.00,1.3776,,MR60BHA2_breath_phase,safenest-node-01
290.2210,-0.010000,S001,S001_NORMAL_D12,1,NORMAL_D12,23.00,1.3776,,MR60BHA2_breath_phase,safenest-node-01
290.3210,-0.020000,S001,S001_NORMAL_D12,1,NORMAL_D12,23.00,1.3776,,MR60BHA2_breath_phase,safenest-node-01
290.4210,-0.020000,S001,S001_NORMAL_D12,1,NORMAL_D12,23.00,1.3776,,MR60BHA2_breath_phase,safenest-node-01
290.5210,-0.030000,S001,S001_NORMAL_D12,1,NORMAL_D12,23.00,1.3776,,MR60BHA2_breath_phase,safenest-node-01
290.6210,-0.030000,S001,S001_NORMAL_D12,1,NORMAL_D12,23.00,1.3776,,MR60BHA2_breath_phase,safenest-node-01
290.7210,-0.030000,S001,S001_NORMAL_D12,1,NORMAL_D12,23.00,1.3776,,MR60BHA2_breath_phase,safenest-node-01
290.8210,-0.030000,S001,S001_NORMAL_D12,1,NORMAL_D12,23.00,1.3776,,MR60BHA2_breath_phase,safenest-node-01
290.9210,-0.030000,S001,S001_NORMAL_D12,1,NORMAL_D12,23.00,1.3776,,MR60BHA2_breath_phase,safenest-node-01
291.0210,-0.030000,S001,S001_NORMAL_D12,1,NORMAL_D12,23.00,1.3776,,MR60BHA2_breath_phase,safenest-node-01
291.1210,-0.020000,S001,S001_NORMAL_D12,1,NORMAL_D12,23.00,1.3776,,MR60BHA2_breath_phase,safenest-node-01
291.2210,-0.020000,S001,S001_NORMAL_D12,1,NORMAL_D12,22.00,1.3776,,MR60BHA2_breath_phase,safenest-node-01
291.3210,-0.020000,S001,S001_NORMAL_D12,1,NORMAL_D12,22.00,1.3776,,MR60BHA2_breath_phase,safenest-node-01
291.4210,-0.020000,S001,S001_NORMAL_D12,1,NORMAL_D12,21.00,1.3776,,MR60BHA2_breath_phase,safenest-node-01
291.5210,-0.030000,S001,S001_NORMAL_D12,1,NORMAL_D12,20.00,1.3776,,MR60BHA2_breath_phase,safenest-node-01
291.6210,-0.030000,S001,S001_NORMAL_D12,1,NORMAL_D12,19.00,1.3776,,MR60BHA2_breath_phase,safenest-node-01
291.7210,-0.040000,S001,S001_NORMAL_D12,1,NORMAL_D12,19.00,1.3776,,MR60BHA2_breath_phase,safenest-node-01
291.8220,-0.050000,S001,S001_NORMAL_D12,1,NORMAL_D12,19.00,1.3776,,MR60BHA2_breath_phase,safenest-node-01
291.9220,-0.060000,S001,S001_NORMAL_D12,1,NORMAL_D12,19.00,1.3776,,MR60BHA2_breath_phase,safenest-node-01
292.0220,-0.070000,S001,S001_NORMAL_D12,1,NORMAL_D12,20.00,1.3776,,MR60BHA2_breath_phase,safenest-node-01
292.1220,-0.070000,S001,S001_NORMAL_D12,1,NORMAL_D12,19.00,1.3776,,MR60BHA2_breath_phase,safenest-node-01
292.2220,-0.070000,S001,S001_NORMAL_D12,1,NORMAL_D12,18.00,1.3776,,MR60BHA2_breath_phase,safenest-node-01
292.3220,-0.060000,S001,S001_NORMAL_D12,1,NORMAL_D12,17.00,1.3776,,MR60BHA2_breath_phase,safenest-node-01
292.4220,-0.050000,S001,S001_NORMAL_D12,1,NORMAL_D12,17.00,1.3776,,MR60BHA2_breath_phase,safenest-node-01
292.5220,-0.020000,S001,S001_NORMAL_D12,1,NORMAL_D12,16.00,1.3776,,MR60BHA2_breath_phase,safenest-node-01
292.6220,-0.010000,S001,S001_NORMAL_D12,1,NORMAL_D12,15.00,1.3776,,MR60BHA2_breath_phase,safenest-node-01
292.7220,0.020000,S001,S001_NORMAL_D12,1,NORMAL_D12,14.00,1.3776,,MR60BHA2_breath_phase,safenest-node-01
292.8220,0.040000,S001,S001_NORMAL_D12,1,NORMAL_D12,14.00,1.3776,,MR60BHA2_breath_phase,safenest-node-01
292.9220,0.040000,S001,S001_NORMAL_D12,1,NORMAL_D12,14.00,1.3776,,MR60BHA2_breath_phase,safenest-node-01
293.0220,0.040000,S001,S001_NORMAL_D12,1,NORMAL_D12,13.00,1.3776,,MR60BHA2_breath_phase,safenest-node-01
293.1220,0.040000,S001,S001_NORMAL_D12,1,NORMAL_D12,12.00,1.3776,,MR60BHA2_breath_phase,safenest-node-01
293.2220,0.010000,S001,S001_NORMAL_D12,1,NORMAL_D12,12.00,1.3776,,MR60BHA2_breath_phase,safenest-node-01
293.3220,-0.020000,S001,S001_NORMAL_D12,1,NORMAL_D12,11.00,1.3776,,MR60BHA2_breath_phase,safenest-node-01
293.4220,-0.060000,S001,S001_NORMAL_D12,1,NORMAL_D12,11.00,1.3776,,MR60BHA2_breath_phase,safenest-node-01
293.5220,-0.070000,S001,S001_NORMAL_D12,1,NORMAL_D12,11.00,1.3776,,MR60BHA2_breath_phase,safenest-node-01
293.6220,-0.090000,S001,S001_NORMAL_D12,1,NORMAL_D12,10.00,1.3776,,MR60BHA2_breath_phase,safenest-node-01
293.7220,-0.120000,S001,S001_NORMAL_D12,1,NORMAL_D12,10.00,1.3776,,MR60BHA2_breath_phase,safenest-node-01
293.8220,-0.140000,S001,S001_NORMAL_D12,1,NORMAL_D12,9.00,1.3776,,MR60BHA2_breath_phase,safenest-node-01
293.9220,-0.150000,S001,S001_NORMAL_D12,1,NORMAL_D12,9.00,1.3776,,MR60BHA2_breath_phase,safenest-node-01
294.0220,-0.150000,S001,S001_NORMAL_D12,1,NORMAL_D12,9.00,1.3776,,MR60BHA2_breath_phase,safenest-node-01
294.1220,-0.150000,S001,S001_NORMAL_D12,1,NORMAL_D12,8.00,1.3776,,MR60BHA2_breath_phase,safenest-node-01
294.2220,-0.140000,S001,S001_NORMAL_D12,1,NORMAL_D12,8.00,1.3776,,MR60BHA2_breath_phase,safenest-node-01
294.3220,-0.110000,S001,S001_NORMAL_D12,1,NORMAL_D12,7.00,1.3776,,MR60BHA2_breath_phase,safenest-node-01
294.4220,-0.070000,S001,S001_NORMAL_D12,1,NORMAL_D12,7.00,1.3776,,MR60BHA2_breath_phase,safenest-node-01
294.5220,-0.050000,S001,S001_NORMAL_D12,1,NORMAL_D12,7.00,1.3776,,MR60BHA2_breath_phase,safenest-node-01
294.6220,-0.000000,S001,S001_NORMAL_D12,1,NORMAL_D12,7.00,1.3776,,MR60BHA2_breath_phase,safenest-node-01
294.7220,0.020000,S001,S001_NORMAL_D12,1,NORMAL_D12,6.00,1.3776,,MR60BHA2_breath_phase,safenest-node-01
294.8220,0.070000,S001,S001_NORMAL_D12,1,NORMAL_D12,6.00,1.3776,,MR60BHA2_breath_phase,safenest-node-01
294.9220,0.110000,S001,S001_NORMAL_D12,1,NORMAL_D12,6.00,1.3776,,MR60BHA2_breath_phase,safenest-node-01
295.0220,0.130000,S001,S001_NORMAL_D12,1,NORMAL_D12,6.00,1.3776,,MR60BHA2_breath_phase,safenest-node-01
295.1220,0.160000,S001,S001_NORMAL_D12,1,NORMAL_D12,5.00,1.3776,,MR60BHA2_breath_phase,safenest-node-01
295.2220,0.170000,S001,S001_NORMAL_D12,1,NORMAL_D12,6.00,1.3776,,MR60BHA2_breath_phase,safenest-node-01
295.3220,0.190000,S001,S001_NORMAL_D12,1,NORMAL_D12,7.00,1.3776,,MR60BHA2_breath_phase,safenest-node-01
295.4220,0.200000,S001,S001_NORMAL_D12,1,NORMAL_D12,8.00,1.3776,,MR60BHA2_breath_phase,safenest-node-01
295.5220,0.200000,S001,S001_NORMAL_D12,1,NORMAL_D12,9.00,1.3776,,MR60BHA2_breath_phase,safenest-node-01
295.6220,0.200000,S001,S001_NORMAL_D12,1,NORMAL_D12,9.00,1.3776,,MR60BHA2_breath_phase,safenest-node-01
295.7220,0.180000,S001,S001_NORMAL_D12,1,NORMAL_D12,10.00,1.3776,,MR60BHA2_breath_phase,safenest-node-01
295.8220,0.180000,S001,S001_NORMAL_D12,1,NORMAL_D12,10.00,1.3776,,MR60BHA2_breath_phase,safenest-node-01
295.9220,0.160000,S001,S001_NORMAL_D12,1,NORMAL_D12,11.00,1.3776,,MR60BHA2_breath_phase,safenest-node-01
296.0220,0.140000,S001,S001_NORMAL_D12,1,NORMAL_D12,12.00,1.3776,,MR60BHA2_breath_phase,safenest-node-01
296.1220,0.130000,S001,S001_NORMAL_D12,1,NORMAL_D12,12.00,1.3776,,MR60BHA2_breath_phase,safenest-node-01
296.2220,0.110000,S001,S001_NORMAL_D12,1,NORMAL_D12,12.00,1.3776,,MR60BHA2_breath_phase,safenest-node-01
296.3220,0.100000,S001,S001_NORMAL_D12,1,NORMAL_D12,13.00,1.3776,,MR60BHA2_breath_phase,safenest-node-01
296.4220,0.080000,S001,S001_NORMAL_D12,1,NORMAL_D12,13.00,1.3776,,MR60BHA2_breath_phase,safenest-node-01
296.5220,0.050000,S001,S001_NORMAL_D12,1,NORMAL_D12,14.00,1.3776,,MR60BHA2_breath_phase,safenest-node-01
296.6230,0.040000,S001,S001_NORMAL_D12,1,NORMAL_D12,14.00,1.3776,,MR60BHA2_breath_phase,safenest-node-01
296.7230,0.010000,S001,S001_NORMAL_D12,1,NORMAL_D12,14.00,1.3776,,MR60BHA2_breath_phase,safenest-node-01
296.8230,-0.010000,S001,S001_NORMAL_D12,1,NORMAL_D12,15.00,1.3776,,MR60BHA2_breath_phase,safenest-node-01
296.9230,-0.040000,S001,S001_NORMAL_D12,1,NORMAL_D12,15.00,1.3202,,MR60BHA2_breath_phase,safenest-node-01
297.0230,-0.080000,S001,S001_NORMAL_D12,1,NORMAL_D12,15.00,1.3202,,MR60BHA2_breath_phase,safenest-node-01
297.1240,-0.120000,S001,S001_NORMAL_D12,1,NORMAL_D12,16.00,1.3202,,MR60BHA2_breath_phase,safenest-node-01
297.2240,-0.140000,S001,S001_NORMAL_D12,1,NORMAL_D12,16.00,1.3202,,MR60BHA2_breath_phase,safenest-node-01
297.3240,-0.170000,S001,S001_NORMAL_D12,1,NORMAL_D12,16.00,1.3202,,MR60BHA2_breath_phase,safenest-node-01
297.4240,-0.180000,S001,S001_NORMAL_D12,1,NORMAL_D12,17.00,1.3202,,MR60BHA2_breath_phase,safenest-node-01
297.5240,-0.200000,S001,S001_NORMAL_D12,1,NORMAL_D12,17.00,1.3202,,MR60BHA2_breath_phase,safenest-node-01
297.6240,-0.210000,S001,S001_NORMAL_D12,1,NORMAL_D12,18.00,1.3202,,MR60BHA2_breath_phase,safenest-node-01
297.7240,-0.200000,S001,S001_NORMAL_D12,1,NORMAL_D12,18.00,1.3202,,MR60BHA2_breath_phase,safenest-node-01
297.8240,-0.190000,S001,S001_NORMAL_D12,1,NORMAL_D12,18.00,1.3202,,MR60BHA2_breath_phase,safenest-node-01
297.9240,-0.180000,S001,S001_NORMAL_D12,1,NORMAL_D12,18.00,1.3202,,MR60BHA2_breath_phase,safenest-node-01
298.0240,-0.150000,S001,S001_NORMAL_D12,1,NORMAL_D12,18.00,1.3202,,MR60BHA2_breath_phase,safenest-node-01
298.1240,-0.120000,S001,S001_NORMAL_D12,1,NORMAL_D12,18.00,1.3202,,MR60BHA2_breath_phase,safenest-node-01
298.2240,-0.100000,S001,S001_NORMAL_D12,1,NORMAL_D12,18.00,1.3202,,MR60BHA2_breath_phase,safenest-node-01
298.3240,-0.050000,S001,S001_NORMAL_D12,1,NORMAL_D12,18.00,1.3202,,MR60BHA2_breath_phase,safenest-node-01
298.4240,-0.030000,S001,S001_NORMAL_D12,1,NORMAL_D12,18.00,1.3202,,MR60BHA2_breath_phase,safenest-node-01
298.5240,0.020000,S001,S001_NORMAL_D12,1,NORMAL_D12,18.00,1.3202,,MR60BHA2_breath_phase,safenest-node-01
298.6240,0.060000,S001,S001_NORMAL_D12,1,NORMAL_D12,18.00,1.3202,,MR60BHA2_breath_phase,safenest-node-01
298.7250,0.090000,S001,S001_NORMAL_D12,1,NORMAL_D12,18.00,1.3202,,MR60BHA2_breath_phase,safenest-node-01
298.8250,0.100000,S001,S001_NORMAL_D12,1,NORMAL_D12,18.00,1.3202,,MR60BHA2_breath_phase,safenest-node-01
298.9250,0.120000,S001,S001_NORMAL_D12,1,NORMAL_D12,18.00,1.3202,,MR60BHA2_breath_phase,safenest-node-01
299.0250,0.130000,S001,S001_NORMAL_D12,1,NORMAL_D12,18.00,1.3202,,MR60BHA2_breath_phase,safenest-node-01
299.1250,0.150000,S001,S001_NORMAL_D12,1,NORMAL_D12,19.00,1.3202,,MR60BHA2_breath_phase,safenest-node-01
299.2250,0.160000,S001,S001_NORMAL_D12,1,NORMAL_D12,19.00,1.3202,,MR60BHA2_breath_phase,safenest-node-01
299.3250,0.170000,S001,S001_NORMAL_D12,1,NORMAL_D12,19.00,1.3202,,MR60BHA2_breath_phase,safenest-node-01
299.4250,0.190000,S001,S001_NORMAL_D12,1,NORMAL_D12,19.00,1.3202,,MR60BHA2_breath_phase,safenest-node-01
299.5250,0.200000,S001,S001_NORMAL_D12,1,NORMAL_D12,19.00,1.3202,,MR60BHA2_breath_phase,safenest-node-01
299.6250,0.230000,S001,S001_NORMAL_D12,1,NORMAL_D12,19.00,1.3202,,MR60BHA2_breath_phase,safenest-node-01
299.7250,0.270000,S001,S001_NORMAL_D12,1,NORMAL_D12,20.00,1.3202,,MR60BHA2_breath_phase,safenest-node-01
299.8260,0.280000,S001,S001_NORMAL_D12,1,NORMAL_D12,20.00,1.3202,,MR60BHA2_breath_phase,safenest-node-01
