timestamp_s,resp_phase,subject_id,session_id,presence,label,breath_rpm,range_m,quality,signal_source,device_id
0.0000,-0.130000,S001,S001_BREATH_PACED_20_05,1,BREATH_PACED_20,23.00,0.8610,,MR60BHA2_breath_phase,safenest-node-01
0.1000,-0.130000,S001,S001_BREATH_PACED_20_05,1,BREATH_PACED_20,23.00,0.8610,,MR60BHA2_breath_phase,safenest-node-01
0.2000,-0.140000,S001,S001_BREATH_PACED_20_05,1,BREATH_PACED_20,23.00,0.8610,,MR60BHA2_breath_phase,safenest-node-01
0.3000,-0.130000,S001,S001_BREATH_PACED_20_05,1,BREATH_PACED_20,23.00,0.8610,,MR60BHA2_breath_phase,safenest-node-01
0.4000,-0.120000,S001,S001_BREATH_PACED_20_05,1,BREATH_PACED_20,23.00,0.8610,,MR60BHA2_breath_phase,safenest-node-01
0.5000,-0.100000,S001,S001_BREATH_PACED_20_05,1,BREATH_PACED_20,23.00,0.8610,,MR60BHA2_breath_phase,safenest-node-01
0.6000,-0.090000,S001,S001_BREATH_PACED_20_05,1,BREATH_PACED_20,23.00,0.8610,,MR60BHA2_breath_phase,safenest-node-01
0.7000,-0.070000,S001,S001_BREATH_PACED_20_05,1,BREATH_PACED_20,23.00,0.8610,,MR60BHA2_breath_phase,safenest-node-01
0.8000,-0.050000,S001,S001_BREATH_PACED_20_05,1,BREATH_PACED_20,23.00,0.8610,,MR60BHA2_breath_phase,safenest-node-01
0.9000,-0.040000,S001,S001_BREATH_PACED_20_05,1,BREATH_PACED_20,23.00,0.8610,,MR60BHA2_breath_phase,safenest-node-01
1.0000,-0.030000,S001,S001_BREATH_PACED_20_05,1,BREATH_PACED_20,23.00,0.8610,,MR60BHA2_breath_phase,safenest-node-01
1.1000,-0.020000,S001,S001_BREATH_PACED_20_05,1,BREATH_PACED_20,23.00,0.8610,,MR60BHA2_breath_phase,safenest-node-01
1.2000,-0.000000,S001,S001_BREATH_PACED_20_05,1,BREATH_PACED_20,23.00,0.8610,,MR60BHA2_breath_phase,safenest-node-01
1.3000,0.020000,S001,S001_BREATH_PACED_20_05,1,BREATH_PACED_20,23.00,0.8610,,MR60BHA2_breath_phase,safenest-node-01
1.4010,0.030000,S001,S001_BREATH_PACED_20_05,1,BREATH_PACED_20,23.00,0.8610,,MR60BHA2_breath_phase,safenest-node-01
1.5010,0.060000,S001,S001_BREATH_PACED_20_05,1,BREATH_PACED_20,23.00,0.8610,,MR60BHA2_breath_phase,safenest-node-01
1.6010,0.070000,S001,S001_BREATH_PACED_20_05,1,BREATH_PACED_20,23.00,0.8610,,MR60BHA2_breath_phase,safenest-node-01
1.7010,0.100000,S001,S001_BREATH_PACED_20_05,1,BREATH_PACED_20,23.00,0.8610,,MR60BHA2_breath_phase,safenest-node-01
1.8010,0.130000,S001,S001_BREATH_PACED_20_05,1,BREATH_PACED_20,23.00,0.8610,,MR60BHA2_breath_phase,safenest-node-01
1.9010,0.150000,S001,S001_BREATH_PACED_20_05,1,BREATH_PACED_20,23.00,0.8610,,MR60BHA2_breath_phase,safenest-node-01
2.0010,0.160000,S001,S001_BREATH_PACED_20_05,1,BREATH_PACED_20,23.00,0.8610,,MR60BHA2_breath_phase,safenest-node-01
2.1010,0.160000,S001,S001_BREATH_PACED_20_05,1,BREATH_PACED_20,23.00,0.8610,,MR60BHA2_breath_phase,safenest-node-01
2.2010,0.150000,S001,S001_BREATH_PACED_20_05,1,BREATH_PACED_20,23.00,0.8610,,MR60BHA2_breath_phase,safenest-node-01
2.3010,0.130000,S001,S001_BREATH_PACED_20_05,1,BREATH_PACED_20,23.00,0.8610,,MR60BHA2_breath_phase,safenest-node-01
2.4010,0.100000,S001,S001_BREATH_PACED_20_05,1,BREATH_PACED_20,23.00,0.8610,,MR60BHA2_breath_phase,safenest-node-01
2.5010,0.080000,S001,S001_BREATH_PACED_20_05,1,BREATH_PACED_20,23.00,0.8610,,MR60BHA2_breath_phase,safenest-node-01
2.6010,0.020000,S001,S001_BREATH_PACED_20_05,1,BREATH_PACED_20,23.00,0.8610,,MR60BHA2_breath_phase,safenest-node-01
2.7010,-0.010000,S001,S001_BREATH_PACED_20_05,1,BREATH_PACED_20,23.00,0.8610,,MR60BHA2_breath_phase,safenest-node-01
2.8010,-0.090000,S001,S001_BREATH_PACED_20_05,1,BREATH_PACED_20,23.00,0.8610,,MR60BHA2_breath_phase,safenest-node-01
2.9010,-0.180000,S001,S001_BREATH_PACED_20_05,1,BREATH_PACED_20,23.00,0.8610,,MR60BHA2_breath_phase,safenest-node-01
3.0030,-0.240000,S001,S001_BREATH_PACED_20_05,1,BREATH_PACED_20,23.00,0.8610,,MR60BHA2_breath_phase,safenest-node-01
3.1030,-0.350000,S001,S001_BREATH_PACED_20_05,1,BREATH_PACED_20,23.00,0.8610,,MR60BHA2_breath_phase,safenest-node-01
3.2030,-0.480000,S001,S001_BREATH_PACED_20_05,1,BREATH_PACED_20,23.00,0.8610,,MR60BHA2_breath_phase,safenest-node-01
3.3030,-0.540000,S001,S001_BREATH_PACED_20_05,1,BREATH_PACED_20,23.00,0.8610,,MR60BHA2_breath_phase,safenest-node-01
3.4030,-0.660000,S001,S001_BREATH_PACED_20_05,1,BREATH_PACED_20,23.00,0.8610,,MR60BHA2_breath_phase,safenest-node-01
3.5040,-0.770000,S001,S001_BREATH_PACED_20_05,1,BREATH_PACED_20,23.00,0.8610,,MR60BHA2_breath_phase,safenest-node-01
3.6040,-0.810000,S001,S001_BREATH_PACED_20_05,1,BREATH_PACED_20,23.00,0.8610,,MR60BHA2_breath_phase,safenest-node-01
3.7040,-0.880000,S001,S001_BREATH_PACED_20_05,1,BREATH_PACED_20,23.00,0.8610,,MR60BHA2_breath_phase,safenest-node-01
3.8040,-0.900000,S001,S001_BREATH_PACED_20_05,1,BREATH_PACED_20,23.00,0.8610,,MR60BHA2_breath_phase,safenest-node-01
3.9040,-0.900000,S001,S001_BREATH_PACED_20_05,1,BREATH_PACED_20,23.00,0.8610,,MR60BHA2_breath_phase,safenest-node-01
4.0040,-0.870000,S001,S001_BREATH_PACED_20_05,1,BREATH_PACED_20,23.00,0.8610,,MR60BHA2_breath_phase,safenest-node-01
4.1040,-0.830000,S001,S001_BREATH_PACED_20_05,1,BREATH_PACED_20,23.00,0.8610,,MR60BHA2_breath_phase,safenest-node-01
4.2040,-0.730000,S001,S001_BREATH_PACED_20_05,1,BREATH_PACED_20,23.00,0.8610,,MR60BHA2_breath_phase,safenest-node-01
4.3040,-0.660000,S001,S001_BREATH_PACED_20_05,1,BREATH_PACED_20,23.00,0.8610,,MR60BHA2_breath_phase,safenest-node-01
4.4040,-0.500000,S001,S001_BREATH_PACED_20_05,1,BREATH_PACED_20,23.00,0.8610,,MR60BHA2_breath_phase,safenest-node-01
4.5040,-0.310000,S001,S001_BREATH_PACED_20_05,1,BREATH_PACED_20,23.00,0.8610,,MR60BHA2_breath_phase,safenest-node-01
4.6050,-0.210000,S001,S001_BREATH_PACED_20_05,1,BREATH_PACED_20,23.00,0.8610,,MR60BHA2_breath_phase,safenest-node-01
4.7050,0.010000,S001,S001_BREATH_PACED_20_05,1,BREATH_PACED_20,23.00,0.8610,,MR60BHA2_breath_phase,safenest-node-01
4.8050,0.130000,S001,S001_BREATH_PACED_20_05,1,BREATH_PACED_20,23.00,0.8610,,MR60BHA2_breath_phase,safenest-node-01
4.9050,0.350000,S001,S001_BREATH_PACED_20_05,1,BREATH_PACED_20,23.00,0.8610,,MR60BHA2_breath_phase,safenest-node-01
5.0050,0.550000,S001,S001_BREATH_PACED_20_05,1,BREATH_PACED_20,23.00,0.8610,,MR60BHA2_breath_phase,safenest-node-01
5.1060,0.720000,S001,S001_BREATH_PACED_20_05,1,BREATH_PACED_20,23.00,0.8610,,MR60BHA2_breath_phase,safenest-node-01
5.2060,0.790000,S001,S001_BREATH_PACED_20_05,1,BREATH_PACED_20,23.00,0.8610,,MR60BHA2_breath_phase,safenest-node-01
5.3060,0.890000,S001,S001_BREATH_PACED_20_05,1,BREATH_PACED_20,23.00,0.8610,,MR60BHA2_breath_phase,safenest-node-01
5.4060,0.920000,S001,S001_BREATH_PACED_20_05,1,BREATH_PACED_20,23.00,0.8610,,MR60BHA2_breath_phase,safenest-node-01
5.5060,0.920000,S001,S001_BREATH_PACED_20_05,1,BREATH_PACED_20,23.00,0.8610,,MR60BHA2_breath_phase,safenest-node-01
5.6060,0.880000,S001,S001_BREATH_PACED_20_05,1,BREATH_PACED_20,23.00,0.8610,,MR60BHA2_breath_phase,safenest-node-01
5.7060,0.830000,S001,S001_BREATH_PACED_20_05,1,BREATH_PACED_20,23.00,0.8610,,MR60BHA2_breath_phase,safenest-node-01
5.8060,0.720000,S001,S001_BREATH_PACED_20_05,1,BREATH_PACED_20,23.00,0.8610,,MR60BHA2_breath_phase,safenest-node-01
5.9060,0.640000,S001,S001_BREATH_PACED_20_05,1,BREATH_PACED_20,23.00,0.8610,,MR60BHA2_breath_phase,safenest-node-01
6.0060,0.470000,S001,S001_BREATH_PACED_20_05,1,BREATH_PACED_20,23.00,0.8610,,MR60BHA2_breath_phase,safenest-node-01
6.1060,0.290000,S001,S001_BREATH_PACED_20_05,1,BREATH_PACED_20,23.00,0.8610,,MR60BHA2_breath_phase,safenest-node-01
6.2060,0.190000,S001,S001_BREATH_PACED_20_05,1,BREATH_PACED_20,23.00,0.8610,,MR60BHA2_breath_phase,safenest-node-01
6.3060,-0.000000,S001,S001_BREATH_PACED_20_05,1,BREATH_PACED_20,23.00,0.8610,,MR60BHA2_breath_phase,safenest-node-01
6.4060,-0.090000,S001,S001_BREATH_PACED_20_05,1,BREATH_PACED_20,23.00,0.8610,,MR60BHA2_breath_phase,safenest-node-01
6.5060,-0.260000,S001,S001_BREATH_PACED_20_05,1,BREATH_PACED_20,23.00,0.8610,,MR60BHA2_breath_phase,safenest-node-01
6.6060,-0.400000,S001,S001_BREATH_PACED_20_05,1,BREATH_PACED_20,23.00,0.8610,,MR60BHA2_breath_phase,safenest-node-01
6.7060,-0.460000,S001,S001_BREATH_PACED_20_05,1,BREATH_PACED_20,23.00,0.8610,,MR60BHA2_breath_phase,safenest-node-01
6.8060,-0.530000,S001,S001_BREATH_PACED_20_05,1,BREATH_PACED_20,23.00,0.8610,,MR60BHA2_breath_phase,safenest-node-01
6.9060,-0.570000,S001,S001_BREATH_PACED_20_05,1,BREATH_PACED_20,23.00,0.8610,,MR60BHA2_breath_phase,safenest-node-01
7.0060,-0.560000,S001,S001_BREATH_PACED_20_05,1,BREATH_PACED_20,23.00,0.8610,,MR60BHA2_breath_phase,safenest-node-01
7.1060,-0.520000,S001,S001_BREATH_PACED_20_05,1,BREATH_PACED_20,23.00,0.8610,,MR60BHA2_breath_phase,safenest-node-01
7.2060,-0.430000,S001,S001_BREATH_PACED_20_05,1,BREATH_PACED_20,23.00,0.8610,,MR60BHA2_breath_phase,safenest-node-01
7.3060,-0.370000,S001,S001_BREATH_PACED_20_05,1,BREATH_PACED_20,23.00,0.8610,,MR60BHA2_breath_phase,safenest-node-01
7.4060,-0.220000,S001,S001_BREATH_PACED_20_05,1,BREATH_PACED_20,23.00,0.8610,,MR60BHA2_breath_phase,safenest-node-01
7.5060,-0.130000,S001,S001_BREATH_PACED_20_05,1,BREATH_PACED_20,23.00,0.8610,,MR60BHA2_breath_phase,safenest-node-01
7.6060,0.050000,S001,S001_BREATH_PACED_20_05,1,BREATH_PACED_20,23.00,0.8610,,MR60BHA2_breath_phase,safenest-node-01
7.7060,0.230000,S001,S001_BREATH_PACED_20_05,1,BREATH_PACED_20,23.00,0.8610,,MR60BHA2_breath_phase,safenest-node-01
7.8060,0.310000,S001,S001_BREATH_PACED_20_05,1,BREATH_PACED_20,23.00,0.8610,,MR60BHA2_breath_phase,safenest-node-01
7.9060,0.470000,S001,S001_BREATH_PACED_20_05,1,BREATH_PACED_20,23.00,0.8610,,MR60BHA2_breath_phase,safenest-node-01
8.0060,0.530000,S001,S001_BREATH_PACED_20_05,1,BREATH_PACED_20,23.00,0.8610,,MR60BHA2_breath_phase,safenest-node-01
8.1060,0.630000,S001,S001_BREATH_PACED_20_05,1,BREATH_PACED_20,23.00,0.8610,,MR60BHA2_breath_phase,safenest-node-01
8.2060,0.680000,S001,S001_BREATH_PACED_20_05,1,BREATH_PACED_20,23.00,0.8610,,MR60BHA2_breath_phase,safenest-node-01
8.3060,0.690000,S001,S001_BREATH_PACED_20_05,1,BREATH_PACED_20,23.00,0.8610,,MR60BHA2_breath_phase,safenest-node-01
8.4060,0.660000,S001,S001_BREATH_PACED_20_05,1,BREATH_PACED_20,23.00,0.8610,,MR60BHA2_breath_phase,safenest-node-01
8.5060,0.630000,S001,S001_BREATH_PACED_20_05,1,BREATH_PACED_20,23.00,0.8610,,MR60BHA2_breath_phase,safenest-node-01
8.6060,0.520000,S001,S001_BREATH_PACED_20_05,1,BREATH_PACED_20,23.00,0.8610,,MR60BHA2_breath_phase,safenest-node-01
8.7060,0.380000,S001,S001_BREATH_PACED_20_05,1,BREATH_PACED_20,23.00,0.8610,,MR60BHA2_breath_phase,safenest-node-01
8.8060,0.190000,S001,S001_BREATH_PACED_20_05,1,BREATH_PACED_20,23.00,0.8610,,MR60BHA2_breath_phase,safenest-node-01
8.9060,0.100000,S001,S001_BREATH_PACED_20_05,1,BREATH_PACED_20,23.00,0.8610,,MR60BHA2_breath_phase,safenest-node-01
9.0060,-0.100000,S001,S001_BREATH_PACED_20_05,1,BREATH_PACED_20,23.00,0.8610,,MR60BHA2_breath_phase,safenest-node-01
9.1060,-0.200000,S001,S001_BREATH_PACED_20_05,1,BREATH_PACED_20,23.00,0.8610,,MR60BHA2_breath_phase,safenest-node-01
9.2060,-0.370000,S001,S001_BREATH_PACED_20_05,1,BREATH_PACED_20,23.00,0.8610,,MR60BHA2_breath_phase,safenest-node-01
9.3060,-0.520000,S001,S001_BREATH_PACED_20_05,1,BREATH_PACED_20,23.00,0.8610,,MR60BHA2_breath_phase,safenest-node-01
9.4060,-0.570000,S001,S001_BREATH_PACED_20_05,1,BREATH_PACED_20,23.00,0.8610,,MR60BHA2_breath_phase,safenest-node-01
9.5060,-0.650000,S001,S001_BREATH_PACED_20_05,1,BREATH_PACED_20,23.00,0.8610,,MR60BHA2_breath_phase,safenest-node-01
9.6060,-0.670000,S001,S001_BREATH_PACED_20_05,1,BREATH_PACED_20,23.00,0.8610,,MR60BHA2_breath_phase,safenest-node-01
9.7060,-0.660000,S001,S001_BREATH_PACED_20_05,1,BREATH_PACED_20,23.00,0.8610,,MR60BHA2_breath_phase,safenest-node-01
9.8060,-0.610000,S001,S001_BREATH_PACED_20_05,1,BREATH_PACED_20,23.00,0.8610,,MR60BHA2_breath_phase,safenest-node-01
9.9080,-0.560000,S001,S001_BREATH_PACED_20_05,1,BREATH_PACED_20,23.00,0.8610,,MR60BHA2_breath_phase,safenest-node-01
10.0080,-0.450000,S001,S001_BREATH_PACED_20_05,1,BREATH_PACED_20,23.00,0.8610,,MR60BHA2_breath_phase,safenest-node-01
10.1080,-0.380000,S001,S001_BREATH_PACED_20_05,1,BREATH_PACED_20,23.00,0.8610,,MR60BHA2_breath_phase,safenest-node-01
10.2080,-0.230000,S001,S001_BREATH_PACED_20_05,1,BREATH_PACED_20,23.00,0.8610,,MR60BHA2_breath_phase,safenest-node-01
10.3080,-0.070000,S001,S001_BREATH_PACED_20_05,1,BREATH_PACED_20,23.00,0.8610,,MR60BHA2_breath_phase,safenest-node-01
10.4100,0.110000,S001,S001_BREATH_PACED_20_05,1,BREATH_PACED_20,23.00,0.8610,,MR60BHA2_breath_phase,safenest-node-01
10.5100,0.200000,S001,S001_BREATH_PACED_20_05,1,BREATH_PACED_20,23.00,0.8610,,MR60BHA2_breath_phase,safenest-node-01
10.6100,0.380000,S001,S001_BREATH_PACED_20_05,1,BREATH_PACED_20,23.00,0.8610,,MR60BHA2_breath_phase,safenest-node-01
10.7100,0.470000,S001,S001_BREATH_PACED_20_05,1,BREATH_PACED_20,23.00,0.8610,,MR60BHA2_breath_phase,safenest-node-01
10.8100,0.630000,S001,S001_BREATH_PACED_20_05,1,BREATH_PACED_20,23.00,0.8610,,MR60BHA2_breath_phase,safenest-node-01
10.9100,0.780000,S001,S001_BREATH_PACED_20_05,1,BREATH_PACED_20,23.00,0.8610,,MR60BHA2_breath_phase,safenest-node-01
11.0100,0.840000,S001,S001_BREATH_PACED_20_05,1,BREATH_PACED_20,23.00,0.8610,,MR60BHA2_breath_phase,safenest-node-01
11.1100,0.940000,S001,S001_BREATH_PACED_20_05,1,BREATH_PACED_20,23.00,0.8610,,MR60BHA2_breath_phase,safenest-node-01
11.2100,0.970000,S001,S001_BREATH_PACED_20_05,1,BREATH_PACED_20,23.00,0.8610,,MR60BHA2_breath_phase,safenest-node-01
11.3100,0.980000,S001,S001_BREATH_PACED_20_05,1,BREATH_PACED_20,24.00,0.8610,,MR60BHA2_breath_phase,safenest-node-01
11.4100,0.930000,S001,S001_BREATH_PACED_20_05,1,BREATH_PACED_20,24.00,0.8610,,MR60BHA2_breath_phase,safenest-node-01
11.5100,0.880000,S001,S001_BREATH_PACED_20_05,1,BREATH_PACED_20,24.00,0.8610,,MR60BHA2_breath_phase,safenest-node-01
11.6100,0.730000,S001,S001_BREATH_PACED_20_05,1,BREATH_PACED_20,24.00,0.8610,,MR60BHA2_breath_phase,safenest-node-01
11.7100,0.640000,S001,S001_BREATH_PACED_20_05,1,BREATH_PACED_20,24.00,0.8610,,MR60BHA2_breath_phase,safenest-node-01
11.8100,0.420000,S001,S001_BREATH_PACED_20_05,1,BREATH_PACED_20,25.00,0.8610,,MR60BHA2_breath_phase,safenest-node-01
11.9100,0.160000,S001,S001_BREATH_PACED_20_05,1,BREATH_PACED_20,25.00,0.8610,,MR60BHA2_breath_phase,safenest-node-01
12.0100,0.030000,S001,S001_BREATH_PACED_20_05,1,BREATH_PACED_20,25.00,0.8610,,MR60BHA2_breath_phase,safenest-node-01
12.1100,-0.230000,S001,S001_BREATH_PACED_20_05,1,BREATH_PACED_20,25.00,0.8610,,MR60BHA2_breath_phase,safenest-node-01
12.2110,-0.470000,S001,S001_BREATH_PACED_20_05,1,BREATH_PACED_20,25.00,0.8610,,MR60BHA2_breath_phase,safenest-node-01
12.3110,-0.580000,S001,S001_BREATH_PACED_20_05,1,BREATH_PACED_20,25.00,0.8610,,MR60BHA2_breath_phase,safenest-node-01
12.4110,-0.760000,S001,S001_BREATH_PACED_20_05,1,BREATH_PACED_20,25.00,0.8610,,MR60BHA2_breath_phase,safenest-node-01
12.5110,-0.890000,S001,S001_BREATH_PACED_20_05,1,BREATH_PACED_20,25.00,0.8610,,MR60BHA2_breath_phase,safenest-node-01
12.6110,-0.930000,S001,S001_BREATH_PACED_20_05,1,BREATH_PACED_20,25.00,0.8610,,MR60BHA2_breath_phase,safenest-node-01
12.7110,-0.970000,S001,S001_BREATH_PACED_20_05,1,BREATH_PACED_20,26.00,0.8610,,MR60BHA2_breath_phase,safenest-node-01
12.8110,-0.970000,S001,S001_BREATH_PACED_20_05,1,BREATH_PACED_20,26.00,0.8610,,MR60BHA2_breath_phase,safenest-node-01
12.9110,-0.920000,S001,S001_BREATH_PACED_20_05,1,BREATH_PACED_20,26.00,0.8610,,MR60BHA2_breath_phase,safenest-node-01
13.0110,-0.810000,S001,S001_BREATH_PACED_20_05,1,BREATH_PACED_20,26.00,0.8610,,MR60BHA2_breath_phase,safenest-node-01
13.1110,-0.740000,S001,S001_BREATH_PACED_20_05,1,BREATH_PACED_20,26.00,0.8610,,MR60BHA2_breath_phase,safenest-node-01
13.2110,-0.570000,S001,S001_BREATH_PACED_20_05,1,BREATH_PACED_20,26.00,0.8610,,MR60BHA2_breath_phase,safenest-node-01
13.3110,-0.470000,S001,S001_BREATH_PACED_20_05,1,BREATH_PACED_20,26.00,0.8610,,MR60BHA2_breath_phase,safenest-node-01
13.4110,-0.250000,S001,S001_BREATH_PACED_20_05,1,BREATH_PACED_20,26.00,0.8610,,MR60BHA2_breath_phase,safenest-node-01
13.5110,-0.020000,S001,S001_BREATH_PACED_20_05,1,BREATH_PACED_20,26.00,0.8610,,MR60BHA2_breath_phase,safenest-node-01
13.6120,0.090000,S001,S001_BREATH_PACED_20_05,1,BREATH_PACED_20,26.00,0.8610,,MR60BHA2_breath_phase,safenest-node-01
13.7120,0.300000,S001,S001_BREATH_PACED_20_05,1,BREATH_PACED_20,26.00,0.8610,,MR60BHA2_breath_phase,safenest-node-01
13.8120,0.480000,S001,S001_BREATH_PACED_20_05,1,BREATH_PACED_20,26.00,0.8610,,MR60BHA2_breath_phase,safenest-node-01
13.9120,0.550000,S001,S001_BREATH_PACED_20_05,1,BREATH_PACED_20,26.00,0.8610,,MR60BHA2_breath_phase,safenest-node-01
14.0120,0.660000,S001,S001_BREATH_PACED_20_05,1,BREATH_PACED_20,25.00,0.8610,,MR60BHA2_breath_phase,safenest-node-01
14.1120,0.710000,S001,S001_BREATH_PACED_20_05,1,BREATH_PACED_20,25.00,0.8610,,MR60BHA2_breath_phase,safenest-node-01
14.2120,0.710000,S001,S001_BREATH_PACED_20_05,1,BREATH_PACED_20,25.00,0.8610,,MR60BHA2_breath_phase,safenest-node-01
14.3120,0.670000,S001,S001_BREATH_PACED_20_05,1,BREATH_PACED_20,25.00,0.8610,,MR60BHA2_breath_phase,safenest-node-01
14.4120,0.630000,S001,S001_BREATH_PACED_20_05,1,BREATH_PACED_20,25.00,0.8610,,MR60BHA2_breath_phase,safenest-node-01
14.5120,0.510000,S001,S001_BREATH_PACED_20_05,1,BREATH_PACED_20,25.00,0.8610,,MR60BHA2_breath_phase,safenest-node-01
14.6120,0.340000,S001,S001_BREATH_PACED_20_05,1,BREATH_PACED_20,25.00,0.8610,,MR60BHA2_breath_phase,safenest-node-01
14.7120,0.250000,S001,S001_BREATH_PACED_20_05,1,BREATH_PACED_20,25.00,0.8610,,MR60BHA2_breath_phase,safenest-node-01
14.8120,0.030000,S001,S001_BREATH_PACED_20_05,1,BREATH_PACED_20,25.00,0.8610,,MR60BHA2_breath_phase,safenest-node-01
14.9120,-0.080000,S001,S001_BREATH_PACED_20_05,1,BREATH_PACED_20,25.00,0.8610,,MR60BHA2_breath_phase,safenest-node-01
15.0120,-0.300000,S001,S001_BREATH_PACED_20_05,1,BREATH_PACED_20,25.00,0.8610,,MR60BHA2_breath_phase,safenest-node-01
15.1120,-0.510000,S001,S001_BREATH_PACED_20_05,1,BREATH_PACED_20,25.00,0.8610,,MR60BHA2_breath_phase,safenest-node-01
15.2140,-0.600000,S001,S001_BREATH_PACED_20_05,1,BREATH_PACED_20,25.00,0.8610,,MR60BHA2_breath_phase,safenest-node-01
15.3140,-0.760000,S001,S001_BREATH_PACED_20_05,1,BREATH_PACED_20,25.00,0.8610,,MR60BHA2_breath_phase,safenest-node-01
15.4140,-0.820000,S001,S001_BREATH_PACED_20_05,1,BREATH_PACED_20,25.00,0.8610,,MR60BHA2_breath_phase,safenest-node-01
15.5140,-0.900000,S001,S001_BREATH_PACED_20_05,1,BREATH_PACED_20,25.00,0.8610,,MR60BHA2_breath_phase,safenest-node-01
15.6140,-0.930000,S001,S001_BREATH_PACED_20_05,1,BREATH_PACED_20,24.00,0.8610,,MR60BHA2_breath_phase,safenest-node-01
15.7170,-0.900000,S001,S001_BREATH_PACED_20_05,1,BREATH_PACED_20,24.00,0.8610,,MR60BHA2_breath_phase,safenest-node-01
15.8170,-0.860000,S001,S001_BREATH_PACED_20_05,1,BREATH_PACED_20,24.00,0.8610,,MR60BHA2_breath_phase,safenest-node-01
15.9170,-0.760000,S001,S001_BREATH_PACED_20_05,1,BREATH_PACED_20,24.00,0.8610,,MR60BHA2_breath_phase,safenest-node-01
16.0170,-0.690000,S001,S001_BREATH_PACED_20_05,1,BREATH_PACED_20,24.00,0.8610,,MR60BHA2_breath_phase,safenest-node-01
16.1170,-0.520000,S001,S001_BREATH_PACED_20_05,1,BREATH_PACED_20,24.00,0.8610,,MR60BHA2_breath_phase,safenest-node-01
16.2170,-0.330000,S001,S001_BREATH_PACED_20_05,1,BREATH_PACED_20,24.00,0.8610,,MR60BHA2_breath_phase,safenest-node-01
16.3170,-0.220000,S001,S001_BREATH_PACED_20_05,1,BREATH_PACED_20,24.00,0.8610,,MR60BHA2_breath_phase,safenest-node-01
16.4170,-0.000000,S001,S001_BREATH_PACED_20_05,1,BREATH_PACED_20,24.00,0.8610,,MR60BHA2_breath_phase,safenest-node-01
16.5170,0.110000,S001,S001_BREATH_PACED_20_05,1,BREATH_PACED_20,24.00,0.8610,,MR60BHA2_breath_phase,safenest-node-01
16.6170,0.330000,S001,S001_BREATH_PACED_20_05,1,BREATH_PACED_20,24.00,0.8610,,MR60BHA2_breath_phase,safenest-node-01
16.7170,0.530000,S001,S001_BREATH_PACED_20_05,1,BREATH_PACED_20,24.00,0.8610,,MR60BHA2_breath_phase,safenest-node-01
16.8170,0.620000,S001,S001_BREATH_PACED_20_05,1,BREATH_PACED_20,24.00,0.8610,,MR60BHA2_breath_phase,safenest-node-01
16.9170,0.780000,S001,S001_BREATH_PACED_20_05,1,BREATH_PACED_20,24.00,0.8610,,MR60BHA2_breath_phase,safenest-node-01
17.0170,0.840000,S001,S001_BREATH_PACED_20_05,1,BREATH_PACED_20,24.00,0.8610,,MR60BHA2_breath_phase,safenest-node-01
17.1170,0.930000,S001,S001_BREATH_PACED_20_05,1,BREATH_PACED_20,24.00,0.8610,,MR60BHA2_breath_phase,safenest-node-01
17.2170,0.960000,S001,S001_BREATH_PACED_20_05,1,BREATH_PACED_20,24.00,0.8610,,MR60BHA2_breath_phase,safenest-node-01
17.3180,0.930000,S001,S001_BREATH_PACED_20_05,1,BREATH_PACED_20,24.00,0.8610,,MR60BHA2_breath_phase,safenest-node-01
17.4180,0.890000,S001,S001_BREATH_PACED_20_05,1,BREATH_PACED_20,24.00,0.8610,,MR60BHA2_breath_phase,safenest-node-01
17.5180,0.780000,S001,S001_BREATH_PACED_20_05,1,BREATH_PACED_20,24.00,0.8610,,MR60BHA2_breath_phase,safenest-node-01
17.6180,0.700000,S001,S001_BREATH_PACED_20_05,1,BREATH_PACED_20,24.00,0.8610,,MR60BHA2_breath_phase,safenest-node-01
17.7180,0.510000,S001,S001_BREATH_PACED_20_05,1,BREATH_PACED_20,24.00,0.8610,,MR60BHA2_breath_phase,safenest-node-01
17.8180,0.290000,S001,S001_BREATH_PACED_20_05,1,BREATH_PACED_20,24.00,0.8610,,MR60BHA2_breath_phase,safenest-node-01
17.9180,0.170000,S001,S001_BREATH_PACED_20_05,1,BREATH_PACED_20,24.00,0.8610,,MR60BHA2_breath_phase,safenest-node-01
18.0180,-0.070000,S001,S001_BREATH_PACED_20_05,1,BREATH_PACED_20,24.00,0.8610,,MR60BHA2_breath_phase,safenest-node-01
18.1180,-0.190000,S001,S001_BREATH_PACED_20_05,1,BREATH_PACED_20,24.00,0.8610,,MR60BHA2_breath_phase,safenest-node-01
18.2180,-0.420000,S001,S001_BREATH_PACED_20_05,1,BREATH_PACED_20,24.00,0.8610,,MR60BHA2_breath_phase,safenest-node-01
18.3180,-0.610000,S001,S001_BREATH_PACED_20_05,1,BREATH_PACED_20,24.00,0.8610,,MR60BHA2_breath_phase,safenest-node-01
18.4180,-0.690000,S001,S001_BREATH_PACED_20_05,1,BREATH_PACED_20,24.00,0.8610,,MR60BHA2_breath_phase,safenest-node-01
18.5180,-0.820000,S001,S001_BREATH_PACED_20_05,1,BREATH_PACED_20,24.00,0.8610,,MR60BHA2_breath_phase,safenest-node-01
18.6180,-0.870000,S001,S001_BREATH_PACED_20_05,1,BREATH_PACED_20,24.00,0.8610,,MR60BHA2_breath_phase,safenest-node-01
18.7180,-0.920000,S001,S001_BREATH_PACED_20_05,1,BREATH_PACED_20,24.00,0.8610,,MR60BHA2_breath_phase,safenest-node-01
18.8180,-0.900000,S001,S001_BREATH_PACED_20_05,1,BREATH_PACED_20,24.00,0.8610,,MR60BHA2_breath_phase,safenest-node-01
18.9180,-0.880000,S001,S001_BREATH_PACED_20_05,1,BREATH_PACED_20,24.00,0.8610,,MR60BHA2_breath_phase,safenest-node-01
19.0180,-0.790000,S001,S001_BREATH_PACED_20_05,1,BREATH_PACED_20,24.00,0.8610,,MR60BHA2_breath_phase,safenest-node-01
19.1180,-0.720000,S001,S001_BREATH_PACED_20_05,1,BREATH_PACED_20,24.00,0.8610,,MR60BHA2_breath_phase,safenest-node-01
19.2180,-0.560000,S001,S001_BREATH_PACED_20_05,1,BREATH_PACED_20,24.00,0.8610,,MR60BHA2_breath_phase,safenest-node-01
19.3180,-0.360000,S001,S001_BREATH_PACED_20_05,1,BREATH_PACED_20,24.00,0.8610,,MR60BHA2_breath_phase,safenest-node-01
19.4180,-0.140000,S001,S001_BREATH_PACED_20_05,1,BREATH_PACED_20,24.00,0.8610,,MR60BHA2_breath_phase,safenest-node-01
19.5180,-0.020000,S001,S001_BREATH_PACED_20_05,1,BREATH_PACED_20,24.00,0.8610,,MR60BHA2_breath_phase,safenest-node-01
19.6190,0.210000,S001,S001_BREATH_PACED_20_05,1,BREATH_PACED_20,24.00,0.8610,,MR60BHA2_breath_phase,safenest-node-01
19.7190,0.320000,S001,S001_BREATH_PACED_20_05,1,BREATH_PACED_20,24.00,0.8610,,MR60BHA2_breath_phase,safenest-node-01
19.8190,0.520000,S001,S001_BREATH_PACED_20_05,1,BREATH_PACED_20,24.00,0.8610,,MR60BHA2_breath_phase,safenest-node-01
19.9190,0.680000,S001,S001_BREATH_PACED_20_05,1,BREATH_PACED_20,24.00,0.8610,,MR60BHA2_breath_phase,safenest-node-01
20.0190,0.740000,S001,S001_BREATH_PACED_20_05,1,BREATH_PACED_20,24.00,0.8610,,MR60BHA2_breath_phase,safenest-node-01
20.1190,0.830000,S001,S001_BREATH_PACED_20_05,1,BREATH_PACED_20,24.00,0.8610,,MR60BHA2_breath_phase,safenest-node-01
20.2190,0.850000,S001,S001_BREATH_PACED_20_05,1,BREATH_PACED_20,24.00,0.8610,,MR60BHA2_breath_phase,safenest-node-01
20.3190,0.840000,S001,S001_BREATH_PACED_20_05,1,BREATH_PACED_20,24.00,0.8610,,MR60BHA2_breath_phase,safenest-node-01
20.4190,0.780000,S001,S001_BREATH_PACED_20_05,1,BREATH_PACED_20,24.00,0.8610,,MR60BHA2_breath_phase,safenest-node-01
20.5190,0.730000,S001,S001_BREATH_PACED_20_05,1,BREATH_PACED_20,24.00,0.8610,,MR60BHA2_breath_phase,safenest-node-01
20.6190,0.610000,S001,S001_BREATH_PACED_20_05,1,BREATH_PACED_20,24.00,0.8610,,MR60BHA2_breath_phase,safenest-node-01
20.7190,0.530000,S001,S001_BREATH_PACED_20_05,1,BREATH_PACED_20,24.00,0.8610,,MR60BHA2_breath_phase,safenest-node-01
20.8190,0.360000,S001,S001_BREATH_PACED_20_05,1,BREATH_PACED_20,24.00,0.8610,,MR60BHA2_breath_phase,safenest-node-01
20.9190,0.160000,S001,S001_BREATH_PACED_20_05,1,BREATH_PACED_20,24.00,0.8610,,MR60BHA2_breath_phase,safenest-node-01
21.0200,0.070000,S001,S001_BREATH_PACED_20_05,1,BREATH_PACED_20,24.00,0.8036,,MR60BHA2_breath_phase,safenest-node-01
21.1200,-0.120000,S001,S001_BREATH_PACED_20_05,1,BREATH_PACED_20,24.00,0.8036,,MR60BHA2_breath_phase,safenest-node-01
21.2200,-0.300000,S001,S001_BREATH_PACED_20_05,1,BREATH_PACED_20,24.00,0.8036,,MR60BHA2_breath_phase,safenest-node-01
21.3200,-0.370000,S001,S001_BREATH_PACED_20_05,1,BREATH_PACED_20,24.00,0.8036,,MR60BHA2_breath_phase,safenest-node-01
21.4200,-0.500000,S001,S001_BREATH_PACED_20_05,1,BREATH_PACED_20,24.00,0.8036,,MR60BHA2_breath_phase,safenest-node-01
21.5200,-0.590000,S001,S001_BREATH_PACED_20_05,1,BREATH_PACED_20,24.00,0.8036,,MR60BHA2_breath_phase,safenest-node-01
21.6200,-0.610000,S001,S001_BREATH_PACED_20_05,1,BREATH_PACED_20,24.00,0.8036,,MR60BHA2_breath_phase,safenest-node-01
21.7200,-0.620000,S001,S001_BREATH_PACED_20_05,1,BREATH_PACED_20,24.00,0.8036,,MR60BHA2_breath_phase,safenest-node-01
21.8200,-0.610000,S001,S001_BREATH_PACED_20_05,1,BREATH_PACED_20,24.00,0.8036,,MR60BHA2_breath_phase,safenest-node-01
21.9200,-0.550000,S001,S001_BREATH_PACED_20_05,1,BREATH_PACED_20,24.00,0.8036,,MR60BHA2_breath_phase,safenest-node-01
22.0200,-0.450000,S001,S001_BREATH_PACED_20_05,1,BREATH_PACED_20,24.00,0.8036,,MR60BHA2_breath_phase,safenest-node-01
22.1200,-0.380000,S001,S001_BREATH_PACED_20_05,1,BREATH_PACED_20,24.00,0.8036,,MR60BHA2_breath_phase,safenest-node-01
22.2200,-0.240000,S001,S001_BREATH_PACED_20_05,1,BREATH_PACED_20,24.00,0.8036,,MR60BHA2_breath_phase,safenest-node-01
22.3200,-0.160000,S001,S001_BREATH_PACED_20_05,1,BREATH_PACED_20,24.00,0.8610,,MR60BHA2_breath_phase,safenest-node-01
22.4200,-0.000000,S001,S001_BREATH_PACED_20_05,1,BREATH_PACED_20,23.00,0.8610,,MR60BHA2_breath_phase,safenest-node-01
22.5200,0.150000,S001,S001_BREATH_PACED_20_05,1,BREATH_PACED_20,23.00,0.8610,,MR60BHA2_breath_phase,safenest-node-01
22.6200,0.220000,S001,S001_BREATH_PACED_20_05,1,BREATH_PACED_20,23.00,0.8610,,MR60BHA2_breath_phase,safenest-node-01
22.7200,0.350000,S001,S001_BREATH_PACED_20_05,1,BREATH_PACED_20,23.00,0.8610,,MR60BHA2_breath_phase,safenest-node-01
22.8200,0.410000,S001,S001_BREATH_PACED_20_05,1,BREATH_PACED_20,23.00,0.8610,,MR60BHA2_breath_phase,safenest-node-01
22.9200,0.500000,S001,S001_BREATH_PACED_20_05,1,BREATH_PACED_20,23.00,0.8610,,MR60BHA2_breath_phase,safenest-node-01
23.0200,0.550000,S001,S001_BREATH_PACED_20_05,1,BREATH_PACED_20,23.00,0.8610,,MR60BHA2_breath_phase,safenest-node-01
23.1200,0.570000,S001,S001_BREATH_PACED_20_05,1,BREATH_PACED_20,23.00,0.8610,,MR60BHA2_breath_phase,safenest-node-01
23.2200,0.570000,S001,S001_BREATH_PACED_20_05,1,BREATH_PACED_20,23.00,0.8610,,MR60BHA2_breath_phase,safenest-node-01
23.3200,0.560000,S001,S001_BREATH_PACED_20_05,1,BREATH_PACED_20,23.00,0.8610,,MR60BHA2_breath_phase,safenest-node-01
23.4200,0.520000,S001,S001_BREATH_PACED_20_05,1,BREATH_PACED_20,23.00,0.8610,,MR60BHA2_breath_phase,safenest-node-01
23.5200,0.450000,S001,S001_BREATH_PACED_20_05,1,BREATH_PACED_20,23.00,0.8610,,MR60BHA2_breath_phase,safenest-node-01
23.6200,0.360000,S001,S001_BREATH_PACED_20_05,1,BREATH_PACED_20,23.00,0.8610,,MR60BHA2_breath_phase,safenest-node-01
23.7200,0.300000,S001,S001_BREATH_PACED_20_05,1,BREATH_PACED_20,23.00,0.8610,,MR60BHA2_breath_phase,safenest-node-01
23.8200,0.180000,S001,S001_BREATH_PACED_20_05,1,BREATH_PACED_20,23.00,0.8610,,MR60BHA2_breath_phase,safenest-node-01
23.9200,0.110000,S001,S001_BREATH_PACED_20_05,1,BREATH_PACED_20,23.00,0.8610,,MR60BHA2_breath_phase,safenest-node-01
24.0200,-0.020000,S001,S001_BREATH_PACED_20_05,1,BREATH_PACED_20,23.00,0.8610,,MR60BHA2_breath_phase,safenest-node-01
24.1200,-0.140000,S001,S001_BREATH_PACED_20_05,1,BREATH_PACED_20,23.00,0.8610,,MR60BHA2_breath_phase,safenest-node-01
24.2200,-0.200000,S001,S001_BREATH_PACED_20_05,1,BREATH_PACED_20,23.00,0.8610,,MR60BHA2_breath_phase,safenest-node-01
24.3200,-0.300000,S001,S001_BREATH_PACED_20_05,1,BREATH_PACED_20,23.00,0.8610,,MR60BHA2_breath_phase,safenest-node-01
24.4200,-0.340000,S001,S001_BREATH_PACED_20_05,1,BREATH_PACED_20,23.00,0.8610,,MR60BHA2_breath_phase,safenest-node-01
24.5200,-0.410000,S001,S001_BREATH_PACED_20_05,1,BREATH_PACED_20,23.00,0.8610,,MR60BHA2_breath_phase,safenest-node-01
24.6200,-0.450000,S001,S001_BREATH_PACED_20_05,1,BREATH_PACED_20,23.00,0.8610,,MR60BHA2_breath_phase,safenest-node-01
24.7220,-0.460000,S001,S001_BREATH_PACED_20_05,1,BREATH_PACED_20,23.00,0.8610,,MR60BHA2_breath_phase,safenest-node-01
24.8220,-0.450000,S001,S001_BREATH_PACED_20_05,1,BREATH_PACED_20,23.00,0.8610,,MR60BHA2_breath_phase,safenest-node-01
24.9220,-0.440000,S001,S001_BREATH_PACED_20_05,1,BREATH_PACED_20,23.00,0.8610,,MR60BHA2_breath_phase,safenest-node-01
25.0220,-0.390000,S001,S001_BREATH_PACED_20_05,1,BREATH_PACED_20,23.00,0.8610,,MR60BHA2_breath_phase,safenest-node-01
25.1220,-0.310000,S001,S001_BREATH_PACED_20_05,1,BREATH_PACED_20,23.00,0.8610,,MR60BHA2_breath_phase,safenest-node-01
25.2240,-0.200000,S001,S001_BREATH_PACED_20_05,1,BREATH_PACED_20,23.00,0.8610,,MR60BHA2_breath_phase,safenest-node-01
25.3240,-0.130000,S001,S001_BREATH_PACED_20_05,1,BREATH_PACED_20,23.00,0.8610,,MR60BHA2_breath_phase,safenest-node-01
25.4240,0.020000,S001,S001_BREATH_PACED_20_05,1,BREATH_PACED_20,23.00,0.8610,,MR60BHA2_breath_phase,safenest-node-01
25.5240,0.100000,S001,S001_BREATH_PACED_20_05,1,BREATH_PACED_20,23.00,0.8610,,MR60BHA2_breath_phase,safenest-node-01
25.6240,0.270000,S001,S001_BREATH_PACED_20_05,1,BREATH_PACED_20,23.00,0.8610,,MR60BHA2_breath_phase,safenest-node-01
25.7240,0.430000,S001,S001_BREATH_PACED_20_05,1,BREATH_PACED_20,23.00,0.8610,,MR60BHA2_breath_phase,safenest-node-01
25.8240,0.510000,S001,S001_BREATH_PACED_20_05,1,BREATH_PACED_20,23.00,0.8610,,MR60BHA2_breath_phase,safenest-node-01
25.9240,0.630000,S001,S001_BREATH_PACED_20_05,1,BREATH_PACED_20,23.00,0.8610,,MR60BHA2_breath_phase,safenest-node-01
26.0240,0.680000,S001,S001_BREATH_PACED_20_05,1,BREATH_PACED_20,23.00,0.8610,,MR60BHA2_breath_phase,safenest-node-01
26.1240,0.740000,S001,S001_BREATH_PACED_20_05,1,BREATH_PACED_20,23.00,0.8610,,MR60BHA2_breath_phase,safenest-node-01
26.2240,0.750000,S001,S001_BREATH_PACED_20_05,1,BREATH_PACED_20,23.00,0.8610,,MR60BHA2_breath_phase,safenest-node-01
26.3240,0.740000,S001,S001_BREATH_PACED_20_05,1,BREATH_PACED_20,23.00,0.8610,,MR60BHA2_breath_phase,safenest-node-01
26.4240,0.660000,S001,S001_BREATH_PACED_20_05,1,BREATH_PACED_20,23.00,0.8610,,MR60BHA2_breath_phase,safenest-node-01
26.5240,0.600000,S001,S001_BREATH_PACED_20_05,1,BREATH_PACED_20,23.00,0.8610,,MR60BHA2_breath_phase,safenest-node-01
26.6240,0.450000,S001,S001_BREATH_PACED_20_05,1,BREATH_PACED_20,23.00,0.8610,,MR60BHA2_breath_phase,safenest-node-01
26.7240,0.250000,S001,S001_BREATH_PACED_20_05,1,BREATH_PACED_20,23.00,0.8610,,MR60BHA2_breath_phase,safenest-node-01
26.8240,0.150000,S001,S001_BREATH_PACED_20_05,1,BREATH_PACED_20,23.00,0.8610,,MR60BHA2_breath_phase,safenest-node-01
26.9240,-0.080000,S001,S001_BREATH_PACED_20_05,1,BREATH_PACED_20,23.00,0.8610,,MR60BHA2_breath_phase,safenest-node-01
27.0250,-0.310000,S001,S001_BREATH_PACED_20_05,1,BREATH_PACED_20,23.00,0.8610,,MR60BHA2_breath_phase,safenest-node-01
27.1250,-0.420000,S001,S001_BREATH_PACED_20_05,1,BREATH_PACED_20,23.00,0.8610,,MR60BHA2_breath_phase,safenest-node-01
27.2250,-0.630000,S001,S001_BREATH_PACED_20_05,1,BREATH_PACED_20,23.00,0.8610,,MR60BHA2_breath_phase,safenest-node-01
27.3250,-0.800000,S001,S001_BREATH_PACED_20_05,1,BREATH_PACED_20,23.00,0.8610,,MR60BHA2_breath_phase,safenest-node-01
27.4250,-0.870000,S001,S001_BREATH_PACED_20_05,1,BREATH_PACED_20,23.00,0.8610,,MR60BHA2_breath_phase,safenest-node-01
27.5250,-0.960000,S001,S001_BREATH_PACED_20_05,1,BREATH_PACED_20,23.00,0.8610,,MR60BHA2_breath_phase,safenest-node-01
27.6250,-0.990000,S001,S001_BREATH_PACED_20_05,1,BREATH_PACED_20,23.00,0.8610,,MR60BHA2_breath_phase,safenest-node-01
27.7250,-1.000000,S001,S001_BREATH_PACED_20_05,1,BREATH_PACED_20,23.00,0.8610,,MR60BHA2_breath_phase,safenest-node-01
27.8250,-0.950000,S001,S001_BREATH_PACED_20_05,1,BREATH_PACED_20,23.00,0.8610,,MR60BHA2_breath_phase,safenest-node-01
27.9250,-0.910000,S001,S001_BREATH_PACED_20_05,1,BREATH_PACED_20,23.00,0.8610,,MR60BHA2_breath_phase,safenest-node-01
28.0250,-0.800000,S001,S001_BREATH_PACED_20_05,1,BREATH_PACED_20,23.00,0.8610,,MR60BHA2_breath_phase,safenest-node-01
28.1250,-0.730000,S001,S001_BREATH_PACED_20_05,1,BREATH_PACED_20,23.00,0.8610,,MR60BHA2_breath_phase,safenest-node-01
28.2250,-0.560000,S001,S001_BREATH_PACED_20_05,1,BREATH_PACED_20,23.00,0.8610,,MR60BHA2_breath_phase,safenest-node-01
28.3250,-0.360000,S001,S001_BREATH_PACED_20_05,1,BREATH_PACED_20,23.00,0.8610,,MR60BHA2_breath_phase,safenest-node-01
28.4260,-0.250000,S001,S001_BREATH_PACED_20_05,1,BREATH_PACED_20,23.00,0.8610,,MR60BHA2_breath_phase,safenest-node-01
28.5260,-0.020000,S001,S001_BREATH_PACED_20_05,1,BREATH_PACED_20,23.00,0.8610,,MR60BHA2_breath_phase,safenest-node-01
28.6260,0.200000,S001,S001_BREATH_PACED_20_05,1,BREATH_PACED_20,23.00,0.8610,,MR60BHA2_breath_phase,safenest-node-01
28.7260,0.310000,S001,S001_BREATH_PACED_20_05,1,BREATH_PACED_20,23.00,0.8610,,MR60BHA2_breath_phase,safenest-node-01
28.8260,0.510000,S001,S001_BREATH_PACED_20_05,1,BREATH_PACED_20,23.00,0.8610,,MR60BHA2_breath_phase,safenest-node-01
28.9260,0.680000,S001,S001_BREATH_PACED_20_05,1,BREATH_PACED_20,23.00,0.8610,,MR60BHA2_breath_phase,safenest-node-01
29.0260,0.740000,S001,S001_BREATH_PACED_20_05,1,BREATH_PACED_20,23.00,0.8610,,MR60BHA2_breath_phase,safenest-node-01
29.1260,0.840000,S001,S001_BREATH_PACED_20_05,1,BREATH_PACED_20,23.00,0.8610,,MR60BHA2_breath_phase,safenest-node-01
29.2260,0.860000,S001,S001_BREATH_PACED_20_05,1,BREATH_PACED_20,23.00,0.8610,,MR60BHA2_breath_phase,safenest-node-01
29.3260,0.860000,S001,S001_BREATH_PACED_20_05,1,BREATH_PACED_20,23.00,0.8610,,MR60BHA2_breath_phase,safenest-node-01
29.4260,0.800000,S001,S001_BREATH_PACED_20_05,1,BREATH_PACED_20,23.00,0.8610,,MR60BHA2_breath_phase,safenest-node-01
29.5260,0.750000,S001,S001_BREATH_PACED_20_05,1,BREATH_PACED_20,23.00,0.8610,,MR60BHA2_breath_phase,safenest-node-01
29.6260,0.600000,S001,S001_BREATH_PACED_20_05,1,BREATH_PACED_20,23.00,0.8610,,MR60BHA2_breath_phase,safenest-node-01
29.7260,0.500000,S001,S001_BREATH_PACED_20_05,1,BREATH_PACED_20,23.00,0.8610,,MR60BHA2_breath_phase,safenest-node-01
29.8260,0.280000,S001,S001_BREATH_PACED_20_05,1,BREATH_PACED_20,23.00,0.8610,,MR60BHA2_breath_phase,safenest-node-01
29.9260,0.040000,S001,S001_BREATH_PACED_20_05,1,BREATH_PACED_20,23.00,0.8610,,MR60BHA2_breath_phase,safenest-node-01
30.0260,-0.080000,S001,S001_BREATH_PACED_20_05,1,BREATH_PACED_20,23.00,0.8610,,MR60BHA2_breath_phase,safenest-node-01
30.1260,-0.320000,S001,S001_BREATH_PACED_20_05,1,BREATH_PACED_20,23.00,0.8610,,MR60BHA2_breath_phase,safenest-node-01
30.2260,-0.440000,S001,S001_BREATH_PACED_20_05,1,BREATH_PACED_20,23.00,0.8610,,MR60BHA2_breath_phase,safenest-node-01
30.3260,-0.640000,S001,S001_BREATH_PACED_20_05,1,BREATH_PACED_20,23.00,0.8610,,MR60BHA2_breath_phase,safenest-node-01
30.4260,-0.800000,S001,S001_BREATH_PACED_20_05,1,BREATH_PACED_20,23.00,0.8610,,MR60BHA2_breath_phase,safenest-node-01
30.5260,-0.910000,S001,S001_BREATH_PACED_20_05,1,BREATH_PACED_20,23.00,0.8610,,MR60BHA2_breath_phase,safenest-node-01
30.6260,-0.950000,S001,S001_BREATH_PACED_20_05,1,BREATH_PACED_20,23.00,0.8610,,MR60BHA2_breath_phase,safenest-node-01
30.7260,-0.970000,S001,S001_BREATH_PACED_20_05,1,BREATH_PACED_20,23.00,0.8610,,MR60BHA2_breath_phase,safenest-node-01
30.8260,-0.950000,S001,S001_BREATH_PACED_20_05,1,BREATH_PACED_20,23.00,0.8610,,MR60BHA2_breath_phase,safenest-node-01
30.9260,-0.890000,S001,S001_BREATH_PACED_20_05,1,BREATH_PACED_20,23.00,0.8610,,MR60BHA2_breath_phase,safenest-node-01
31.0260,-0.770000,S001,S001_BREATH_PACED_20_05,1,BREATH_PACED_20,23.00,0.8610,,MR60BHA2_breath_phase,safenest-node-01
31.1260,-0.690000,S001,S001_BREATH_PACED_20_05,1,BREATH_PACED_20,23.00,0.8610,,MR60BHA2_breath_phase,safenest-node-01
31.2260,-0.510000,S001,S001_BREATH_PACED_20_05,1,BREATH_PACED_20,23.00,0.8610,,MR60BHA2_breath_phase,safenest-node-01
31.3260,-0.400000,S001,S001_BREATH_PACED_20_05,1,BREATH_PACED_20,23.00,0.8610,,MR60BHA2_breath_phase,safenest-node-01
31.4260,-0.180000,S001,S001_BREATH_PACED_20_05,1,BREATH_PACED_20,23.00,0.8610,,MR60BHA2_breath_phase,safenest-node-01
31.5260,0.050000,S001,S001_BREATH_PACED_20_05,1,BREATH_PACED_20,23.00,0.8610,,MR60BHA2_breath_phase,safenest-node-01
31.6260,0.170000,S001,S001_BREATH_PACED_20_05,1,BREATH_PACED_20,23.00,0.8610,,MR60BHA2_breath_phase,safenest-node-01
31.7260,0.390000,S001,S001_BREATH_PACED_20_05,1,BREATH_PACED_20,23.00,0.8610,,MR60BHA2_breath_phase,safenest-node-01
31.8260,0.500000,S001,S001_BREATH_PACED_20_05,1,BREATH_PACED_20,23.00,0.8610,,MR60BHA2_breath_phase,safenest-node-01
31.9260,0.690000,S001,S001_BREATH_PACED_20_05,1,BREATH_PACED_20,23.00,0.8610,,MR60BHA2_breath_phase,safenest-node-01
32.0260,0.830000,S001,S001_BREATH_PACED_20_05,1,BREATH_PACED_20,23.00,0.8610,,MR60BHA2_breath_phase,safenest-node-01
32.1260,0.890000,S001,S001_BREATH_PACED_20_05,1,BREATH_PACED_20,23.00,0.8610,,MR60BHA2_breath_phase,safenest-node-01
32.2260,0.950000,S001,S001_BREATH_PACED_20_05,1,BREATH_PACED_20,23.00,0.8610,,MR60BHA2_breath_phase,safenest-node-01
32.3260,0.960000,S001,S001_BREATH_PACED_20_05,1,BREATH_PACED_20,23.00,0.8610,,MR60BHA2_breath_phase,safenest-node-01
32.4260,0.940000,S001,S001_BREATH_PACED_20_05,1,BREATH_PACED_20,23.00,0.8610,,MR60BHA2_breath_phase,safenest-node-01
32.5260,0.850000,S001,S001_BREATH_PACED_20_05,1,BREATH_PACED_20,23.00,0.8610,,MR60BHA2_breath_phase,safenest-node-01
32.6260,0.720000,S001,S001_BREATH_PACED_20_05,1,BREATH_PACED_20,23.00,0.8610,,MR60BHA2_breath_phase,safenest-node-01
32.7260,0.630000,S001,S001_BREATH_PACED_20_05,1,BREATH_PACED_20,23.00,0.8610,,MR60BHA2_breath_phase,safenest-node-01
32.8260,0.440000,S001,S001_BREATH_PACED_20_05,1,BREATH_PACED_20,23.00,0.8610,,MR60BHA2_breath_phase,safenest-node-01
32.9260,0.330000,S001,S001_BREATH_PACED_20_05,1,BREATH_PACED_20,23.00,0.8610,,MR60BHA2_breath_phase,safenest-node-01
33.0260,0.110000,S001,S001_BREATH_PACED_20_05,1,BREATH_PACED_20,23.00,0.8610,,MR60BHA2_breath_phase,safenest-node-01
33.1260,-0.120000,S001,S001_BREATH_PACED_20_05,1,BREATH_PACED_20,23.00,0.8610,,MR60BHA2_breath_phase,safenest-node-01
33.2260,-0.230000,S001,S001_BREATH_PACED_20_05,1,BREATH_PACED_20,23.00,0.8610,,MR60BHA2_breath_phase,safenest-node-01
33.3260,-0.420000,S001,S001_BREATH_PACED_20_05,1,BREATH_PACED_20,23.00,0.8610,,MR60BHA2_breath_phase,safenest-node-01
33.4260,-0.510000,S001,S001_BREATH_PACED_20_05,1,BREATH_PACED_20,23.00,0.8610,,MR60BHA2_breath_phase,safenest-node-01
33.5260,-0.650000,S001,S001_BREATH_PACED_20_05,1,BREATH_PACED_20,23.00,0.8610,,MR60BHA2_breath_phase,safenest-node-01
33.6260,-0.740000,S001,S001_BREATH_PACED_20_05,1,BREATH_PACED_20,23.00,0.8610,,MR60BHA2_breath_phase,safenest-node-01
33.7270,-0.760000,S001,S001_BREATH_PACED_20_05,1,BREATH_PACED_20,23.00,0.8610,,MR60BHA2_breath_phase,safenest-node-01
33.8270,-0.770000,S001,S001_BREATH_PACED_20_05,1,BREATH_PACED_20,23.00,0.8610,,MR60BHA2_breath_phase,safenest-node-01
33.9270,-0.730000,S001,S001_BREATH_PACED_20_05,1,BREATH_PACED_20,23.00,0.8610,,MR60BHA2_breath_phase,safenest-node-01
34.0270,-0.690000,S001,S001_BREATH_PACED_20_05,1,BREATH_PACED_20,23.00,0.8610,,MR60BHA2_breath_phase,safenest-node-01
34.1270,-0.580000,S001,S001_BREATH_PACED_20_05,1,BREATH_PACED_20,23.00,0.8610,,MR60BHA2_breath_phase,safenest-node-01
34.2280,-0.430000,S001,S001_BREATH_PACED_20_05,1,BREATH_PACED_20,23.00,0.8610,,MR60BHA2_breath_phase,safenest-node-01
34.3280,-0.340000,S001,S001_BREATH_PACED_20_05,1,BREATH_PACED_20,23.00,0.8610,,MR60BHA2_breath_phase,safenest-node-01
34.4280,-0.140000,S001,S001_BREATH_PACED_20_05,1,BREATH_PACED_20,23.00,0.8610,,MR60BHA2_breath_phase,safenest-node-01
34.5280,-0.030000,S001,S001_BREATH_PACED_20_05,1,BREATH_PACED_20,23.00,0.8610,,MR60BHA2_breath_phase,safenest-node-01
34.6280,0.190000,S001,S001_BREATH_PACED_20_05,1,BREATH_PACED_20,23.00,0.8610,,MR60BHA2_breath_phase,safenest-node-01
34.7280,0.400000,S001,S001_BREATH_PACED_20_05,1,BREATH_PACED_20,23.00,0.8610,,MR60BHA2_breath_phase,safenest-node-01
34.8280,0.500000,S001,S001_BREATH_PACED_20_05,1,BREATH_PACED_20,23.00,0.8610,,MR60BHA2_breath_phase,safenest-node-01
34.9280,0.680000,S001,S001_BREATH_PACED_20_05,1,BREATH_PACED_20,23.00,0.8610,,MR60BHA2_breath_phase,safenest-node-01
35.0280,0.750000,S001,S001_BREATH_PACED_20_05,1,BREATH_PACED_20,23.00,0.8610,,MR60BHA2_breath_phase,safenest-node-01
35.1280,0.860000,S001,S001_BREATH_PACED_20_05,1,BREATH_PACED_20,23.00,0.8610,,MR60BHA2_breath_phase,safenest-node-01
35.2280,0.900000,S001,S001_BREATH_PACED_20_05,1,BREATH_PACED_20,23.00,0.8610,,MR60BHA2_breath_phase,safenest-node-01
35.3290,0.900000,S001,S001_BREATH_PACED_20_05,1,BREATH_PACED_20,23.00,0.8610,,MR60BHA2_breath_phase,safenest-node-01
35.4290,0.840000,S001,S001_BREATH_PACED_20_05,1,BREATH_PACED_20,23.00,0.8610,,MR60BHA2_breath_phase,safenest-node-01
35.5290,0.790000,S001,S001_BREATH_PACED_20_05,1,BREATH_PACED_20,23.00,0.8610,,MR60BHA2_breath_phase,safenest-node-01
35.6290,0.650000,S001,S001_BREATH_PACED_20_05,1,BREATH_PACED_20,23.00,0.8610,,MR60BHA2_breath_phase,safenest-node-01
35.7290,0.460000,S001,S001_BREATH_PACED_20_05,1,BREATH_PACED_20,23.00,0.8610,,MR60BHA2_breath_phase,safenest-node-01
35.8290,0.250000,S001,S001_BREATH_PACED_20_05,1,BREATH_PACED_20,23.00,0.8610,,MR60BHA2_breath_phase,safenest-node-01
35.9290,0.130000,S001,S001_BREATH_PACED_20_05,1,BREATH_PACED_20,23.00,0.8610,,MR60BHA2_breath_phase,safenest-node-01
36.0290,-0.090000,S001,S001_BREATH_PACED_20_05,1,BREATH_PACED_20,23.00,0.8610,,MR60BHA2_breath_phase,safenest-node-01
36.1290,-0.190000,S001,S001_BREATH_PACED_20_05,1,BREATH_PACED_20,23.00,0.8610,,MR60BHA2_breath_phase,safenest-node-01
36.2290,-0.380000,S001,S001_BREATH_PACED_20_05,1,BREATH_PACED_20,23.00,0.8610,,MR60BHA2_breath_phase,safenest-node-01
36.3290,-0.520000,S001,S001_BREATH_PACED_20_05,1,BREATH_PACED_20,23.00,0.8610,,MR60BHA2_breath_phase,safenest-node-01
36.4290,-0.570000,S001,S001_BREATH_PACED_20_05,1,BREATH_PACED_20,23.00,0.8610,,MR60BHA2_breath_phase,safenest-node-01
36.5290,-0.630000,S001,S001_BREATH_PACED_20_05,1,BREATH_PACED_20,23.00,0.8610,,MR60BHA2_breath_phase,safenest-node-01
36.6290,-0.640000,S001,S001_BREATH_PACED_20_05,1,BREATH_PACED_20,23.00,0.8610,,MR60BHA2_breath_phase,safenest-node-01
36.7290,-0.610000,S001,S001_BREATH_PACED_20_05,1,BREATH_PACED_20,23.00,0.8610,,MR60BHA2_breath_phase,safenest-node-01
36.8290,-0.540000,S001,S001_BREATH_PACED_20_05,1,BREATH_PACED_20,23.00,0.8610,,MR60BHA2_breath_phase,safenest-node-01
36.9310,-0.490000,S001,S001_BREATH_PACED_20_05,1,BREATH_PACED_20,23.00,0.8610,,MR60BHA2_breath_phase,safenest-node-01
37.0310,-0.360000,S001,S001_BREATH_PACED_20_05,1,BREATH_PACED_20,23.00,0.8610,,MR60BHA2_breath_phase,safenest-node-01
37.1320,-0.210000,S001,S001_BREATH_PACED_20_05,1,BREATH_PACED_20,23.00,0.8610,,MR60BHA2_breath_phase,safenest-node-01
37.2320,-0.130000,S001,S001_BREATH_PACED_20_05,1,BREATH_PACED_20,23.00,0.8610,,MR60BHA2_breath_phase,safenest-node-01
37.3320,0.030000,S001,S001_BREATH_PACED_20_05,1,BREATH_PACED_20,23.00,0.8610,,MR60BHA2_breath_phase,safenest-node-01
37.4320,0.200000,S001,S001_BREATH_PACED_20_05,1,BREATH_PACED_20,23.00,0.8610,,MR60BHA2_breath_phase,safenest-node-01
37.5320,0.280000,S001,S001_BREATH_PACED_20_05,1,BREATH_PACED_20,23.00,0.8610,,MR60BHA2_breath_phase,safenest-node-01
37.6320,0.430000,S001,S001_BREATH_PACED_20_05,1,BREATH_PACED_20,23.00,0.8610,,MR60BHA2_breath_phase,safenest-node-01
37.7320,0.490000,S001,S001_BREATH_PACED_20_05,1,BREATH_PACED_20,23.00,0.8610,,MR60BHA2_breath_phase,safenest-node-01
37.8320,0.600000,S001,S001_BREATH_PACED_20_05,1,BREATH_PACED_20,23.00,0.8610,,MR60BHA2_breath_phase,safenest-node-01
37.9320,0.680000,S001,S001_BREATH_PACED_20_05,1,BREATH_PACED_20,23.00,0.8610,,MR60BHA2_breath_phase,safenest-node-01
38.0320,0.700000,S001,S001_BREATH_PACED_20_05,1,BREATH_PACED_20,23.00,0.8610,,MR60BHA2_breath_phase,safenest-node-01
38.1320,0.710000,S001,S001_BREATH_PACED_20_05,1,BREATH_PACED_20,23.00,0.8610,,MR60BHA2_breath_phase,safenest-node-01
38.2320,0.700000,S001,S001_BREATH_PACED_20_05,1,BREATH_PACED_20,23.00,0.8610,,MR60BHA2_breath_phase,safenest-node-01
38.3320,0.640000,S001,S001_BREATH_PACED_20_05,1,BREATH_PACED_20,23.00,0.8610,,MR60BHA2_breath_phase,safenest-node-01
38.4320,0.540000,S001,S001_BREATH_PACED_20_05,1,BREATH_PACED_20,23.00,0.8610,,MR60BHA2_breath_phase,safenest-node-01
38.5320,0.480000,S001,S001_BREATH_PACED_20_05,1,BREATH_PACED_20,23.00,0.8610,,MR60BHA2_breath_phase,safenest-node-01
38.6320,0.330000,S001,S001_BREATH_PACED_20_05,1,BREATH_PACED_20,23.00,0.8610,,MR60BHA2_breath_phase,safenest-node-01
38.7320,0.240000,S001,S001_BREATH_PACED_20_05,1,BREATH_PACED_20,23.00,0.8610,,MR60BHA2_breath_phase,safenest-node-01
38.8320,0.050000,S001,S001_BREATH_PACED_20_05,1,BREATH_PACED_20,23.00,0.8610,,MR60BHA2_breath_phase,safenest-node-01
38.9320,-0.160000,S001,S001_BREATH_PACED_20_05,1,BREATH_PACED_20,23.00,0.8610,,MR60BHA2_breath_phase,safenest-node-01
39.0320,-0.260000,S001,S001_BREATH_PACED_20_05,1,BREATH_PACED_20,23.00,0.8610,,MR60BHA2_breath_phase,safenest-node-01
39.1320,-0.460000,S001,S001_BREATH_PACED_20_05,1,BREATH_PACED_20,23.00,0.8610,,MR60BHA2_breath_phase,safenest-node-01
39.2320,-0.550000,S001,S001_BREATH_PACED_20_05,1,BREATH_PACED_20,23.00,0.8610,,MR60BHA2_breath_phase,safenest-node-01
39.3320,-0.710000,S001,S001_BREATH_PACED_20_05,1,BREATH_PACED_20,23.00,0.8610,,MR60BHA2_breath_phase,safenest-node-01
39.4320,-0.840000,S001,S001_BREATH_PACED_20_05,1,BREATH_PACED_20,23.00,0.8610,,MR60BHA2_breath_phase,safenest-node-01
39.5320,-0.880000,S001,S001_BREATH_PACED_20_05,1,BREATH_PACED_20,23.00,0.8610,,MR60BHA2_breath_phase,safenest-node-01
39.6320,-0.930000,S001,S001_BREATH_PACED_20_05,1,BREATH_PACED_20,23.00,0.8610,,MR60BHA2_breath_phase,safenest-node-01
39.7320,-0.940000,S001,S001_BREATH_PACED_20_05,1,BREATH_PACED_20,23.00,0.8610,,MR60BHA2_breath_phase,safenest-node-01
39.8320,-0.910000,S001,S001_BREATH_PACED_20_05,1,BREATH_PACED_20,24.00,0.8610,,MR60BHA2_breath_phase,safenest-node-01
39.9320,-0.830000,S001,S001_BREATH_PACED_20_05,1,BREATH_PACED_20,24.00,0.9184,,MR60BHA2_breath_phase,safenest-node-01
40.0330,-0.780000,S001,S001_BREATH_PACED_20_05,1,BREATH_PACED_20,24.00,0.9184,,MR60BHA2_breath_phase,safenest-node-01
40.1330,-0.660000,S001,S001_BREATH_PACED_20_05,1,BREATH_PACED_20,24.00,0.9184,,MR60BHA2_breath_phase,safenest-node-01
40.2330,-0.510000,S001,S001_BREATH_PACED_20_05,1,BREATH_PACED_20,24.00,0.9184,,MR60BHA2_breath_phase,safenest-node-01
40.3330,-0.430000,S001,S001_BREATH_PACED_20_05,1,BREATH_PACED_20,24.00,0.9184,,MR60BHA2_breath_phase,safenest-node-01
40.4330,-0.270000,S001,S001_BREATH_PACED_20_05,1,BREATH_PACED_20,24.00,0.9184,,MR60BHA2_breath_phase,safenest-node-01
40.5330,-0.110000,S001,S001_BREATH_PACED_20_05,1,BREATH_PACED_20,24.00,0.9184,,MR60BHA2_breath_phase,safenest-node-01
40.6330,-0.030000,S001,S001_BREATH_PACED_20_05,1,BREATH_PACED_20,24.00,0.9184,,MR60BHA2_breath_phase,safenest-node-01
40.7330,0.130000,S001,S001_BREATH_PACED_20_05,1,BREATH_PACED_20,24.00,0.9184,,MR60BHA2_breath_phase,safenest-node-01
40.8330,0.200000,S001,S001_BREATH_PACED_20_05,1,BREATH_PACED_20,24.00,0.9184,,MR60BHA2_breath_phase,safenest-node-01
40.9330,0.340000,S001,S001_BREATH_PACED_20_05,1,BREATH_PACED_20,24.00,0.9184,,MR60BHA2_breath_phase,safenest-node-01
41.0330,0.450000,S001,S001_BREATH_PACED_20_05,1,BREATH_PACED_20,24.00,0.9184,,MR60BHA2_breath_phase,safenest-node-01
41.1330,0.490000,S001,S001_BREATH_PACED_20_05,1,BREATH_PACED_20,24.00,0.9184,,MR60BHA2_breath_phase,safenest-node-01
41.2330,0.550000,S001,S001_BREATH_PACED_20_05,1,BREATH_PACED_20,24.00,0.9184,,MR60BHA2_breath_phase,safenest-node-01
41.3330,0.560000,S001,S001_BREATH_PACED_20_05,1,BREATH_PACED_20,24.00,0.9184,,MR60BHA2_breath_phase,safenest-node-01
41.4330,0.540000,S001,S001_BREATH_PACED_20_05,1,BREATH_PACED_20,24.00,0.9184,,MR60BHA2_breath_phase,safenest-node-01
41.5330,0.470000,S001,S001_BREATH_PACED_20_05,1,BREATH_PACED_20,24.00,0.9184,,MR60BHA2_breath_phase,safenest-node-01
41.6330,0.430000,S001,S001_BREATH_PACED_20_05,1,BREATH_PACED_20,24.00,0.9184,,MR60BHA2_breath_phase,safenest-node-01
41.7330,0.300000,S001,S001_BREATH_PACED_20_05,1,BREATH_PACED_20,24.00,0.9184,,MR60BHA2_breath_phase,safenest-node-01
41.8330,0.230000,S001,S001_BREATH_PACED_20_05,1,BREATH_PACED_20,24.00,0.9184,,MR60BHA2_breath_phase,safenest-node-01
41.9330,0.080000,S001,S001_BREATH_PACED_20_05,1,BREATH_PACED_20,24.00,0.8610,,MR60BHA2_breath_phase,safenest-node-01
42.0330,-0.080000,S001,S001_BREATH_PACED_20_05,1,BREATH_PACED_20,24.00,0.8610,,MR60BHA2_breath_phase,safenest-node-01
42.1330,-0.230000,S001,S001_BREATH_PACED_20_05,1,BREATH_PACED_20,24.00,0.8610,,MR60BHA2_breath_phase,safenest-node-01
42.2330,-0.300000,S001,S001_BREATH_PACED_20_05,1,BREATH_PACED_20,24.00,0.8610,,MR60BHA2_breath_phase,safenest-node-01
42.3330,-0.410000,S001,S001_BREATH_PACED_20_05,1,BREATH_PACED_20,24.00,0.8610,,MR60BHA2_breath_phase,safenest-node-01
42.4330,-0.460000,S001,S001_BREATH_PACED_20_05,1,BREATH_PACED_20,24.00,0.8610,,MR60BHA2_breath_phase,safenest-node-01
42.5330,-0.520000,S001,S001_BREATH_PACED_20_05,1,BREATH_PACED_20,24.00,0.8610,,MR60BHA2_breath_phase,safenest-node-01
42.6330,-0.550000,S001,S001_BREATH_PACED_20_05,1,BREATH_PACED_20,24.00,0.8610,,MR60BHA2_breath_phase,safenest-node-01
42.7330,-0.540000,S001,S001_BREATH_PACED_20_05,1,BREATH_PACED_20,24.00,0.8610,,MR60BHA2_breath_phase,safenest-node-01
42.8330,-0.500000,S001,S001_BREATH_PACED_20_05,1,BREATH_PACED_20,24.00,0.8610,,MR60BHA2_breath_phase,safenest-node-01
42.9330,-0.470000,S001,S001_BREATH_PACED_20_05,1,BREATH_PACED_20,24.00,0.8610,,MR60BHA2_breath_phase,safenest-node-01
43.0330,-0.380000,S001,S001_BREATH_PACED_20_05,1,BREATH_PACED_20,24.00,0.8610,,MR60BHA2_breath_phase,safenest-node-01
43.1330,-0.260000,S001,S001_BREATH_PACED_20_05,1,BREATH_PACED_20,24.00,0.8610,,MR60BHA2_breath_phase,safenest-node-01
43.2330,-0.190000,S001,S001_BREATH_PACED_20_05,1,BREATH_PACED_20,24.00,0.8610,,MR60BHA2_breath_phase,safenest-node-01
43.3330,-0.060000,S001,S001_BREATH_PACED_20_05,1,BREATH_PACED_20,24.00,0.8610,,MR60BHA2_breath_phase,safenest-node-01
43.4330,0.010000,S001,S001_BREATH_PACED_20_05,1,BREATH_PACED_20,24.00,0.8610,,MR60BHA2_breath_phase,safenest-node-01
43.5330,0.140000,S001,S001_BREATH_PACED_20_05,1,BREATH_PACED_20,24.00,0.8610,,MR60BHA2_breath_phase,safenest-node-01
43.6330,0.270000,S001,S001_BREATH_PACED_20_05,1,BREATH_PACED_20,24.00,0.9184,,MR60BHA2_breath_phase,safenest-node-01
43.7340,0.370000,S001,S001_BREATH_PACED_20_05,1,BREATH_PACED_20,24.00,0.9184,,MR60BHA2_breath_phase,safenest-node-01
43.8340,0.420000,S001,S001_BREATH_PACED_20_05,1,BREATH_PACED_20,24.00,0.9184,,MR60BHA2_breath_phase,safenest-node-01
43.9340,0.480000,S001,S001_BREATH_PACED_20_05,1,BREATH_PACED_20,24.00,0.9184,,MR60BHA2_breath_phase,safenest-node-01
44.0340,0.510000,S001,S001_BREATH_PACED_20_05,1,BREATH_PACED_20,24.00,0.9184,,MR60BHA2_breath_phase,safenest-node-01
44.1340,0.540000,S001,S001_BREATH_PACED_20_05,1,BREATH_PACED_20,24.00,0.9184,,MR60BHA2_breath_phase,safenest-node-01
44.2340,0.550000,S001,S001_BREATH_PACED_20_05,1,BREATH_PACED_20,24.00,0.9184,,MR60BHA2_breath_phase,safenest-node-01
44.3340,0.560000,S001,S001_BREATH_PACED_20_05,1,BREATH_PACED_20,24.00,0.9184,,MR60BHA2_breath_phase,safenest-node-01
44.4340,0.540000,S001,S001_BREATH_PACED_20_05,1,BREATH_PACED_20,24.00,0.9184,,MR60BHA2_breath_phase,safenest-node-01
44.5340,0.530000,S001,S001_BREATH_PACED_20_05,1,BREATH_PACED_20,24.00,0.9184,,MR60BHA2_breath_phase,safenest-node-01
44.6340,0.500000,S001,S001_BREATH_PACED_20_05,1,BREATH_PACED_20,24.00,0.9184,,MR60BHA2_breath_phase,safenest-node-01
44.7340,0.440000,S001,S001_BREATH_PACED_20_05,1,BREATH_PACED_20,23.00,0.9184,,MR60BHA2_breath_phase,safenest-node-01
44.8340,0.410000,S001,S001_BREATH_PACED_20_05,1,BREATH_PACED_20,23.00,0.9184,,MR60BHA2_breath_phase,safenest-node-01
44.9340,0.340000,S001,S001_BREATH_PACED_20_05,1,BREATH_PACED_20,23.00,0.9184,,MR60BHA2_breath_phase,safenest-node-01
45.0340,0.310000,S001,S001_BREATH_PACED_20_05,1,BREATH_PACED_20,23.00,0.9184,,MR60BHA2_breath_phase,safenest-node-01
45.1340,0.230000,S001,S001_BREATH_PACED_20_05,1,BREATH_PACED_20,23.00,0.9184,,MR60BHA2_breath_phase,safenest-node-01
45.2340,0.150000,S001,S001_BREATH_PACED_20_05,1,BREATH_PACED_20,23.00,0.9184,,MR60BHA2_breath_phase,safenest-node-01
45.3360,0.070000,S001,S001_BREATH_PACED_20_05,1,BREATH_PACED_20,23.00,0.9184,,MR60BHA2_breath_phase,safenest-node-01
45.4360,0.030000,S001,S001_BREATH_PACED_20_05,1,BREATH_PACED_20,23.00,0.9184,,MR60BHA2_breath_phase,safenest-node-01
45.5360,-0.040000,S001,S001_BREATH_PACED_20_05,1,BREATH_PACED_20,23.00,0.9184,,MR60BHA2_breath_phase,safenest-node-01
45.6360,-0.070000,S001,S001_BREATH_PACED_20_05,1,BREATH_PACED_20,23.00,0.9184,,MR60BHA2_breath_phase,safenest-node-01
45.7360,-0.130000,S001,S001_BREATH_PACED_20_05,1,BREATH_PACED_20,23.00,0.9184,,MR60BHA2_breath_phase,safenest-node-01
45.8360,-0.180000,S001,S001_BREATH_PACED_20_05,1,BREATH_PACED_20,23.00,0.9184,,MR60BHA2_breath_phase,safenest-node-01
45.9360,-0.190000,S001,S001_BREATH_PACED_20_05,1,BREATH_PACED_20,23.00,0.9184,,MR60BHA2_breath_phase,safenest-node-01
46.0360,-0.210000,S001,S001_BREATH_PACED_20_05,1,BREATH_PACED_20,23.00,0.9184,,MR60BHA2_breath_phase,safenest-node-01
46.1360,-0.220000,S001,S001_BREATH_PACED_20_05,1,BREATH_PACED_20,23.00,0.9184,,MR60BHA2_breath_phase,safenest-node-01
46.2360,-0.210000,S001,S001_BREATH_PACED_20_05,1,BREATH_PACED_20,23.00,0.9184,,MR60BHA2_breath_phase,safenest-node-01
46.3360,-0.180000,S001,S001_BREATH_PACED_20_05,1,BREATH_PACED_20,23.00,0.9184,,MR60BHA2_breath_phase,safenest-node-01
46.4360,-0.160000,S001,S001_BREATH_PACED_20_05,1,BREATH_PACED_20,23.00,0.9184,,MR60BHA2_breath_phase,safenest-node-01
46.5360,-0.100000,S001,S001_BREATH_PACED_20_05,1,BREATH_PACED_20,23.00,0.9184,,MR60BHA2_breath_phase,safenest-node-01
46.6360,-0.060000,S001,S001_BREATH_PACED_20_05,1,BREATH_PACED_20,23.00,0.9184,,MR60BHA2_breath_phase,safenest-node-01
46.7360,0.020000,S001,S001_BREATH_PACED_20_05,1,BREATH_PACED_20,23.00,0.9184,,MR60BHA2_breath_phase,safenest-node-01
46.8360,0.110000,S001,S001_BREATH_PACED_20_05,1,BREATH_PACED_20,23.00,0.9184,,MR60BHA2_breath_phase,safenest-node-01
46.9360,0.190000,S001,S001_BREATH_PACED_20_05,1,BREATH_PACED_20,23.00,0.9184,,MR60BHA2_breath_phase,safenest-node-01
47.0360,0.230000,S001,S001_BREATH_PACED_20_05,1,BREATH_PACED_20,23.00,0.9184,,MR60BHA2_breath_phase,safenest-node-01
47.1360,0.300000,S001,S001_BREATH_PACED_20_05,1,BREATH_PACED_20,23.00,0.9184,,MR60BHA2_breath_phase,safenest-node-01
47.2360,0.330000,S001,S001_BREATH_PACED_20_05,1,BREATH_PACED_20,23.00,0.9184,,MR60BHA2_breath_phase,safenest-node-01
47.3360,0.370000,S001,S001_BREATH_PACED_20_05,1,BREATH_PACED_20,23.00,0.9184,,MR60BHA2_breath_phase,safenest-node-01
47.4360,0.380000,S001,S001_BREATH_PACED_20_05,1,BREATH_PACED_20,23.00,0.9184,,MR60BHA2_breath_phase,safenest-node-01
47.5360,0.380000,S001,S001_BREATH_PACED_20_05,1,BREATH_PACED_20,23.00,0.9184,,MR60BHA2_breath_phase,safenest-node-01
47.6360,0.340000,S001,S001_BREATH_PACED_20_05,1,BREATH_PACED_20,23.00,0.9184,,MR60BHA2_breath_phase,safenest-node-01
47.7360,0.310000,S001,S001_BREATH_PACED_20_05,1,BREATH_PACED_20,23.00,0.9184,,MR60BHA2_breath_phase,safenest-node-01
47.8360,0.210000,S001,S001_BREATH_PACED_20_05,1,BREATH_PACED_20,23.00,0.9184,,MR60BHA2_breath_phase,safenest-node-01
47.9360,0.090000,S001,S001_BREATH_PACED_20_05,1,BREATH_PACED_20,23.00,0.9184,,MR60BHA2_breath_phase,safenest-node-01
48.0360,0.020000,S001,S001_BREATH_PACED_20_05,1,BREATH_PACED_20,23.00,0.9184,,MR60BHA2_breath_phase,safenest-node-01
48.1360,-0.140000,S001,S001_BREATH_PACED_20_05,1,BREATH_PACED_20,23.00,0.9184,,MR60BHA2_breath_phase,safenest-node-01
48.2360,-0.300000,S001,S001_BREATH_PACED_20_05,1,BREATH_PACED_20,23.00,0.9184,,MR60BHA2_breath_phase,safenest-node-01
48.3360,-0.380000,S001,S001_BREATH_PACED_20_05,1,BREATH_PACED_20,23.00,0.9184,,MR60BHA2_breath_phase,safenest-node-01
48.4360,-0.530000,S001,S001_BREATH_PACED_20_05,1,BREATH_PACED_20,23.00,0.9184,,MR60BHA2_breath_phase,safenest-node-01
48.5360,-0.640000,S001,S001_BREATH_PACED_20_05,1,BREATH_PACED_20,23.00,0.9184,,MR60BHA2_breath_phase,safenest-node-01
48.6360,-0.680000,S001,S001_BREATH_PACED_20_05,1,BREATH_PACED_20,23.00,0.9184,,MR60BHA2_breath_phase,safenest-node-01
48.7360,-0.730000,S001,S001_BREATH_PACED_20_05,1,BREATH_PACED_20,23.00,0.9184,,MR60BHA2_breath_phase,safenest-node-01
48.8360,-0.740000,S001,S001_BREATH_PACED_20_05,1,BREATH_PACED_20,23.00,0.9184,,MR60BHA2_breath_phase,safenest-node-01
48.9360,-0.720000,S001,S001_BREATH_PACED_20_05,1,BREATH_PACED_20,23.00,0.9184,,MR60BHA2_breath_phase,safenest-node-01
49.0360,-0.650000,S001,S001_BREATH_PACED_20_05,1,BREATH_PACED_20,23.00,0.9184,,MR60BHA2_breath_phase,safenest-node-01
49.1360,-0.600000,S001,S001_BREATH_PACED_20_05,1,BREATH_PACED_20,23.00,0.9184,,MR60BHA2_breath_phase,safenest-node-01
49.2360,-0.460000,S001,S001_BREATH_PACED_20_05,1,BREATH_PACED_20,23.00,0.9184,,MR60BHA2_breath_phase,safenest-node-01
49.3360,-0.380000,S001,S001_BREATH_PACED_20_05,1,BREATH_PACED_20,23.00,0.9184,,MR60BHA2_breath_phase,safenest-node-01
49.4360,-0.210000,S001,S001_BREATH_PACED_20_05,1,BREATH_PACED_20,23.00,0.9184,,MR60BHA2_breath_phase,safenest-node-01
49.5360,-0.020000,S001,S001_BREATH_PACED_20_05,1,BREATH_PACED_20,23.00,0.9184,,MR60BHA2_breath_phase,safenest-node-01
49.6360,0.070000,S001,S001_BREATH_PACED_20_05,1,BREATH_PACED_20,23.00,0.9184,,MR60BHA2_breath_phase,safenest-node-01
49.7360,0.240000,S001,S001_BREATH_PACED_20_05,1,BREATH_PACED_20,23.00,0.9184,,MR60BHA2_breath_phase,safenest-node-01
49.8360,0.400000,S001,S001_BREATH_PACED_20_05,1,BREATH_PACED_20,23.00,0.9184,,MR60BHA2_breath_phase,safenest-node-01
49.9360,0.460000,S001,S001_BREATH_PACED_20_05,1,BREATH_PACED_20,23.00,0.9184,,MR60BHA2_breath_phase,safenest-node-01
50.0360,0.560000,S001,S001_BREATH_PACED_20_05,1,BREATH_PACED_20,23.00,0.9184,,MR60BHA2_breath_phase,safenest-node-01
50.1360,0.610000,S001,S001_BREATH_PACED_20_05,1,BREATH_PACED_20,23.00,0.9184,,MR60BHA2_breath_phase,safenest-node-01
50.2360,0.620000,S001,S001_BREATH_PACED_20_05,1,BREATH_PACED_20,23.00,0.9184,,MR60BHA2_breath_phase,safenest-node-01
50.3360,0.590000,S001,S001_BREATH_PACED_20_05,1,BREATH_PACED_20,23.00,0.9184,,MR60BHA2_breath_phase,safenest-node-01
50.4360,0.560000,S001,S001_BREATH_PACED_20_05,1,BREATH_PACED_20,23.00,0.9184,,MR60BHA2_breath_phase,safenest-node-01
50.5360,0.460000,S001,S001_BREATH_PACED_20_05,1,BREATH_PACED_20,23.00,0.9184,,MR60BHA2_breath_phase,safenest-node-01
50.6360,0.320000,S001,S001_BREATH_PACED_20_05,1,BREATH_PACED_20,23.00,0.9184,,MR60BHA2_breath_phase,safenest-node-01
50.7360,0.230000,S001,S001_BREATH_PACED_20_05,1,BREATH_PACED_20,23.00,0.9184,,MR60BHA2_breath_phase,safenest-node-01
50.8360,0.050000,S001,S001_BREATH_PACED_20_05,1,BREATH_PACED_20,23.00,0.9184,,MR60BHA2_breath_phase,safenest-node-01
50.9360,-0.050000,S001,S001_BREATH_PACED_20_05,1,BREATH_PACED_20,23.00,0.9184,,MR60BHA2_breath_phase,safenest-node-01
51.0360,-0.260000,S001,S001_BREATH_PACED_20_05,1,BREATH_PACED_20,23.00,0.9184,,MR60BHA2_breath_phase,safenest-node-01
51.1360,-0.450000,S001,S001_BREATH_PACED_20_05,1,BREATH_PACED_20,23.00,0.9184,,MR60BHA2_breath_phase,safenest-node-01
51.2360,-0.630000,S001,S001_BREATH_PACED_20_05,1,BREATH_PACED_20,23.00,0.9184,,MR60BHA2_breath_phase,safenest-node-01
51.3360,-0.700000,S001,S001_BREATH_PACED_20_05,1,BREATH_PACED_20,23.00,0.9184,,MR60BHA2_breath_phase,safenest-node-01
51.4360,-0.820000,S001,S001_BREATH_PACED_20_05,1,BREATH_PACED_20,23.00,0.9184,,MR60BHA2_breath_phase,safenest-node-01
51.5360,-0.860000,S001,S001_BREATH_PACED_20_05,1,BREATH_PACED_20,24.00,0.9184,,MR60BHA2_breath_phase,safenest-node-01
51.6360,-0.900000,S001,S001_BREATH_PACED_20_05,1,BREATH_PACED_20,24.00,0.9184,,MR60BHA2_breath_phase,safenest-node-01
51.7360,-0.890000,S001,S001_BREATH_PACED_20_05,1,BREATH_PACED_20,24.00,0.9184,,MR60BHA2_breath_phase,safenest-node-01
51.8360,-0.870000,S001,S001_BREATH_PACED_20_05,1,BREATH_PACED_20,24.00,0.9184,,MR60BHA2_breath_phase,safenest-node-01
51.9360,-0.780000,S001,S001_BREATH_PACED_20_05,1,BREATH_PACED_20,24.00,0.9184,,MR60BHA2_breath_phase,safenest-node-01
52.0360,-0.720000,S001,S001_BREATH_PACED_20_05,1,BREATH_PACED_20,25.00,0.9184,,MR60BHA2_breath_phase,safenest-node-01
52.1360,-0.570000,S001,S001_BREATH_PACED_20_05,1,BREATH_PACED_20,25.00,0.9184,,MR60BHA2_breath_phase,safenest-node-01
52.2360,-0.380000,S001,S001_BREATH_PACED_20_05,1,BREATH_PACED_20,25.00,0.9184,,MR60BHA2_breath_phase,safenest-node-01
52.3360,-0.280000,S001,S001_BREATH_PACED_20_05,1,BREATH_PACED_20,25.00,0.9184,,MR60BHA2_breath_phase,safenest-node-01
52.4360,-0.070000,S001,S001_BREATH_PACED_20_05,1,BREATH_PACED_20,25.00,0.9184,,MR60BHA2_breath_phase,safenest-node-01
52.5360,0.140000,S001,S001_BREATH_PACED_20_05,1,BREATH_PACED_20,25.00,0.9184,,MR60BHA2_breath_phase,safenest-node-01
52.6360,0.250000,S001,S001_BREATH_PACED_20_05,1,BREATH_PACED_20,25.00,0.9184,,MR60BHA2_breath_phase,safenest-node-01
52.7360,0.450000,S001,S001_BREATH_PACED_20_05,1,BREATH_PACED_20,25.00,0.9184,,MR60BHA2_breath_phase,safenest-node-01
52.8360,0.620000,S001,S001_BREATH_PACED_20_05,1,BREATH_PACED_20,26.00,0.9184,,MR60BHA2_breath_phase,safenest-node-01
52.9360,0.690000,S001,S001_BREATH_PACED_20_05,1,BREATH_PACED_20,26.00,0.9184,,MR60BHA2_breath_phase,safenest-node-01
53.0360,0.800000,S001,S001_BREATH_PACED_20_05,1,BREATH_PACED_20,26.00,0.9184,,MR60BHA2_breath_phase,safenest-node-01
53.1360,0.840000,S001,S001_BREATH_PACED_20_05,1,BREATH_PACED_20,26.00,0.9184,,MR60BHA2_breath_phase,safenest-node-01
53.2360,0.870000,S001,S001_BREATH_PACED_20_05,1,BREATH_PACED_20,25.00,0.9184,,MR60BHA2_breath_phase,safenest-node-01
53.3360,0.860000,S001,S001_BREATH_PACED_20_05,1,BREATH_PACED_20,25.00,0.9184,,MR60BHA2_breath_phase,safenest-node-01
53.4360,0.830000,S001,S001_BREATH_PACED_20_05,1,BREATH_PACED_20,25.00,0.9184,,MR60BHA2_breath_phase,safenest-node-01
53.5360,0.740000,S001,S001_BREATH_PACED_20_05,1,BREATH_PACED_20,25.00,0.9184,,MR60BHA2_breath_phase,safenest-node-01
53.6360,0.680000,S001,S001_BREATH_PACED_20_05,1,BREATH_PACED_20,25.00,0.9184,,MR60BHA2_breath_phase,safenest-node-01
53.7360,0.540000,S001,S001_BREATH_PACED_20_05,1,BREATH_PACED_20,25.00,0.9184,,MR60BHA2_breath_phase,safenest-node-01
53.8360,0.360000,S001,S001_BREATH_PACED_20_05,1,BREATH_PACED_20,25.00,0.9184,,MR60BHA2_breath_phase,safenest-node-01
53.9360,0.170000,S001,S001_BREATH_PACED_20_05,1,BREATH_PACED_20,25.00,0.9184,,MR60BHA2_breath_phase,safenest-node-01
54.0360,0.080000,S001,S001_BREATH_PACED_20_05,1,BREATH_PACED_20,25.00,0.9184,,MR60BHA2_breath_phase,safenest-node-01
54.1360,-0.010000,S001,S001_BREATH_PACED_20_05,1,BREATH_PACED_20,25.00,0.9184,,MR60BHA2_breath_phase,safenest-node-01
54.2360,-0.190000,S001,S001_BREATH_PACED_20_05,1,BREATH_PACED_20,25.00,0.9184,,MR60BHA2_breath_phase,safenest-node-01
54.3360,-0.340000,S001,S001_BREATH_PACED_20_05,1,BREATH_PACED_20,25.00,0.9184,,MR60BHA2_breath_phase,safenest-node-01
54.4360,-0.460000,S001,S001_BREATH_PACED_20_05,1,BREATH_PACED_20,25.00,0.9184,,MR60BHA2_breath_phase,safenest-node-01
54.5360,-0.500000,S001,S001_BREATH_PACED_20_05,1,BREATH_PACED_20,25.00,0.9184,,MR60BHA2_breath_phase,safenest-node-01
54.6360,-0.550000,S001,S001_BREATH_PACED_20_05,1,BREATH_PACED_20,25.00,0.9184,,MR60BHA2_breath_phase,safenest-node-01
54.7360,-0.560000,S001,S001_BREATH_PACED_20_05,1,BREATH_PACED_20,25.00,0.9184,,MR60BHA2_breath_phase,safenest-node-01
54.8360,-0.550000,S001,S001_BREATH_PACED_20_05,1,BREATH_PACED_20,24.00,0.9184,,MR60BHA2_breath_phase,safenest-node-01
54.9360,-0.490000,S001,S001_BREATH_PACED_20_05,1,BREATH_PACED_20,24.00,0.9184,,MR60BHA2_breath_phase,safenest-node-01
55.0360,-0.450000,S001,S001_BREATH_PACED_20_05,1,BREATH_PACED_20,24.00,0.9184,,MR60BHA2_breath_phase,safenest-node-01
55.1360,-0.340000,S001,S001_BREATH_PACED_20_05,1,BREATH_PACED_20,24.00,0.9184,,MR60BHA2_breath_phase,safenest-node-01
55.2360,-0.280000,S001,S001_BREATH_PACED_20_05,1,BREATH_PACED_20,24.00,0.9184,,MR60BHA2_breath_phase,safenest-node-01
55.3360,-0.130000,S001,S001_BREATH_PACED_20_05,1,BREATH_PACED_20,24.00,0.8610,,MR60BHA2_breath_phase,safenest-node-01
55.4360,0.020000,S001,S001_BREATH_PACED_20_05,1,BREATH_PACED_20,24.00,0.8610,,MR60BHA2_breath_phase,safenest-node-01
55.5360,0.100000,S001,S001_BREATH_PACED_20_05,1,BREATH_PACED_20,24.00,0.8610,,MR60BHA2_breath_phase,safenest-node-01
55.6360,0.250000,S001,S001_BREATH_PACED_20_05,1,BREATH_PACED_20,24.00,0.8610,,MR60BHA2_breath_phase,safenest-node-01
55.7360,0.310000,S001,S001_BREATH_PACED_20_05,1,BREATH_PACED_20,24.00,0.8610,,MR60BHA2_breath_phase,safenest-node-01
55.8360,0.430000,S001,S001_BREATH_PACED_20_05,1,BREATH_PACED_20,24.00,0.8610,,MR60BHA2_breath_phase,safenest-node-01
55.9360,0.530000,S001,S001_BREATH_PACED_20_05,1,BREATH_PACED_20,24.00,0.8610,,MR60BHA2_breath_phase,safenest-node-01
56.0370,0.570000,S001,S001_BREATH_PACED_20_05,1,BREATH_PACED_20,24.00,0.8610,,MR60BHA2_breath_phase,safenest-node-01
56.1370,0.610000,S001,S001_BREATH_PACED_20_05,1,BREATH_PACED_20,24.00,0.8610,,MR60BHA2_breath_phase,safenest-node-01
56.2370,0.630000,S001,S001_BREATH_PACED_20_05,1,BREATH_PACED_20,24.00,0.8610,,MR60BHA2_breath_phase,safenest-node-01
56.3370,0.630000,S001,S001_BREATH_PACED_20_05,1,BREATH_PACED_20,24.00,0.8610,,MR60BHA2_breath_phase,safenest-node-01
56.4370,0.610000,S001,S001_BREATH_PACED_20_05,1,BREATH_PACED_20,24.00,0.8610,,MR60BHA2_breath_phase,safenest-node-01
56.5380,0.560000,S001,S001_BREATH_PACED_20_05,1,BREATH_PACED_20,24.00,0.8610,,MR60BHA2_breath_phase,safenest-node-01
56.6380,0.530000,S001,S001_BREATH_PACED_20_05,1,BREATH_PACED_20,24.00,0.8610,,MR60BHA2_breath_phase,safenest-node-01
56.7380,0.460000,S001,S001_BREATH_PACED_20_05,1,BREATH_PACED_20,24.00,0.8610,,MR60BHA2_breath_phase,safenest-node-01
56.8380,0.410000,S001,S001_BREATH_PACED_20_05,1,BREATH_PACED_20,24.00,0.8610,,MR60BHA2_breath_phase,safenest-node-01
56.9380,0.320000,S001,S001_BREATH_PACED_20_05,1,BREATH_PACED_20,24.00,0.8610,,MR60BHA2_breath_phase,safenest-node-01
57.0400,0.230000,S001,S001_BREATH_PACED_20_05,1,BREATH_PACED_20,24.00,0.8610,,MR60BHA2_breath_phase,safenest-node-01
57.1400,0.180000,S001,S001_BREATH_PACED_20_05,1,BREATH_PACED_20,24.00,0.8610,,MR60BHA2_breath_phase,safenest-node-01
57.2400,0.080000,S001,S001_BREATH_PACED_20_05,1,BREATH_PACED_20,24.00,0.8610,,MR60BHA2_breath_phase,safenest-node-01
57.3400,0.030000,S001,S001_BREATH_PACED_20_05,1,BREATH_PACED_20,24.00,0.8610,,MR60BHA2_breath_phase,safenest-node-01
57.4400,-0.060000,S001,S001_BREATH_PACED_20_05,1,BREATH_PACED_20,24.00,0.8610,,MR60BHA2_breath_phase,safenest-node-01
57.5400,-0.140000,S001,S001_BREATH_PACED_20_05,1,BREATH_PACED_20,24.00,0.8610,,MR60BHA2_breath_phase,safenest-node-01
57.6400,-0.180000,S001,S001_BREATH_PACED_20_05,1,BREATH_PACED_20,24.00,0.8610,,MR60BHA2_breath_phase,safenest-node-01
57.7400,-0.240000,S001,S001_BREATH_PACED_20_05,1,BREATH_PACED_20,24.00,0.8610,,MR60BHA2_breath_phase,safenest-node-01
57.8400,-0.270000,S001,S001_BREATH_PACED_20_05,1,BREATH_PACED_20,24.00,0.8610,,MR60BHA2_breath_phase,safenest-node-01
57.9400,-0.310000,S001,S001_BREATH_PACED_20_05,1,BREATH_PACED_20,24.00,0.8610,,MR60BHA2_breath_phase,safenest-node-01
58.0400,-0.340000,S001,S001_BREATH_PACED_20_05,1,BREATH_PACED_20,24.00,0.9184,,MR60BHA2_breath_phase,safenest-node-01
58.1400,-0.340000,S001,S001_BREATH_PACED_20_05,1,BREATH_PACED_20,24.00,0.9184,,MR60BHA2_breath_phase,safenest-node-01
58.2400,-0.340000,S001,S001_BREATH_PACED_20_05,1,BREATH_PACED_20,24.00,0.9184,,MR60BHA2_breath_phase,safenest-node-01
58.3400,-0.330000,S001,S001_BREATH_PACED_20_05,1,BREATH_PACED_20,24.00,0.9184,,MR60BHA2_breath_phase,safenest-node-01
58.4400,-0.290000,S001,S001_BREATH_PACED_20_05,1,BREATH_PACED_20,24.00,0.9184,,MR60BHA2_breath_phase,safenest-node-01
58.5400,-0.240000,S001,S001_BREATH_PACED_20_05,1,BREATH_PACED_20,24.00,0.9184,,MR60BHA2_breath_phase,safenest-node-01
58.6400,-0.160000,S001,S001_BREATH_PACED_20_05,1,BREATH_PACED_20,24.00,0.9184,,MR60BHA2_breath_phase,safenest-node-01
58.7400,-0.120000,S001,S001_BREATH_PACED_20_05,1,BREATH_PACED_20,24.00,0.9184,,MR60BHA2_breath_phase,safenest-node-01
58.8400,-0.040000,S001,S001_BREATH_PACED_20_05,1,BREATH_PACED_20,24.00,0.9184,,MR60BHA2_breath_phase,safenest-node-01
58.9400,0.000000,S001,S001_BREATH_PACED_20_05,1,BREATH_PACED_20,24.00,0.9184,,MR60BHA2_breath_phase,safenest-node-01
59.0400,0.080000,S001,S001_BREATH_PACED_20_05,1,BREATH_PACED_20,24.00,0.9184,,MR60BHA2_breath_phase,safenest-node-01
59.1400,0.130000,S001,S001_BREATH_PACED_20_05,1,BREATH_PACED_20,24.00,0.9184,,MR60BHA2_breath_phase,safenest-node-01
59.2400,0.150000,S001,S001_BREATH_PACED_20_05,1,BREATH_PACED_20,24.00,0.9184,,MR60BHA2_breath_phase,safenest-node-01
59.3400,0.160000,S001,S001_BREATH_PACED_20_05,1,BREATH_PACED_20,24.00,0.9184,,MR60BHA2_breath_phase,safenest-node-01
59.4400,0.150000,S001,S001_BREATH_PACED_20_05,1,BREATH_PACED_20,24.00,0.9184,,MR60BHA2_breath_phase,safenest-node-01
59.5400,0.120000,S001,S001_BREATH_PACED_20_05,1,BREATH_PACED_20,24.00,0.9184,,MR60BHA2_breath_phase,safenest-node-01
59.6400,0.050000,S001,S001_BREATH_PACED_20_05,1,BREATH_PACED_20,24.00,0.9184,,MR60BHA2_breath_phase,safenest-node-01
59.7420,0.010000,S001,S001_BREATH_PACED_20_05,1,BREATH_PACED_20,24.00,0.9184,,MR60BHA2_breath_phase,safenest-node-01
59.8420,-0.100000,S001,S001_BREATH_PACED_20_05,1,BREATH_PACED_20,24.00,0.9184,,MR60BHA2_breath_phase,safenest-node-01
59.9420,-0.210000,S001,S001_BREATH_PACED_20_05,1,BREATH_PACED_20,24.00,0.9184,,MR60BHA2_breath_phase,safenest-node-01
60.0420,-0.270000,S001,S001_BREATH_PACED_20_05,1,BREATH_PACED_20,24.00,0.9184,,MR60BHA2_breath_phase,safenest-node-01
60.1420,-0.390000,S001,S001_BREATH_PACED_20_05,1,BREATH_PACED_20,24.00,0.9184,,MR60BHA2_breath_phase,safenest-node-01
60.2420,-0.480000,S001,S001_BREATH_PACED_20_05,1,BREATH_PACED_20,24.00,0.9184,,MR60BHA2_breath_phase,safenest-node-01
60.3420,-0.530000,S001,S001_BREATH_PACED_20_05,1,BREATH_PACED_20,24.00,0.9184,,MR60BHA2_breath_phase,safenest-node-01
60.4420,-0.590000,S001,S001_BREATH_PACED_20_05,1,BREATH_PACED_20,24.00,0.9184,,MR60BHA2_breath_phase,safenest-node-01
60.5420,-0.610000,S001,S001_BREATH_PACED_20_05,1,BREATH_PACED_20,24.00,0.9184,,MR60BHA2_breath_phase,safenest-node-01
60.6420,-0.620000,S001,S001_BREATH_PACED_20_05,1,BREATH_PACED_20,24.00,0.9184,,MR60BHA2_breath_phase,safenest-node-01
60.7420,-0.590000,S001,S001_BREATH_PACED_20_05,1,BREATH_PACED_20,24.00,0.9184,,MR60BHA2_breath_phase,safenest-node-01
60.8420,-0.570000,S001,S001_BREATH_PACED_20_05,1,BREATH_PACED_20,24.00,0.9184,,MR60BHA2_breath_phase,safenest-node-01
60.9420,-0.500000,S001,S001_BREATH_PACED_20_05,1,BREATH_PACED_20,24.00,0.9184,,MR60BHA2_breath_phase,safenest-node-01
61.0420,-0.450000,S001,S001_BREATH_PACED_20_05,1,BREATH_PACED_20,24.00,0.9184,,MR60BHA2_breath_phase,safenest-node-01
61.1420,-0.340000,S001,S001_BREATH_PACED_20_05,1,BREATH_PACED_20,24.00,0.9184,,MR60BHA2_breath_phase,safenest-node-01
61.2420,-0.200000,S001,S001_BREATH_PACED_20_05,1,BREATH_PACED_20,24.00,0.9184,,MR60BHA2_breath_phase,safenest-node-01
61.3430,-0.050000,S001,S001_BREATH_PACED_20_05,1,BREATH_PACED_20,24.00,0.9184,,MR60BHA2_breath_phase,safenest-node-01
61.4430,0.020000,S001,S001_BREATH_PACED_20_05,1,BREATH_PACED_20,24.00,0.9184,,MR60BHA2_breath_phase,safenest-node-01
61.5430,0.160000,S001,S001_BREATH_PACED_20_05,1,BREATH_PACED_20,24.00,0.9184,,MR60BHA2_breath_phase,safenest-node-01
61.6430,0.230000,S001,S001_BREATH_PACED_20_05,1,BREATH_PACED_20,24.00,0.9184,,MR60BHA2_breath_phase,safenest-node-01
61.7430,0.350000,S001,S001_BREATH_PACED_20_05,1,BREATH_PACED_20,23.00,0.9184,,MR60BHA2_breath_phase,safenest-node-01
61.8430,0.440000,S001,S001_BREATH_PACED_20_05,1,BREATH_PACED_20,23.00,0.9184,,MR60BHA2_breath_phase,safenest-node-01
61.9460,0.500000,S001,S001_BREATH_PACED_20_05,1,BREATH_PACED_20,23.00,0.9184,,MR60BHA2_breath_phase,safenest-node-01
62.0460,0.510000,S001,S001_BREATH_PACED_20_05,1,BREATH_PACED_20,23.00,0.9184,,MR60BHA2_breath_phase,safenest-node-01
62.1460,0.520000,S001,S001_BREATH_PACED_20_05,1,BREATH_PACED_20,23.00,0.9184,,MR60BHA2_breath_phase,safenest-node-01
62.2460,0.510000,S001,S001_BREATH_PACED_20_05,1,BREATH_PACED_20,23.00,0.9184,,MR60BHA2_breath_phase,safenest-node-01
62.3460,0.460000,S001,S001_BREATH_PACED_20_05,1,BREATH_PACED_20,23.00,0.9184,,MR60BHA2_breath_phase,safenest-node-01
62.4460,0.390000,S001,S001_BREATH_PACED_20_05,1,BREATH_PACED_20,23.00,0.9184,,MR60BHA2_breath_phase,safenest-node-01
62.5480,0.280000,S001,S001_BREATH_PACED_20_05,1,BREATH_PACED_20,23.00,0.9184,,MR60BHA2_breath_phase,safenest-node-01
62.6480,0.220000,S001,S001_BREATH_PACED_20_05,1,BREATH_PACED_20,23.00,0.9184,,MR60BHA2_breath_phase,safenest-node-01
62.7480,0.100000,S001,S001_BREATH_PACED_20_05,1,BREATH_PACED_20,23.00,0.9184,,MR60BHA2_breath_phase,safenest-node-01
62.8480,0.040000,S001,S001_BREATH_PACED_20_05,1,BREATH_PACED_20,23.00,0.9184,,MR60BHA2_breath_phase,safenest-node-01
62.9480,-0.080000,S001,S001_BREATH_PACED_20_05,1,BREATH_PACED_20,23.00,0.9184,,MR60BHA2_breath_phase,safenest-node-01
63.0480,-0.190000,S001,S001_BREATH_PACED_20_05,1,BREATH_PACED_20,23.00,0.9184,,MR60BHA2_breath_phase,safenest-node-01
63.1510,-0.280000,S001,S001_BREATH_PACED_20_05,1,BREATH_PACED_20,23.00,0.9184,,MR60BHA2_breath_phase,safenest-node-01
63.2510,-0.320000,S001,S001_BREATH_PACED_20_05,1,BREATH_PACED_20,23.00,0.9184,,MR60BHA2_breath_phase,safenest-node-01
63.3510,-0.370000,S001,S001_BREATH_PACED_20_05,1,BREATH_PACED_20,23.00,0.9184,,MR60BHA2_breath_phase,safenest-node-01
63.4510,-0.380000,S001,S001_BREATH_PACED_20_05,1,BREATH_PACED_20,24.00,0.9184,,MR60BHA2_breath_phase,safenest-node-01
63.5510,-0.380000,S001,S001_BREATH_PACED_20_05,1,BREATH_PACED_20,24.00,0.9184,,MR60BHA2_breath_phase,safenest-node-01
63.6510,-0.340000,S001,S001_BREATH_PACED_20_05,1,BREATH_PACED_20,24.00,0.9184,,MR60BHA2_breath_phase,safenest-node-01
63.7510,-0.270000,S001,S001_BREATH_PACED_20_05,1,BREATH_PACED_20,24.00,0.9184,,MR60BHA2_breath_phase,safenest-node-01
63.8510,-0.220000,S001,S001_BREATH_PACED_20_05,1,BREATH_PACED_20,24.00,0.9184,,MR60BHA2_breath_phase,safenest-node-01
63.9510,-0.110000,S001,S001_BREATH_PACED_20_05,1,BREATH_PACED_20,25.00,0.9184,,MR60BHA2_breath_phase,safenest-node-01
64.0510,-0.050000,S001,S001_BREATH_PACED_20_05,1,BREATH_PACED_20,25.00,0.9184,,MR60BHA2_breath_phase,safenest-node-01
64.1510,0.080000,S001,S001_BREATH_PACED_20_05,1,BREATH_PACED_20,25.00,0.9184,,MR60BHA2_breath_phase,safenest-node-01
64.2510,0.210000,S001,S001_BREATH_PACED_20_05,1,BREATH_PACED_20,25.00,0.9184,,MR60BHA2_breath_phase,safenest-node-01
64.3510,0.270000,S001,S001_BREATH_PACED_20_05,1,BREATH_PACED_20,25.00,0.9184,,MR60BHA2_breath_phase,safenest-node-01
64.4510,0.390000,S001,S001_BREATH_PACED_20_05,1,BREATH_PACED_20,25.00,0.9184,,MR60BHA2_breath_phase,safenest-node-01
64.5510,0.480000,S001,S001_BREATH_PACED_20_05,1,BREATH_PACED_20,25.00,0.9184,,MR60BHA2_breath_phase,safenest-node-01
64.6510,0.520000,S001,S001_BREATH_PACED_20_05,1,BREATH_PACED_20,25.00,0.9184,,MR60BHA2_breath_phase,safenest-node-01
64.7510,0.560000,S001,S001_BREATH_PACED_20_05,1,BREATH_PACED_20,26.00,0.9184,,MR60BHA2_breath_phase,safenest-node-01
64.8510,0.570000,S001,S001_BREATH_PACED_20_05,1,BREATH_PACED_20,26.00,0.9184,,MR60BHA2_breath_phase,safenest-node-01
64.9510,0.560000,S001,S001_BREATH_PACED_20_05,1,BREATH_PACED_20,26.00,0.9184,,MR60BHA2_breath_phase,safenest-node-01
65.0510,0.520000,S001,S001_BREATH_PACED_20_05,1,BREATH_PACED_20,26.00,0.9184,,MR60BHA2_breath_phase,safenest-node-01
65.1510,0.450000,S001,S001_BREATH_PACED_20_05,1,BREATH_PACED_20,26.00,0.9184,,MR60BHA2_breath_phase,safenest-node-01
65.2510,0.410000,S001,S001_BREATH_PACED_20_05,1,BREATH_PACED_20,26.00,0.9184,,MR60BHA2_breath_phase,safenest-node-01
65.3510,0.300000,S001,S001_BREATH_PACED_20_05,1,BREATH_PACED_20,26.00,0.9184,,MR60BHA2_breath_phase,safenest-node-01
65.4510,0.190000,S001,S001_BREATH_PACED_20_05,1,BREATH_PACED_20,26.00,0.9184,,MR60BHA2_breath_phase,safenest-node-01
65.5510,0.120000,S001,S001_BREATH_PACED_20_05,1,BREATH_PACED_20,26.00,0.9184,,MR60BHA2_breath_phase,safenest-node-01
65.6510,-0.010000,S001,S001_BREATH_PACED_20_05,1,BREATH_PACED_20,26.00,0.9184,,MR60BHA2_breath_phase,safenest-node-01
65.7510,-0.070000,S001,S001_BREATH_PACED_20_05,1,BREATH_PACED_20,26.00,0.9184,,MR60BHA2_breath_phase,safenest-node-01
65.8510,-0.200000,S001,S001_BREATH_PACED_20_05,1,BREATH_PACED_20,27.00,0.9184,,MR60BHA2_breath_phase,safenest-node-01
65.9510,-0.310000,S001,S001_BREATH_PACED_20_05,1,BREATH_PACED_20,27.00,0.9184,,MR60BHA2_breath_phase,safenest-node-01
66.0510,-0.400000,S001,S001_BREATH_PACED_20_05,1,BREATH_PACED_20,27.00,0.9184,,MR60BHA2_breath_phase,safenest-node-01
66.1510,-0.440000,S001,S001_BREATH_PACED_20_05,1,BREATH_PACED_20,27.00,0.9184,,MR60BHA2_breath_phase,safenest-node-01
66.2510,-0.490000,S001,S001_BREATH_PACED_20_05,1,BREATH_PACED_20,27.00,0.9184,,MR60BHA2_breath_phase,safenest-node-01
66.3510,-0.500000,S001,S001_BREATH_PACED_20_05,1,BREATH_PACED_20,27.00,0.9184,,MR60BHA2_breath_phase,safenest-node-01
66.4510,-0.510000,S001,S001_BREATH_PACED_20_05,1,BREATH_PACED_20,27.00,0.9184,,MR60BHA2_breath_phase,safenest-node-01
66.5510,-0.480000,S001,S001_BREATH_PACED_20_05,1,BREATH_PACED_20,27.00,0.9184,,MR60BHA2_breath_phase,safenest-node-01
66.6510,-0.430000,S001,S001_BREATH_PACED_20_05,1,BREATH_PACED_20,27.00,0.9184,,MR60BHA2_breath_phase,safenest-node-01
66.7510,-0.400000,S001,S001_BREATH_PACED_20_05,1,BREATH_PACED_20,27.00,0.9184,,MR60BHA2_breath_phase,safenest-node-01
66.8510,-0.330000,S001,S001_BREATH_PACED_20_05,1,BREATH_PACED_20,26.00,0.9184,,MR60BHA2_breath_phase,safenest-node-01
66.9510,-0.290000,S001,S001_BREATH_PACED_20_05,1,BREATH_PACED_20,26.00,0.9184,,MR60BHA2_breath_phase,safenest-node-01
67.0510,-0.210000,S001,S001_BREATH_PACED_20_05,1,BREATH_PACED_20,26.00,0.9184,,MR60BHA2_breath_phase,safenest-node-01
67.1510,-0.120000,S001,S001_BREATH_PACED_20_05,1,BREATH_PACED_20,26.00,0.9184,,MR60BHA2_breath_phase,safenest-node-01
67.2510,-0.030000,S001,S001_BREATH_PACED_20_05,1,BREATH_PACED_20,26.00,0.9184,,MR60BHA2_breath_phase,safenest-node-01
67.3510,0.020000,S001,S001_BREATH_PACED_20_05,1,BREATH_PACED_20,26.00,0.9184,,MR60BHA2_breath_phase,safenest-node-01
67.4510,0.110000,S001,S001_BREATH_PACED_20_05,1,BREATH_PACED_20,26.00,0.9184,,MR60BHA2_breath_phase,safenest-node-01
67.5510,0.160000,S001,S001_BREATH_PACED_20_05,1,BREATH_PACED_20,26.00,0.9184,,MR60BHA2_breath_phase,safenest-node-01
67.6510,0.250000,S001,S001_BREATH_PACED_20_05,1,BREATH_PACED_20,26.00,0.9184,,MR60BHA2_breath_phase,safenest-node-01
67.7510,0.330000,S001,S001_BREATH_PACED_20_05,1,BREATH_PACED_20,25.00,0.9184,,MR60BHA2_breath_phase,safenest-node-01
67.8510,0.390000,S001,S001_BREATH_PACED_20_05,1,BREATH_PACED_20,25.00,0.9184,,MR60BHA2_breath_phase,safenest-node-01
67.9510,0.410000,S001,S001_BREATH_PACED_20_05,1,BREATH_PACED_20,25.00,0.9184,,MR60BHA2_breath_phase,safenest-node-01
68.0510,0.440000,S001,S001_BREATH_PACED_20_05,1,BREATH_PACED_20,25.00,0.9184,,MR60BHA2_breath_phase,safenest-node-01
68.1510,0.450000,S001,S001_BREATH_PACED_20_05,1,BREATH_PACED_20,25.00,0.9184,,MR60BHA2_breath_phase,safenest-node-01
68.2510,0.440000,S001,S001_BREATH_PACED_20_05,1,BREATH_PACED_20,25.00,0.9184,,MR60BHA2_breath_phase,safenest-node-01
68.3510,0.400000,S001,S001_BREATH_PACED_20_05,1,BREATH_PACED_20,25.00,0.9184,,MR60BHA2_breath_phase,safenest-node-01
68.4510,0.370000,S001,S001_BREATH_PACED_20_05,1,BREATH_PACED_20,25.00,0.9184,,MR60BHA2_breath_phase,safenest-node-01
68.5510,0.300000,S001,S001_BREATH_PACED_20_05,1,BREATH_PACED_20,25.00,0.9184,,MR60BHA2_breath_phase,safenest-node-01
68.6510,0.210000,S001,S001_BREATH_PACED_20_05,1,BREATH_PACED_20,25.00,0.9184,,MR60BHA2_breath_phase,safenest-node-01
68.7510,0.170000,S001,S001_BREATH_PACED_20_05,1,BREATH_PACED_20,25.00,0.9184,,MR60BHA2_breath_phase,safenest-node-01
68.8510,0.070000,S001,S001_BREATH_PACED_20_05,1,BREATH_PACED_20,25.00,0.9184,,MR60BHA2_breath_phase,safenest-node-01
68.9510,-0.030000,S001,S001_BREATH_PACED_20_05,1,BREATH_PACED_20,25.00,0.9184,,MR60BHA2_breath_phase,safenest-node-01
69.0520,-0.080000,S001,S001_BREATH_PACED_20_05,1,BREATH_PACED_20,25.00,0.9184,,MR60BHA2_breath_phase,safenest-node-01
69.1520,-0.180000,S001,S001_BREATH_PACED_20_05,1,BREATH_PACED_20,25.00,0.9184,,MR60BHA2_breath_phase,safenest-node-01
69.2520,-0.220000,S001,S001_BREATH_PACED_20_05,1,BREATH_PACED_20,25.00,0.9184,,MR60BHA2_breath_phase,safenest-node-01
69.3520,-0.300000,S001,S001_BREATH_PACED_20_05,1,BREATH_PACED_20,24.00,0.9184,,MR60BHA2_breath_phase,safenest-node-01
69.4520,-0.370000,S001,S001_BREATH_PACED_20_05,1,BREATH_PACED_20,24.00,0.9184,,MR60BHA2_breath_phase,safenest-node-01
69.5520,-0.410000,S001,S001_BREATH_PACED_20_05,1,BREATH_PACED_20,24.00,0.9184,,MR60BHA2_breath_phase,safenest-node-01
69.6520,-0.430000,S001,S001_BREATH_PACED_20_05,1,BREATH_PACED_20,24.00,0.9184,,MR60BHA2_breath_phase,safenest-node-01
69.7520,-0.450000,S001,S001_BREATH_PACED_20_05,1,BREATH_PACED_20,24.00,0.9184,,MR60BHA2_breath_phase,safenest-node-01
69.8520,-0.450000,S001,S001_BREATH_PACED_20_05,1,BREATH_PACED_20,24.00,0.9184,,MR60BHA2_breath_phase,safenest-node-01
69.9520,-0.430000,S001,S001_BREATH_PACED_20_05,1,BREATH_PACED_20,24.00,0.9184,,MR60BHA2_breath_phase,safenest-node-01
70.0520,-0.390000,S001,S001_BREATH_PACED_20_05,1,BREATH_PACED_20,24.00,0.9184,,MR60BHA2_breath_phase,safenest-node-01
70.1520,-0.320000,S001,S001_BREATH_PACED_20_05,1,BREATH_PACED_20,24.00,0.9184,,MR60BHA2_breath_phase,safenest-node-01
70.2520,-0.270000,S001,S001_BREATH_PACED_20_05,1,BREATH_PACED_20,24.00,0.9184,,MR60BHA2_breath_phase,safenest-node-01
70.3520,-0.170000,S001,S001_BREATH_PACED_20_05,1,BREATH_PACED_20,24.00,0.9184,,MR60BHA2_breath_phase,safenest-node-01
70.4520,-0.110000,S001,S001_BREATH_PACED_20_05,1,BREATH_PACED_20,24.00,0.9184,,MR60BHA2_breath_phase,safenest-node-01
70.5520,0.020000,S001,S001_BREATH_PACED_20_05,1,BREATH_PACED_20,24.00,0.9184,,MR60BHA2_breath_phase,safenest-node-01
70.6520,0.150000,S001,S001_BREATH_PACED_20_05,1,BREATH_PACED_20,24.00,0.9184,,MR60BHA2_breath_phase,safenest-node-01
70.7520,0.280000,S001,S001_BREATH_PACED_20_05,1,BREATH_PACED_20,24.00,0.9184,,MR60BHA2_breath_phase,safenest-node-01
70.8520,0.350000,S001,S001_BREATH_PACED_20_05,1,BREATH_PACED_20,24.00,0.9184,,MR60BHA2_breath_phase,safenest-node-01
70.9520,0.460000,S001,S001_BREATH_PACED_20_05,1,BREATH_PACED_20,24.00,0.9184,,MR60BHA2_breath_phase,safenest-node-01
71.0520,0.500000,S001,S001_BREATH_PACED_20_05,1,BREATH_PACED_20,24.00,0.9184,,MR60BHA2_breath_phase,safenest-node-01
71.1520,0.560000,S001,S001_BREATH_PACED_20_05,1,BREATH_PACED_20,24.00,0.9184,,MR60BHA2_breath_phase,safenest-node-01
71.2520,0.580000,S001,S001_BREATH_PACED_20_05,1,BREATH_PACED_20,24.00,0.9184,,MR60BHA2_breath_phase,safenest-node-01
71.3540,0.550000,S001,S001_BREATH_PACED_20_05,1,BREATH_PACED_20,24.00,0.9184,,MR60BHA2_breath_phase,safenest-node-01
71.4540,0.510000,S001,S001_BREATH_PACED_20_05,1,BREATH_PACED_20,24.00,0.9184,,MR60BHA2_breath_phase,safenest-node-01
71.5540,0.410000,S001,S001_BREATH_PACED_20_05,1,BREATH_PACED_20,24.00,0.9184,,MR60BHA2_breath_phase,safenest-node-01
71.6540,0.350000,S001,S001_BREATH_PACED_20_05,1,BREATH_PACED_20,24.00,0.9184,,MR60BHA2_breath_phase,safenest-node-01
71.7540,0.200000,S001,S001_BREATH_PACED_20_05,1,BREATH_PACED_20,24.00,0.9184,,MR60BHA2_breath_phase,safenest-node-01
71.8540,0.030000,S001,S001_BREATH_PACED_20_05,1,BREATH_PACED_20,24.00,0.9184,,MR60BHA2_breath_phase,safenest-node-01
71.9540,-0.050000,S001,S001_BREATH_PACED_20_05,1,BREATH_PACED_20,24.00,0.9184,,MR60BHA2_breath_phase,safenest-node-01
72.0540,-0.220000,S001,S001_BREATH_PACED_20_05,1,BREATH_PACED_20,24.00,0.9184,,MR60BHA2_breath_phase,safenest-node-01
72.1540,-0.380000,S001,S001_BREATH_PACED_20_05,1,BREATH_PACED_20,24.00,0.9184,,MR60BHA2_breath_phase,safenest-node-01
72.2540,-0.450000,S001,S001_BREATH_PACED_20_05,1,BREATH_PACED_20,24.00,0.9184,,MR60BHA2_breath_phase,safenest-node-01
72.3540,-0.570000,S001,S001_BREATH_PACED_20_05,1,BREATH_PACED_20,24.00,0.9184,,MR60BHA2_breath_phase,safenest-node-01
72.4540,-0.650000,S001,S001_BREATH_PACED_20_05,1,BREATH_PACED_20,24.00,0.9184,,MR60BHA2_breath_phase,safenest-node-01
72.5540,-0.670000,S001,S001_BREATH_PACED_20_05,1,BREATH_PACED_20,24.00,0.9184,,MR60BHA2_breath_phase,safenest-node-01
72.6540,-0.690000,S001,S001_BREATH_PACED_20_05,1,BREATH_PACED_20,24.00,0.9184,,MR60BHA2_breath_phase,safenest-node-01
72.7540,-0.670000,S001,S001_BREATH_PACED_20_05,1,BREATH_PACED_20,24.00,0.9184,,MR60BHA2_breath_phase,safenest-node-01
72.8540,-0.650000,S001,S001_BREATH_PACED_20_05,1,BREATH_PACED_20,24.00,0.9184,,MR60BHA2_breath_phase,safenest-node-01
72.9540,-0.570000,S001,S001_BREATH_PACED_20_05,1,BREATH_PACED_20,24.00,0.9184,,MR60BHA2_breath_phase,safenest-node-01
73.0540,-0.460000,S001,S001_BREATH_PACED_20_05,1,BREATH_PACED_20,24.00,0.9184,,MR60BHA2_breath_phase,safenest-node-01
73.1540,-0.400000,S001,S001_BREATH_PACED_20_05,1,BREATH_PACED_20,24.00,0.9184,,MR60BHA2_breath_phase,safenest-node-01
73.2540,-0.250000,S001,S001_BREATH_PACED_20_05,1,BREATH_PACED_20,24.00,0.9184,,MR60BHA2_breath_phase,safenest-node-01
73.3540,-0.170000,S001,S001_BREATH_PACED_20_05,1,BREATH_PACED_20,24.00,0.9184,,MR60BHA2_breath_phase,safenest-node-01
73.4540,0.000000,S001,S001_BREATH_PACED_20_05,1,BREATH_PACED_20,24.00,0.9184,,MR60BHA2_breath_phase,safenest-node-01
73.5540,0.170000,S001,S001_BREATH_PACED_20_05,1,BREATH_PACED_20,24.00,0.9184,,MR60BHA2_breath_phase,safenest-node-01
73.6540,0.330000,S001,S001_BREATH_PACED_20_05,1,BREATH_PACED_20,24.00,0.9184,,MR60BHA2_breath_phase,safenest-node-01
73.7540,0.410000,S001,S001_BREATH_PACED_20_05,1,BREATH_PACED_20,24.00,0.9184,,MR60BHA2_breath_phase,safenest-node-01
73.8540,0.530000,S001,S001_BREATH_PACED_20_05,1,BREATH_PACED_20,24.00,0.9184,,MR60BHA2_breath_phase,safenest-node-01
73.9540,0.570000,S001,S001_BREATH_PACED_20_05,1,BREATH_PACED_20,24.00,0.9184,,MR60BHA2_breath_phase,safenest-node-01
74.0540,0.630000,S001,S001_BREATH_PACED_20_05,1,BREATH_PACED_20,24.00,0.9184,,MR60BHA2_breath_phase,safenest-node-01
74.1540,0.640000,S001,S001_BREATH_PACED_20_05,1,BREATH_PACED_20,24.00,0.9184,,MR60BHA2_breath_phase,safenest-node-01
74.2540,0.610000,S001,S001_BREATH_PACED_20_05,1,BREATH_PACED_20,24.00,0.9184,,MR60BHA2_breath_phase,safenest-node-01
74.3540,0.580000,S001,S001_BREATH_PACED_20_05,1,BREATH_PACED_20,24.00,0.9184,,MR60BHA2_breath_phase,safenest-node-01
74.4540,0.490000,S001,S001_BREATH_PACED_20_05,1,BREATH_PACED_20,24.00,0.9184,,MR60BHA2_breath_phase,safenest-node-01
74.5540,0.430000,S001,S001_BREATH_PACED_20_05,1,BREATH_PACED_20,24.00,0.9184,,MR60BHA2_breath_phase,safenest-node-01
74.6540,0.290000,S001,S001_BREATH_PACED_20_05,1,BREATH_PACED_20,24.00,0.9184,,MR60BHA2_breath_phase,safenest-node-01
74.7540,0.140000,S001,S001_BREATH_PACED_20_05,1,BREATH_PACED_20,24.00,0.9184,,MR60BHA2_breath_phase,safenest-node-01
74.8540,-0.020000,S001,S001_BREATH_PACED_20_05,1,BREATH_PACED_20,24.00,0.9184,,MR60BHA2_breath_phase,safenest-node-01
74.9540,-0.090000,S001,S001_BREATH_PACED_20_05,1,BREATH_PACED_20,24.00,0.9184,,MR60BHA2_breath_phase,safenest-node-01
75.0540,-0.230000,S001,S001_BREATH_PACED_20_05,1,BREATH_PACED_20,24.00,0.9184,,MR60BHA2_breath_phase,safenest-node-01
75.1540,-0.290000,S001,S001_BREATH_PACED_20_05,1,BREATH_PACED_20,24.00,0.9184,,MR60BHA2_breath_phase,safenest-node-01
75.2540,-0.380000,S001,S001_BREATH_PACED_20_05,1,BREATH_PACED_20,24.00,0.9184,,MR60BHA2_breath_phase,safenest-node-01
75.3540,-0.450000,S001,S001_BREATH_PACED_20_05,1,BREATH_PACED_20,24.00,0.9184,,MR60BHA2_breath_phase,safenest-node-01
75.4560,-0.470000,S001,S001_BREATH_PACED_20_05,1,BREATH_PACED_20,24.00,0.9184,,MR60BHA2_breath_phase,safenest-node-01
75.5560,-0.470000,S001,S001_BREATH_PACED_20_05,1,BREATH_PACED_20,24.00,0.9184,,MR60BHA2_breath_phase,safenest-node-01
75.6560,-0.440000,S001,S001_BREATH_PACED_20_05,1,BREATH_PACED_20,24.00,0.9184,,MR60BHA2_breath_phase,safenest-node-01
75.7560,-0.420000,S001,S001_BREATH_PACED_20_05,1,BREATH_PACED_20,24.00,0.9184,,MR60BHA2_breath_phase,safenest-node-01
75.8560,-0.340000,S001,S001_BREATH_PACED_20_05,1,BREATH_PACED_20,24.00,0.9184,,MR60BHA2_breath_phase,safenest-node-01
75.9560,-0.240000,S001,S001_BREATH_PACED_20_05,1,BREATH_PACED_20,23.00,0.9184,,MR60BHA2_breath_phase,safenest-node-01
76.0570,-0.180000,S001,S001_BREATH_PACED_20_05,1,BREATH_PACED_20,23.00,0.9184,,MR60BHA2_breath_phase,safenest-node-01
76.1570,-0.050000,S001,S001_BREATH_PACED_20_05,1,BREATH_PACED_20,23.00,0.9184,,MR60BHA2_breath_phase,safenest-node-01
76.2570,0.090000,S001,S001_BREATH_PACED_20_05,1,BREATH_PACED_20,23.00,0.9184,,MR60BHA2_breath_phase,safenest-node-01
76.3570,0.160000,S001,S001_BREATH_PACED_20_05,1,BREATH_PACED_20,23.00,0.9184,,MR60BHA2_breath_phase,safenest-node-01
76.4570,0.300000,S001,S001_BREATH_PACED_20_05,1,BREATH_PACED_20,23.00,0.9184,,MR60BHA2_breath_phase,safenest-node-01
76.5570,0.430000,S001,S001_BREATH_PACED_20_05,1,BREATH_PACED_20,23.00,0.9184,,MR60BHA2_breath_phase,safenest-node-01
76.6570,0.480000,S001,S001_BREATH_PACED_20_05,1,BREATH_PACED_20,23.00,0.9184,,MR60BHA2_breath_phase,safenest-node-01
76.7570,0.580000,S001,S001_BREATH_PACED_20_05,1,BREATH_PACED_20,23.00,0.9184,,MR60BHA2_breath_phase,safenest-node-01
76.8570,0.660000,S001,S001_BREATH_PACED_20_05,1,BREATH_PACED_20,23.00,0.9184,,MR60BHA2_breath_phase,safenest-node-01
76.9570,0.680000,S001,S001_BREATH_PACED_20_05,1,BREATH_PACED_20,23.00,0.9184,,MR60BHA2_breath_phase,safenest-node-01
77.0570,0.710000,S001,S001_BREATH_PACED_20_05,1,BREATH_PACED_20,23.00,0.9184,,MR60BHA2_breath_phase,safenest-node-01
77.1570,0.700000,S001,S001_BREATH_PACED_20_05,1,BREATH_PACED_20,23.00,0.9184,,MR60BHA2_breath_phase,safenest-node-01
77.2570,0.680000,S001,S001_BREATH_PACED_20_05,1,BREATH_PACED_20,23.00,0.9184,,MR60BHA2_breath_phase,safenest-node-01
77.3570,0.610000,S001,S001_BREATH_PACED_20_05,1,BREATH_PACED_20,23.00,0.9184,,MR60BHA2_breath_phase,safenest-node-01
77.4570,0.560000,S001,S001_BREATH_PACED_20_05,1,BREATH_PACED_20,23.00,0.9184,,MR60BHA2_breath_phase,safenest-node-01
77.5570,0.430000,S001,S001_BREATH_PACED_20_05,1,BREATH_PACED_20,23.00,0.9184,,MR60BHA2_breath_phase,safenest-node-01
77.6570,0.290000,S001,S001_BREATH_PACED_20_05,1,BREATH_PACED_20,23.00,0.9184,,MR60BHA2_breath_phase,safenest-node-01
77.7570,0.130000,S001,S001_BREATH_PACED_20_05,1,BREATH_PACED_20,23.00,0.9184,,MR60BHA2_breath_phase,safenest-node-01
77.8570,0.040000,S001,S001_BREATH_PACED_20_05,1,BREATH_PACED_20,23.00,0.9184,,MR60BHA2_breath_phase,safenest-node-01
77.9570,-0.120000,S001,S001_BREATH_PACED_20_05,1,BREATH_PACED_20,23.00,0.9184,,MR60BHA2_breath_phase,safenest-node-01
78.0570,-0.200000,S001,S001_BREATH_PACED_20_05,1,BREATH_PACED_20,23.00,0.9184,,MR60BHA2_breath_phase,safenest-node-01
78.1570,-0.340000,S001,S001_BREATH_PACED_20_05,1,BREATH_PACED_20,23.00,0.9184,,MR60BHA2_breath_phase,safenest-node-01
78.2570,-0.450000,S001,S001_BREATH_PACED_20_05,1,BREATH_PACED_20,23.00,0.9184,,MR60BHA2_breath_phase,safenest-node-01
78.3580,-0.530000,S001,S001_BREATH_PACED_20_05,1,BREATH_PACED_20,23.00,0.9184,,MR60BHA2_breath_phase,safenest-node-01
78.4580,-0.560000,S001,S001_BREATH_PACED_20_05,1,BREATH_PACED_20,23.00,0.9184,,MR60BHA2_breath_phase,safenest-node-01
78.5580,-0.590000,S001,S001_BREATH_PACED_20_05,1,BREATH_PACED_20,23.00,0.9184,,MR60BHA2_breath_phase,safenest-node-01
78.6580,-0.600000,S001,S001_BREATH_PACED_20_05,1,BREATH_PACED_20,23.00,0.9184,,MR60BHA2_breath_phase,safenest-node-01
78.7580,-0.590000,S001,S001_BREATH_PACED_20_05,1,BREATH_PACED_20,23.00,0.9184,,MR60BHA2_breath_phase,safenest-node-01
78.8580,-0.550000,S001,S001_BREATH_PACED_20_05,1,BREATH_PACED_20,23.00,0.9184,,MR60BHA2_breath_phase,safenest-node-01
78.9580,-0.520000,S001,S001_BREATH_PACED_20_05,1,BREATH_PACED_20,23.00,0.9184,,MR60BHA2_breath_phase,safenest-node-01
79.0580,-0.450000,S001,S001_BREATH_PACED_20_05,1,BREATH_PACED_20,23.00,0.9184,,MR60BHA2_breath_phase,safenest-node-01
79.1580,-0.360000,S001,S001_BREATH_PACED_20_05,1,BREATH_PACED_20,23.00,0.9184,,MR60BHA2_breath_phase,safenest-node-01
79.2580,-0.310000,S001,S001_BREATH_PACED_20_05,1,BREATH_PACED_20,23.00,0.9184,,MR60BHA2_breath_phase,safenest-node-01
79.3580,-0.210000,S001,S001_BREATH_PACED_20_05,1,BREATH_PACED_20,23.00,0.9184,,MR60BHA2_breath_phase,safenest-node-01
79.4580,-0.100000,S001,S001_BREATH_PACED_20_05,1,BREATH_PACED_20,23.00,0.9184,,MR60BHA2_breath_phase,safenest-node-01
79.5590,-0.050000,S001,S001_BREATH_PACED_20_05,1,BREATH_PACED_20,23.00,0.9184,,MR60BHA2_breath_phase,safenest-node-01
79.6590,0.050000,S001,S001_BREATH_PACED_20_05,1,BREATH_PACED_20,23.00,0.9184,,MR60BHA2_breath_phase,safenest-node-01
79.7590,0.130000,S001,S001_BREATH_PACED_20_05,1,BREATH_PACED_20,23.00,0.9184,,MR60BHA2_breath_phase,safenest-node-01
79.8590,0.170000,S001,S001_BREATH_PACED_20_05,1,BREATH_PACED_20,23.00,0.9184,,MR60BHA2_breath_phase,safenest-node-01
79.9590,0.220000,S001,S001_BREATH_PACED_20_05,1,BREATH_PACED_20,23.00,0.9184,,MR60BHA2_breath_phase,safenest-node-01
80.0590,0.250000,S001,S001_BREATH_PACED_20_05,1,BREATH_PACED_20,23.00,0.9184,,MR60BHA2_breath_phase,safenest-node-01
80.1590,0.250000,S001,S001_BREATH_PACED_20_05,1,BREATH_PACED_20,23.00,0.9184,,MR60BHA2_breath_phase,safenest-node-01
80.2590,0.230000,S001,S001_BREATH_PACED_20_05,1,BREATH_PACED_20,23.00,0.9184,,MR60BHA2_breath_phase,safenest-node-01
80.3590,0.210000,S001,S001_BREATH_PACED_20_05,1,BREATH_PACED_20,23.00,0.9184,,MR60BHA2_breath_phase,safenest-node-01
80.4590,0.140000,S001,S001_BREATH_PACED_20_05,1,BREATH_PACED_20,23.00,0.9184,,MR60BHA2_breath_phase,safenest-node-01
80.5590,0.060000,S001,S001_BREATH_PACED_20_05,1,BREATH_PACED_20,23.00,0.9184,,MR60BHA2_breath_phase,safenest-node-01
80.6590,-0.050000,S001,S001_BREATH_PACED_20_05,1,BREATH_PACED_20,23.00,0.9184,,MR60BHA2_breath_phase,safenest-node-01
80.7590,-0.110000,S001,S001_BREATH_PACED_20_05,1,BREATH_PACED_20,23.00,0.9184,,MR60BHA2_breath_phase,safenest-node-01
80.8590,-0.220000,S001,S001_BREATH_PACED_20_05,1,BREATH_PACED_20,23.00,0.9184,,MR60BHA2_breath_phase,safenest-node-01
80.9590,-0.280000,S001,S001_BREATH_PACED_20_05,1,BREATH_PACED_20,23.00,0.9184,,MR60BHA2_breath_phase,safenest-node-01
81.0590,-0.390000,S001,S001_BREATH_PACED_20_05,1,BREATH_PACED_20,23.00,0.9184,,MR60BHA2_breath_phase,safenest-node-01
81.1590,-0.490000,S001,S001_BREATH_PACED_20_05,1,BREATH_PACED_20,23.00,0.9184,,MR60BHA2_breath_phase,safenest-node-01
81.2600,-0.560000,S001,S001_BREATH_PACED_20_05,1,BREATH_PACED_20,23.00,0.9184,,MR60BHA2_breath_phase,safenest-node-01
81.3600,-0.590000,S001,S001_BREATH_PACED_20_05,1,BREATH_PACED_20,23.00,0.9184,,MR60BHA2_breath_phase,safenest-node-01
81.4600,-0.610000,S001,S001_BREATH_PACED_20_05,1,BREATH_PACED_20,23.00,0.9184,,MR60BHA2_breath_phase,safenest-node-01
81.5600,-0.610000,S001,S001_BREATH_PACED_20_05,1,BREATH_PACED_20,23.00,0.9184,,MR60BHA2_breath_phase,safenest-node-01
81.6600,-0.590000,S001,S001_BREATH_PACED_20_05,1,BREATH_PACED_20,23.00,0.9184,,MR60BHA2_breath_phase,safenest-node-01
81.7600,-0.520000,S001,S001_BREATH_PACED_20_05,1,BREATH_PACED_20,23.00,0.9184,,MR60BHA2_breath_phase,safenest-node-01
81.8600,-0.480000,S001,S001_BREATH_PACED_20_05,1,BREATH_PACED_20,23.00,0.9184,,MR60BHA2_breath_phase,safenest-node-01
81.9600,-0.360000,S001,S001_BREATH_PACED_20_05,1,BREATH_PACED_20,23.00,0.9184,,MR60BHA2_breath_phase,safenest-node-01
82.0600,-0.220000,S001,S001_BREATH_PACED_20_05,1,BREATH_PACED_20,23.00,0.9184,,MR60BHA2_breath_phase,safenest-node-01
82.1600,-0.130000,S001,S001_BREATH_PACED_20_05,1,BREATH_PACED_20,23.00,0.9184,,MR60BHA2_breath_phase,safenest-node-01
82.2600,0.040000,S001,S001_BREATH_PACED_20_05,1,BREATH_PACED_20,23.00,0.9184,,MR60BHA2_breath_phase,safenest-node-01
82.3600,0.230000,S001,S001_BREATH_PACED_20_05,1,BREATH_PACED_20,23.00,0.9184,,MR60BHA2_breath_phase,safenest-node-01
82.4600,0.330000,S001,S001_BREATH_PACED_20_05,1,BREATH_PACED_20,23.00,0.9184,,MR60BHA2_breath_phase,safenest-node-01
82.5600,0.510000,S001,S001_BREATH_PACED_20_05,1,BREATH_PACED_20,23.00,0.9184,,MR60BHA2_breath_phase,safenest-node-01
82.6610,0.670000,S001,S001_BREATH_PACED_20_05,1,BREATH_PACED_20,23.00,0.9184,,MR60BHA2_breath_phase,safenest-node-01
82.7610,0.740000,S001,S001_BREATH_PACED_20_05,1,BREATH_PACED_20,23.00,0.9184,,MR60BHA2_breath_phase,safenest-node-01
82.8610,0.850000,S001,S001_BREATH_PACED_20_05,1,BREATH_PACED_20,23.00,0.9184,,MR60BHA2_breath_phase,safenest-node-01
82.9610,0.910000,S001,S001_BREATH_PACED_20_05,1,BREATH_PACED_20,23.00,0.9184,,MR60BHA2_breath_phase,safenest-node-01
83.0610,0.920000,S001,S001_BREATH_PACED_20_05,1,BREATH_PACED_20,23.00,0.9184,,MR60BHA2_breath_phase,safenest-node-01
83.1610,0.900000,S001,S001_BREATH_PACED_20_05,1,BREATH_PACED_20,23.00,0.9184,,MR60BHA2_breath_phase,safenest-node-01
83.2610,0.860000,S001,S001_BREATH_PACED_20_05,1,BREATH_PACED_20,23.00,0.9184,,MR60BHA2_breath_phase,safenest-node-01
83.3610,0.760000,S001,S001_BREATH_PACED_20_05,1,BREATH_PACED_20,23.00,0.9184,,MR60BHA2_breath_phase,safenest-node-01
83.4610,0.610000,S001,S001_BREATH_PACED_20_05,1,BREATH_PACED_20,23.00,0.9184,,MR60BHA2_breath_phase,safenest-node-01
83.5610,0.420000,S001,S001_BREATH_PACED_20_05,1,BREATH_PACED_20,23.00,0.9184,,MR60BHA2_breath_phase,safenest-node-01
83.6610,0.320000,S001,S001_BREATH_PACED_20_05,1,BREATH_PACED_20,23.00,0.9184,,MR60BHA2_breath_phase,safenest-node-01
83.7610,0.110000,S001,S001_BREATH_PACED_20_05,1,BREATH_PACED_20,23.00,0.9184,,MR60BHA2_breath_phase,safenest-node-01
83.8610,0.010000,S001,S001_BREATH_PACED_20_05,1,BREATH_PACED_20,23.00,0.9184,,MR60BHA2_breath_phase,safenest-node-01
83.9610,-0.180000,S001,S001_BREATH_PACED_20_05,1,BREATH_PACED_20,23.00,0.9184,,MR60BHA2_breath_phase,safenest-node-01
84.0610,-0.350000,S001,S001_BREATH_PACED_20_05,1,BREATH_PACED_20,23.00,0.9184,,MR60BHA2_breath_phase,safenest-node-01
84.1610,-0.480000,S001,S001_BREATH_PACED_20_05,1,BREATH_PACED_20,23.00,0.9184,,MR60BHA2_breath_phase,safenest-node-01
84.2610,-0.520000,S001,S001_BREATH_PACED_20_05,1,BREATH_PACED_20,23.00,0.9184,,MR60BHA2_breath_phase,safenest-node-01
84.3610,-0.580000,S001,S001_BREATH_PACED_20_05,1,BREATH_PACED_20,23.00,0.9184,,MR60BHA2_breath_phase,safenest-node-01
84.4610,-0.590000,S001,S001_BREATH_PACED_20_05,1,BREATH_PACED_20,23.00,0.9184,,MR60BHA2_breath_phase,safenest-node-01
84.5610,-0.580000,S001,S001_BREATH_PACED_20_05,1,BREATH_PACED_20,23.00,0.9184,,MR60BHA2_breath_phase,safenest-node-01
84.6610,-0.520000,S001,S001_BREATH_PACED_20_05,1,BREATH_PACED_20,23.00,0.9184,,MR60BHA2_breath_phase,safenest-node-01
84.7610,-0.430000,S001,S001_BREATH_PACED_20_05,1,BREATH_PACED_20,23.00,0.9184,,MR60BHA2_breath_phase,safenest-node-01
84.8610,-0.370000,S001,S001_BREATH_PACED_20_05,1,BREATH_PACED_20,23.00,0.9184,,MR60BHA2_breath_phase,safenest-node-01
84.9610,-0.240000,S001,S001_BREATH_PACED_20_05,1,BREATH_PACED_20,23.00,0.9184,,MR60BHA2_breath_phase,safenest-node-01
85.0610,-0.170000,S001,S001_BREATH_PACED_20_05,1,BREATH_PACED_20,23.00,0.9184,,MR60BHA2_breath_phase,safenest-node-01
85.1610,-0.010000,S001,S001_BREATH_PACED_20_05,1,BREATH_PACED_20,23.00,0.9184,,MR60BHA2_breath_phase,safenest-node-01
85.2610,0.140000,S001,S001_BREATH_PACED_20_05,1,BREATH_PACED_20,23.00,0.9184,,MR60BHA2_breath_phase,safenest-node-01
85.3620,0.290000,S001,S001_BREATH_PACED_20_05,1,BREATH_PACED_20,23.00,0.9184,,MR60BHA2_breath_phase,safenest-node-01
85.4620,0.370000,S001,S001_BREATH_PACED_20_05,1,BREATH_PACED_20,23.00,0.9184,,MR60BHA2_breath_phase,safenest-node-01
85.5620,0.500000,S001,S001_BREATH_PACED_20_05,1,BREATH_PACED_20,23.00,0.9184,,MR60BHA2_breath_phase,safenest-node-01
85.6620,0.560000,S001,S001_BREATH_PACED_20_05,1,BREATH_PACED_20,23.00,0.9184,,MR60BHA2_breath_phase,safenest-node-01
85.7620,0.650000,S001,S001_BREATH_PACED_20_05,1,BREATH_PACED_20,23.00,0.9184,,MR60BHA2_breath_phase,safenest-node-01
85.8620,0.700000,S001,S001_BREATH_PACED_20_05,1,BREATH_PACED_20,23.00,0.9184,,MR60BHA2_breath_phase,safenest-node-01
85.9620,0.720000,S001,S001_BREATH_PACED_20_05,1,BREATH_PACED_20,23.00,0.9184,,MR60BHA2_breath_phase,safenest-node-01
86.0620,0.700000,S001,S001_BREATH_PACED_20_05,1,BREATH_PACED_20,23.00,0.9184,,MR60BHA2_breath_phase,safenest-node-01
86.1630,0.640000,S001,S001_BREATH_PACED_20_05,1,BREATH_PACED_20,23.00,0.9184,,MR60BHA2_breath_phase,safenest-node-01
86.2630,0.590000,S001,S001_BREATH_PACED_20_05,1,BREATH_PACED_20,23.00,0.9184,,MR60BHA2_breath_phase,safenest-node-01
86.3630,0.460000,S001,S001_BREATH_PACED_20_05,1,BREATH_PACED_20,23.00,0.9184,,MR60BHA2_breath_phase,safenest-node-01
86.4630,0.290000,S001,S001_BREATH_PACED_20_05,1,BREATH_PACED_20,23.00,0.9184,,MR60BHA2_breath_phase,safenest-node-01
86.5640,0.200000,S001,S001_BREATH_PACED_20_05,1,BREATH_PACED_20,23.00,0.9184,,MR60BHA2_breath_phase,safenest-node-01
86.6640,0.000000,S001,S001_BREATH_PACED_20_05,1,BREATH_PACED_20,23.00,0.9184,,MR60BHA2_breath_phase,safenest-node-01
86.7640,-0.190000,S001,S001_BREATH_PACED_20_05,1,BREATH_PACED_20,23.00,0.9184,,MR60BHA2_breath_phase,safenest-node-01
86.8640,-0.290000,S001,S001_BREATH_PACED_20_05,1,BREATH_PACED_20,23.00,0.9184,,MR60BHA2_breath_phase,safenest-node-01
86.9640,-0.460000,S001,S001_BREATH_PACED_20_05,1,BREATH_PACED_20,23.00,0.9184,,MR60BHA2_breath_phase,safenest-node-01
87.0640,-0.610000,S001,S001_BREATH_PACED_20_05,1,BREATH_PACED_20,23.00,0.9184,,MR60BHA2_breath_phase,safenest-node-01
87.1650,-0.670000,S001,S001_BREATH_PACED_20_05,1,BREATH_PACED_20,23.00,0.9184,,MR60BHA2_breath_phase,safenest-node-01
87.2650,-0.750000,S001,S001_BREATH_PACED_20_05,1,BREATH_PACED_20,23.00,0.9184,,MR60BHA2_breath_phase,safenest-node-01
87.3650,-0.780000,S001,S001_BREATH_PACED_20_05,1,BREATH_PACED_20,23.00,0.9184,,MR60BHA2_breath_phase,safenest-node-01
87.4650,-0.790000,S001,S001_BREATH_PACED_20_05,1,BREATH_PACED_20,23.00,0.9184,,MR60BHA2_breath_phase,safenest-node-01
87.5650,-0.760000,S001,S001_BREATH_PACED_20_05,1,BREATH_PACED_20,23.00,0.9184,,MR60BHA2_breath_phase,safenest-node-01
87.6650,-0.680000,S001,S001_BREATH_PACED_20_05,1,BREATH_PACED_20,23.00,0.9184,,MR60BHA2_breath_phase,safenest-node-01
87.7650,-0.620000,S001,S001_BREATH_PACED_20_05,1,BREATH_PACED_20,23.00,0.9184,,MR60BHA2_breath_phase,safenest-node-01
87.8650,-0.480000,S001,S001_BREATH_PACED_20_05,1,BREATH_PACED_20,23.00,0.9184,,MR60BHA2_breath_phase,safenest-node-01
87.9650,-0.410000,S001,S001_BREATH_PACED_20_05,1,BREATH_PACED_20,23.00,0.9184,,MR60BHA2_breath_phase,safenest-node-01
88.0650,-0.230000,S001,S001_BREATH_PACED_20_05,1,BREATH_PACED_20,23.00,0.9184,,MR60BHA2_breath_phase,safenest-node-01
88.1650,-0.050000,S001,S001_BREATH_PACED_20_05,1,BREATH_PACED_20,23.00,0.9184,,MR60BHA2_breath_phase,safenest-node-01
88.2650,0.130000,S001,S001_BREATH_PACED_20_05,1,BREATH_PACED_20,23.00,0.9184,,MR60BHA2_breath_phase,safenest-node-01
88.3650,0.220000,S001,S001_BREATH_PACED_20_05,1,BREATH_PACED_20,23.00,0.9184,,MR60BHA2_breath_phase,safenest-node-01
88.4650,0.380000,S001,S001_BREATH_PACED_20_05,1,BREATH_PACED_20,23.00,0.9184,,MR60BHA2_breath_phase,safenest-node-01
88.5650,0.450000,S001,S001_BREATH_PACED_20_05,1,BREATH_PACED_20,23.00,0.9184,,MR60BHA2_breath_phase,safenest-node-01
88.6650,0.570000,S001,S001_BREATH_PACED_20_05,1,BREATH_PACED_20,23.00,0.9184,,MR60BHA2_breath_phase,safenest-node-01
88.7650,0.660000,S001,S001_BREATH_PACED_20_05,1,BREATH_PACED_20,23.00,0.9184,,MR60BHA2_breath_phase,safenest-node-01
88.8650,0.700000,S001,S001_BREATH_PACED_20_05,1,BREATH_PACED_20,23.00,0.9184,,MR60BHA2_breath_phase,safenest-node-01
88.9650,0.710000,S001,S001_BREATH_PACED_20_05,1,BREATH_PACED_20,23.00,0.9184,,MR60BHA2_breath_phase,safenest-node-01
89.0650,0.680000,S001,S001_BREATH_PACED_20_05,1,BREATH_PACED_20,23.00,0.9184,,MR60BHA2_breath_phase,safenest-node-01
89.1650,0.640000,S001,S001_BREATH_PACED_20_05,1,BREATH_PACED_20,23.00,0.9184,,MR60BHA2_breath_phase,safenest-node-01
89.2650,0.540000,S001,S001_BREATH_PACED_20_05,1,BREATH_PACED_20,23.00,0.9184,,MR60BHA2_breath_phase,safenest-node-01
89.3650,0.400000,S001,S001_BREATH_PACED_20_05,1,BREATH_PACED_20,23.00,0.9184,,MR60BHA2_breath_phase,safenest-node-01
89.4670,0.230000,S001,S001_BREATH_PACED_20_05,1,BREATH_PACED_20,23.00,0.9184,,MR60BHA2_breath_phase,safenest-node-01
89.5670,0.130000,S001,S001_BREATH_PACED_20_05,1,BREATH_PACED_20,23.00,0.9184,,MR60BHA2_breath_phase,safenest-node-01
89.6670,-0.060000,S001,S001_BREATH_PACED_20_05,1,BREATH_PACED_20,23.00,0.9184,,MR60BHA2_breath_phase,safenest-node-01
89.7670,-0.170000,S001,S001_BREATH_PACED_20_05,1,BREATH_PACED_20,23.00,0.9184,,MR60BHA2_breath_phase,safenest-node-01
89.8670,-0.360000,S001,S001_BREATH_PACED_20_05,1,BREATH_PACED_20,23.00,0.9184,,MR60BHA2_breath_phase,safenest-node-01
89.9670,-0.550000,S001,S001_BREATH_PACED_20_05,1,BREATH_PACED_20,23.00,0.9184,,MR60BHA2_breath_phase,safenest-node-01
90.0670,-0.630000,S001,S001_BREATH_PACED_20_05,1,BREATH_PACED_20,23.00,0.9184,,MR60BHA2_breath_phase,safenest-node-01
90.1670,-0.760000,S001,S001_BREATH_PACED_20_05,1,BREATH_PACED_20,23.00,0.9184,,MR60BHA2_breath_phase,safenest-node-01
90.2670,-0.840000,S001,S001_BREATH_PACED_20_05,1,BREATH_PACED_20,23.00,0.9184,,MR60BHA2_breath_phase,safenest-node-01
90.3670,-0.870000,S001,S001_BREATH_PACED_20_05,1,BREATH_PACED_20,23.00,0.9184,,MR60BHA2_breath_phase,safenest-node-01
90.4670,-0.880000,S001,S001_BREATH_PACED_20_05,1,BREATH_PACED_20,23.00,0.9184,,MR60BHA2_breath_phase,safenest-node-01
90.5670,-0.830000,S001,S001_BREATH_PACED_20_05,1,BREATH_PACED_20,23.00,0.9184,,MR60BHA2_breath_phase,safenest-node-01
90.6670,-0.790000,S001,S001_BREATH_PACED_20_05,1,BREATH_PACED_20,23.00,0.9184,,MR60BHA2_breath_phase,safenest-node-01
90.7670,-0.670000,S001,S001_BREATH_PACED_20_05,1,BREATH_PACED_20,23.00,0.9184,,MR60BHA2_breath_phase,safenest-node-01
90.8670,-0.520000,S001,S001_BREATH_PACED_20_05,1,BREATH_PACED_20,23.00,0.9184,,MR60BHA2_breath_phase,safenest-node-01
90.9670,-0.430000,S001,S001_BREATH_PACED_20_05,1,BREATH_PACED_20,23.00,0.9184,,MR60BHA2_breath_phase,safenest-node-01
91.0670,-0.250000,S001,S001_BREATH_PACED_20_05,1,BREATH_PACED_20,23.00,0.9184,,MR60BHA2_breath_phase,safenest-node-01
91.1670,-0.050000,S001,S001_BREATH_PACED_20_05,1,BREATH_PACED_20,23.00,0.9184,,MR60BHA2_breath_phase,safenest-node-01
91.2670,0.050000,S001,S001_BREATH_PACED_20_05,1,BREATH_PACED_20,23.00,0.9184,,MR60BHA2_breath_phase,safenest-node-01
91.3670,0.240000,S001,S001_BREATH_PACED_20_05,1,BREATH_PACED_20,23.00,0.9184,,MR60BHA2_breath_phase,safenest-node-01
91.4670,0.330000,S001,S001_BREATH_PACED_20_05,1,BREATH_PACED_20,23.00,0.9184,,MR60BHA2_breath_phase,safenest-node-01
91.5670,0.490000,S001,S001_BREATH_PACED_20_05,1,BREATH_PACED_20,23.00,0.9184,,MR60BHA2_breath_phase,safenest-node-01
91.6670,0.620000,S001,S001_BREATH_PACED_20_05,1,BREATH_PACED_20,23.00,0.9184,,MR60BHA2_breath_phase,safenest-node-01
91.7670,0.720000,S001,S001_BREATH_PACED_20_05,1,BREATH_PACED_20,23.00,0.9184,,MR60BHA2_breath_phase,safenest-node-01
91.8670,0.750000,S001,S001_BREATH_PACED_20_05,1,BREATH_PACED_20,23.00,0.9184,,MR60BHA2_breath_phase,safenest-node-01
91.9670,0.790000,S001,S001_BREATH_PACED_20_05,1,BREATH_PACED_20,23.00,0.9184,,MR60BHA2_breath_phase,safenest-node-01
92.0670,0.790000,S001,S001_BREATH_PACED_20_05,1,BREATH_PACED_20,23.00,0.9184,,MR60BHA2_breath_phase,safenest-node-01
92.1670,0.760000,S001,S001_BREATH_PACED_20_05,1,BREATH_PACED_20,23.00,0.9184,,MR60BHA2_breath_phase,safenest-node-01
92.2670,0.670000,S001,S001_BREATH_PACED_20_05,1,BREATH_PACED_20,23.00,0.9184,,MR60BHA2_breath_phase,safenest-node-01
92.3670,0.540000,S001,S001_BREATH_PACED_20_05,1,BREATH_PACED_20,23.00,0.9184,,MR60BHA2_breath_phase,safenest-node-01
92.4670,0.460000,S001,S001_BREATH_PACED_20_05,1,BREATH_PACED_20,23.00,0.9184,,MR60BHA2_breath_phase,safenest-node-01
92.5670,0.280000,S001,S001_BREATH_PACED_20_05,1,BREATH_PACED_20,23.00,0.9184,,MR60BHA2_breath_phase,safenest-node-01
92.6670,0.180000,S001,S001_BREATH_PACED_20_05,1,BREATH_PACED_20,23.00,0.9184,,MR60BHA2_breath_phase,safenest-node-01
92.7670,-0.020000,S001,S001_BREATH_PACED_20_05,1,BREATH_PACED_20,23.00,0.9184,,MR60BHA2_breath_phase,safenest-node-01
92.8670,-0.220000,S001,S001_BREATH_PACED_20_05,1,BREATH_PACED_20,23.00,0.9184,,MR60BHA2_breath_phase,safenest-node-01
92.9690,-0.380000,S001,S001_BREATH_PACED_20_05,1,BREATH_PACED_20,23.00,0.9184,,MR60BHA2_breath_phase,safenest-node-01
93.0690,-0.450000,S001,S001_BREATH_PACED_20_05,1,BREATH_PACED_20,23.00,0.9184,,MR60BHA2_breath_phase,safenest-node-01
93.1690,-0.570000,S001,S001_BREATH_PACED_20_05,1,BREATH_PACED_20,23.00,0.9184,,MR60BHA2_breath_phase,safenest-node-01
93.2690,-0.600000,S001,S001_BREATH_PACED_20_05,1,BREATH_PACED_20,23.00,0.9184,,MR60BHA2_breath_phase,safenest-node-01
93.3690,-0.650000,S001,S001_BREATH_PACED_20_05,1,BREATH_PACED_20,23.00,0.9184,,MR60BHA2_breath_phase,safenest-node-01
93.4690,-0.650000,S001,S001_BREATH_PACED_20_05,1,BREATH_PACED_20,23.00,0.9184,,MR60BHA2_breath_phase,safenest-node-01
93.5700,-0.610000,S001,S001_BREATH_PACED_20_05,1,BREATH_PACED_20,23.00,0.9184,,MR60BHA2_breath_phase,safenest-node-01
93.6700,-0.570000,S001,S001_BREATH_PACED_20_05,1,BREATH_PACED_20,23.00,0.9184,,MR60BHA2_breath_phase,safenest-node-01
93.7700,-0.490000,S001,S001_BREATH_PACED_20_05,1,BREATH_PACED_20,23.00,0.9184,,MR60BHA2_breath_phase,safenest-node-01
93.8700,-0.430000,S001,S001_BREATH_PACED_20_05,1,BREATH_PACED_20,23.00,0.9184,,MR60BHA2_breath_phase,safenest-node-01
93.9700,-0.320000,S001,S001_BREATH_PACED_20_05,1,BREATH_PACED_20,23.00,0.9184,,MR60BHA2_breath_phase,safenest-node-01
94.0700,-0.200000,S001,S001_BREATH_PACED_20_05,1,BREATH_PACED_20,23.00,0.9184,,MR60BHA2_breath_phase,safenest-node-01
94.1700,-0.130000,S001,S001_BREATH_PACED_20_05,1,BREATH_PACED_20,23.00,0.9184,,MR60BHA2_breath_phase,safenest-node-01
94.2700,-0.000000,S001,S001_BREATH_PACED_20_05,1,BREATH_PACED_20,23.00,0.9184,,MR60BHA2_breath_phase,safenest-node-01
94.3700,0.120000,S001,S001_BREATH_PACED_20_05,1,BREATH_PACED_20,23.00,0.9184,,MR60BHA2_breath_phase,safenest-node-01
94.4700,0.180000,S001,S001_BREATH_PACED_20_05,1,BREATH_PACED_20,23.00,0.9184,,MR60BHA2_breath_phase,safenest-node-01
94.5700,0.290000,S001,S001_BREATH_PACED_20_05,1,BREATH_PACED_20,23.00,0.9184,,MR60BHA2_breath_phase,safenest-node-01
94.6700,0.380000,S001,S001_BREATH_PACED_20_05,1,BREATH_PACED_20,23.00,0.9184,,MR60BHA2_breath_phase,safenest-node-01
94.7710,0.420000,S001,S001_BREATH_PACED_20_05,1,BREATH_PACED_20,23.00,0.9184,,MR60BHA2_breath_phase,safenest-node-01
94.8710,0.470000,S001,S001_BREATH_PACED_20_05,1,BREATH_PACED_20,23.00,0.9184,,MR60BHA2_breath_phase,safenest-node-01
94.9720,0.500000,S001,S001_BREATH_PACED_20_05,1,BREATH_PACED_20,23.00,0.9184,,MR60BHA2_breath_phase,safenest-node-01
95.0720,0.500000,S001,S001_BREATH_PACED_20_05,1,BREATH_PACED_20,23.00,0.9184,,MR60BHA2_breath_phase,safenest-node-01
95.1720,0.480000,S001,S001_BREATH_PACED_20_05,1,BREATH_PACED_20,23.00,0.9184,,MR60BHA2_breath_phase,safenest-node-01
95.2720,0.430000,S001,S001_BREATH_PACED_20_05,1,BREATH_PACED_20,23.00,0.9184,,MR60BHA2_breath_phase,safenest-node-01
95.3720,0.390000,S001,S001_BREATH_PACED_20_05,1,BREATH_PACED_20,23.00,0.9184,,MR60BHA2_breath_phase,safenest-node-01
95.4720,0.300000,S001,S001_BREATH_PACED_20_05,1,BREATH_PACED_20,23.00,0.9184,,MR60BHA2_breath_phase,safenest-node-01
95.5720,0.190000,S001,S001_BREATH_PACED_20_05,1,BREATH_PACED_20,23.00,0.9184,,MR60BHA2_breath_phase,safenest-node-01
95.6720,0.130000,S001,S001_BREATH_PACED_20_05,1,BREATH_PACED_20,23.00,0.9184,,MR60BHA2_breath_phase,safenest-node-01
95.7720,0.000000,S001,S001_BREATH_PACED_20_05,1,BREATH_PACED_20,23.00,0.9184,,MR60BHA2_breath_phase,safenest-node-01
95.8720,-0.120000,S001,S001_BREATH_PACED_20_05,1,BREATH_PACED_20,23.00,0.9184,,MR60BHA2_breath_phase,safenest-node-01
95.9720,-0.180000,S001,S001_BREATH_PACED_20_05,1,BREATH_PACED_20,23.00,0.9184,,MR60BHA2_breath_phase,safenest-node-01
96.0720,-0.290000,S001,S001_BREATH_PACED_20_05,1,BREATH_PACED_20,23.00,0.9184,,MR60BHA2_breath_phase,safenest-node-01
96.1720,-0.340000,S001,S001_BREATH_PACED_20_05,1,BREATH_PACED_20,23.00,0.9184,,MR60BHA2_breath_phase,safenest-node-01
96.2720,-0.410000,S001,S001_BREATH_PACED_20_05,1,BREATH_PACED_20,23.00,0.9184,,MR60BHA2_breath_phase,safenest-node-01
96.3720,-0.450000,S001,S001_BREATH_PACED_20_05,1,BREATH_PACED_20,23.00,0.9184,,MR60BHA2_breath_phase,safenest-node-01
96.4720,-0.460000,S001,S001_BREATH_PACED_20_05,1,BREATH_PACED_20,23.00,0.9184,,MR60BHA2_breath_phase,safenest-node-01
96.5720,-0.450000,S001,S001_BREATH_PACED_20_05,1,BREATH_PACED_20,23.00,0.9184,,MR60BHA2_breath_phase,safenest-node-01
96.6720,-0.410000,S001,S001_BREATH_PACED_20_05,1,BREATH_PACED_20,23.00,0.9184,,MR60BHA2_breath_phase,safenest-node-01
96.7720,-0.380000,S001,S001_BREATH_PACED_20_05,1,BREATH_PACED_20,23.00,0.9184,,MR60BHA2_breath_phase,safenest-node-01
96.8720,-0.290000,S001,S001_BREATH_PACED_20_05,1,BREATH_PACED_20,23.00,0.9184,,MR60BHA2_breath_phase,safenest-node-01
96.9720,-0.170000,S001,S001_BREATH_PACED_20_05,1,BREATH_PACED_20,23.00,0.9184,,MR60BHA2_breath_phase,safenest-node-01
97.0720,-0.030000,S001,S001_BREATH_PACED_20_05,1,BREATH_PACED_20,23.00,0.9184,,MR60BHA2_breath_phase,safenest-node-01
97.1720,0.040000,S001,S001_BREATH_PACED_20_05,1,BREATH_PACED_20,23.00,0.9184,,MR60BHA2_breath_phase,safenest-node-01
97.2720,0.200000,S001,S001_BREATH_PACED_20_05,1,BREATH_PACED_20,23.00,0.9184,,MR60BHA2_breath_phase,safenest-node-01
97.3720,0.290000,S001,S001_BREATH_PACED_20_05,1,BREATH_PACED_20,23.00,0.9184,,MR60BHA2_breath_phase,safenest-node-01
97.4720,0.440000,S001,S001_BREATH_PACED_20_05,1,BREATH_PACED_20,23.00,0.9184,,MR60BHA2_breath_phase,safenest-node-01
97.5720,0.590000,S001,S001_BREATH_PACED_20_05,1,BREATH_PACED_20,23.00,0.9184,,MR60BHA2_breath_phase,safenest-node-01
97.6720,0.650000,S001,S001_BREATH_PACED_20_05,1,BREATH_PACED_20,23.00,0.9184,,MR60BHA2_breath_phase,safenest-node-01
97.7720,0.750000,S001,S001_BREATH_PACED_20_05,1,BREATH_PACED_20,23.00,0.9184,,MR60BHA2_breath_phase,safenest-node-01
97.8720,0.800000,S001,S001_BREATH_PACED_20_05,1,BREATH_PACED_20,23.00,0.9184,,MR60BHA2_breath_phase,safenest-node-01
97.9720,0.810000,S001,S001_BREATH_PACED_20_05,1,BREATH_PACED_20,23.00,0.9184,,MR60BHA2_breath_phase,safenest-node-01
98.0720,0.800000,S001,S001_BREATH_PACED_20_05,1,BREATH_PACED_20,23.00,0.9184,,MR60BHA2_breath_phase,safenest-node-01
98.1720,0.740000,S001,S001_BREATH_PACED_20_05,1,BREATH_PACED_20,23.00,0.9184,,MR60BHA2_breath_phase,safenest-node-01
98.2720,0.700000,S001,S001_BREATH_PACED_20_05,1,BREATH_PACED_20,23.00,0.9184,,MR60BHA2_breath_phase,safenest-node-01
98.3720,0.580000,S001,S001_BREATH_PACED_20_05,1,BREATH_PACED_20,23.00,0.9184,,MR60BHA2_breath_phase,safenest-node-01
98.4720,0.440000,S001,S001_BREATH_PACED_20_05,1,BREATH_PACED_20,23.00,0.9184,,MR60BHA2_breath_phase,safenest-node-01
98.5720,0.360000,S001,S001_BREATH_PACED_20_05,1,BREATH_PACED_20,23.00,0.9184,,MR60BHA2_breath_phase,safenest-node-01
98.6720,0.190000,S001,S001_BREATH_PACED_20_05,1,BREATH_PACED_20,23.00,0.9184,,MR60BHA2_breath_phase,safenest-node-01
98.7720,0.030000,S001,S001_BREATH_PACED_20_05,1,BREATH_PACED_20,23.00,0.9184,,MR60BHA2_breath_phase,safenest-node-01
98.8720,-0.060000,S001,S001_BREATH_PACED_20_05,1,BREATH_PACED_20,23.00,0.9184,,MR60BHA2_breath_phase,safenest-node-01
98.9720,-0.210000,S001,S001_BREATH_PACED_20_05,1,BREATH_PACED_20,23.00,0.9184,,MR60BHA2_breath_phase,safenest-node-01
99.0720,-0.290000,S001,S001_BREATH_PACED_20_05,1,BREATH_PACED_20,23.00,0.9184,,MR60BHA2_breath_phase,safenest-node-01
99.1720,-0.420000,S001,S001_BREATH_PACED_20_05,1,BREATH_PACED_20,23.00,0.9184,,MR60BHA2_breath_phase,safenest-node-01
99.2720,-0.530000,S001,S001_BREATH_PACED_20_05,1,BREATH_PACED_20,23.00,0.9184,,MR60BHA2_breath_phase,safenest-node-01
99.3720,-0.610000,S001,S001_BREATH_PACED_20_05,1,BREATH_PACED_20,23.00,0.9184,,MR60BHA2_breath_phase,safenest-node-01
99.4720,-0.640000,S001,S001_BREATH_PACED_20_05,1,BREATH_PACED_20,23.00,0.9184,,MR60BHA2_breath_phase,safenest-node-01
99.5720,-0.670000,S001,S001_BREATH_PACED_20_05,1,BREATH_PACED_20,23.00,0.9184,,MR60BHA2_breath_phase,safenest-node-01
99.6720,-0.670000,S001,S001_BREATH_PACED_20_05,1,BREATH_PACED_20,23.00,0.9184,,MR60BHA2_breath_phase,safenest-node-01
99.7720,-0.650000,S001,S001_BREATH_PACED_20_05,1,BREATH_PACED_20,23.00,0.9184,,MR60BHA2_breath_phase,safenest-node-01
99.8720,-0.600000,S001,S001_BREATH_PACED_20_05,1,BREATH_PACED_20,23.00,0.9184,,MR60BHA2_breath_phase,safenest-node-01
99.9720,-0.520000,S001,S001_BREATH_PACED_20_05,1,BREATH_PACED_20,23.00,0.9184,,MR60BHA2_breath_phase,safenest-node-01
100.0720,-0.480000,S001,S001_BREATH_PACED_20_05,1,BREATH_PACED_20,23.00,0.9184,,MR60BHA2_breath_phase,safenest-node-01
100.1720,-0.380000,S001,S001_BREATH_PACED_20_05,1,BREATH_PACED_20,23.00,0.9184,,MR60BHA2_breath_phase,safenest-node-01
100.2720,-0.320000,S001,S001_BREATH_PACED_20_05,1,BREATH_PACED_20,23.00,0.9184,,MR60BHA2_breath_phase,safenest-node-01
100.3720,-0.210000,S001,S001_BREATH_PACED_20_05,1,BREATH_PACED_20,23.00,0.9184,,MR60BHA2_breath_phase,safenest-node-01
100.4720,-0.090000,S001,S001_BREATH_PACED_20_05,1,BREATH_PACED_20,23.00,0.9184,,MR60BHA2_breath_phase,safenest-node-01
100.5720,-0.030000,S001,S001_BREATH_PACED_20_05,1,BREATH_PACED_20,23.00,0.9184,,MR60BHA2_breath_phase,safenest-node-01
100.6720,0.080000,S001,S001_BREATH_PACED_20_05,1,BREATH_PACED_20,23.00,0.9184,,MR60BHA2_breath_phase,safenest-node-01
100.7720,0.180000,S001,S001_BREATH_PACED_20_05,1,BREATH_PACED_20,23.00,0.9184,,MR60BHA2_breath_phase,safenest-node-01
100.8720,0.220000,S001,S001_BREATH_PACED_20_05,1,BREATH_PACED_20,23.00,0.9184,,MR60BHA2_breath_phase,safenest-node-01
100.9720,0.290000,S001,S001_BREATH_PACED_20_05,1,BREATH_PACED_20,23.00,0.9184,,MR60BHA2_breath_phase,safenest-node-01
101.0720,0.320000,S001,S001_BREATH_PACED_20_05,1,BREATH_PACED_20,23.00,0.9184,,MR60BHA2_breath_phase,safenest-node-01
101.1720,0.320000,S001,S001_BREATH_PACED_20_05,1,BREATH_PACED_20,23.00,0.9184,,MR60BHA2_breath_phase,safenest-node-01
101.2720,0.310000,S001,S001_BREATH_PACED_20_05,1,BREATH_PACED_20,23.00,0.9184,,MR60BHA2_breath_phase,safenest-node-01
101.3720,0.260000,S001,S001_BREATH_PACED_20_05,1,BREATH_PACED_20,23.00,0.9184,,MR60BHA2_breath_phase,safenest-node-01
101.4720,0.230000,S001,S001_BREATH_PACED_20_05,1,BREATH_PACED_20,23.00,0.9184,,MR60BHA2_breath_phase,safenest-node-01
101.5720,0.150000,S001,S001_BREATH_PACED_20_05,1,BREATH_PACED_20,23.00,0.9184,,MR60BHA2_breath_phase,safenest-node-01
101.6720,0.060000,S001,S001_BREATH_PACED_20_05,1,BREATH_PACED_20,23.00,0.9184,,MR60BHA2_breath_phase,safenest-node-01
101.7730,0.010000,S001,S001_BREATH_PACED_20_05,1,BREATH_PACED_20,23.00,0.9184,,MR60BHA2_breath_phase,safenest-node-01
101.8730,-0.110000,S001,S001_BREATH_PACED_20_05,1,BREATH_PACED_20,23.00,0.9184,,MR60BHA2_breath_phase,safenest-node-01
101.9730,-0.220000,S001,S001_BREATH_PACED_20_05,1,BREATH_PACED_20,23.00,0.9184,,MR60BHA2_breath_phase,safenest-node-01
102.0730,-0.280000,S001,S001_BREATH_PACED_20_05,1,BREATH_PACED_20,23.00,0.9184,,MR60BHA2_breath_phase,safenest-node-01
102.1730,-0.380000,S001,S001_BREATH_PACED_20_05,1,BREATH_PACED_20,23.00,0.9184,,MR60BHA2_breath_phase,safenest-node-01
102.2730,-0.460000,S001,S001_BREATH_PACED_20_05,1,BREATH_PACED_20,23.00,0.9184,,MR60BHA2_breath_phase,safenest-node-01
102.3730,-0.500000,S001,S001_BREATH_PACED_20_05,1,BREATH_PACED_20,23.00,0.9184,,MR60BHA2_breath_phase,safenest-node-01
102.4730,-0.550000,S001,S001_BREATH_PACED_20_05,1,BREATH_PACED_20,23.00,0.9184,,MR60BHA2_breath_phase,safenest-node-01
102.5730,-0.560000,S001,S001_BREATH_PACED_20_05,1,BREATH_PACED_20,23.00,0.9184,,MR60BHA2_breath_phase,safenest-node-01
102.6730,-0.560000,S001,S001_BREATH_PACED_20_05,1,BREATH_PACED_20,23.00,0.9184,,MR60BHA2_breath_phase,safenest-node-01
102.7730,-0.540000,S001,S001_BREATH_PACED_20_05,1,BREATH_PACED_20,23.00,0.9184,,MR60BHA2_breath_phase,safenest-node-01
102.8730,-0.480000,S001,S001_BREATH_PACED_20_05,1,BREATH_PACED_20,23.00,0.9184,,MR60BHA2_breath_phase,safenest-node-01
102.9730,-0.430000,S001,S001_BREATH_PACED_20_05,1,BREATH_PACED_20,23.00,0.9184,,MR60BHA2_breath_phase,safenest-node-01
103.0730,-0.320000,S001,S001_BREATH_PACED_20_05,1,BREATH_PACED_20,23.00,0.9184,,MR60BHA2_breath_phase,safenest-node-01
103.1730,-0.250000,S001,S001_BREATH_PACED_20_05,1,BREATH_PACED_20,23.00,0.9184,,MR60BHA2_breath_phase,safenest-node-01
103.2730,-0.100000,S001,S001_BREATH_PACED_20_05,1,BREATH_PACED_20,23.00,0.9184,,MR60BHA2_breath_phase,safenest-node-01
103.3730,0.080000,S001,S001_BREATH_PACED_20_05,1,BREATH_PACED_20,23.00,0.9184,,MR60BHA2_breath_phase,safenest-node-01
103.4730,0.260000,S001,S001_BREATH_PACED_20_05,1,BREATH_PACED_20,23.00,0.9184,,MR60BHA2_breath_phase,safenest-node-01
103.5730,0.350000,S001,S001_BREATH_PACED_20_05,1,BREATH_PACED_20,23.00,0.9184,,MR60BHA2_breath_phase,safenest-node-01
103.6730,0.520000,S001,S001_BREATH_PACED_20_05,1,BREATH_PACED_20,23.00,0.9184,,MR60BHA2_breath_phase,safenest-node-01
103.7730,0.600000,S001,S001_BREATH_PACED_20_05,1,BREATH_PACED_20,23.00,0.9184,,MR60BHA2_breath_phase,safenest-node-01
103.8730,0.740000,S001,S001_BREATH_PACED_20_05,1,BREATH_PACED_20,23.00,0.9184,,MR60BHA2_breath_phase,safenest-node-01
103.9730,0.840000,S001,S001_BREATH_PACED_20_05,1,BREATH_PACED_20,23.00,0.9184,,MR60BHA2_breath_phase,safenest-node-01
104.0730,0.890000,S001,S001_BREATH_PACED_20_05,1,BREATH_PACED_20,23.00,0.9184,,MR60BHA2_breath_phase,safenest-node-01
104.1730,0.890000,S001,S001_BREATH_PACED_20_05,1,BREATH_PACED_20,23.00,0.9184,,MR60BHA2_breath_phase,safenest-node-01
104.2730,0.850000,S001,S001_BREATH_PACED_20_05,1,BREATH_PACED_20,23.00,0.9184,,MR60BHA2_breath_phase,safenest-node-01
104.3730,0.810000,S001,S001_BREATH_PACED_20_05,1,BREATH_PACED_20,23.00,0.9184,,MR60BHA2_breath_phase,safenest-node-01
104.4730,0.680000,S001,S001_BREATH_PACED_20_05,1,BREATH_PACED_20,23.00,0.9184,,MR60BHA2_breath_phase,safenest-node-01
104.5730,0.520000,S001,S001_BREATH_PACED_20_05,1,BREATH_PACED_20,23.00,0.9184,,MR60BHA2_breath_phase,safenest-node-01
104.6740,0.330000,S001,S001_BREATH_PACED_20_05,1,BREATH_PACED_20,23.00,0.9184,,MR60BHA2_breath_phase,safenest-node-01
104.7740,0.220000,S001,S001_BREATH_PACED_20_05,1,BREATH_PACED_20,23.00,0.9184,,MR60BHA2_breath_phase,safenest-node-01
104.8740,0.020000,S001,S001_BREATH_PACED_20_05,1,BREATH_PACED_20,23.00,0.9184,,MR60BHA2_breath_phase,safenest-node-01
104.9740,-0.080000,S001,S001_BREATH_PACED_20_05,1,BREATH_PACED_20,23.00,0.9184,,MR60BHA2_breath_phase,safenest-node-01
105.0740,-0.250000,S001,S001_BREATH_PACED_20_05,1,BREATH_PACED_20,23.00,0.9184,,MR60BHA2_breath_phase,safenest-node-01
105.1740,-0.400000,S001,S001_BREATH_PACED_20_05,1,BREATH_PACED_20,23.00,0.9184,,MR60BHA2_breath_phase,safenest-node-01
105.2760,-0.510000,S001,S001_BREATH_PACED_20_05,1,BREATH_PACED_20,23.00,0.9184,,MR60BHA2_breath_phase,safenest-node-01
105.3760,-0.540000,S001,S001_BREATH_PACED_20_05,1,BREATH_PACED_20,23.00,0.9184,,MR60BHA2_breath_phase,safenest-node-01
105.4760,-0.590000,S001,S001_BREATH_PACED_20_05,1,BREATH_PACED_20,23.00,0.9184,,MR60BHA2_breath_phase,safenest-node-01
105.5760,-0.600000,S001,S001_BREATH_PACED_20_05,1,BREATH_PACED_20,23.00,0.9184,,MR60BHA2_breath_phase,safenest-node-01
105.6760,-0.580000,S001,S001_BREATH_PACED_20_05,1,BREATH_PACED_20,23.00,0.9184,,MR60BHA2_breath_phase,safenest-node-01
105.7760,-0.530000,S001,S001_BREATH_PACED_20_05,1,BREATH_PACED_20,23.00,0.9184,,MR60BHA2_breath_phase,safenest-node-01
105.8760,-0.500000,S001,S001_BREATH_PACED_20_05,1,BREATH_PACED_20,23.00,0.9184,,MR60BHA2_breath_phase,safenest-node-01
105.9760,-0.410000,S001,S001_BREATH_PACED_20_05,1,BREATH_PACED_20,23.00,0.9184,,MR60BHA2_breath_phase,safenest-node-01
106.0760,-0.310000,S001,S001_BREATH_PACED_20_05,1,BREATH_PACED_20,23.00,0.9184,,MR60BHA2_breath_phase,safenest-node-01
106.1760,-0.260000,S001,S001_BREATH_PACED_20_05,1,BREATH_PACED_20,23.00,0.9184,,MR60BHA2_breath_phase,safenest-node-01
106.2760,-0.140000,S001,S001_BREATH_PACED_20_05,1,BREATH_PACED_20,23.00,0.9184,,MR60BHA2_breath_phase,safenest-node-01
106.3760,-0.020000,S001,S001_BREATH_PACED_20_05,1,BREATH_PACED_20,23.00,0.9184,,MR60BHA2_breath_phase,safenest-node-01
106.4770,0.040000,S001,S001_BREATH_PACED_20_05,1,BREATH_PACED_20,23.00,0.9184,,MR60BHA2_breath_phase,safenest-node-01
106.5770,0.160000,S001,S001_BREATH_PACED_20_05,1,BREATH_PACED_20,23.00,0.9184,,MR60BHA2_breath_phase,safenest-node-01
106.6770,0.220000,S001,S001_BREATH_PACED_20_05,1,BREATH_PACED_20,23.00,0.9184,,MR60BHA2_breath_phase,safenest-node-01
106.7770,0.320000,S001,S001_BREATH_PACED_20_05,1,BREATH_PACED_20,23.00,0.9184,,MR60BHA2_breath_phase,safenest-node-01
106.8770,0.400000,S001,S001_BREATH_PACED_20_05,1,BREATH_PACED_20,23.00,0.9184,,MR60BHA2_breath_phase,safenest-node-01
106.9770,0.460000,S001,S001_BREATH_PACED_20_05,1,BREATH_PACED_20,23.00,0.9184,,MR60BHA2_breath_phase,safenest-node-01
107.0770,0.480000,S001,S001_BREATH_PACED_20_05,1,BREATH_PACED_20,23.00,0.9184,,MR60BHA2_breath_phase,safenest-node-01
107.1770,0.480000,S001,S001_BREATH_PACED_20_05,1,BREATH_PACED_20,23.00,0.9184,,MR60BHA2_breath_phase,safenest-node-01
107.2770,0.480000,S001,S001_BREATH_PACED_20_05,1,BREATH_PACED_20,23.00,0.9184,,MR60BHA2_breath_phase,safenest-node-01
107.3770,0.440000,S001,S001_BREATH_PACED_20_05,1,BREATH_PACED_20,23.00,0.9184,,MR60BHA2_breath_phase,safenest-node-01
107.4770,0.370000,S001,S001_BREATH_PACED_20_05,1,BREATH_PACED_20,23.00,0.9184,,MR60BHA2_breath_phase,safenest-node-01
107.5770,0.270000,S001,S001_BREATH_PACED_20_05,1,BREATH_PACED_20,23.00,0.9184,,MR60BHA2_breath_phase,safenest-node-01
107.6770,0.210000,S001,S001_BREATH_PACED_20_05,1,BREATH_PACED_20,23.00,0.9184,,MR60BHA2_breath_phase,safenest-node-01
107.7770,0.080000,S001,S001_BREATH_PACED_20_05,1,BREATH_PACED_20,23.00,0.9184,,MR60BHA2_breath_phase,safenest-node-01
107.8770,0.010000,S001,S001_BREATH_PACED_20_05,1,BREATH_PACED_20,23.00,0.9184,,MR60BHA2_breath_phase,safenest-node-01
107.9770,-0.130000,S001,S001_BREATH_PACED_20_05,1,BREATH_PACED_20,23.00,0.9184,,MR60BHA2_breath_phase,safenest-node-01
108.0770,-0.260000,S001,S001_BREATH_PACED_20_05,1,BREATH_PACED_20,23.00,0.9184,,MR60BHA2_breath_phase,safenest-node-01
108.1770,-0.380000,S001,S001_BREATH_PACED_20_05,1,BREATH_PACED_20,23.00,0.9184,,MR60BHA2_breath_phase,safenest-node-01
108.2770,-0.430000,S001,S001_BREATH_PACED_20_05,1,BREATH_PACED_20,23.00,0.9184,,MR60BHA2_breath_phase,safenest-node-01
108.3770,-0.520000,S001,S001_BREATH_PACED_20_05,1,BREATH_PACED_20,23.00,0.9184,,MR60BHA2_breath_phase,safenest-node-01
108.4770,-0.550000,S001,S001_BREATH_PACED_20_05,1,BREATH_PACED_20,23.00,0.9184,,MR60BHA2_breath_phase,safenest-node-01
108.5770,-0.590000,S001,S001_BREATH_PACED_20_05,1,BREATH_PACED_20,23.00,0.9184,,MR60BHA2_breath_phase,safenest-node-01
108.6770,-0.610000,S001,S001_BREATH_PACED_20_05,1,BREATH_PACED_20,23.00,0.9184,,MR60BHA2_breath_phase,safenest-node-01
108.7770,-0.600000,S001,S001_BREATH_PACED_20_05,1,BREATH_PACED_20,23.00,0.9184,,MR60BHA2_breath_phase,safenest-node-01
108.8770,-0.560000,S001,S001_BREATH_PACED_20_05,1,BREATH_PACED_20,23.00,0.9184,,MR60BHA2_breath_phase,safenest-node-01
108.9770,-0.490000,S001,S001_BREATH_PACED_20_05,1,BREATH_PACED_20,23.00,0.9184,,MR60BHA2_breath_phase,safenest-node-01
109.0770,-0.440000,S001,S001_BREATH_PACED_20_05,1,BREATH_PACED_20,23.00,0.9184,,MR60BHA2_breath_phase,safenest-node-01
109.1770,-0.330000,S001,S001_BREATH_PACED_20_05,1,BREATH_PACED_20,23.00,0.9184,,MR60BHA2_breath_phase,safenest-node-01
109.2770,-0.190000,S001,S001_BREATH_PACED_20_05,1,BREATH_PACED_20,23.00,0.9184,,MR60BHA2_breath_phase,safenest-node-01
109.3770,-0.110000,S001,S001_BREATH_PACED_20_05,1,BREATH_PACED_20,23.00,0.9184,,MR60BHA2_breath_phase,safenest-node-01
109.4770,0.060000,S001,S001_BREATH_PACED_20_05,1,BREATH_PACED_20,23.00,0.9184,,MR60BHA2_breath_phase,safenest-node-01
109.5770,0.230000,S001,S001_BREATH_PACED_20_05,1,BREATH_PACED_20,23.00,0.9184,,MR60BHA2_breath_phase,safenest-node-01
109.6770,0.310000,S001,S001_BREATH_PACED_20_05,1,BREATH_PACED_20,23.00,0.9184,,MR60BHA2_breath_phase,safenest-node-01
109.7770,0.470000,S001,S001_BREATH_PACED_20_05,1,BREATH_PACED_20,23.00,0.9184,,MR60BHA2_breath_phase,safenest-node-01
109.8770,0.610000,S001,S001_BREATH_PACED_20_05,1,BREATH_PACED_20,23.00,0.9184,,MR60BHA2_breath_phase,safenest-node-01
109.9780,0.670000,S001,S001_BREATH_PACED_20_05,1,BREATH_PACED_20,23.00,0.9184,,MR60BHA2_breath_phase,safenest-node-01
110.0780,0.750000,S001,S001_BREATH_PACED_20_05,1,BREATH_PACED_20,23.00,0.9184,,MR60BHA2_breath_phase,safenest-node-01
110.1780,0.780000,S001,S001_BREATH_PACED_20_05,1,BREATH_PACED_20,23.00,0.9184,,MR60BHA2_breath_phase,safenest-node-01
110.2780,0.780000,S001,S001_BREATH_PACED_20_05,1,BREATH_PACED_20,23.00,0.9184,,MR60BHA2_breath_phase,safenest-node-01
110.3780,0.740000,S001,S001_BREATH_PACED_20_05,1,BREATH_PACED_20,23.00,0.9184,,MR60BHA2_breath_phase,safenest-node-01
110.4780,0.650000,S001,S001_BREATH_PACED_20_05,1,BREATH_PACED_20,23.00,0.9184,,MR60BHA2_breath_phase,safenest-node-01
110.5780,0.590000,S001,S001_BREATH_PACED_20_05,1,BREATH_PACED_20,23.00,0.9184,,MR60BHA2_breath_phase,safenest-node-01
110.6780,0.440000,S001,S001_BREATH_PACED_20_05,1,BREATH_PACED_20,23.00,0.9184,,MR60BHA2_breath_phase,safenest-node-01
110.7780,0.360000,S001,S001_BREATH_PACED_20_05,1,BREATH_PACED_20,23.00,0.9184,,MR60BHA2_breath_phase,safenest-node-01
110.8780,0.180000,S001,S001_BREATH_PACED_20_05,1,BREATH_PACED_20,23.00,0.9184,,MR60BHA2_breath_phase,safenest-node-01
110.9780,-0.000000,S001,S001_BREATH_PACED_20_05,1,BREATH_PACED_20,23.00,0.9184,,MR60BHA2_breath_phase,safenest-node-01
111.0780,-0.180000,S001,S001_BREATH_PACED_20_05,1,BREATH_PACED_20,23.00,0.9184,,MR60BHA2_breath_phase,safenest-node-01
111.1780,-0.270000,S001,S001_BREATH_PACED_20_05,1,BREATH_PACED_20,23.00,0.9184,,MR60BHA2_breath_phase,safenest-node-01
111.2780,-0.420000,S001,S001_BREATH_PACED_20_05,1,BREATH_PACED_20,23.00,0.9184,,MR60BHA2_breath_phase,safenest-node-01
111.3780,-0.480000,S001,S001_BREATH_PACED_20_05,1,BREATH_PACED_20,23.00,0.9184,,MR60BHA2_breath_phase,safenest-node-01
111.4780,-0.580000,S001,S001_BREATH_PACED_20_05,1,BREATH_PACED_20,23.00,0.9184,,MR60BHA2_breath_phase,safenest-node-01
111.5780,-0.650000,S001,S001_BREATH_PACED_20_05,1,BREATH_PACED_20,23.00,0.9184,,MR60BHA2_breath_phase,safenest-node-01
111.6780,-0.680000,S001,S001_BREATH_PACED_20_05,1,BREATH_PACED_20,23.00,0.9184,,MR60BHA2_breath_phase,safenest-node-01
111.7780,-0.690000,S001,S001_BREATH_PACED_20_05,1,BREATH_PACED_20,23.00,0.9184,,MR60BHA2_breath_phase,safenest-node-01
111.8780,-0.670000,S001,S001_BREATH_PACED_20_05,1,BREATH_PACED_20,23.00,0.9184,,MR60BHA2_breath_phase,safenest-node-01
111.9780,-0.640000,S001,S001_BREATH_PACED_20_05,1,BREATH_PACED_20,23.00,0.9184,,MR60BHA2_breath_phase,safenest-node-01
112.0780,-0.570000,S001,S001_BREATH_PACED_20_05,1,BREATH_PACED_20,23.00,0.9184,,MR60BHA2_breath_phase,safenest-node-01
112.1780,-0.470000,S001,S001_BREATH_PACED_20_05,1,BREATH_PACED_20,23.00,0.9184,,MR60BHA2_breath_phase,safenest-node-01
112.2780,-0.350000,S001,S001_BREATH_PACED_20_05,1,BREATH_PACED_20,23.00,0.9184,,MR60BHA2_breath_phase,safenest-node-01
112.3780,-0.270000,S001,S001_BREATH_PACED_20_05,1,BREATH_PACED_20,23.00,0.9184,,MR60BHA2_breath_phase,safenest-node-01
112.4780,-0.110000,S001,S001_BREATH_PACED_20_05,1,BREATH_PACED_20,23.00,0.9184,,MR60BHA2_breath_phase,safenest-node-01
112.5780,-0.030000,S001,S001_BREATH_PACED_20_05,1,BREATH_PACED_20,23.00,0.9184,,MR60BHA2_breath_phase,safenest-node-01
112.6780,0.140000,S001,S001_BREATH_PACED_20_05,1,BREATH_PACED_20,23.00,0.9184,,MR60BHA2_breath_phase,safenest-node-01
112.7780,0.310000,S001,S001_BREATH_PACED_20_05,1,BREATH_PACED_20,23.00,0.9184,,MR60BHA2_breath_phase,safenest-node-01
112.8780,0.390000,S001,S001_BREATH_PACED_20_05,1,BREATH_PACED_20,23.00,0.9184,,MR60BHA2_breath_phase,safenest-node-01
112.9780,0.520000,S001,S001_BREATH_PACED_20_05,1,BREATH_PACED_20,23.00,0.9184,,MR60BHA2_breath_phase,safenest-node-01
113.0780,0.610000,S001,S001_BREATH_PACED_20_05,1,BREATH_PACED_20,23.00,0.9184,,MR60BHA2_breath_phase,safenest-node-01
113.1780,0.640000,S001,S001_BREATH_PACED_20_05,1,BREATH_PACED_20,23.00,0.9184,,MR60BHA2_breath_phase,safenest-node-01
113.2780,0.650000,S001,S001_BREATH_PACED_20_05,1,BREATH_PACED_20,23.00,0.9184,,MR60BHA2_breath_phase,safenest-node-01
113.3780,0.600000,S001,S001_BREATH_PACED_20_05,1,BREATH_PACED_20,23.00,0.9184,,MR60BHA2_breath_phase,safenest-node-01
113.4780,0.560000,S001,S001_BREATH_PACED_20_05,1,BREATH_PACED_20,23.00,0.9184,,MR60BHA2_breath_phase,safenest-node-01
113.5780,0.440000,S001,S001_BREATH_PACED_20_05,1,BREATH_PACED_20,23.00,0.9184,,MR60BHA2_breath_phase,safenest-node-01
113.6790,0.290000,S001,S001_BREATH_PACED_20_05,1,BREATH_PACED_20,23.00,0.9184,,MR60BHA2_breath_phase,safenest-node-01
113.7790,0.200000,S001,S001_BREATH_PACED_20_05,1,BREATH_PACED_20,23.00,0.9184,,MR60BHA2_breath_phase,safenest-node-01
113.8790,0.020000,S001,S001_BREATH_PACED_20_05,1,BREATH_PACED_20,23.00,0.9184,,MR60BHA2_breath_phase,safenest-node-01
113.9790,-0.160000,S001,S001_BREATH_PACED_20_05,1,BREATH_PACED_20,23.00,0.9184,,MR60BHA2_breath_phase,safenest-node-01
114.0790,-0.240000,S001,S001_BREATH_PACED_20_05,1,BREATH_PACED_20,23.00,0.9184,,MR60BHA2_breath_phase,safenest-node-01
114.1790,-0.380000,S001,S001_BREATH_PACED_20_05,1,BREATH_PACED_20,23.00,0.9184,,MR60BHA2_breath_phase,safenest-node-01
114.2790,-0.430000,S001,S001_BREATH_PACED_20_05,1,BREATH_PACED_20,23.00,0.9184,,MR60BHA2_breath_phase,safenest-node-01
114.3790,-0.520000,S001,S001_BREATH_PACED_20_05,1,BREATH_PACED_20,23.00,0.9184,,MR60BHA2_breath_phase,safenest-node-01
114.4790,-0.560000,S001,S001_BREATH_PACED_20_05,1,BREATH_PACED_20,23.00,0.9184,,MR60BHA2_breath_phase,safenest-node-01
114.5790,-0.560000,S001,S001_BREATH_PACED_20_05,1,BREATH_PACED_20,23.00,0.9184,,MR60BHA2_breath_phase,safenest-node-01
114.6790,-0.540000,S001,S001_BREATH_PACED_20_05,1,BREATH_PACED_20,23.00,0.9184,,MR60BHA2_breath_phase,safenest-node-01
114.7790,-0.490000,S001,S001_BREATH_PACED_20_05,1,BREATH_PACED_20,23.00,0.9184,,MR60BHA2_breath_phase,safenest-node-01
114.8790,-0.450000,S001,S001_BREATH_PACED_20_05,1,BREATH_PACED_20,23.00,0.9184,,MR60BHA2_breath_phase,safenest-node-01
114.9790,-0.360000,S001,S001_BREATH_PACED_20_05,1,BREATH_PACED_20,23.00,0.9184,,MR60BHA2_breath_phase,safenest-node-01
115.0790,-0.250000,S001,S001_BREATH_PACED_20_05,1,BREATH_PACED_20,23.00,0.9184,,MR60BHA2_breath_phase,safenest-node-01
115.1790,-0.120000,S001,S001_BREATH_PACED_20_05,1,BREATH_PACED_20,23.00,0.9184,,MR60BHA2_breath_phase,safenest-node-01
115.2790,-0.060000,S001,S001_BREATH_PACED_20_05,1,BREATH_PACED_20,23.00,0.9184,,MR60BHA2_breath_phase,safenest-node-01
115.3790,0.080000,S001,S001_BREATH_PACED_20_05,1,BREATH_PACED_20,23.00,0.9184,,MR60BHA2_breath_phase,safenest-node-01
115.4790,0.150000,S001,S001_BREATH_PACED_20_05,1,BREATH_PACED_20,23.00,0.9184,,MR60BHA2_breath_phase,safenest-node-01
115.5790,0.280000,S001,S001_BREATH_PACED_20_05,1,BREATH_PACED_20,23.00,0.9184,,MR60BHA2_breath_phase,safenest-node-01
115.6790,0.410000,S001,S001_BREATH_PACED_20_05,1,BREATH_PACED_20,23.00,0.9184,,MR60BHA2_breath_phase,safenest-node-01
115.7800,0.520000,S001,S001_BREATH_PACED_20_05,1,BREATH_PACED_20,23.00,0.9184,,MR60BHA2_breath_phase,safenest-node-01
115.8800,0.570000,S001,S001_BREATH_PACED_20_05,1,BREATH_PACED_20,23.00,0.9184,,MR60BHA2_breath_phase,safenest-node-01
115.9800,0.640000,S001,S001_BREATH_PACED_20_05,1,BREATH_PACED_20,23.00,0.9184,,MR60BHA2_breath_phase,safenest-node-01
116.0800,0.660000,S001,S001_BREATH_PACED_20_05,1,BREATH_PACED_20,23.00,0.9184,,MR60BHA2_breath_phase,safenest-node-01
116.1800,0.680000,S001,S001_BREATH_PACED_20_05,1,BREATH_PACED_20,23.00,0.9184,,MR60BHA2_breath_phase,safenest-node-01
116.2800,0.660000,S001,S001_BREATH_PACED_20_05,1,BREATH_PACED_20,23.00,0.9184,,MR60BHA2_breath_phase,safenest-node-01
116.3820,0.590000,S001,S001_BREATH_PACED_20_05,1,BREATH_PACED_20,23.00,0.9184,,MR60BHA2_breath_phase,safenest-node-01
116.4820,0.540000,S001,S001_BREATH_PACED_20_05,1,BREATH_PACED_20,23.00,0.9184,,MR60BHA2_breath_phase,safenest-node-01
116.5820,0.420000,S001,S001_BREATH_PACED_20_05,1,BREATH_PACED_20,23.00,0.9184,,MR60BHA2_breath_phase,safenest-node-01
116.6820,0.350000,S001,S001_BREATH_PACED_20_05,1,BREATH_PACED_20,23.00,0.9184,,MR60BHA2_breath_phase,safenest-node-01
116.7820,0.180000,S001,S001_BREATH_PACED_20_05,1,BREATH_PACED_20,23.00,0.9184,,MR60BHA2_breath_phase,safenest-node-01
116.8820,0.000000,S001,S001_BREATH_PACED_20_05,1,BREATH_PACED_20,23.00,0.9184,,MR60BHA2_breath_phase,safenest-node-01
116.9830,-0.090000,S001,S001_BREATH_PACED_20_05,1,BREATH_PACED_20,23.00,0.9184,,MR60BHA2_breath_phase,safenest-node-01
117.0830,-0.270000,S001,S001_BREATH_PACED_20_05,1,BREATH_PACED_20,23.00,0.9184,,MR60BHA2_breath_phase,safenest-node-01
117.1830,-0.430000,S001,S001_BREATH_PACED_20_05,1,BREATH_PACED_20,23.00,0.9184,,MR60BHA2_breath_phase,safenest-node-01
117.2830,-0.500000,S001,S001_BREATH_PACED_20_05,1,BREATH_PACED_20,23.00,0.9184,,MR60BHA2_breath_phase,safenest-node-01
117.3830,-0.610000,S001,S001_BREATH_PACED_20_05,1,BREATH_PACED_20,23.00,0.9184,,MR60BHA2_breath_phase,safenest-node-01
117.4830,-0.670000,S001,S001_BREATH_PACED_20_05,1,BREATH_PACED_20,23.00,0.9184,,MR60BHA2_breath_phase,safenest-node-01
117.5830,-0.680000,S001,S001_BREATH_PACED_20_05,1,BREATH_PACED_20,23.00,0.9184,,MR60BHA2_breath_phase,safenest-node-01
117.6830,-0.660000,S001,S001_BREATH_PACED_20_05,1,BREATH_PACED_20,23.00,0.9184,,MR60BHA2_breath_phase,safenest-node-01
117.7840,-0.600000,S001,S001_BREATH_PACED_20_05,1,BREATH_PACED_20,23.00,0.9184,,MR60BHA2_breath_phase,safenest-node-01
117.8840,-0.560000,S001,S001_BREATH_PACED_20_05,1,BREATH_PACED_20,23.00,0.9184,,MR60BHA2_breath_phase,safenest-node-01
117.9840,-0.450000,S001,S001_BREATH_PACED_20_05,1,BREATH_PACED_20,23.00,0.9184,,MR60BHA2_breath_phase,safenest-node-01
118.0840,-0.300000,S001,S001_BREATH_PACED_20_05,1,BREATH_PACED_20,23.00,0.9184,,MR60BHA2_breath_phase,safenest-node-01
118.1840,-0.230000,S001,S001_BREATH_PACED_20_05,1,BREATH_PACED_20,23.00,0.9184,,MR60BHA2_breath_phase,safenest-node-01
118.2840,-0.060000,S001,S001_BREATH_PACED_20_05,1,BREATH_PACED_20,23.00,0.9184,,MR60BHA2_breath_phase,safenest-node-01
118.3840,0.020000,S001,S001_BREATH_PACED_20_05,1,BREATH_PACED_20,23.00,0.9184,,MR60BHA2_breath_phase,safenest-node-01
118.4840,0.170000,S001,S001_BREATH_PACED_20_05,1,BREATH_PACED_20,23.00,0.9184,,MR60BHA2_breath_phase,safenest-node-01
118.5840,0.300000,S001,S001_BREATH_PACED_20_05,1,BREATH_PACED_20,23.00,0.9184,,MR60BHA2_breath_phase,safenest-node-01
118.6840,0.400000,S001,S001_BREATH_PACED_20_05,1,BREATH_PACED_20,23.00,0.9184,,MR60BHA2_breath_phase,safenest-node-01
118.7840,0.440000,S001,S001_BREATH_PACED_20_05,1,BREATH_PACED_20,23.00,0.9184,,MR60BHA2_breath_phase,safenest-node-01
118.8840,0.490000,S001,S001_BREATH_PACED_20_05,1,BREATH_PACED_20,23.00,0.9184,,MR60BHA2_breath_phase,safenest-node-01
118.9840,0.500000,S001,S001_BREATH_PACED_20_05,1,BREATH_PACED_20,23.00,0.9184,,MR60BHA2_breath_phase,safenest-node-01
119.0840,0.500000,S001,S001_BREATH_PACED_20_05,1,BREATH_PACED_20,23.00,0.9184,,MR60BHA2_breath_phase,safenest-node-01
119.1840,0.460000,S001,S001_BREATH_PACED_20_05,1,BREATH_PACED_20,23.00,0.9184,,MR60BHA2_breath_phase,safenest-node-01
119.2840,0.390000,S001,S001_BREATH_PACED_20_05,1,BREATH_PACED_20,23.00,0.9184,,MR60BHA2_breath_phase,safenest-node-01
119.3840,0.340000,S001,S001_BREATH_PACED_20_05,1,BREATH_PACED_20,23.00,0.9184,,MR60BHA2_breath_phase,safenest-node-01
119.4840,0.240000,S001,S001_BREATH_PACED_20_05,1,BREATH_PACED_20,23.00,0.9184,,MR60BHA2_breath_phase,safenest-node-01
119.5840,0.170000,S001,S001_BREATH_PACED_20_05,1,BREATH_PACED_20,23.00,0.9184,,MR60BHA2_breath_phase,safenest-node-01
119.6840,0.050000,S001,S001_BREATH_PACED_20_05,1,BREATH_PACED_20,23.00,0.9184,,MR60BHA2_breath_phase,safenest-node-01
119.7840,-0.080000,S001,S001_BREATH_PACED_20_05,1,BREATH_PACED_20,23.00,0.9184,,MR60BHA2_breath_phase,safenest-node-01
119.8850,-0.210000,S001,S001_BREATH_PACED_20_05,1,BREATH_PACED_20,23.00,0.9184,,MR60BHA2_breath_phase,safenest-node-01
119.9850,-0.270000,S001,S001_BREATH_PACED_20_05,1,BREATH_PACED_20,23.00,0.9184,,MR60BHA2_breath_phase,safenest-node-01
120.0850,-0.370000,S001,S001_BREATH_PACED_20_05,1,BREATH_PACED_20,23.00,0.9184,,MR60BHA2_breath_phase,safenest-node-01
120.1850,-0.420000,S001,S001_BREATH_PACED_20_05,1,BREATH_PACED_20,23.00,0.9184,,MR60BHA2_breath_phase,safenest-node-01
120.2850,-0.500000,S001,S001_BREATH_PACED_20_05,1,BREATH_PACED_20,23.00,0.9184,,MR60BHA2_breath_phase,safenest-node-01
120.3850,-0.550000,S001,S001_BREATH_PACED_20_05,1,BREATH_PACED_20,23.00,0.9184,,MR60BHA2_breath_phase,safenest-node-01
120.4850,-0.580000,S001,S001_BREATH_PACED_20_05,1,BREATH_PACED_20,23.00,0.9184,,MR60BHA2_breath_phase,safenest-node-01
120.5850,-0.580000,S001,S001_BREATH_PACED_20_05,1,BREATH_PACED_20,23.00,0.9184,,MR60BHA2_breath_phase,safenest-node-01
120.6850,-0.560000,S001,S001_BREATH_PACED_20_05,1,BREATH_PACED_20,23.00,0.9184,,MR60BHA2_breath_phase,safenest-node-01
120.7850,-0.540000,S001,S001_BREATH_PACED_20_05,1,BREATH_PACED_20,23.00,0.9184,,MR60BHA2_breath_phase,safenest-node-01
120.8850,-0.490000,S001,S001_BREATH_PACED_20_05,1,BREATH_PACED_20,23.00,0.9184,,MR60BHA2_breath_phase,safenest-node-01
120.9850,-0.410000,S001,S001_BREATH_PACED_20_05,1,BREATH_PACED_20,23.00,0.9184,,MR60BHA2_breath_phase,safenest-node-01
121.0850,-0.310000,S001,S001_BREATH_PACED_20_05,1,BREATH_PACED_20,23.00,0.9184,,MR60BHA2_breath_phase,safenest-node-01
121.1850,-0.240000,S001,S001_BREATH_PACED_20_05,1,BREATH_PACED_20,23.00,0.9184,,MR60BHA2_breath_phase,safenest-node-01
121.2850,-0.110000,S001,S001_BREATH_PACED_20_05,1,BREATH_PACED_20,23.00,0.9184,,MR60BHA2_breath_phase,safenest-node-01
121.3850,-0.030000,S001,S001_BREATH_PACED_20_05,1,BREATH_PACED_20,23.00,0.9184,,MR60BHA2_breath_phase,safenest-node-01
121.4850,0.130000,S001,S001_BREATH_PACED_20_05,1,BREATH_PACED_20,23.00,0.9184,,MR60BHA2_breath_phase,safenest-node-01
121.5850,0.290000,S001,S001_BREATH_PACED_20_05,1,BREATH_PACED_20,23.00,0.9184,,MR60BHA2_breath_phase,safenest-node-01
121.6860,0.370000,S001,S001_BREATH_PACED_20_05,1,BREATH_PACED_20,23.00,0.9184,,MR60BHA2_breath_phase,safenest-node-01
121.7860,0.520000,S001,S001_BREATH_PACED_20_05,1,BREATH_PACED_20,23.00,0.9184,,MR60BHA2_breath_phase,safenest-node-01
121.8860,0.650000,S001,S001_BREATH_PACED_20_05,1,BREATH_PACED_20,23.00,0.9184,,MR60BHA2_breath_phase,safenest-node-01
121.9860,0.700000,S001,S001_BREATH_PACED_20_05,1,BREATH_PACED_20,23.00,0.9184,,MR60BHA2_breath_phase,safenest-node-01
122.0860,0.790000,S001,S001_BREATH_PACED_20_05,1,BREATH_PACED_20,23.00,0.9184,,MR60BHA2_breath_phase,safenest-node-01
122.1860,0.840000,S001,S001_BREATH_PACED_20_05,1,BREATH_PACED_20,23.00,0.9184,,MR60BHA2_breath_phase,safenest-node-01
122.2860,0.860000,S001,S001_BREATH_PACED_20_05,1,BREATH_PACED_20,23.00,0.9184,,MR60BHA2_breath_phase,safenest-node-01
122.3860,0.850000,S001,S001_BREATH_PACED_20_05,1,BREATH_PACED_20,23.00,0.9184,,MR60BHA2_breath_phase,safenest-node-01
122.4860,0.820000,S001,S001_BREATH_PACED_20_05,1,BREATH_PACED_20,23.00,0.9184,,MR60BHA2_breath_phase,safenest-node-01
122.5860,0.740000,S001,S001_BREATH_PACED_20_05,1,BREATH_PACED_20,23.00,0.9184,,MR60BHA2_breath_phase,safenest-node-01
122.6860,0.600000,S001,S001_BREATH_PACED_20_05,1,BREATH_PACED_20,23.00,0.9184,,MR60BHA2_breath_phase,safenest-node-01
122.7860,0.420000,S001,S001_BREATH_PACED_20_05,1,BREATH_PACED_20,23.00,0.9184,,MR60BHA2_breath_phase,safenest-node-01
122.8860,0.310000,S001,S001_BREATH_PACED_20_05,1,BREATH_PACED_20,23.00,0.9184,,MR60BHA2_breath_phase,safenest-node-01
122.9860,0.090000,S001,S001_BREATH_PACED_20_05,1,BREATH_PACED_20,23.00,0.9184,,MR60BHA2_breath_phase,safenest-node-01
123.0860,-0.020000,S001,S001_BREATH_PACED_20_05,1,BREATH_PACED_20,23.00,0.9184,,MR60BHA2_breath_phase,safenest-node-01
123.1860,-0.250000,S001,S001_BREATH_PACED_20_05,1,BREATH_PACED_20,23.00,0.9184,,MR60BHA2_breath_phase,safenest-node-01
123.2860,-0.460000,S001,S001_BREATH_PACED_20_05,1,BREATH_PACED_20,23.00,0.9184,,MR60BHA2_breath_phase,safenest-node-01
123.3860,-0.650000,S001,S001_BREATH_PACED_20_05,1,BREATH_PACED_20,23.00,0.9184,,MR60BHA2_breath_phase,safenest-node-01
123.4860,-0.730000,S001,S001_BREATH_PACED_20_05,1,BREATH_PACED_20,23.00,0.9184,,MR60BHA2_breath_phase,safenest-node-01
123.5860,-0.850000,S001,S001_BREATH_PACED_20_05,1,BREATH_PACED_20,23.00,0.9184,,MR60BHA2_breath_phase,safenest-node-01
123.6860,-0.890000,S001,S001_BREATH_PACED_20_05,1,BREATH_PACED_20,23.00,0.9184,,MR60BHA2_breath_phase,safenest-node-01
123.7860,-0.920000,S001,S001_BREATH_PACED_20_05,1,BREATH_PACED_20,23.00,0.9184,,MR60BHA2_breath_phase,safenest-node-01
123.8860,-0.900000,S001,S001_BREATH_PACED_20_05,1,BREATH_PACED_20,23.00,0.9184,,MR60BHA2_breath_phase,safenest-node-01
123.9870,-0.820000,S001,S001_BREATH_PACED_20_05,1,BREATH_PACED_20,23.00,0.9184,,MR60BHA2_breath_phase,safenest-node-01
124.0870,-0.750000,S001,S001_BREATH_PACED_20_05,1,BREATH_PACED_20,23.00,0.9184,,MR60BHA2_breath_phase,safenest-node-01
124.1870,-0.590000,S001,S001_BREATH_PACED_20_05,1,BREATH_PACED_20,23.00,0.9184,,MR60BHA2_breath_phase,safenest-node-01
124.2870,-0.500000,S001,S001_BREATH_PACED_20_05,1,BREATH_PACED_20,23.00,0.9184,,MR60BHA2_breath_phase,safenest-node-01
124.3870,-0.280000,S001,S001_BREATH_PACED_20_05,1,BREATH_PACED_20,23.00,0.9184,,MR60BHA2_breath_phase,safenest-node-01
124.4870,-0.050000,S001,S001_BREATH_PACED_20_05,1,BREATH_PACED_20,23.00,0.9184,,MR60BHA2_breath_phase,safenest-node-01
124.5890,0.180000,S001,S001_BREATH_PACED_20_05,1,BREATH_PACED_20,23.00,0.9184,,MR60BHA2_breath_phase,safenest-node-01
124.6890,0.290000,S001,S001_BREATH_PACED_20_05,1,BREATH_PACED_20,23.00,0.9184,,MR60BHA2_breath_phase,safenest-node-01
124.7890,0.500000,S001,S001_BREATH_PACED_20_05,1,BREATH_PACED_20,23.00,0.9184,,MR60BHA2_breath_phase,safenest-node-01
124.8890,0.590000,S001,S001_BREATH_PACED_20_05,1,BREATH_PACED_20,23.00,0.9184,,MR60BHA2_breath_phase,safenest-node-01
124.9890,0.730000,S001,S001_BREATH_PACED_20_05,1,BREATH_PACED_20,23.00,0.9184,,MR60BHA2_breath_phase,safenest-node-01
125.0890,0.820000,S001,S001_BREATH_PACED_20_05,1,BREATH_PACED_20,23.00,0.9184,,MR60BHA2_breath_phase,safenest-node-01
125.1890,0.850000,S001,S001_BREATH_PACED_20_05,1,BREATH_PACED_20,23.00,0.9184,,MR60BHA2_breath_phase,safenest-node-01
125.2890,0.850000,S001,S001_BREATH_PACED_20_05,1,BREATH_PACED_20,23.00,0.9184,,MR60BHA2_breath_phase,safenest-node-01
125.3890,0.790000,S001,S001_BREATH_PACED_20_05,1,BREATH_PACED_20,23.00,0.9184,,MR60BHA2_breath_phase,safenest-node-01
125.4890,0.740000,S001,S001_BREATH_PACED_20_05,1,BREATH_PACED_20,23.00,0.9184,,MR60BHA2_breath_phase,safenest-node-01
125.5890,0.610000,S001,S001_BREATH_PACED_20_05,1,BREATH_PACED_20,23.00,0.9184,,MR60BHA2_breath_phase,safenest-node-01
125.6890,0.440000,S001,S001_BREATH_PACED_20_05,1,BREATH_PACED_20,23.00,0.9184,,MR60BHA2_breath_phase,safenest-node-01
125.7900,0.340000,S001,S001_BREATH_PACED_20_05,1,BREATH_PACED_20,23.00,0.9184,,MR60BHA2_breath_phase,safenest-node-01
125.8900,0.140000,S001,S001_BREATH_PACED_20_05,1,BREATH_PACED_20,23.00,0.9184,,MR60BHA2_breath_phase,safenest-node-01
125.9900,-0.060000,S001,S001_BREATH_PACED_20_05,1,BREATH_PACED_20,23.00,0.9184,,MR60BHA2_breath_phase,safenest-node-01
126.0900,-0.160000,S001,S001_BREATH_PACED_20_05,1,BREATH_PACED_20,23.00,0.9184,,MR60BHA2_breath_phase,safenest-node-01
126.1900,-0.340000,S001,S001_BREATH_PACED_20_05,1,BREATH_PACED_20,23.00,0.9184,,MR60BHA2_breath_phase,safenest-node-01
126.2900,-0.490000,S001,S001_BREATH_PACED_20_05,1,BREATH_PACED_20,23.00,0.9184,,MR60BHA2_breath_phase,safenest-node-01
126.3910,-0.550000,S001,S001_BREATH_PACED_20_05,1,BREATH_PACED_20,23.00,0.9184,,MR60BHA2_breath_phase,safenest-node-01
126.4910,-0.650000,S001,S001_BREATH_PACED_20_05,1,BREATH_PACED_20,23.00,0.9184,,MR60BHA2_breath_phase,safenest-node-01
126.5910,-0.670000,S001,S001_BREATH_PACED_20_05,1,BREATH_PACED_20,23.00,0.9184,,MR60BHA2_breath_phase,safenest-node-01
126.6910,-0.700000,S001,S001_BREATH_PACED_20_05,1,BREATH_PACED_20,23.00,0.9184,,MR60BHA2_breath_phase,safenest-node-01
126.7910,-0.680000,S001,S001_BREATH_PACED_20_05,1,BREATH_PACED_20,23.00,0.9184,,MR60BHA2_breath_phase,safenest-node-01
126.8910,-0.630000,S001,S001_BREATH_PACED_20_05,1,BREATH_PACED_20,23.00,0.9184,,MR60BHA2_breath_phase,safenest-node-01
126.9910,-0.590000,S001,S001_BREATH_PACED_20_05,1,BREATH_PACED_20,23.00,0.9184,,MR60BHA2_breath_phase,safenest-node-01
127.0910,-0.490000,S001,S001_BREATH_PACED_20_05,1,BREATH_PACED_20,23.00,0.9184,,MR60BHA2_breath_phase,safenest-node-01
127.1910,-0.430000,S001,S001_BREATH_PACED_20_05,1,BREATH_PACED_20,23.00,0.9184,,MR60BHA2_breath_phase,safenest-node-01
127.2910,-0.290000,S001,S001_BREATH_PACED_20_05,1,BREATH_PACED_20,23.00,0.9184,,MR60BHA2_breath_phase,safenest-node-01
127.3910,-0.150000,S001,S001_BREATH_PACED_20_05,1,BREATH_PACED_20,23.00,0.9184,,MR60BHA2_breath_phase,safenest-node-01
127.4910,0.000000,S001,S001_BREATH_PACED_20_05,1,BREATH_PACED_20,23.00,0.9184,,MR60BHA2_breath_phase,safenest-node-01
127.5910,0.080000,S001,S001_BREATH_PACED_20_05,1,BREATH_PACED_20,23.00,0.9184,,MR60BHA2_breath_phase,safenest-node-01
127.6910,0.220000,S001,S001_BREATH_PACED_20_05,1,BREATH_PACED_20,23.00,0.9184,,MR60BHA2_breath_phase,safenest-node-01
127.7910,0.280000,S001,S001_BREATH_PACED_20_05,1,BREATH_PACED_20,23.00,0.9184,,MR60BHA2_breath_phase,safenest-node-01
127.8910,0.400000,S001,S001_BREATH_PACED_20_05,1,BREATH_PACED_20,23.00,0.9184,,MR60BHA2_breath_phase,safenest-node-01
127.9910,0.480000,S001,S001_BREATH_PACED_20_05,1,BREATH_PACED_20,23.00,0.9184,,MR60BHA2_breath_phase,safenest-node-01
128.0910,0.520000,S001,S001_BREATH_PACED_20_05,1,BREATH_PACED_20,23.00,0.9184,,MR60BHA2_breath_phase,safenest-node-01
128.1910,0.520000,S001,S001_BREATH_PACED_20_05,1,BREATH_PACED_20,23.00,0.9184,,MR60BHA2_breath_phase,safenest-node-01
128.2910,0.500000,S001,S001_BREATH_PACED_20_05,1,BREATH_PACED_20,23.00,0.9184,,MR60BHA2_breath_phase,safenest-node-01
128.3910,0.470000,S001,S001_BREATH_PACED_20_05,1,BREATH_PACED_20,23.00,0.9184,,MR60BHA2_breath_phase,safenest-node-01
128.4910,0.380000,S001,S001_BREATH_PACED_20_05,1,BREATH_PACED_20,23.00,0.9184,,MR60BHA2_breath_phase,safenest-node-01
128.5910,0.250000,S001,S001_BREATH_PACED_20_05,1,BREATH_PACED_20,23.00,0.9184,,MR60BHA2_breath_phase,safenest-node-01
128.6910,0.180000,S001,S001_BREATH_PACED_20_05,1,BREATH_PACED_20,23.00,0.9184,,MR60BHA2_breath_phase,safenest-node-01
128.7910,0.010000,S001,S001_BREATH_PACED_20_05,1,BREATH_PACED_20,23.00,0.9184,,MR60BHA2_breath_phase,safenest-node-01
128.8910,-0.160000,S001,S001_BREATH_PACED_20_05,1,BREATH_PACED_20,23.00,0.9184,,MR60BHA2_breath_phase,safenest-node-01
128.9910,-0.250000,S001,S001_BREATH_PACED_20_05,1,BREATH_PACED_20,23.00,0.9184,,MR60BHA2_breath_phase,safenest-node-01
129.0910,-0.410000,S001,S001_BREATH_PACED_20_05,1,BREATH_PACED_20,23.00,0.9184,,MR60BHA2_breath_phase,safenest-node-01
129.1910,-0.540000,S001,S001_BREATH_PACED_20_05,1,BREATH_PACED_20,23.00,0.9184,,MR60BHA2_breath_phase,safenest-node-01
129.2920,-0.590000,S001,S001_BREATH_PACED_20_05,1,BREATH_PACED_20,23.00,0.9184,,MR60BHA2_breath_phase,safenest-node-01
129.3920,-0.670000,S001,S001_BREATH_PACED_20_05,1,BREATH_PACED_20,23.00,0.9184,,MR60BHA2_breath_phase,safenest-node-01
129.4920,-0.700000,S001,S001_BREATH_PACED_20_05,1,BREATH_PACED_20,23.00,0.9184,,MR60BHA2_breath_phase,safenest-node-01
129.5920,-0.700000,S001,S001_BREATH_PACED_20_05,1,BREATH_PACED_20,23.00,0.9184,,MR60BHA2_breath_phase,safenest-node-01
129.6920,-0.660000,S001,S001_BREATH_PACED_20_05,1,BREATH_PACED_20,23.00,0.9184,,MR60BHA2_breath_phase,safenest-node-01
129.7920,-0.590000,S001,S001_BREATH_PACED_20_05,1,BREATH_PACED_20,23.00,0.9184,,MR60BHA2_breath_phase,safenest-node-01
129.8930,-0.530000,S001,S001_BREATH_PACED_20_05,1,BREATH_PACED_20,23.00,0.9184,,MR60BHA2_breath_phase,safenest-node-01
129.9930,-0.410000,S001,S001_BREATH_PACED_20_05,1,BREATH_PACED_20,23.00,0.9184,,MR60BHA2_breath_phase,safenest-node-01
130.0940,-0.250000,S001,S001_BREATH_PACED_20_05,1,BREATH_PACED_20,23.00,0.9184,,MR60BHA2_breath_phase,safenest-node-01
130.1940,-0.160000,S001,S001_BREATH_PACED_20_05,1,BREATH_PACED_20,23.00,0.9184,,MR60BHA2_breath_phase,safenest-node-01
130.2940,0.020000,S001,S001_BREATH_PACED_20_05,1,BREATH_PACED_20,23.00,0.9184,,MR60BHA2_breath_phase,safenest-node-01
130.3940,0.210000,S001,S001_BREATH_PACED_20_05,1,BREATH_PACED_20,23.00,0.9184,,MR60BHA2_breath_phase,safenest-node-01
130.4940,0.300000,S001,S001_BREATH_PACED_20_05,1,BREATH_PACED_20,23.00,0.9184,,MR60BHA2_breath_phase,safenest-node-01
130.5940,0.480000,S001,S001_BREATH_PACED_20_05,1,BREATH_PACED_20,23.00,0.9184,,MR60BHA2_breath_phase,safenest-node-01
130.6940,0.570000,S001,S001_BREATH_PACED_20_05,1,BREATH_PACED_20,23.00,0.9184,,MR60BHA2_breath_phase,safenest-node-01
130.7940,0.720000,S001,S001_BREATH_PACED_20_05,1,BREATH_PACED_20,23.00,0.9184,,MR60BHA2_breath_phase,safenest-node-01
130.8940,0.830000,S001,S001_BREATH_PACED_20_05,1,BREATH_PACED_20,23.00,0.9184,,MR60BHA2_breath_phase,safenest-node-01
130.9940,0.920000,S001,S001_BREATH_PACED_20_05,1,BREATH_PACED_20,23.00,0.9184,,MR60BHA2_breath_phase,safenest-node-01
131.0940,0.940000,S001,S001_BREATH_PACED_20_05,1,BREATH_PACED_20,23.00,0.9184,,MR60BHA2_breath_phase,safenest-node-01
131.1940,0.950000,S001,S001_BREATH_PACED_20_05,1,BREATH_PACED_20,23.00,0.9184,,MR60BHA2_breath_phase,safenest-node-01
131.2940,0.940000,S001,S001_BREATH_PACED_20_05,1,BREATH_PACED_20,23.00,0.9184,,MR60BHA2_breath_phase,safenest-node-01
131.3940,0.870000,S001,S001_BREATH_PACED_20_05,1,BREATH_PACED_20,23.00,0.9184,,MR60BHA2_breath_phase,safenest-node-01
131.4940,0.750000,S001,S001_BREATH_PACED_20_05,1,BREATH_PACED_20,23.00,0.9184,,MR60BHA2_breath_phase,safenest-node-01
131.5940,0.580000,S001,S001_BREATH_PACED_20_05,1,BREATH_PACED_20,23.00,0.9184,,MR60BHA2_breath_phase,safenest-node-01
131.6940,0.480000,S001,S001_BREATH_PACED_20_05,1,BREATH_PACED_20,23.00,0.9184,,MR60BHA2_breath_phase,safenest-node-01
131.7940,0.260000,S001,S001_BREATH_PACED_20_05,1,BREATH_PACED_20,23.00,0.9184,,MR60BHA2_breath_phase,safenest-node-01
131.8940,0.150000,S001,S001_BREATH_PACED_20_05,1,BREATH_PACED_20,23.00,0.9184,,MR60BHA2_breath_phase,safenest-node-01
131.9940,-0.070000,S001,S001_BREATH_PACED_20_05,1,BREATH_PACED_20,23.00,0.9184,,MR60BHA2_breath_phase,safenest-node-01
132.0940,-0.270000,S001,S001_BREATH_PACED_20_05,1,BREATH_PACED_20,23.00,0.9184,,MR60BHA2_breath_phase,safenest-node-01
132.1940,-0.450000,S001,S001_BREATH_PACED_20_05,1,BREATH_PACED_20,23.00,0.9184,,MR60BHA2_breath_phase,safenest-node-01
132.2940,-0.530000,S001,S001_BREATH_PACED_20_05,1,BREATH_PACED_20,23.00,0.9184,,MR60BHA2_breath_phase,safenest-node-01
132.3940,-0.640000,S001,S001_BREATH_PACED_20_05,1,BREATH_PACED_20,23.00,0.9184,,MR60BHA2_breath_phase,safenest-node-01
132.4940,-0.680000,S001,S001_BREATH_PACED_20_05,1,BREATH_PACED_20,23.00,0.9184,,MR60BHA2_breath_phase,safenest-node-01
132.5940,-0.730000,S001,S001_BREATH_PACED_20_05,1,BREATH_PACED_20,23.00,0.9184,,MR60BHA2_breath_phase,safenest-node-01
132.6940,-0.720000,S001,S001_BREATH_PACED_20_05,1,BREATH_PACED_20,23.00,0.9184,,MR60BHA2_breath_phase,safenest-node-01
132.7940,-0.700000,S001,S001_BREATH_PACED_20_05,1,BREATH_PACED_20,23.00,0.9184,,MR60BHA2_breath_phase,safenest-node-01
132.8940,-0.620000,S001,S001_BREATH_PACED_20_05,1,BREATH_PACED_20,23.00,0.9184,,MR60BHA2_breath_phase,safenest-node-01
132.9940,-0.520000,S001,S001_BREATH_PACED_20_05,1,BREATH_PACED_20,23.00,0.9184,,MR60BHA2_breath_phase,safenest-node-01
133.0940,-0.450000,S001,S001_BREATH_PACED_20_05,1,BREATH_PACED_20,23.00,0.9184,,MR60BHA2_breath_phase,safenest-node-01
133.1940,-0.300000,S001,S001_BREATH_PACED_20_05,1,BREATH_PACED_20,23.00,0.9184,,MR60BHA2_breath_phase,safenest-node-01
133.2940,-0.140000,S001,S001_BREATH_PACED_20_05,1,BREATH_PACED_20,23.00,0.9184,,MR60BHA2_breath_phase,safenest-node-01
133.3940,-0.050000,S001,S001_BREATH_PACED_20_05,1,BREATH_PACED_20,23.00,0.9184,,MR60BHA2_breath_phase,safenest-node-01
133.4940,0.120000,S001,S001_BREATH_PACED_20_05,1,BREATH_PACED_20,23.00,0.9184,,MR60BHA2_breath_phase,safenest-node-01
133.5940,0.290000,S001,S001_BREATH_PACED_20_05,1,BREATH_PACED_20,23.00,0.9184,,MR60BHA2_breath_phase,safenest-node-01
133.6940,0.360000,S001,S001_BREATH_PACED_20_05,1,BREATH_PACED_20,23.00,0.9184,,MR60BHA2_breath_phase,safenest-node-01
133.7940,0.510000,S001,S001_BREATH_PACED_20_05,1,BREATH_PACED_20,23.00,0.9184,,MR60BHA2_breath_phase,safenest-node-01
133.8940,0.620000,S001,S001_BREATH_PACED_20_05,1,BREATH_PACED_20,23.00,0.9184,,MR60BHA2_breath_phase,safenest-node-01
133.9940,0.670000,S001,S001_BREATH_PACED_20_05,1,BREATH_PACED_20,23.00,0.9184,,MR60BHA2_breath_phase,safenest-node-01
134.0940,0.740000,S001,S001_BREATH_PACED_20_05,1,BREATH_PACED_20,23.00,0.9184,,MR60BHA2_breath_phase,safenest-node-01
134.1940,0.770000,S001,S001_BREATH_PACED_20_05,1,BREATH_PACED_20,23.00,0.9184,,MR60BHA2_breath_phase,safenest-node-01
134.2940,0.770000,S001,S001_BREATH_PACED_20_05,1,BREATH_PACED_20,23.00,0.9184,,MR60BHA2_breath_phase,safenest-node-01
134.3940,0.720000,S001,S001_BREATH_PACED_20_05,1,BREATH_PACED_20,23.00,0.9184,,MR60BHA2_breath_phase,safenest-node-01
134.4940,0.630000,S001,S001_BREATH_PACED_20_05,1,BREATH_PACED_20,23.00,0.9184,,MR60BHA2_breath_phase,safenest-node-01
134.5940,0.570000,S001,S001_BREATH_PACED_20_05,1,BREATH_PACED_20,23.00,0.9184,,MR60BHA2_breath_phase,safenest-node-01
134.6940,0.420000,S001,S001_BREATH_PACED_20_05,1,BREATH_PACED_20,23.00,0.9184,,MR60BHA2_breath_phase,safenest-node-01
134.7940,0.330000,S001,S001_BREATH_PACED_20_05,1,BREATH_PACED_20,23.00,0.9184,,MR60BHA2_breath_phase,safenest-node-01
134.8940,0.130000,S001,S001_BREATH_PACED_20_05,1,BREATH_PACED_20,23.00,0.9184,,MR60BHA2_breath_phase,safenest-node-01
134.9940,-0.080000,S001,S001_BREATH_PACED_20_05,1,BREATH_PACED_20,23.00,0.9184,,MR60BHA2_breath_phase,safenest-node-01
135.0940,-0.280000,S001,S001_BREATH_PACED_20_05,1,BREATH_PACED_20,23.00,0.9184,,MR60BHA2_breath_phase,safenest-node-01
135.1940,-0.380000,S001,S001_BREATH_PACED_20_05,1,BREATH_PACED_20,23.00,0.9184,,MR60BHA2_breath_phase,safenest-node-01
135.2940,-0.550000,S001,S001_BREATH_PACED_20_05,1,BREATH_PACED_20,23.00,0.9184,,MR60BHA2_breath_phase,safenest-node-01
135.3940,-0.630000,S001,S001_BREATH_PACED_20_05,1,BREATH_PACED_20,23.00,0.9184,,MR60BHA2_breath_phase,safenest-node-01
135.4940,-0.750000,S001,S001_BREATH_PACED_20_05,1,BREATH_PACED_20,23.00,0.9184,,MR60BHA2_breath_phase,safenest-node-01
135.5940,-0.820000,S001,S001_BREATH_PACED_20_05,1,BREATH_PACED_20,23.00,0.9184,,MR60BHA2_breath_phase,safenest-node-01
135.6960,-0.840000,S001,S001_BREATH_PACED_20_05,1,BREATH_PACED_20,23.00,0.9184,,MR60BHA2_breath_phase,safenest-node-01
135.7960,-0.830000,S001,S001_BREATH_PACED_20_05,1,BREATH_PACED_20,23.00,0.9184,,MR60BHA2_breath_phase,safenest-node-01
135.8960,-0.790000,S001,S001_BREATH_PACED_20_05,1,BREATH_PACED_20,23.00,0.9184,,MR60BHA2_breath_phase,safenest-node-01
135.9960,-0.750000,S001,S001_BREATH_PACED_20_05,1,BREATH_PACED_20,23.00,0.9184,,MR60BHA2_breath_phase,safenest-node-01
136.0960,-0.640000,S001,S001_BREATH_PACED_20_05,1,BREATH_PACED_20,23.00,0.9184,,MR60BHA2_breath_phase,safenest-node-01
136.1960,-0.500000,S001,S001_BREATH_PACED_20_05,1,BREATH_PACED_20,23.00,0.9184,,MR60BHA2_breath_phase,safenest-node-01
136.2960,-0.420000,S001,S001_BREATH_PACED_20_05,1,BREATH_PACED_20,23.00,0.9184,,MR60BHA2_breath_phase,safenest-node-01
136.3960,-0.240000,S001,S001_BREATH_PACED_20_05,1,BREATH_PACED_20,23.00,0.9184,,MR60BHA2_breath_phase,safenest-node-01
136.4960,-0.060000,S001,S001_BREATH_PACED_20_05,1,BREATH_PACED_20,23.00,0.9184,,MR60BHA2_breath_phase,safenest-node-01
136.5960,0.030000,S001,S001_BREATH_PACED_20_05,1,BREATH_PACED_20,23.00,0.9184,,MR60BHA2_breath_phase,safenest-node-01
136.6960,0.210000,S001,S001_BREATH_PACED_20_05,1,BREATH_PACED_20,23.00,0.9184,,MR60BHA2_breath_phase,safenest-node-01
136.7960,0.370000,S001,S001_BREATH_PACED_20_05,1,BREATH_PACED_20,23.00,0.9184,,MR60BHA2_breath_phase,safenest-node-01
136.8960,0.440000,S001,S001_BREATH_PACED_20_05,1,BREATH_PACED_20,23.00,0.9184,,MR60BHA2_breath_phase,safenest-node-01
136.9960,0.550000,S001,S001_BREATH_PACED_20_05,1,BREATH_PACED_20,23.00,0.9184,,MR60BHA2_breath_phase,safenest-node-01
137.0960,0.590000,S001,S001_BREATH_PACED_20_05,1,BREATH_PACED_20,23.00,0.9184,,MR60BHA2_breath_phase,safenest-node-01
137.1960,0.620000,S001,S001_BREATH_PACED_20_05,1,BREATH_PACED_20,23.00,0.9184,,MR60BHA2_breath_phase,safenest-node-01
137.2960,0.600000,S001,S001_BREATH_PACED_20_05,1,BREATH_PACED_20,23.00,0.9184,,MR60BHA2_breath_phase,safenest-node-01
137.3960,0.530000,S001,S001_BREATH_PACED_20_05,1,BREATH_PACED_20,23.00,0.9184,,MR60BHA2_breath_phase,safenest-node-01
137.4960,0.470000,S001,S001_BREATH_PACED_20_05,1,BREATH_PACED_20,23.00,0.9184,,MR60BHA2_breath_phase,safenest-node-01
137.5960,0.320000,S001,S001_BREATH_PACED_20_05,1,BREATH_PACED_20,23.00,0.9184,,MR60BHA2_breath_phase,safenest-node-01
137.6960,0.230000,S001,S001_BREATH_PACED_20_05,1,BREATH_PACED_20,23.00,0.9184,,MR60BHA2_breath_phase,safenest-node-01
137.7960,0.040000,S001,S001_BREATH_PACED_20_05,1,BREATH_PACED_20,23.00,0.9184,,MR60BHA2_breath_phase,safenest-node-01
137.8960,-0.160000,S001,S001_BREATH_PACED_20_05,1,BREATH_PACED_20,23.00,0.9184,,MR60BHA2_breath_phase,safenest-node-01
137.9980,-0.360000,S001,S001_BREATH_PACED_20_05,1,BREATH_PACED_20,23.00,0.9184,,MR60BHA2_breath_phase,safenest-node-01
138.0980,-0.450000,S001,S001_BREATH_PACED_20_05,1,BREATH_PACED_20,23.00,0.9184,,MR60BHA2_breath_phase,safenest-node-01
138.1980,-0.610000,S001,S001_BREATH_PACED_20_05,1,BREATH_PACED_20,23.00,0.9184,,MR60BHA2_breath_phase,safenest-node-01
138.2980,-0.670000,S001,S001_BREATH_PACED_20_05,1,BREATH_PACED_20,23.00,0.9184,,MR60BHA2_breath_phase,safenest-node-01
138.3980,-0.770000,S001,S001_BREATH_PACED_20_05,1,BREATH_PACED_20,23.00,0.9184,,MR60BHA2_breath_phase,safenest-node-01
138.4980,-0.810000,S001,S001_BREATH_PACED_20_05,1,BREATH_PACED_20,23.00,0.9184,,MR60BHA2_breath_phase,safenest-node-01
138.6000,-0.800000,S001,S001_BREATH_PACED_20_05,1,BREATH_PACED_20,23.00,0.9184,,MR60BHA2_breath_phase,safenest-node-01
138.7000,-0.770000,S001,S001_BREATH_PACED_20_05,1,BREATH_PACED_20,23.00,0.9184,,MR60BHA2_breath_phase,safenest-node-01
138.8000,-0.690000,S001,S001_BREATH_PACED_20_05,1,BREATH_PACED_20,23.00,0.9184,,MR60BHA2_breath_phase,safenest-node-01
138.9000,-0.640000,S001,S001_BREATH_PACED_20_05,1,BREATH_PACED_20,23.00,0.9184,,MR60BHA2_breath_phase,safenest-node-01
139.0000,-0.500000,S001,S001_BREATH_PACED_20_05,1,BREATH_PACED_20,23.00,0.9184,,MR60BHA2_breath_phase,safenest-node-01
139.1000,-0.340000,S001,S001_BREATH_PACED_20_05,1,BREATH_PACED_20,23.00,0.9184,,MR60BHA2_breath_phase,safenest-node-01
139.2000,-0.250000,S001,S001_BREATH_PACED_20_05,1,BREATH_PACED_20,23.00,0.9184,,MR60BHA2_breath_phase,safenest-node-01
139.3000,-0.070000,S001,S001_BREATH_PACED_20_05,1,BREATH_PACED_20,23.00,0.9184,,MR60BHA2_breath_phase,safenest-node-01
139.4000,0.100000,S001,S001_BREATH_PACED_20_05,1,BREATH_PACED_20,23.00,0.9184,,MR60BHA2_breath_phase,safenest-node-01
139.5000,0.190000,S001,S001_BREATH_PACED_20_05,1,BREATH_PACED_20,23.00,0.9184,,MR60BHA2_breath_phase,safenest-node-01
139.6000,0.350000,S001,S001_BREATH_PACED_20_05,1,BREATH_PACED_20,23.00,0.9184,,MR60BHA2_breath_phase,safenest-node-01
139.7000,0.490000,S001,S001_BREATH_PACED_20_05,1,BREATH_PACED_20,23.00,0.9184,,MR60BHA2_breath_phase,safenest-node-01
139.8000,0.550000,S001,S001_BREATH_PACED_20_05,1,BREATH_PACED_20,23.00,0.9184,,MR60BHA2_breath_phase,safenest-node-01
139.9000,0.660000,S001,S001_BREATH_PACED_20_05,1,BREATH_PACED_20,23.00,0.9184,,MR60BHA2_breath_phase,safenest-node-01
140.0010,0.750000,S001,S001_BREATH_PACED_20_05,1,BREATH_PACED_20,23.00,0.9184,,MR60BHA2_breath_phase,safenest-node-01
140.1010,0.790000,S001,S001_BREATH_PACED_20_05,1,BREATH_PACED_20,23.00,0.9184,,MR60BHA2_breath_phase,safenest-node-01
140.2010,0.850000,S001,S001_BREATH_PACED_20_05,1,BREATH_PACED_20,23.00,0.9184,,MR60BHA2_breath_phase,safenest-node-01
140.3010,0.880000,S001,S001_BREATH_PACED_20_05,1,BREATH_PACED_20,23.00,0.9184,,MR60BHA2_breath_phase,safenest-node-01
140.4020,0.880000,S001,S001_BREATH_PACED_20_05,1,BREATH_PACED_20,23.00,0.9184,,MR60BHA2_breath_phase,safenest-node-01
140.5020,0.860000,S001,S001_BREATH_PACED_20_05,1,BREATH_PACED_20,23.00,0.9184,,MR60BHA2_breath_phase,safenest-node-01
140.6020,0.840000,S001,S001_BREATH_PACED_20_05,1,BREATH_PACED_20,23.00,0.9184,,MR60BHA2_breath_phase,safenest-node-01
140.7020,0.780000,S001,S001_BREATH_PACED_20_05,1,BREATH_PACED_20,23.00,0.9184,,MR60BHA2_breath_phase,safenest-node-01
140.8020,0.680000,S001,S001_BREATH_PACED_20_05,1,BREATH_PACED_20,23.00,0.9184,,MR60BHA2_breath_phase,safenest-node-01
140.9020,0.550000,S001,S001_BREATH_PACED_20_05,1,BREATH_PACED_20,23.00,0.9184,,MR60BHA2_breath_phase,safenest-node-01
141.0030,0.470000,S001,S001_BREATH_PACED_20_05,1,BREATH_PACED_20,23.00,0.9184,,MR60BHA2_breath_phase,safenest-node-01
141.1030,0.290000,S001,S001_BREATH_PACED_20_05,1,BREATH_PACED_20,23.00,0.9184,,MR60BHA2_breath_phase,safenest-node-01
141.2030,0.200000,S001,S001_BREATH_PACED_20_05,1,BREATH_PACED_20,23.00,0.9184,,MR60BHA2_breath_phase,safenest-node-01
141.3030,-0.000000,S001,S001_BREATH_PACED_20_05,1,BREATH_PACED_20,23.00,0.9184,,MR60BHA2_breath_phase,safenest-node-01
141.4030,-0.200000,S001,S001_BREATH_PACED_20_05,1,BREATH_PACED_20,23.00,0.9184,,MR60BHA2_breath_phase,safenest-node-01
141.5030,-0.390000,S001,S001_BREATH_PACED_20_05,1,BREATH_PACED_20,23.00,0.9184,,MR60BHA2_breath_phase,safenest-node-01
141.6030,-0.470000,S001,S001_BREATH_PACED_20_05,1,BREATH_PACED_20,23.00,0.9184,,MR60BHA2_breath_phase,safenest-node-01
141.7030,-0.600000,S001,S001_BREATH_PACED_20_05,1,BREATH_PACED_20,23.00,0.9184,,MR60BHA2_breath_phase,safenest-node-01
141.8030,-0.660000,S001,S001_BREATH_PACED_20_05,1,BREATH_PACED_20,23.00,0.9184,,MR60BHA2_breath_phase,safenest-node-01
141.9030,-0.720000,S001,S001_BREATH_PACED_20_05,1,BREATH_PACED_20,23.00,0.9184,,MR60BHA2_breath_phase,safenest-node-01
142.0030,-0.730000,S001,S001_BREATH_PACED_20_05,1,BREATH_PACED_20,23.00,0.9184,,MR60BHA2_breath_phase,safenest-node-01
142.1030,-0.690000,S001,S001_BREATH_PACED_20_05,1,BREATH_PACED_20,23.00,0.9184,,MR60BHA2_breath_phase,safenest-node-01
142.2030,-0.640000,S001,S001_BREATH_PACED_20_05,1,BREATH_PACED_20,23.00,0.9184,,MR60BHA2_breath_phase,safenest-node-01
142.3030,-0.530000,S001,S001_BREATH_PACED_20_05,1,BREATH_PACED_20,23.00,0.9184,,MR60BHA2_breath_phase,safenest-node-01
142.4030,-0.450000,S001,S001_BREATH_PACED_20_05,1,BREATH_PACED_20,23.00,0.9184,,MR60BHA2_breath_phase,safenest-node-01
142.5030,-0.290000,S001,S001_BREATH_PACED_20_05,1,BREATH_PACED_20,23.00,0.9184,,MR60BHA2_breath_phase,safenest-node-01
142.6030,-0.110000,S001,S001_BREATH_PACED_20_05,1,BREATH_PACED_20,23.00,0.9184,,MR60BHA2_breath_phase,safenest-node-01
142.7040,0.070000,S001,S001_BREATH_PACED_20_05,1,BREATH_PACED_20,23.00,0.9184,,MR60BHA2_breath_phase,safenest-node-01
142.8040,0.150000,S001,S001_BREATH_PACED_20_05,1,BREATH_PACED_20,23.00,0.9184,,MR60BHA2_breath_phase,safenest-node-01
142.9040,0.300000,S001,S001_BREATH_PACED_20_05,1,BREATH_PACED_20,23.00,0.9184,,MR60BHA2_breath_phase,safenest-node-01
143.0040,0.370000,S001,S001_BREATH_PACED_20_05,1,BREATH_PACED_20,23.00,0.9184,,MR60BHA2_breath_phase,safenest-node-01
143.1040,0.470000,S001,S001_BREATH_PACED_20_05,1,BREATH_PACED_20,23.00,0.9184,,MR60BHA2_breath_phase,safenest-node-01
143.2040,0.540000,S001,S001_BREATH_PACED_20_05,1,BREATH_PACED_20,23.00,0.9184,,MR60BHA2_breath_phase,safenest-node-01
143.3040,0.550000,S001,S001_BREATH_PACED_20_05,1,BREATH_PACED_20,23.00,0.9184,,MR60BHA2_breath_phase,safenest-node-01
143.4040,0.530000,S001,S001_BREATH_PACED_20_05,1,BREATH_PACED_20,23.00,0.9184,,MR60BHA2_breath_phase,safenest-node-01
143.5040,0.460000,S001,S001_BREATH_PACED_20_05,1,BREATH_PACED_20,23.00,0.9184,,MR60BHA2_breath_phase,safenest-node-01
143.6040,0.410000,S001,S001_BREATH_PACED_20_05,1,BREATH_PACED_20,23.00,0.9184,,MR60BHA2_breath_phase,safenest-node-01
143.7040,0.260000,S001,S001_BREATH_PACED_20_05,1,BREATH_PACED_20,23.00,0.9184,,MR60BHA2_breath_phase,safenest-node-01
143.8040,0.080000,S001,S001_BREATH_PACED_20_05,1,BREATH_PACED_20,23.00,0.9184,,MR60BHA2_breath_phase,safenest-node-01
143.9050,-0.020000,S001,S001_BREATH_PACED_20_05,1,BREATH_PACED_20,23.00,0.9184,,MR60BHA2_breath_phase,safenest-node-01
144.0050,-0.220000,S001,S001_BREATH_PACED_20_05,1,BREATH_PACED_20,23.00,0.9184,,MR60BHA2_breath_phase,safenest-node-01
144.1050,-0.330000,S001,S001_BREATH_PACED_20_05,1,BREATH_PACED_20,23.00,0.9184,,MR60BHA2_breath_phase,safenest-node-01
144.2050,-0.520000,S001,S001_BREATH_PACED_20_05,1,BREATH_PACED_20,23.00,0.9184,,MR60BHA2_breath_phase,safenest-node-01
144.3050,-0.680000,S001,S001_BREATH_PACED_20_05,1,BREATH_PACED_20,23.00,0.9184,,MR60BHA2_breath_phase,safenest-node-01
144.4050,-0.810000,S001,S001_BREATH_PACED_20_05,1,BREATH_PACED_20,23.00,0.9184,,MR60BHA2_breath_phase,safenest-node-01
144.5060,-0.850000,S001,S001_BREATH_PACED_20_05,1,BREATH_PACED_20,23.00,0.9184,,MR60BHA2_breath_phase,safenest-node-01
144.6060,-0.910000,S001,S001_BREATH_PACED_20_05,1,BREATH_PACED_20,23.00,0.9184,,MR60BHA2_breath_phase,safenest-node-01
144.7060,-0.910000,S001,S001_BREATH_PACED_20_05,1,BREATH_PACED_20,23.00,0.9184,,MR60BHA2_breath_phase,safenest-node-01
144.8060,-0.880000,S001,S001_BREATH_PACED_20_05,1,BREATH_PACED_20,23.00,0.9184,,MR60BHA2_breath_phase,safenest-node-01
144.9060,-0.790000,S001,S001_BREATH_PACED_20_05,1,BREATH_PACED_20,23.00,0.9184,,MR60BHA2_breath_phase,safenest-node-01
145.0060,-0.660000,S001,S001_BREATH_PACED_20_05,1,BREATH_PACED_20,23.00,0.9184,,MR60BHA2_breath_phase,safenest-node-01
145.1060,-0.580000,S001,S001_BREATH_PACED_20_05,1,BREATH_PACED_20,23.00,0.9184,,MR60BHA2_breath_phase,safenest-node-01
145.2060,-0.400000,S001,S001_BREATH_PACED_20_05,1,BREATH_PACED_20,23.00,0.9184,,MR60BHA2_breath_phase,safenest-node-01
145.3060,-0.300000,S001,S001_BREATH_PACED_20_05,1,BREATH_PACED_20,23.00,0.9184,,MR60BHA2_breath_phase,safenest-node-01
145.4060,-0.090000,S001,S001_BREATH_PACED_20_05,1,BREATH_PACED_20,23.00,0.9184,,MR60BHA2_breath_phase,safenest-node-01
145.5060,0.120000,S001,S001_BREATH_PACED_20_05,1,BREATH_PACED_20,23.00,0.9184,,MR60BHA2_breath_phase,safenest-node-01
145.6060,0.330000,S001,S001_BREATH_PACED_20_05,1,BREATH_PACED_20,23.00,0.9184,,MR60BHA2_breath_phase,safenest-node-01
145.7060,0.430000,S001,S001_BREATH_PACED_20_05,1,BREATH_PACED_20,23.00,0.9184,,MR60BHA2_breath_phase,safenest-node-01
145.8060,0.600000,S001,S001_BREATH_PACED_20_05,1,BREATH_PACED_20,23.00,0.9184,,MR60BHA2_breath_phase,safenest-node-01
145.9060,0.680000,S001,S001_BREATH_PACED_20_05,1,BREATH_PACED_20,23.00,0.9184,,MR60BHA2_breath_phase,safenest-node-01
146.0060,0.800000,S001,S001_BREATH_PACED_20_05,1,BREATH_PACED_20,23.00,0.9184,,MR60BHA2_breath_phase,safenest-node-01
146.1060,0.890000,S001,S001_BREATH_PACED_20_05,1,BREATH_PACED_20,23.00,0.9184,,MR60BHA2_breath_phase,safenest-node-01
146.2060,0.920000,S001,S001_BREATH_PACED_20_05,1,BREATH_PACED_20,23.00,0.9184,,MR60BHA2_breath_phase,safenest-node-01
146.3060,0.910000,S001,S001_BREATH_PACED_20_05,1,BREATH_PACED_20,23.00,0.9184,,MR60BHA2_breath_phase,safenest-node-01
146.4060,0.860000,S001,S001_BREATH_PACED_20_05,1,BREATH_PACED_20,23.00,0.9184,,MR60BHA2_breath_phase,safenest-node-01
146.5060,0.810000,S001,S001_BREATH_PACED_20_05,1,BREATH_PACED_20,23.00,0.9184,,MR60BHA2_breath_phase,safenest-node-01
146.6060,0.680000,S001,S001_BREATH_PACED_20_05,1,BREATH_PACED_20,23.00,0.9184,,MR60BHA2_breath_phase,safenest-node-01
146.7060,0.510000,S001,S001_BREATH_PACED_20_05,1,BREATH_PACED_20,23.00,0.9184,,MR60BHA2_breath_phase,safenest-node-01
146.8080,0.310000,S001,S001_BREATH_PACED_20_05,1,BREATH_PACED_20,23.00,0.9184,,MR60BHA2_breath_phase,safenest-node-01
146.9080,0.200000,S001,S001_BREATH_PACED_20_05,1,BREATH_PACED_20,23.00,0.9184,,MR60BHA2_breath_phase,safenest-node-01
147.0080,-0.020000,S001,S001_BREATH_PACED_20_05,1,BREATH_PACED_20,23.00,0.9184,,MR60BHA2_breath_phase,safenest-node-01
147.1080,-0.120000,S001,S001_BREATH_PACED_20_05,1,BREATH_PACED_20,23.00,0.9184,,MR60BHA2_breath_phase,safenest-node-01
147.2080,-0.320000,S001,S001_BREATH_PACED_20_05,1,BREATH_PACED_20,23.00,0.9184,,MR60BHA2_breath_phase,safenest-node-01
147.3080,-0.480000,S001,S001_BREATH_PACED_20_05,1,BREATH_PACED_20,23.00,0.9184,,MR60BHA2_breath_phase,safenest-node-01
147.4080,-0.550000,S001,S001_BREATH_PACED_20_05,1,BREATH_PACED_20,23.00,0.9184,,MR60BHA2_breath_phase,safenest-node-01
147.5080,-0.650000,S001,S001_BREATH_PACED_20_05,1,BREATH_PACED_20,23.00,0.9184,,MR60BHA2_breath_phase,safenest-node-01
147.6080,-0.690000,S001,S001_BREATH_PACED_20_05,1,BREATH_PACED_20,23.00,0.9184,,MR60BHA2_breath_phase,safenest-node-01
147.7080,-0.690000,S001,S001_BREATH_PACED_20_05,1,BREATH_PACED_20,23.00,0.9184,,MR60BHA2_breath_phase,safenest-node-01
147.8080,-0.670000,S001,S001_BREATH_PACED_20_05,1,BREATH_PACED_20,23.00,0.9184,,MR60BHA2_breath_phase,safenest-node-01
147.9080,-0.600000,S001,S001_BREATH_PACED_20_05,1,BREATH_PACED_20,23.00,0.9184,,MR60BHA2_breath_phase,safenest-node-01
148.0090,-0.550000,S001,S001_BREATH_PACED_20_05,1,BREATH_PACED_20,23.00,0.9184,,MR60BHA2_breath_phase,safenest-node-01
148.1090,-0.430000,S001,S001_BREATH_PACED_20_05,1,BREATH_PACED_20,23.00,0.9184,,MR60BHA2_breath_phase,safenest-node-01
148.2100,-0.290000,S001,S001_BREATH_PACED_20_05,1,BREATH_PACED_20,23.00,0.9184,,MR60BHA2_breath_phase,safenest-node-01
148.3100,-0.220000,S001,S001_BREATH_PACED_20_05,1,BREATH_PACED_20,23.00,0.9184,,MR60BHA2_breath_phase,safenest-node-01
148.4100,-0.060000,S001,S001_BREATH_PACED_20_05,1,BREATH_PACED_20,23.00,0.9184,,MR60BHA2_breath_phase,safenest-node-01
148.5100,0.090000,S001,S001_BREATH_PACED_20_05,1,BREATH_PACED_20,23.00,0.9184,,MR60BHA2_breath_phase,safenest-node-01
148.6100,0.170000,S001,S001_BREATH_PACED_20_05,1,BREATH_PACED_20,23.00,0.9184,,MR60BHA2_breath_phase,safenest-node-01
148.7100,0.320000,S001,S001_BREATH_PACED_20_05,1,BREATH_PACED_20,23.00,0.9184,,MR60BHA2_breath_phase,safenest-node-01
148.8100,0.450000,S001,S001_BREATH_PACED_20_05,1,BREATH_PACED_20,23.00,0.9184,,MR60BHA2_breath_phase,safenest-node-01
148.9100,0.520000,S001,S001_BREATH_PACED_20_05,1,BREATH_PACED_20,23.00,0.9184,,MR60BHA2_breath_phase,safenest-node-01
149.0100,0.630000,S001,S001_BREATH_PACED_20_05,1,BREATH_PACED_20,23.00,0.9184,,MR60BHA2_breath_phase,safenest-node-01
149.1100,0.720000,S001,S001_BREATH_PACED_20_05,1,BREATH_PACED_20,23.00,0.9184,,MR60BHA2_breath_phase,safenest-node-01
149.2100,0.750000,S001,S001_BREATH_PACED_20_05,1,BREATH_PACED_20,23.00,0.9184,,MR60BHA2_breath_phase,safenest-node-01
149.3100,0.790000,S001,S001_BREATH_PACED_20_05,1,BREATH_PACED_20,23.00,0.9184,,MR60BHA2_breath_phase,safenest-node-01
149.4100,0.790000,S001,S001_BREATH_PACED_20_05,1,BREATH_PACED_20,23.00,0.9184,,MR60BHA2_breath_phase,safenest-node-01
149.5100,0.760000,S001,S001_BREATH_PACED_20_05,1,BREATH_PACED_20,23.00,0.9184,,MR60BHA2_breath_phase,safenest-node-01
149.6100,0.690000,S001,S001_BREATH_PACED_20_05,1,BREATH_PACED_20,23.00,0.9184,,MR60BHA2_breath_phase,safenest-node-01
149.7100,0.580000,S001,S001_BREATH_PACED_20_05,1,BREATH_PACED_20,23.00,0.9184,,MR60BHA2_breath_phase,safenest-node-01
149.8100,0.520000,S001,S001_BREATH_PACED_20_05,1,BREATH_PACED_20,23.00,0.9184,,MR60BHA2_breath_phase,safenest-node-01
149.9100,0.380000,S001,S001_BREATH_PACED_20_05,1,BREATH_PACED_20,23.00,0.9184,,MR60BHA2_breath_phase,safenest-node-01
150.0100,0.300000,S001,S001_BREATH_PACED_20_05,1,BREATH_PACED_20,23.00,0.9184,,MR60BHA2_breath_phase,safenest-node-01
150.1100,0.150000,S001,S001_BREATH_PACED_20_05,1,BREATH_PACED_20,23.00,0.9184,,MR60BHA2_breath_phase,safenest-node-01
150.2100,-0.000000,S001,S001_BREATH_PACED_20_05,1,BREATH_PACED_20,23.00,0.9184,,MR60BHA2_breath_phase,safenest-node-01
150.3100,-0.140000,S001,S001_BREATH_PACED_20_05,1,BREATH_PACED_20,23.00,0.9184,,MR60BHA2_breath_phase,safenest-node-01
150.4100,-0.200000,S001,S001_BREATH_PACED_20_05,1,BREATH_PACED_20,23.00,0.9184,,MR60BHA2_breath_phase,safenest-node-01
150.5100,-0.310000,S001,S001_BREATH_PACED_20_05,1,BREATH_PACED_20,23.00,0.9184,,MR60BHA2_breath_phase,safenest-node-01
150.6100,-0.360000,S001,S001_BREATH_PACED_20_05,1,BREATH_PACED_20,23.00,0.9184,,MR60BHA2_breath_phase,safenest-node-01
150.7100,-0.430000,S001,S001_BREATH_PACED_20_05,1,BREATH_PACED_20,23.00,0.9184,,MR60BHA2_breath_phase,safenest-node-01
150.8100,-0.480000,S001,S001_BREATH_PACED_20_05,1,BREATH_PACED_20,23.00,0.9184,,MR60BHA2_breath_phase,safenest-node-01
150.9100,-0.500000,S001,S001_BREATH_PACED_20_05,1,BREATH_PACED_20,23.00,0.9184,,MR60BHA2_breath_phase,safenest-node-01
151.0100,-0.510000,S001,S001_BREATH_PACED_20_05,1,BREATH_PACED_20,23.00,0.9184,,MR60BHA2_breath_phase,safenest-node-01
151.1100,-0.490000,S001,S001_BREATH_PACED_20_05,1,BREATH_PACED_20,23.00,0.9184,,MR60BHA2_breath_phase,safenest-node-01
151.2100,-0.480000,S001,S001_BREATH_PACED_20_05,1,BREATH_PACED_20,23.00,0.9184,,MR60BHA2_breath_phase,safenest-node-01
151.3100,-0.430000,S001,S001_BREATH_PACED_20_05,1,BREATH_PACED_20,23.00,0.9184,,MR60BHA2_breath_phase,safenest-node-01
151.4100,-0.350000,S001,S001_BREATH_PACED_20_05,1,BREATH_PACED_20,23.00,0.9184,,MR60BHA2_breath_phase,safenest-node-01
151.5100,-0.300000,S001,S001_BREATH_PACED_20_05,1,BREATH_PACED_20,23.00,0.9184,,MR60BHA2_breath_phase,safenest-node-01
151.6100,-0.200000,S001,S001_BREATH_PACED_20_05,1,BREATH_PACED_20,23.00,0.9184,,MR60BHA2_breath_phase,safenest-node-01
151.7100,-0.090000,S001,S001_BREATH_PACED_20_05,1,BREATH_PACED_20,23.00,0.9184,,MR60BHA2_breath_phase,safenest-node-01
151.8100,-0.030000,S001,S001_BREATH_PACED_20_05,1,BREATH_PACED_20,23.00,0.9184,,MR60BHA2_breath_phase,safenest-node-01
151.9100,0.080000,S001,S001_BREATH_PACED_20_05,1,BREATH_PACED_20,23.00,0.9184,,MR60BHA2_breath_phase,safenest-node-01
152.0100,0.180000,S001,S001_BREATH_PACED_20_05,1,BREATH_PACED_20,23.00,0.9184,,MR60BHA2_breath_phase,safenest-node-01
152.1100,0.220000,S001,S001_BREATH_PACED_20_05,1,BREATH_PACED_20,23.00,0.9184,,MR60BHA2_breath_phase,safenest-node-01
152.2100,0.290000,S001,S001_BREATH_PACED_20_05,1,BREATH_PACED_20,23.00,0.9184,,MR60BHA2_breath_phase,safenest-node-01
152.3110,0.320000,S001,S001_BREATH_PACED_20_05,1,BREATH_PACED_20,23.00,0.9184,,MR60BHA2_breath_phase,safenest-node-01
152.4110,0.330000,S001,S001_BREATH_PACED_20_05,1,BREATH_PACED_20,23.00,0.9184,,MR60BHA2_breath_phase,safenest-node-01
152.5110,0.300000,S001,S001_BREATH_PACED_20_05,1,BREATH_PACED_20,23.00,0.9184,,MR60BHA2_breath_phase,safenest-node-01
152.6110,0.230000,S001,S001_BREATH_PACED_20_05,1,BREATH_PACED_20,23.00,0.9184,,MR60BHA2_breath_phase,safenest-node-01
152.7120,0.180000,S001,S001_BREATH_PACED_20_05,1,BREATH_PACED_20,23.00,0.9184,,MR60BHA2_breath_phase,safenest-node-01
152.8120,0.070000,S001,S001_BREATH_PACED_20_05,1,BREATH_PACED_20,23.00,0.9184,,MR60BHA2_breath_phase,safenest-node-01
152.9120,-0.060000,S001,S001_BREATH_PACED_20_05,1,BREATH_PACED_20,23.00,0.9184,,MR60BHA2_breath_phase,safenest-node-01
153.0120,-0.130000,S001,S001_BREATH_PACED_20_05,1,BREATH_PACED_20,23.00,0.9184,,MR60BHA2_breath_phase,safenest-node-01
153.1120,-0.260000,S001,S001_BREATH_PACED_20_05,1,BREATH_PACED_20,23.00,0.9184,,MR60BHA2_breath_phase,safenest-node-01
153.2120,-0.380000,S001,S001_BREATH_PACED_20_05,1,BREATH_PACED_20,23.00,0.9184,,MR60BHA2_breath_phase,safenest-node-01
153.3120,-0.430000,S001,S001_BREATH_PACED_20_05,1,BREATH_PACED_20,23.00,0.9184,,MR60BHA2_breath_phase,safenest-node-01
153.4120,-0.510000,S001,S001_BREATH_PACED_20_05,1,BREATH_PACED_20,23.00,0.9184,,MR60BHA2_breath_phase,safenest-node-01
153.5120,-0.570000,S001,S001_BREATH_PACED_20_05,1,BREATH_PACED_20,23.00,0.9184,,MR60BHA2_breath_phase,safenest-node-01
153.6120,-0.590000,S001,S001_BREATH_PACED_20_05,1,BREATH_PACED_20,23.00,0.9184,,MR60BHA2_breath_phase,safenest-node-01
153.7120,-0.600000,S001,S001_BREATH_PACED_20_05,1,BREATH_PACED_20,23.00,0.9184,,MR60BHA2_breath_phase,safenest-node-01
153.8120,-0.580000,S001,S001_BREATH_PACED_20_05,1,BREATH_PACED_20,23.00,0.9184,,MR60BHA2_breath_phase,safenest-node-01
153.9120,-0.560000,S001,S001_BREATH_PACED_20_05,1,BREATH_PACED_20,23.00,0.9184,,MR60BHA2_breath_phase,safenest-node-01
154.0120,-0.500000,S001,S001_BREATH_PACED_20_05,1,BREATH_PACED_20,23.00,0.9184,,MR60BHA2_breath_phase,safenest-node-01
154.1120,-0.460000,S001,S001_BREATH_PACED_20_05,1,BREATH_PACED_20,23.00,0.9184,,MR60BHA2_breath_phase,safenest-node-01
154.2120,-0.370000,S001,S001_BREATH_PACED_20_05,1,BREATH_PACED_20,23.00,0.9184,,MR60BHA2_breath_phase,safenest-node-01
154.3120,-0.250000,S001,S001_BREATH_PACED_20_05,1,BREATH_PACED_20,23.00,0.9184,,MR60BHA2_breath_phase,safenest-node-01
154.4120,-0.130000,S001,S001_BREATH_PACED_20_05,1,BREATH_PACED_20,23.00,0.9184,,MR60BHA2_breath_phase,safenest-node-01
154.5120,-0.060000,S001,S001_BREATH_PACED_20_05,1,BREATH_PACED_20,23.00,0.9184,,MR60BHA2_breath_phase,safenest-node-01
154.6120,0.080000,S001,S001_BREATH_PACED_20_05,1,BREATH_PACED_20,23.00,0.9184,,MR60BHA2_breath_phase,safenest-node-01
154.7120,0.140000,S001,S001_BREATH_PACED_20_05,1,BREATH_PACED_20,23.00,0.9184,,MR60BHA2_breath_phase,safenest-node-01
154.8120,0.270000,S001,S001_BREATH_PACED_20_05,1,BREATH_PACED_20,23.00,0.9184,,MR60BHA2_breath_phase,safenest-node-01
154.9120,0.380000,S001,S001_BREATH_PACED_20_05,1,BREATH_PACED_20,23.00,0.9184,,MR60BHA2_breath_phase,safenest-node-01
155.0120,0.430000,S001,S001_BREATH_PACED_20_05,1,BREATH_PACED_20,23.00,0.9184,,MR60BHA2_breath_phase,safenest-node-01
155.1120,0.510000,S001,S001_BREATH_PACED_20_05,1,BREATH_PACED_20,23.00,0.9184,,MR60BHA2_breath_phase,safenest-node-01
155.2120,0.550000,S001,S001_BREATH_PACED_20_05,1,BREATH_PACED_20,23.00,0.9184,,MR60BHA2_breath_phase,safenest-node-01
155.3120,0.560000,S001,S001_BREATH_PACED_20_05,1,BREATH_PACED_20,23.00,0.9184,,MR60BHA2_breath_phase,safenest-node-01
155.4120,0.550000,S001,S001_BREATH_PACED_20_05,1,BREATH_PACED_20,23.00,0.9184,,MR60BHA2_breath_phase,safenest-node-01
155.5120,0.490000,S001,S001_BREATH_PACED_20_05,1,BREATH_PACED_20,23.00,0.9184,,MR60BHA2_breath_phase,safenest-node-01
155.6120,0.450000,S001,S001_BREATH_PACED_20_05,1,BREATH_PACED_20,23.00,0.9184,,MR60BHA2_breath_phase,safenest-node-01
155.7120,0.330000,S001,S001_BREATH_PACED_20_05,1,BREATH_PACED_20,23.00,0.9184,,MR60BHA2_breath_phase,safenest-node-01
155.8120,0.200000,S001,S001_BREATH_PACED_20_05,1,BREATH_PACED_20,23.00,0.9184,,MR60BHA2_breath_phase,safenest-node-01
155.9120,0.120000,S001,S001_BREATH_PACED_20_05,1,BREATH_PACED_20,23.00,0.9184,,MR60BHA2_breath_phase,safenest-node-01
156.0120,-0.040000,S001,S001_BREATH_PACED_20_05,1,BREATH_PACED_20,23.00,0.9184,,MR60BHA2_breath_phase,safenest-node-01
156.1120,-0.190000,S001,S001_BREATH_PACED_20_05,1,BREATH_PACED_20,23.00,0.9184,,MR60BHA2_breath_phase,safenest-node-01
156.2120,-0.260000,S001,S001_BREATH_PACED_20_05,1,BREATH_PACED_20,23.00,0.9184,,MR60BHA2_breath_phase,safenest-node-01
156.3120,-0.390000,S001,S001_BREATH_PACED_20_05,1,BREATH_PACED_20,23.00,0.9184,,MR60BHA2_breath_phase,safenest-node-01
156.4120,-0.440000,S001,S001_BREATH_PACED_20_05,1,BREATH_PACED_20,23.00,0.9184,,MR60BHA2_breath_phase,safenest-node-01
156.5120,-0.520000,S001,S001_BREATH_PACED_20_05,1,BREATH_PACED_20,23.00,0.9184,,MR60BHA2_breath_phase,safenest-node-01
156.6120,-0.570000,S001,S001_BREATH_PACED_20_05,1,BREATH_PACED_20,23.00,0.9184,,MR60BHA2_breath_phase,safenest-node-01
156.7120,-0.570000,S001,S001_BREATH_PACED_20_05,1,BREATH_PACED_20,23.00,0.9184,,MR60BHA2_breath_phase,safenest-node-01
156.8120,-0.550000,S001,S001_BREATH_PACED_20_05,1,BREATH_PACED_20,23.00,0.9184,,MR60BHA2_breath_phase,safenest-node-01
156.9120,-0.500000,S001,S001_BREATH_PACED_20_05,1,BREATH_PACED_20,23.00,0.9184,,MR60BHA2_breath_phase,safenest-node-01
157.0120,-0.450000,S001,S001_BREATH_PACED_20_05,1,BREATH_PACED_20,23.00,0.9184,,MR60BHA2_breath_phase,safenest-node-01
157.1120,-0.340000,S001,S001_BREATH_PACED_20_05,1,BREATH_PACED_20,23.00,0.9184,,MR60BHA2_breath_phase,safenest-node-01
157.2120,-0.200000,S001,S001_BREATH_PACED_20_05,1,BREATH_PACED_20,23.00,0.9184,,MR60BHA2_breath_phase,safenest-node-01
157.3120,-0.040000,S001,S001_BREATH_PACED_20_05,1,BREATH_PACED_20,23.00,0.9184,,MR60BHA2_breath_phase,safenest-node-01
157.4120,0.050000,S001,S001_BREATH_PACED_20_05,1,BREATH_PACED_20,23.00,0.9184,,MR60BHA2_breath_phase,safenest-node-01
157.5120,0.230000,S001,S001_BREATH_PACED_20_05,1,BREATH_PACED_20,23.00,0.9184,,MR60BHA2_breath_phase,safenest-node-01
157.6120,0.310000,S001,S001_BREATH_PACED_20_05,1,BREATH_PACED_20,23.00,0.9184,,MR60BHA2_breath_phase,safenest-node-01
157.7120,0.480000,S001,S001_BREATH_PACED_20_05,1,BREATH_PACED_20,23.00,0.9184,,MR60BHA2_breath_phase,safenest-node-01
157.8120,0.630000,S001,S001_BREATH_PACED_20_05,1,BREATH_PACED_20,23.00,0.9184,,MR60BHA2_breath_phase,safenest-node-01
157.9120,0.740000,S001,S001_BREATH_PACED_20_05,1,BREATH_PACED_20,23.00,0.9184,,MR60BHA2_breath_phase,safenest-node-01
158.0120,0.780000,S001,S001_BREATH_PACED_20_05,1,BREATH_PACED_20,23.00,0.9184,,MR60BHA2_breath_phase,safenest-node-01
158.1120,0.830000,S001,S001_BREATH_PACED_20_05,1,BREATH_PACED_20,23.00,0.9184,,MR60BHA2_breath_phase,safenest-node-01
158.2120,0.830000,S001,S001_BREATH_PACED_20_05,1,BREATH_PACED_20,23.00,0.9184,,MR60BHA2_breath_phase,safenest-node-01
158.3120,0.800000,S001,S001_BREATH_PACED_20_05,1,BREATH_PACED_20,23.00,0.9184,,MR60BHA2_breath_phase,safenest-node-01
158.4120,0.720000,S001,S001_BREATH_PACED_20_05,1,BREATH_PACED_20,23.00,0.9184,,MR60BHA2_breath_phase,safenest-node-01
158.5120,0.660000,S001,S001_BREATH_PACED_20_05,1,BREATH_PACED_20,23.00,0.9184,,MR60BHA2_breath_phase,safenest-node-01
158.6120,0.500000,S001,S001_BREATH_PACED_20_05,1,BREATH_PACED_20,23.00,0.9184,,MR60BHA2_breath_phase,safenest-node-01
158.7120,0.320000,S001,S001_BREATH_PACED_20_05,1,BREATH_PACED_20,23.00,0.9184,,MR60BHA2_breath_phase,safenest-node-01
158.8120,0.220000,S001,S001_BREATH_PACED_20_05,1,BREATH_PACED_20,23.00,0.9184,,MR60BHA2_breath_phase,safenest-node-01
158.9120,0.020000,S001,S001_BREATH_PACED_20_05,1,BREATH_PACED_20,23.00,0.9184,,MR60BHA2_breath_phase,safenest-node-01
159.0120,-0.170000,S001,S001_BREATH_PACED_20_05,1,BREATH_PACED_20,23.00,0.9184,,MR60BHA2_breath_phase,safenest-node-01
159.1120,-0.260000,S001,S001_BREATH_PACED_20_05,1,BREATH_PACED_20,23.00,0.9184,,MR60BHA2_breath_phase,safenest-node-01
159.2120,-0.420000,S001,S001_BREATH_PACED_20_05,1,BREATH_PACED_20,23.00,0.9184,,MR60BHA2_breath_phase,safenest-node-01
159.3120,-0.540000,S001,S001_BREATH_PACED_20_05,1,BREATH_PACED_20,23.00,0.9184,,MR60BHA2_breath_phase,safenest-node-01
159.4120,-0.580000,S001,S001_BREATH_PACED_20_05,1,BREATH_PACED_20,23.00,0.9184,,MR60BHA2_breath_phase,safenest-node-01
159.5120,-0.630000,S001,S001_BREATH_PACED_20_05,1,BREATH_PACED_20,23.00,0.9184,,MR60BHA2_breath_phase,safenest-node-01
159.6120,-0.640000,S001,S001_BREATH_PACED_20_05,1,BREATH_PACED_20,23.00,0.9184,,MR60BHA2_breath_phase,safenest-node-01
159.7130,-0.620000,S001,S001_BREATH_PACED_20_05,1,BREATH_PACED_20,23.00,0.9184,,MR60BHA2_breath_phase,safenest-node-01
159.8130,-0.550000,S001,S001_BREATH_PACED_20_05,1,BREATH_PACED_20,23.00,0.9184,,MR60BHA2_breath_phase,safenest-node-01
159.9130,-0.510000,S001,S001_BREATH_PACED_20_05,1,BREATH_PACED_20,23.00,0.9184,,MR60BHA2_breath_phase,safenest-node-01
160.0130,-0.390000,S001,S001_BREATH_PACED_20_05,1,BREATH_PACED_20,23.00,0.9184,,MR60BHA2_breath_phase,safenest-node-01
160.1130,-0.250000,S001,S001_BREATH_PACED_20_05,1,BREATH_PACED_20,23.00,0.9184,,MR60BHA2_breath_phase,safenest-node-01
160.2130,-0.090000,S001,S001_BREATH_PACED_20_05,1,BREATH_PACED_20,23.00,0.9184,,MR60BHA2_breath_phase,safenest-node-01
160.3130,-0.010000,S001,S001_BREATH_PACED_20_05,1,BREATH_PACED_20,23.00,0.9184,,MR60BHA2_breath_phase,safenest-node-01
160.4130,0.150000,S001,S001_BREATH_PACED_20_05,1,BREATH_PACED_20,23.00,0.9184,,MR60BHA2_breath_phase,safenest-node-01
160.5130,0.230000,S001,S001_BREATH_PACED_20_05,1,BREATH_PACED_20,23.00,0.9184,,MR60BHA2_breath_phase,safenest-node-01
160.6130,0.380000,S001,S001_BREATH_PACED_20_05,1,BREATH_PACED_20,23.00,0.9184,,MR60BHA2_breath_phase,safenest-node-01
160.7130,0.510000,S001,S001_BREATH_PACED_20_05,1,BREATH_PACED_20,23.00,0.9184,,MR60BHA2_breath_phase,safenest-node-01
160.8130,0.600000,S001,S001_BREATH_PACED_20_05,1,BREATH_PACED_20,23.00,0.9184,,MR60BHA2_breath_phase,safenest-node-01
160.9130,0.630000,S001,S001_BREATH_PACED_20_05,1,BREATH_PACED_20,23.00,0.9184,,MR60BHA2_breath_phase,safenest-node-01
161.0130,0.660000,S001,S001_BREATH_PACED_20_05,1,BREATH_PACED_20,23.00,0.9184,,MR60BHA2_breath_phase,safenest-node-01
161.1130,0.660000,S001,S001_BREATH_PACED_20_05,1,BREATH_PACED_20,23.00,0.9184,,MR60BHA2_breath_phase,safenest-node-01
161.2130,0.620000,S001,S001_BREATH_PACED_20_05,1,BREATH_PACED_20,23.00,0.9184,,MR60BHA2_breath_phase,safenest-node-01
161.3130,0.540000,S001,S001_BREATH_PACED_20_05,1,BREATH_PACED_20,23.00,0.9184,,MR60BHA2_breath_phase,safenest-node-01
161.4130,0.420000,S001,S001_BREATH_PACED_20_05,1,BREATH_PACED_20,23.00,0.9184,,MR60BHA2_breath_phase,safenest-node-01
161.5130,0.340000,S001,S001_BREATH_PACED_20_05,1,BREATH_PACED_20,23.00,0.9184,,MR60BHA2_breath_phase,safenest-node-01
161.6130,0.180000,S001,S001_BREATH_PACED_20_05,1,BREATH_PACED_20,23.00,0.9184,,MR60BHA2_breath_phase,safenest-node-01
161.7130,0.100000,S001,S001_BREATH_PACED_20_05,1,BREATH_PACED_20,23.00,0.9184,,MR60BHA2_breath_phase,safenest-node-01
161.8130,-0.080000,S001,S001_BREATH_PACED_20_05,1,BREATH_PACED_20,23.00,0.9184,,MR60BHA2_breath_phase,safenest-node-01
161.9130,-0.250000,S001,S001_BREATH_PACED_20_05,1,BREATH_PACED_20,23.00,0.9184,,MR60BHA2_breath_phase,safenest-node-01
162.0150,-0.400000,S001,S001_BREATH_PACED_20_05,1,BREATH_PACED_20,23.00,0.9184,,MR60BHA2_breath_phase,safenest-node-01
162.1150,-0.460000,S001,S001_BREATH_PACED_20_05,1,BREATH_PACED_20,23.00,0.9184,,MR60BHA2_breath_phase,safenest-node-01
162.2150,-0.570000,S001,S001_BREATH_PACED_20_05,1,BREATH_PACED_20,23.00,0.9184,,MR60BHA2_breath_phase,safenest-node-01
162.3150,-0.600000,S001,S001_BREATH_PACED_20_05,1,BREATH_PACED_20,23.00,0.9184,,MR60BHA2_breath_phase,safenest-node-01
162.4150,-0.650000,S001,S001_BREATH_PACED_20_05,1,BREATH_PACED_20,23.00,0.9184,,MR60BHA2_breath_phase,safenest-node-01
162.5150,-0.650000,S001,S001_BREATH_PACED_20_05,1,BREATH_PACED_20,23.00,0.9184,,MR60BHA2_breath_phase,safenest-node-01
162.6150,-0.640000,S001,S001_BREATH_PACED_20_05,1,BREATH_PACED_20,23.00,0.9184,,MR60BHA2_breath_phase,safenest-node-01
162.7150,-0.580000,S001,S001_BREATH_PACED_20_05,1,BREATH_PACED_20,23.00,0.9184,,MR60BHA2_breath_phase,safenest-node-01
162.8150,-0.490000,S001,S001_BREATH_PACED_20_05,1,BREATH_PACED_20,23.00,0.9184,,MR60BHA2_breath_phase,safenest-node-01
162.9150,-0.440000,S001,S001_BREATH_PACED_20_05,1,BREATH_PACED_20,23.00,0.9184,,MR60BHA2_breath_phase,safenest-node-01
163.0150,-0.320000,S001,S001_BREATH_PACED_20_05,1,BREATH_PACED_20,23.00,0.9184,,MR60BHA2_breath_phase,safenest-node-01
163.1150,-0.190000,S001,S001_BREATH_PACED_20_05,1,BREATH_PACED_20,23.00,0.9184,,MR60BHA2_breath_phase,safenest-node-01
163.2150,-0.120000,S001,S001_BREATH_PACED_20_05,1,BREATH_PACED_20,23.00,0.9184,,MR60BHA2_breath_phase,safenest-node-01
163.3150,0.020000,S001,S001_BREATH_PACED_20_05,1,BREATH_PACED_20,23.00,0.9184,,MR60BHA2_breath_phase,safenest-node-01
163.4150,0.160000,S001,S001_BREATH_PACED_20_05,1,BREATH_PACED_20,23.00,0.9184,,MR60BHA2_breath_phase,safenest-node-01
163.5150,0.230000,S001,S001_BREATH_PACED_20_05,1,BREATH_PACED_20,23.00,0.9184,,MR60BHA2_breath_phase,safenest-node-01
163.6150,0.360000,S001,S001_BREATH_PACED_20_05,1,BREATH_PACED_20,23.00,0.9184,,MR60BHA2_breath_phase,safenest-node-01
163.7150,0.480000,S001,S001_BREATH_PACED_20_05,1,BREATH_PACED_20,23.00,0.9184,,MR60BHA2_breath_phase,safenest-node-01
163.8150,0.540000,S001,S001_BREATH_PACED_20_05,1,BREATH_PACED_20,23.00,0.9184,,MR60BHA2_breath_phase,safenest-node-01
163.9150,0.630000,S001,S001_BREATH_PACED_20_05,1,BREATH_PACED_20,23.00,0.9184,,MR60BHA2_breath_phase,safenest-node-01
164.0150,0.660000,S001,S001_BREATH_PACED_20_05,1,BREATH_PACED_20,23.00,0.9184,,MR60BHA2_breath_phase,safenest-node-01
164.1150,0.710000,S001,S001_BREATH_PACED_20_05,1,BREATH_PACED_20,23.00,0.9184,,MR60BHA2_breath_phase,safenest-node-01
164.2150,0.730000,S001,S001_BREATH_PACED_20_05,1,BREATH_PACED_20,23.00,0.9184,,MR60BHA2_breath_phase,safenest-node-01
164.3150,0.710000,S001,S001_BREATH_PACED_20_05,1,BREATH_PACED_20,23.00,0.9184,,MR60BHA2_breath_phase,safenest-node-01
164.4150,0.680000,S001,S001_BREATH_PACED_20_05,1,BREATH_PACED_20,23.00,0.9184,,MR60BHA2_breath_phase,safenest-node-01
164.5150,0.590000,S001,S001_BREATH_PACED_20_05,1,BREATH_PACED_20,23.00,0.9184,,MR60BHA2_breath_phase,safenest-node-01
164.6150,0.520000,S001,S001_BREATH_PACED_20_05,1,BREATH_PACED_20,23.00,0.9184,,MR60BHA2_breath_phase,safenest-node-01
164.7150,0.360000,S001,S001_BREATH_PACED_20_05,1,BREATH_PACED_20,23.00,0.9184,,MR60BHA2_breath_phase,safenest-node-01
164.8150,0.170000,S001,S001_BREATH_PACED_20_05,1,BREATH_PACED_20,23.00,0.9184,,MR60BHA2_breath_phase,safenest-node-01
164.9150,-0.050000,S001,S001_BREATH_PACED_20_05,1,BREATH_PACED_20,23.00,0.9184,,MR60BHA2_breath_phase,safenest-node-01
165.0150,-0.160000,S001,S001_BREATH_PACED_20_05,1,BREATH_PACED_20,23.00,0.9184,,MR60BHA2_breath_phase,safenest-node-01
165.1150,-0.370000,S001,S001_BREATH_PACED_20_05,1,BREATH_PACED_20,23.00,0.9184,,MR60BHA2_breath_phase,safenest-node-01
165.2150,-0.470000,S001,S001_BREATH_PACED_20_05,1,BREATH_PACED_20,23.00,0.9184,,MR60BHA2_breath_phase,safenest-node-01
165.3150,-0.650000,S001,S001_BREATH_PACED_20_05,1,BREATH_PACED_20,23.00,0.9184,,MR60BHA2_breath_phase,safenest-node-01
165.4150,-0.800000,S001,S001_BREATH_PACED_20_05,1,BREATH_PACED_20,23.00,0.9184,,MR60BHA2_breath_phase,safenest-node-01
165.5160,-0.900000,S001,S001_BREATH_PACED_20_05,1,BREATH_PACED_20,23.00,0.9184,,MR60BHA2_breath_phase,safenest-node-01
165.6160,-0.940000,S001,S001_BREATH_PACED_20_05,1,BREATH_PACED_20,23.00,0.9184,,MR60BHA2_breath_phase,safenest-node-01
165.7160,-0.970000,S001,S001_BREATH_PACED_20_05,1,BREATH_PACED_20,23.00,0.9184,,MR60BHA2_breath_phase,safenest-node-01
165.8160,-0.970000,S001,S001_BREATH_PACED_20_05,1,BREATH_PACED_20,23.00,0.9184,,MR60BHA2_breath_phase,safenest-node-01
165.9160,-0.930000,S001,S001_BREATH_PACED_20_05,1,BREATH_PACED_20,23.00,0.9184,,MR60BHA2_breath_phase,safenest-node-01
166.0160,-0.850000,S001,S001_BREATH_PACED_20_05,1,BREATH_PACED_20,23.00,0.9184,,MR60BHA2_breath_phase,safenest-node-01
166.1160,-0.800000,S001,S001_BREATH_PACED_20_05,1,BREATH_PACED_20,23.00,0.9184,,MR60BHA2_breath_phase,safenest-node-01
166.2160,-0.650000,S001,S001_BREATH_PACED_20_05,1,BREATH_PACED_20,23.00,0.9184,,MR60BHA2_breath_phase,safenest-node-01
166.3160,-0.490000,S001,S001_BREATH_PACED_20_05,1,BREATH_PACED_20,23.00,0.9184,,MR60BHA2_breath_phase,safenest-node-01
166.4160,-0.390000,S001,S001_BREATH_PACED_20_05,1,BREATH_PACED_20,23.00,0.9184,,MR60BHA2_breath_phase,safenest-node-01
166.5160,-0.200000,S001,S001_BREATH_PACED_20_05,1,BREATH_PACED_20,23.00,0.9184,,MR60BHA2_breath_phase,safenest-node-01
166.6160,-0.010000,S001,S001_BREATH_PACED_20_05,1,BREATH_PACED_20,23.00,0.9184,,MR60BHA2_breath_phase,safenest-node-01
166.7160,0.090000,S001,S001_BREATH_PACED_20_05,1,BREATH_PACED_20,23.00,0.9184,,MR60BHA2_breath_phase,safenest-node-01
166.8160,0.270000,S001,S001_BREATH_PACED_20_05,1,BREATH_PACED_20,23.00,0.9184,,MR60BHA2_breath_phase,safenest-node-01
166.9160,0.430000,S001,S001_BREATH_PACED_20_05,1,BREATH_PACED_20,23.00,0.9184,,MR60BHA2_breath_phase,safenest-node-01
167.0160,0.490000,S001,S001_BREATH_PACED_20_05,1,BREATH_PACED_20,23.00,0.9184,,MR60BHA2_breath_phase,safenest-node-01
167.1160,0.590000,S001,S001_BREATH_PACED_20_05,1,BREATH_PACED_20,23.00,0.9184,,MR60BHA2_breath_phase,safenest-node-01
167.2160,0.640000,S001,S001_BREATH_PACED_20_05,1,BREATH_PACED_20,23.00,0.9184,,MR60BHA2_breath_phase,safenest-node-01
167.3160,0.650000,S001,S001_BREATH_PACED_20_05,1,BREATH_PACED_20,23.00,0.9184,,MR60BHA2_breath_phase,safenest-node-01
167.4160,0.620000,S001,S001_BREATH_PACED_20_05,1,BREATH_PACED_20,23.00,0.9184,,MR60BHA2_breath_phase,safenest-node-01
167.5160,0.540000,S001,S001_BREATH_PACED_20_05,1,BREATH_PACED_20,23.00,0.9184,,MR60BHA2_breath_phase,safenest-node-01
167.6160,0.480000,S001,S001_BREATH_PACED_20_05,1,BREATH_PACED_20,23.00,0.9184,,MR60BHA2_breath_phase,safenest-node-01
167.7160,0.330000,S001,S001_BREATH_PACED_20_05,1,BREATH_PACED_20,23.00,0.9184,,MR60BHA2_breath_phase,safenest-node-01
167.8160,0.150000,S001,S001_BREATH_PACED_20_05,1,BREATH_PACED_20,23.00,0.9184,,MR60BHA2_breath_phase,safenest-node-01
167.9160,0.060000,S001,S001_BREATH_PACED_20_05,1,BREATH_PACED_20,23.00,0.9184,,MR60BHA2_breath_phase,safenest-node-01
168.0160,-0.130000,S001,S001_BREATH_PACED_20_05,1,BREATH_PACED_20,23.00,0.9184,,MR60BHA2_breath_phase,safenest-node-01
168.1160,-0.220000,S001,S001_BREATH_PACED_20_05,1,BREATH_PACED_20,23.00,0.9184,,MR60BHA2_breath_phase,safenest-node-01
168.2160,-0.380000,S001,S001_BREATH_PACED_20_05,1,BREATH_PACED_20,23.00,0.9184,,MR60BHA2_breath_phase,safenest-node-01
168.3160,-0.510000,S001,S001_BREATH_PACED_20_05,1,BREATH_PACED_20,23.00,0.9184,,MR60BHA2_breath_phase,safenest-node-01
168.4160,-0.590000,S001,S001_BREATH_PACED_20_05,1,BREATH_PACED_20,23.00,0.9184,,MR60BHA2_breath_phase,safenest-node-01
168.5160,-0.610000,S001,S001_BREATH_PACED_20_05,1,BREATH_PACED_20,23.00,0.9184,,MR60BHA2_breath_phase,safenest-node-01
168.6160,-0.620000,S001,S001_BREATH_PACED_20_05,1,BREATH_PACED_20,23.00,0.9184,,MR60BHA2_breath_phase,safenest-node-01
168.7160,-0.600000,S001,S001_BREATH_PACED_20_05,1,BREATH_PACED_20,23.00,0.9184,,MR60BHA2_breath_phase,safenest-node-01
168.8160,-0.540000,S001,S001_BREATH_PACED_20_05,1,BREATH_PACED_20,23.00,0.9184,,MR60BHA2_breath_phase,safenest-node-01
168.9160,-0.430000,S001,S001_BREATH_PACED_20_05,1,BREATH_PACED_20,23.00,0.9184,,MR60BHA2_breath_phase,safenest-node-01
169.0160,-0.290000,S001,S001_BREATH_PACED_20_05,1,BREATH_PACED_20,23.00,0.9184,,MR60BHA2_breath_phase,safenest-node-01
169.1160,-0.210000,S001,S001_BREATH_PACED_20_05,1,BREATH_PACED_20,23.00,0.9184,,MR60BHA2_breath_phase,safenest-node-01
169.2160,-0.040000,S001,S001_BREATH_PACED_20_05,1,BREATH_PACED_20,23.00,0.9184,,MR60BHA2_breath_phase,safenest-node-01
169.3160,0.060000,S001,S001_BREATH_PACED_20_05,1,BREATH_PACED_20,23.00,0.9184,,MR60BHA2_breath_phase,safenest-node-01
169.4160,0.250000,S001,S001_BREATH_PACED_20_05,1,BREATH_PACED_20,23.00,0.9184,,MR60BHA2_breath_phase,safenest-node-01
169.5160,0.430000,S001,S001_BREATH_PACED_20_05,1,BREATH_PACED_20,23.00,0.9184,,MR60BHA2_breath_phase,safenest-node-01
169.6160,0.520000,S001,S001_BREATH_PACED_20_05,1,BREATH_PACED_20,23.00,0.9184,,MR60BHA2_breath_phase,safenest-node-01
169.7160,0.670000,S001,S001_BREATH_PACED_20_05,1,BREATH_PACED_20,23.00,0.9184,,MR60BHA2_breath_phase,safenest-node-01
169.8160,0.800000,S001,S001_BREATH_PACED_20_05,1,BREATH_PACED_20,23.00,0.9184,,MR60BHA2_breath_phase,safenest-node-01
169.9160,0.840000,S001,S001_BREATH_PACED_20_05,1,BREATH_PACED_20,23.00,0.9184,,MR60BHA2_breath_phase,safenest-node-01
170.0160,0.910000,S001,S001_BREATH_PACED_20_05,1,BREATH_PACED_20,23.00,0.9184,,MR60BHA2_breath_phase,safenest-node-01
170.1160,0.920000,S001,S001_BREATH_PACED_20_05,1,BREATH_PACED_20,23.00,0.9184,,MR60BHA2_breath_phase,safenest-node-01
170.2160,0.900000,S001,S001_BREATH_PACED_20_05,1,BREATH_PACED_20,23.00,0.9184,,MR60BHA2_breath_phase,safenest-node-01
170.3160,0.840000,S001,S001_BREATH_PACED_20_05,1,BREATH_PACED_20,23.00,0.9184,,MR60BHA2_breath_phase,safenest-node-01
170.4160,0.730000,S001,S001_BREATH_PACED_20_05,1,BREATH_PACED_20,23.00,0.9184,,MR60BHA2_breath_phase,safenest-node-01
170.5160,0.660000,S001,S001_BREATH_PACED_20_05,1,BREATH_PACED_20,23.00,0.9184,,MR60BHA2_breath_phase,safenest-node-01
170.6160,0.480000,S001,S001_BREATH_PACED_20_05,1,BREATH_PACED_20,23.00,0.9184,,MR60BHA2_breath_phase,safenest-node-01
170.7160,0.290000,S001,S001_BREATH_PACED_20_05,1,BREATH_PACED_20,23.00,0.9184,,MR60BHA2_breath_phase,safenest-node-01
170.8160,0.180000,S001,S001_BREATH_PACED_20_05,1,BREATH_PACED_20,23.00,0.9184,,MR60BHA2_breath_phase,safenest-node-01
170.9160,-0.030000,S001,S001_BREATH_PACED_20_05,1,BREATH_PACED_20,23.00,0.9184,,MR60BHA2_breath_phase,safenest-node-01
171.0160,-0.230000,S001,S001_BREATH_PACED_20_05,1,BREATH_PACED_20,23.00,0.9184,,MR60BHA2_breath_phase,safenest-node-01
171.1160,-0.320000,S001,S001_BREATH_PACED_20_05,1,BREATH_PACED_20,23.00,0.9184,,MR60BHA2_breath_phase,safenest-node-01
171.2160,-0.480000,S001,S001_BREATH_PACED_20_05,1,BREATH_PACED_20,23.00,0.9184,,MR60BHA2_breath_phase,safenest-node-01
171.3160,-0.590000,S001,S001_BREATH_PACED_20_05,1,BREATH_PACED_20,23.00,0.9184,,MR60BHA2_breath_phase,safenest-node-01
171.4160,-0.630000,S001,S001_BREATH_PACED_20_05,1,BREATH_PACED_20,23.00,0.9184,,MR60BHA2_breath_phase,safenest-node-01
171.5160,-0.680000,S001,S001_BREATH_PACED_20_05,1,BREATH_PACED_20,23.00,0.9184,,MR60BHA2_breath_phase,safenest-node-01
171.6160,-0.680000,S001,S001_BREATH_PACED_20_05,1,BREATH_PACED_20,23.00,0.9184,,MR60BHA2_breath_phase,safenest-node-01
171.7160,-0.660000,S001,S001_BREATH_PACED_20_05,1,BREATH_PACED_20,23.00,0.9184,,MR60BHA2_breath_phase,safenest-node-01
171.8160,-0.590000,S001,S001_BREATH_PACED_20_05,1,BREATH_PACED_20,23.00,0.9184,,MR60BHA2_breath_phase,safenest-node-01
171.9160,-0.490000,S001,S001_BREATH_PACED_20_05,1,BREATH_PACED_20,23.00,0.9184,,MR60BHA2_breath_phase,safenest-node-01
172.0160,-0.430000,S001,S001_BREATH_PACED_20_05,1,BREATH_PACED_20,23.00,0.9184,,MR60BHA2_breath_phase,safenest-node-01
172.1160,-0.280000,S001,S001_BREATH_PACED_20_05,1,BREATH_PACED_20,23.00,0.9184,,MR60BHA2_breath_phase,safenest-node-01
172.2160,-0.200000,S001,S001_BREATH_PACED_20_05,1,BREATH_PACED_20,23.00,0.9184,,MR60BHA2_breath_phase,safenest-node-01
172.3160,-0.040000,S001,S001_BREATH_PACED_20_05,1,BREATH_PACED_20,23.00,0.9184,,MR60BHA2_breath_phase,safenest-node-01
172.4160,0.130000,S001,S001_BREATH_PACED_20_05,1,BREATH_PACED_20,23.00,0.9184,,MR60BHA2_breath_phase,safenest-node-01
172.5160,0.290000,S001,S001_BREATH_PACED_20_05,1,BREATH_PACED_20,23.00,0.9184,,MR60BHA2_breath_phase,safenest-node-01
172.6160,0.370000,S001,S001_BREATH_PACED_20_05,1,BREATH_PACED_20,23.00,0.9184,,MR60BHA2_breath_phase,safenest-node-01
172.7160,0.510000,S001,S001_BREATH_PACED_20_05,1,BREATH_PACED_20,23.00,0.9184,,MR60BHA2_breath_phase,safenest-node-01
172.8160,0.570000,S001,S001_BREATH_PACED_20_05,1,BREATH_PACED_20,23.00,0.9184,,MR60BHA2_breath_phase,safenest-node-01
172.9160,0.660000,S001,S001_BREATH_PACED_20_05,1,BREATH_PACED_20,23.00,0.9184,,MR60BHA2_breath_phase,safenest-node-01
173.0160,0.710000,S001,S001_BREATH_PACED_20_05,1,BREATH_PACED_20,23.00,0.9184,,MR60BHA2_breath_phase,safenest-node-01
173.1160,0.720000,S001,S001_BREATH_PACED_20_05,1,BREATH_PACED_20,23.00,0.9184,,MR60BHA2_breath_phase,safenest-node-01
173.2160,0.710000,S001,S001_BREATH_PACED_20_05,1,BREATH_PACED_20,23.00,0.9184,,MR60BHA2_breath_phase,safenest-node-01
173.3160,0.650000,S001,S001_BREATH_PACED_20_05,1,BREATH_PACED_20,23.00,0.9184,,MR60BHA2_breath_phase,safenest-node-01
173.4160,0.600000,S001,S001_BREATH_PACED_20_05,1,BREATH_PACED_20,23.00,0.9184,,MR60BHA2_breath_phase,safenest-node-01
173.5160,0.490000,S001,S001_BREATH_PACED_20_05,1,BREATH_PACED_20,23.00,0.9184,,MR60BHA2_breath_phase,safenest-node-01
173.6160,0.350000,S001,S001_BREATH_PACED_20_05,1,BREATH_PACED_20,23.00,0.9184,,MR60BHA2_breath_phase,safenest-node-01
173.7170,0.280000,S001,S001_BREATH_PACED_20_05,1,BREATH_PACED_20,23.00,0.9184,,MR60BHA2_breath_phase,safenest-node-01
173.8170,0.110000,S001,S001_BREATH_PACED_20_05,1,BREATH_PACED_20,23.00,0.9184,,MR60BHA2_breath_phase,safenest-node-01
173.9170,-0.060000,S001,S001_BREATH_PACED_20_05,1,BREATH_PACED_20,23.00,0.9184,,MR60BHA2_breath_phase,safenest-node-01
174.0170,-0.140000,S001,S001_BREATH_PACED_20_05,1,BREATH_PACED_20,23.00,0.9184,,MR60BHA2_breath_phase,safenest-node-01
174.1170,-0.310000,S001,S001_BREATH_PACED_20_05,1,BREATH_PACED_20,23.00,0.9184,,MR60BHA2_breath_phase,safenest-node-01
174.2170,-0.450000,S001,S001_BREATH_PACED_20_05,1,BREATH_PACED_20,23.00,0.9184,,MR60BHA2_breath_phase,safenest-node-01
174.3170,-0.520000,S001,S001_BREATH_PACED_20_05,1,BREATH_PACED_20,23.00,0.9184,,MR60BHA2_breath_phase,safenest-node-01
174.4170,-0.630000,S001,S001_BREATH_PACED_20_05,1,BREATH_PACED_20,23.00,0.9184,,MR60BHA2_breath_phase,safenest-node-01
174.5170,-0.670000,S001,S001_BREATH_PACED_20_05,1,BREATH_PACED_20,23.00,0.9184,,MR60BHA2_breath_phase,safenest-node-01
174.6170,-0.720000,S001,S001_BREATH_PACED_20_05,1,BREATH_PACED_20,23.00,0.9184,,MR60BHA2_breath_phase,safenest-node-01
174.7170,-0.740000,S001,S001_BREATH_PACED_20_05,1,BREATH_PACED_20,23.00,0.9184,,MR60BHA2_breath_phase,safenest-node-01
174.8170,-0.720000,S001,S001_BREATH_PACED_20_05,1,BREATH_PACED_20,23.00,0.9184,,MR60BHA2_breath_phase,safenest-node-01
174.9170,-0.700000,S001,S001_BREATH_PACED_20_05,1,BREATH_PACED_20,23.00,0.9184,,MR60BHA2_breath_phase,safenest-node-01
175.0170,-0.630000,S001,S001_BREATH_PACED_20_05,1,BREATH_PACED_20,23.00,0.9184,,MR60BHA2_breath_phase,safenest-node-01
175.1170,-0.580000,S001,S001_BREATH_PACED_20_05,1,BREATH_PACED_20,23.00,0.9184,,MR60BHA2_breath_phase,safenest-node-01
175.2170,-0.460000,S001,S001_BREATH_PACED_20_05,1,BREATH_PACED_20,23.00,0.9184,,MR60BHA2_breath_phase,safenest-node-01
175.3170,-0.320000,S001,S001_BREATH_PACED_20_05,1,BREATH_PACED_20,23.00,0.9184,,MR60BHA2_breath_phase,safenest-node-01
175.4180,-0.170000,S001,S001_BREATH_PACED_20_05,1,BREATH_PACED_20,23.00,0.9184,,MR60BHA2_breath_phase,safenest-node-01
175.5180,-0.090000,S001,S001_BREATH_PACED_20_05,1,BREATH_PACED_20,23.00,0.9184,,MR60BHA2_breath_phase,safenest-node-01
175.6180,0.070000,S001,S001_BREATH_PACED_20_05,1,BREATH_PACED_20,23.00,0.9184,,MR60BHA2_breath_phase,safenest-node-01
175.7180,0.140000,S001,S001_BREATH_PACED_20_05,1,BREATH_PACED_20,23.00,0.9184,,MR60BHA2_breath_phase,safenest-node-01
175.8180,0.280000,S001,S001_BREATH_PACED_20_05,1,BREATH_PACED_20,23.00,0.9184,,MR60BHA2_breath_phase,safenest-node-01
175.9180,0.400000,S001,S001_BREATH_PACED_20_05,1,BREATH_PACED_20,23.00,0.9184,,MR60BHA2_breath_phase,safenest-node-01
176.0210,0.490000,S001,S001_BREATH_PACED_20_05,1,BREATH_PACED_20,23.00,0.9184,,MR60BHA2_breath_phase,safenest-node-01
176.1210,0.520000,S001,S001_BREATH_PACED_20_05,1,BREATH_PACED_20,23.00,0.9184,,MR60BHA2_breath_phase,safenest-node-01
176.2210,0.540000,S001,S001_BREATH_PACED_20_05,1,BREATH_PACED_20,23.00,0.9184,,MR60BHA2_breath_phase,safenest-node-01
176.3210,0.540000,S001,S001_BREATH_PACED_20_05,1,BREATH_PACED_20,23.00,0.9184,,MR60BHA2_breath_phase,safenest-node-01
176.4210,0.500000,S001,S001_BREATH_PACED_20_05,1,BREATH_PACED_20,23.00,0.9184,,MR60BHA2_breath_phase,safenest-node-01
176.5210,0.420000,S001,S001_BREATH_PACED_20_05,1,BREATH_PACED_20,23.00,0.9184,,MR60BHA2_breath_phase,safenest-node-01
176.6230,0.310000,S001,S001_BREATH_PACED_20_05,1,BREATH_PACED_20,23.00,0.9184,,MR60BHA2_breath_phase,safenest-node-01
176.7230,0.240000,S001,S001_BREATH_PACED_20_05,1,BREATH_PACED_20,23.00,0.9184,,MR60BHA2_breath_phase,safenest-node-01
176.8230,0.100000,S001,S001_BREATH_PACED_20_05,1,BREATH_PACED_20,23.00,0.9184,,MR60BHA2_breath_phase,safenest-node-01
176.9230,0.020000,S001,S001_BREATH_PACED_20_05,1,BREATH_PACED_20,23.00,0.9184,,MR60BHA2_breath_phase,safenest-node-01
177.0230,-0.130000,S001,S001_BREATH_PACED_20_05,1,BREATH_PACED_20,23.00,0.9184,,MR60BHA2_breath_phase,safenest-node-01
177.1230,-0.280000,S001,S001_BREATH_PACED_20_05,1,BREATH_PACED_20,23.00,0.9184,,MR60BHA2_breath_phase,safenest-node-01
177.2250,-0.410000,S001,S001_BREATH_PACED_20_05,1,BREATH_PACED_20,23.00,0.9184,,MR60BHA2_breath_phase,safenest-node-01
177.3250,-0.470000,S001,S001_BREATH_PACED_20_05,1,BREATH_PACED_20,23.00,0.9184,,MR60BHA2_breath_phase,safenest-node-01
177.4250,-0.560000,S001,S001_BREATH_PACED_20_05,1,BREATH_PACED_20,23.00,0.9184,,MR60BHA2_breath_phase,safenest-node-01
177.5250,-0.600000,S001,S001_BREATH_PACED_20_05,1,BREATH_PACED_20,23.00,0.9184,,MR60BHA2_breath_phase,safenest-node-01
177.6250,-0.640000,S001,S001_BREATH_PACED_20_05,1,BREATH_PACED_20,23.00,0.9184,,MR60BHA2_breath_phase,safenest-node-01
177.7250,-0.660000,S001,S001_BREATH_PACED_20_05,1,BREATH_PACED_20,23.00,0.9184,,MR60BHA2_breath_phase,safenest-node-01
177.8250,-0.650000,S001,S001_BREATH_PACED_20_05,1,BREATH_PACED_20,23.00,0.9184,,MR60BHA2_breath_phase,safenest-node-01
177.9250,-0.610000,S001,S001_BREATH_PACED_20_05,1,BREATH_PACED_20,23.00,0.9184,,MR60BHA2_breath_phase,safenest-node-01
178.0250,-0.530000,S001,S001_BREATH_PACED_20_05,1,BREATH_PACED_20,23.00,0.9184,,MR60BHA2_breath_phase,safenest-node-01
178.1250,-0.490000,S001,S001_BREATH_PACED_20_05,1,BREATH_PACED_20,23.00,0.9184,,MR60BHA2_breath_phase,safenest-node-01
178.2250,-0.370000,S001,S001_BREATH_PACED_20_05,1,BREATH_PACED_20,23.00,0.9184,,MR60BHA2_breath_phase,safenest-node-01
178.3250,-0.240000,S001,S001_BREATH_PACED_20_05,1,BREATH_PACED_20,23.00,0.9184,,MR60BHA2_breath_phase,safenest-node-01
178.4250,-0.160000,S001,S001_BREATH_PACED_20_05,1,BREATH_PACED_20,23.00,0.9184,,MR60BHA2_breath_phase,safenest-node-01
