timestamp_s,resp_phase,subject_id,session_id,presence,label,breath_rpm,range_m,quality,signal_source,device_id
0.0000,-0.140000,S001,S001_BREATH_PACED_12_01,1,BREATH_PACED_12,14.00,0.9184,,MR60BHA2_breath_phase,safenest-node-01
0.1000,0.030000,S001,S001_BREATH_PACED_12_01,1,BREATH_PACED_12,14.00,0.9184,,MR60BHA2_breath_phase,safenest-node-01
0.2000,0.230000,S001,S001_BREATH_PACED_12_01,1,BREATH_PACED_12,14.00,0.9184,,MR60BHA2_breath_phase,safenest-node-01
0.3010,0.430000,S001,S001_BREATH_PACED_12_01,1,BREATH_PACED_12,14.00,0.9184,,MR60BHA2_breath_phase,safenest-node-01
0.4010,0.530000,S001,S001_BREATH_PACED_12_01,1,BREATH_PACED_12,15.00,0.9184,,MR60BHA2_breath_phase,safenest-node-01
0.5010,0.630000,S001,S001_BREATH_PACED_12_01,1,BREATH_PACED_12,15.00,0.9184,,MR60BHA2_breath_phase,safenest-node-01
0.6010,0.790000,S001,S001_BREATH_PACED_12_01,1,BREATH_PACED_12,15.00,0.9184,,MR60BHA2_breath_phase,safenest-node-01
0.7010,0.900000,S001,S001_BREATH_PACED_12_01,1,BREATH_PACED_12,15.00,0.9184,,MR60BHA2_breath_phase,safenest-node-01
0.8010,0.940000,S001,S001_BREATH_PACED_12_01,1,BREATH_PACED_12,15.00,0.9184,,MR60BHA2_breath_phase,safenest-node-01
0.9010,0.940000,S001,S001_BREATH_PACED_12_01,1,BREATH_PACED_12,15.00,0.9184,,MR60BHA2_breath_phase,safenest-node-01
1.0010,0.890000,S001,S001_BREATH_PACED_12_01,1,BREATH_PACED_12,16.00,0.9184,,MR60BHA2_breath_phase,safenest-node-01
1.1010,0.850000,S001,S001_BREATH_PACED_12_01,1,BREATH_PACED_12,16.00,0.9184,,MR60BHA2_breath_phase,safenest-node-01
1.2010,0.720000,S001,S001_BREATH_PACED_12_01,1,BREATH_PACED_12,16.00,0.9184,,MR60BHA2_breath_phase,safenest-node-01
1.3010,0.550000,S001,S001_BREATH_PACED_12_01,1,BREATH_PACED_12,16.00,0.9184,,MR60BHA2_breath_phase,safenest-node-01
1.4010,0.460000,S001,S001_BREATH_PACED_12_01,1,BREATH_PACED_12,16.00,0.9184,,MR60BHA2_breath_phase,safenest-node-01
1.5010,0.260000,S001,S001_BREATH_PACED_12_01,1,BREATH_PACED_12,16.00,0.9184,,MR60BHA2_breath_phase,safenest-node-01
1.6010,0.160000,S001,S001_BREATH_PACED_12_01,1,BREATH_PACED_12,16.00,0.9184,,MR60BHA2_breath_phase,safenest-node-01
1.7010,-0.040000,S001,S001_BREATH_PACED_12_01,1,BREATH_PACED_12,16.00,0.9184,,MR60BHA2_breath_phase,safenest-node-01
1.8010,-0.230000,S001,S001_BREATH_PACED_12_01,1,BREATH_PACED_12,17.00,0.9184,,MR60BHA2_breath_phase,safenest-node-01
1.9020,-0.310000,S001,S001_BREATH_PACED_12_01,1,BREATH_PACED_12,17.00,0.9184,,MR60BHA2_breath_phase,safenest-node-01
2.0020,-0.450000,S001,S001_BREATH_PACED_12_01,1,BREATH_PACED_12,17.00,0.9184,,MR60BHA2_breath_phase,safenest-node-01
2.1020,-0.500000,S001,S001_BREATH_PACED_12_01,1,BREATH_PACED_12,17.00,0.9184,,MR60BHA2_breath_phase,safenest-node-01
2.2020,-0.580000,S001,S001_BREATH_PACED_12_01,1,BREATH_PACED_12,17.00,0.9184,,MR60BHA2_breath_phase,safenest-node-01
2.3020,-0.620000,S001,S001_BREATH_PACED_12_01,1,BREATH_PACED_12,17.00,0.9184,,MR60BHA2_breath_phase,safenest-node-01
2.4020,-0.630000,S001,S001_BREATH_PACED_12_01,1,BREATH_PACED_12,18.00,0.9184,,MR60BHA2_breath_phase,safenest-node-01
2.5020,-0.630000,S001,S001_BREATH_PACED_12_01,1,BREATH_PACED_12,18.00,0.9184,,MR60BHA2_breath_phase,safenest-node-01
2.6020,-0.600000,S001,S001_BREATH_PACED_12_01,1,BREATH_PACED_12,18.00,0.9184,,MR60BHA2_breath_phase,safenest-node-01
2.7020,-0.580000,S001,S001_BREATH_PACED_12_01,1,BREATH_PACED_12,18.00,0.9184,,MR60BHA2_breath_phase,safenest-node-01
2.8020,-0.520000,S001,S001_BREATH_PACED_12_01,1,BREATH_PACED_12,19.00,0.9184,,MR60BHA2_breath_phase,safenest-node-01
2.9020,-0.470000,S001,S001_BREATH_PACED_12_01,1,BREATH_PACED_12,19.00,0.9184,,MR60BHA2_breath_phase,safenest-node-01
3.0020,-0.440000,S001,S001_BREATH_PACED_12_01,1,BREATH_PACED_12,19.00,0.9184,,MR60BHA2_breath_phase,safenest-node-01
3.1020,-0.390000,S001,S001_BREATH_PACED_12_01,1,BREATH_PACED_12,19.00,0.9184,,MR60BHA2_breath_phase,safenest-node-01
3.2020,-0.370000,S001,S001_BREATH_PACED_12_01,1,BREATH_PACED_12,19.00,0.9184,,MR60BHA2_breath_phase,safenest-node-01
3.3020,-0.330000,S001,S001_BREATH_PACED_12_01,1,BREATH_PACED_12,19.00,0.9184,,MR60BHA2_breath_phase,safenest-node-01
3.4020,-0.300000,S001,S001_BREATH_PACED_12_01,1,BREATH_PACED_12,20.00,0.9184,,MR60BHA2_breath_phase,safenest-node-01
3.5030,-0.280000,S001,S001_BREATH_PACED_12_01,1,BREATH_PACED_12,20.00,0.9184,,MR60BHA2_breath_phase,safenest-node-01
3.6030,-0.260000,S001,S001_BREATH_PACED_12_01,1,BREATH_PACED_12,20.00,0.9184,,MR60BHA2_breath_phase,safenest-node-01
3.7030,-0.260000,S001,S001_BREATH_PACED_12_01,1,BREATH_PACED_12,20.00,0.9184,,MR60BHA2_breath_phase,safenest-node-01
3.8030,-0.250000,S001,S001_BREATH_PACED_12_01,1,BREATH_PACED_12,20.00,0.9184,,MR60BHA2_breath_phase,safenest-node-01
3.9030,-0.250000,S001,S001_BREATH_PACED_12_01,1,BREATH_PACED_12,20.00,0.9184,,MR60BHA2_breath_phase,safenest-node-01
4.0040,-0.260000,S001,S001_BREATH_PACED_12_01,1,BREATH_PACED_12,20.00,0.9184,,MR60BHA2_breath_phase,safenest-node-01
4.1040,-0.260000,S001,S001_BREATH_PACED_12_01,1,BREATH_PACED_12,20.00,0.9184,,MR60BHA2_breath_phase,safenest-node-01
4.2040,-0.280000,S001,S001_BREATH_PACED_12_01,1,BREATH_PACED_12,20.00,0.9184,,MR60BHA2_breath_phase,safenest-node-01
4.3040,-0.280000,S001,S001_BREATH_PACED_12_01,1,BREATH_PACED_12,20.00,0.9184,,MR60BHA2_breath_phase,safenest-node-01
4.4040,-0.290000,S001,S001_BREATH_PACED_12_01,1,BREATH_PACED_12,20.00,0.9184,,MR60BHA2_breath_phase,safenest-node-01
4.5040,-0.300000,S001,S001_BREATH_PACED_12_01,1,BREATH_PACED_12,20.00,0.9184,,MR60BHA2_breath_phase,safenest-node-01
4.6040,-0.300000,S001,S001_BREATH_PACED_12_01,1,BREATH_PACED_12,20.00,0.9184,,MR60BHA2_breath_phase,safenest-node-01
4.7040,-0.300000,S001,S001_BREATH_PACED_12_01,1,BREATH_PACED_12,20.00,0.9184,,MR60BHA2_breath_phase,safenest-node-01
4.8040,-0.290000,S001,S001_BREATH_PACED_12_01,1,BREATH_PACED_12,20.00,0.9184,,MR60BHA2_breath_phase,safenest-node-01
4.9040,-0.280000,S001,S001_BREATH_PACED_12_01,1,BREATH_PACED_12,19.00,0.9184,,MR60BHA2_breath_phase,safenest-node-01
5.0040,-0.260000,S001,S001_BREATH_PACED_12_01,1,BREATH_PACED_12,19.00,0.9184,,MR60BHA2_breath_phase,safenest-node-01
5.1040,-0.250000,S001,S001_BREATH_PACED_12_01,1,BREATH_PACED_12,19.00,0.9184,,MR60BHA2_breath_phase,safenest-node-01
5.2040,-0.230000,S001,S001_BREATH_PACED_12_01,1,BREATH_PACED_12,20.00,0.9184,,MR60BHA2_breath_phase,safenest-node-01
5.3040,-0.210000,S001,S001_BREATH_PACED_12_01,1,BREATH_PACED_12,20.00,0.9184,,MR60BHA2_breath_phase,safenest-node-01
5.4040,-0.180000,S001,S001_BREATH_PACED_12_01,1,BREATH_PACED_12,20.00,0.9184,,MR60BHA2_breath_phase,safenest-node-01
5.5040,-0.130000,S001,S001_BREATH_PACED_12_01,1,BREATH_PACED_12,21.00,0.9184,,MR60BHA2_breath_phase,safenest-node-01
5.6040,-0.080000,S001,S001_BREATH_PACED_12_01,1,BREATH_PACED_12,20.00,0.9184,,MR60BHA2_breath_phase,safenest-node-01
5.7040,-0.050000,S001,S001_BREATH_PACED_12_01,1,BREATH_PACED_12,20.00,0.9184,,MR60BHA2_breath_phase,safenest-node-01
5.8040,0.000000,S001,S001_BREATH_PACED_12_01,1,BREATH_PACED_12,19.00,0.9184,,MR60BHA2_breath_phase,safenest-node-01
5.9040,0.030000,S001,S001_BREATH_PACED_12_01,1,BREATH_PACED_12,18.00,0.9184,,MR60BHA2_breath_phase,safenest-node-01
6.0040,0.070000,S001,S001_BREATH_PACED_12_01,1,BREATH_PACED_12,17.00,0.9184,,MR60BHA2_breath_phase,safenest-node-01
6.1040,0.110000,S001,S001_BREATH_PACED_12_01,1,BREATH_PACED_12,16.00,0.9184,,MR60BHA2_breath_phase,safenest-node-01
6.2040,0.120000,S001,S001_BREATH_PACED_12_01,1,BREATH_PACED_12,16.00,0.9184,,MR60BHA2_breath_phase,safenest-node-01
6.3040,0.150000,S001,S001_BREATH_PACED_12_01,1,BREATH_PACED_12,16.00,0.9184,,MR60BHA2_breath_phase,safenest-node-01
6.4040,0.170000,S001,S001_BREATH_PACED_12_01,1,BREATH_PACED_12,16.00,0.9184,,MR60BHA2_breath_phase,safenest-node-01
6.5040,0.190000,S001,S001_BREATH_PACED_12_01,1,BREATH_PACED_12,16.00,0.9184,,MR60BHA2_breath_phase,safenest-node-01
6.6040,0.220000,S001,S001_BREATH_PACED_12_01,1,BREATH_PACED_12,16.00,0.9184,,MR60BHA2_breath_phase,safenest-node-01
6.7040,0.230000,S001,S001_BREATH_PACED_12_01,1,BREATH_PACED_12,16.00,0.9184,,MR60BHA2_breath_phase,safenest-node-01
6.8040,0.260000,S001,S001_BREATH_PACED_12_01,1,BREATH_PACED_12,16.00,0.9184,,MR60BHA2_breath_phase,safenest-node-01
6.9040,0.270000,S001,S001_BREATH_PACED_12_01,1,BREATH_PACED_12,16.00,0.9184,,MR60BHA2_breath_phase,safenest-node-01
7.0040,0.280000,S001,S001_BREATH_PACED_12_01,1,BREATH_PACED_12,16.00,0.9184,,MR60BHA2_breath_phase,safenest-node-01
7.1040,0.300000,S001,S001_BREATH_PACED_12_01,1,BREATH_PACED_12,15.00,0.9184,,MR60BHA2_breath_phase,safenest-node-01
7.2040,0.300000,S001,S001_BREATH_PACED_12_01,1,BREATH_PACED_12,15.00,0.9184,,MR60BHA2_breath_phase,safenest-node-01
7.3040,0.290000,S001,S001_BREATH_PACED_12_01,1,BREATH_PACED_12,15.00,0.9184,,MR60BHA2_breath_phase,safenest-node-01
7.4040,0.280000,S001,S001_BREATH_PACED_12_01,1,BREATH_PACED_12,15.00,0.9184,,MR60BHA2_breath_phase,safenest-node-01
7.5040,0.270000,S001,S001_BREATH_PACED_12_01,1,BREATH_PACED_12,15.00,0.9184,,MR60BHA2_breath_phase,safenest-node-01
7.6040,0.250000,S001,S001_BREATH_PACED_12_01,1,BREATH_PACED_12,14.00,0.9184,,MR60BHA2_breath_phase,safenest-node-01
7.7040,0.240000,S001,S001_BREATH_PACED_12_01,1,BREATH_PACED_12,13.00,0.9184,,MR60BHA2_breath_phase,safenest-node-01
7.8040,0.230000,S001,S001_BREATH_PACED_12_01,1,BREATH_PACED_12,13.00,0.9184,,MR60BHA2_breath_phase,safenest-node-01
7.9040,0.230000,S001,S001_BREATH_PACED_12_01,1,BREATH_PACED_12,12.00,0.9184,,MR60BHA2_breath_phase,safenest-node-01
8.0040,0.240000,S001,S001_BREATH_PACED_12_01,1,BREATH_PACED_12,12.00,0.9184,,MR60BHA2_breath_phase,safenest-node-01
8.1040,0.250000,S001,S001_BREATH_PACED_12_01,1,BREATH_PACED_12,11.00,0.9184,,MR60BHA2_breath_phase,safenest-node-01
8.2040,0.280000,S001,S001_BREATH_PACED_12_01,1,BREATH_PACED_12,11.00,0.9184,,MR60BHA2_breath_phase,safenest-node-01
8.3040,0.290000,S001,S001_BREATH_PACED_12_01,1,BREATH_PACED_12,11.00,0.9184,,MR60BHA2_breath_phase,safenest-node-01
8.4040,0.320000,S001,S001_BREATH_PACED_12_01,1,BREATH_PACED_12,10.00,0.9184,,MR60BHA2_breath_phase,safenest-node-01
8.5040,0.330000,S001,S001_BREATH_PACED_12_01,1,BREATH_PACED_12,10.00,0.9184,,MR60BHA2_breath_phase,safenest-node-01
8.6040,0.360000,S001,S001_BREATH_PACED_12_01,1,BREATH_PACED_12,9.00,0.9184,,MR60BHA2_breath_phase,safenest-node-01
8.7040,0.370000,S001,S001_BREATH_PACED_12_01,1,BREATH_PACED_12,9.00,0.9184,,MR60BHA2_breath_phase,safenest-node-01
8.8040,0.380000,S001,S001_BREATH_PACED_12_01,1,BREATH_PACED_12,8.00,0.9184,,MR60BHA2_breath_phase,safenest-node-01
8.9040,0.390000,S001,S001_BREATH_PACED_12_01,1,BREATH_PACED_12,8.00,0.9184,,MR60BHA2_breath_phase,safenest-node-01
9.0050,0.390000,S001,S001_BREATH_PACED_12_01,1,BREATH_PACED_12,8.00,0.9184,,MR60BHA2_breath_phase,safenest-node-01
9.1050,0.390000,S001,S001_BREATH_PACED_12_01,1,BREATH_PACED_12,7.00,0.9184,,MR60BHA2_breath_phase,safenest-node-01
9.2050,0.380000,S001,S001_BREATH_PACED_12_01,1,BREATH_PACED_12,7.00,0.9184,,MR60BHA2_breath_phase,safenest-node-01
9.3050,0.370000,S001,S001_BREATH_PACED_12_01,1,BREATH_PACED_12,7.00,0.9184,,MR60BHA2_breath_phase,safenest-node-01
9.4050,0.370000,S001,S001_BREATH_PACED_12_01,1,BREATH_PACED_12,7.00,0.9184,,MR60BHA2_breath_phase,safenest-node-01
9.5050,0.360000,S001,S001_BREATH_PACED_12_01,1,BREATH_PACED_12,6.00,0.9184,,MR60BHA2_breath_phase,safenest-node-01
9.6050,0.350000,S001,S001_BREATH_PACED_12_01,1,BREATH_PACED_12,6.00,0.9184,,MR60BHA2_breath_phase,safenest-node-01
9.7050,0.320000,S001,S001_BREATH_PACED_12_01,1,BREATH_PACED_12,6.00,0.9184,,MR60BHA2_breath_phase,safenest-node-01
9.8050,0.290000,S001,S001_BREATH_PACED_12_01,1,BREATH_PACED_12,5.00,0.9184,,MR60BHA2_breath_phase,safenest-node-01
9.9050,0.280000,S001,S001_BREATH_PACED_12_01,1,BREATH_PACED_12,5.00,0.9184,,MR60BHA2_breath_phase,safenest-node-01
10.0050,0.250000,S001,S001_BREATH_PACED_12_01,1,BREATH_PACED_12,5.00,0.9184,,MR60BHA2_breath_phase,safenest-node-01
10.1050,0.230000,S001,S001_BREATH_PACED_12_01,1,BREATH_PACED_12,5.00,0.9184,,MR60BHA2_breath_phase,safenest-node-01
10.2050,0.200000,S001,S001_BREATH_PACED_12_01,1,BREATH_PACED_12,5.00,0.9184,,MR60BHA2_breath_phase,safenest-node-01
10.3050,0.170000,S001,S001_BREATH_PACED_12_01,1,BREATH_PACED_12,4.00,0.9184,,MR60BHA2_breath_phase,safenest-node-01
10.4050,0.150000,S001,S001_BREATH_PACED_12_01,1,BREATH_PACED_12,4.00,0.9184,,MR60BHA2_breath_phase,safenest-node-01
10.5050,0.140000,S001,S001_BREATH_PACED_12_01,1,BREATH_PACED_12,4.00,0.9184,,MR60BHA2_breath_phase,safenest-node-01
10.6050,0.130000,S001,S001_BREATH_PACED_12_01,1,BREATH_PACED_12,4.00,0.9184,,MR60BHA2_breath_phase,safenest-node-01
10.7050,0.120000,S001,S001_BREATH_PACED_12_01,1,BREATH_PACED_12,4.00,0.9184,,MR60BHA2_breath_phase,safenest-node-01
10.8050,0.110000,S001,S001_BREATH_PACED_12_01,1,BREATH_PACED_12,4.00,0.9184,,MR60BHA2_breath_phase,safenest-node-01
10.9050,0.110000,S001,S001_BREATH_PACED_12_01,1,BREATH_PACED_12,3.00,0.9184,,MR60BHA2_breath_phase,safenest-node-01
11.0050,0.110000,S001,S001_BREATH_PACED_12_01,1,BREATH_PACED_12,3.00,0.9184,,MR60BHA2_breath_phase,safenest-node-01
11.1050,0.110000,S001,S001_BREATH_PACED_12_01,1,BREATH_PACED_12,3.00,0.9184,,MR60BHA2_breath_phase,safenest-node-01
11.2050,0.110000,S001,S001_BREATH_PACED_12_01,1,BREATH_PACED_12,3.00,0.9184,,MR60BHA2_breath_phase,safenest-node-01
11.3050,0.110000,S001,S001_BREATH_PACED_12_01,1,BREATH_PACED_12,3.00,0.9184,,MR60BHA2_breath_phase,safenest-node-01
11.4050,0.110000,S001,S001_BREATH_PACED_12_01,1,BREATH_PACED_12,3.00,0.9184,,MR60BHA2_breath_phase,safenest-node-01
11.5050,0.110000,S001,S001_BREATH_PACED_12_01,1,BREATH_PACED_12,3.00,0.9184,,MR60BHA2_breath_phase,safenest-node-01
11.6050,0.110000,S001,S001_BREATH_PACED_12_01,1,BREATH_PACED_12,3.00,0.9184,,MR60BHA2_breath_phase,safenest-node-01
11.7050,0.110000,S001,S001_BREATH_PACED_12_01,1,BREATH_PACED_12,3.00,0.9184,,MR60BHA2_breath_phase,safenest-node-01
11.8050,0.100000,S001,S001_BREATH_PACED_12_01,1,BREATH_PACED_12,2.00,0.9184,,MR60BHA2_breath_phase,safenest-node-01
11.9050,0.090000,S001,S001_BREATH_PACED_12_01,1,BREATH_PACED_12,2.00,0.9184,,MR60BHA2_breath_phase,safenest-node-01
12.0050,0.060000,S001,S001_BREATH_PACED_12_01,1,BREATH_PACED_12,2.00,0.9184,,MR60BHA2_breath_phase,safenest-node-01
12.1050,0.050000,S001,S001_BREATH_PACED_12_01,1,BREATH_PACED_12,2.00,0.9184,,MR60BHA2_breath_phase,safenest-node-01
12.2050,0.010000,S001,S001_BREATH_PACED_12_01,1,BREATH_PACED_12,2.00,0.9184,,MR60BHA2_breath_phase,safenest-node-01
12.3050,-0.020000,S001,S001_BREATH_PACED_12_01,1,BREATH_PACED_12,2.00,0.9184,,MR60BHA2_breath_phase,safenest-node-01
12.4050,-0.080000,S001,S001_BREATH_PACED_12_01,1,BREATH_PACED_12,2.00,0.9184,,MR60BHA2_breath_phase,safenest-node-01
12.5050,-0.150000,S001,S001_BREATH_PACED_12_01,1,BREATH_PACED_12,2.00,0.9184,,MR60BHA2_breath_phase,safenest-node-01
12.6050,-0.190000,S001,S001_BREATH_PACED_12_01,1,BREATH_PACED_12,2.00,0.9184,,MR60BHA2_breath_phase,safenest-node-01
12.7050,-0.280000,S001,S001_BREATH_PACED_12_01,1,BREATH_PACED_12,2.00,0.9184,,MR60BHA2_breath_phase,safenest-node-01
12.8050,-0.320000,S001,S001_BREATH_PACED_12_01,1,BREATH_PACED_12,2.00,0.9184,,MR60BHA2_breath_phase,safenest-node-01
12.9050,-0.420000,S001,S001_BREATH_PACED_12_01,1,BREATH_PACED_12,2.00,0.9184,,MR60BHA2_breath_phase,safenest-node-01
13.0050,-0.510000,S001,S001_BREATH_PACED_12_01,1,BREATH_PACED_12,1.00,0.9184,,MR60BHA2_breath_phase,safenest-node-01
13.1050,-0.550000,S001,S001_BREATH_PACED_12_01,1,BREATH_PACED_12,1.00,0.9184,,MR60BHA2_breath_phase,safenest-node-01
13.2050,-0.630000,S001,S001_BREATH_PACED_12_01,1,BREATH_PACED_12,1.00,0.9184,,MR60BHA2_breath_phase,safenest-node-01
13.3050,-0.670000,S001,S001_BREATH_PACED_12_01,1,BREATH_PACED_12,1.00,0.9184,,MR60BHA2_breath_phase,safenest-node-01
13.4050,-0.730000,S001,S001_BREATH_PACED_12_01,1,BREATH_PACED_12,1.00,0.9184,,MR60BHA2_breath_phase,safenest-node-01
13.5050,-0.780000,S001,S001_BREATH_PACED_12_01,1,BREATH_PACED_12,1.00,0.9184,,MR60BHA2_breath_phase,safenest-node-01
13.6060,-0.810000,S001,S001_BREATH_PACED_12_01,1,BREATH_PACED_12,1.00,0.9184,,MR60BHA2_breath_phase,safenest-node-01
13.7060,-0.820000,S001,S001_BREATH_PACED_12_01,1,BREATH_PACED_12,1.00,0.9184,,MR60BHA2_breath_phase,safenest-node-01
13.8070,-0.820000,S001,S001_BREATH_PACED_12_01,1,BREATH_PACED_12,1.00,0.9184,,MR60BHA2_breath_phase,safenest-node-01
13.9070,-0.820000,S001,S001_BREATH_PACED_12_01,1,BREATH_PACED_12,1.00,0.9184,,MR60BHA2_breath_phase,safenest-node-01
14.0070,-0.800000,S001,S001_BREATH_PACED_12_01,1,BREATH_PACED_12,1.00,0.9184,,MR60BHA2_breath_phase,safenest-node-01
14.1070,-0.760000,S001,S001_BREATH_PACED_12_01,1,BREATH_PACED_12,1.00,0.9184,,MR60BHA2_breath_phase,safenest-node-01
14.2070,-0.730000,S001,S001_BREATH_PACED_12_01,1,BREATH_PACED_12,1.00,0.9184,,MR60BHA2_breath_phase,safenest-node-01
14.3070,-0.670000,S001,S001_BREATH_PACED_12_01,1,BREATH_PACED_12,1.00,0.9184,,MR60BHA2_breath_phase,safenest-node-01
14.4070,-0.640000,S001,S001_BREATH_PACED_12_01,1,BREATH_PACED_12,1.00,0.9184,,MR60BHA2_breath_phase,safenest-node-01
14.5070,-0.570000,S001,S001_BREATH_PACED_12_01,1,BREATH_PACED_12,1.00,0.9184,,MR60BHA2_breath_phase,safenest-node-01
14.6070,-0.490000,S001,S001_BREATH_PACED_12_01,1,BREATH_PACED_12,1.00,0.9184,,MR60BHA2_breath_phase,safenest-node-01
14.7070,-0.450000,S001,S001_BREATH_PACED_12_01,1,BREATH_PACED_12,1.00,0.9184,,MR60BHA2_breath_phase,safenest-node-01
14.8070,-0.370000,S001,S001_BREATH_PACED_12_01,1,BREATH_PACED_12,1.00,0.9184,,MR60BHA2_breath_phase,safenest-node-01
14.9070,-0.340000,S001,S001_BREATH_PACED_12_01,1,BREATH_PACED_12,1.00,0.9184,,MR60BHA2_breath_phase,safenest-node-01
15.0070,-0.270000,S001,S001_BREATH_PACED_12_01,1,BREATH_PACED_12,1.00,0.9184,,MR60BHA2_breath_phase,safenest-node-01
15.1070,-0.210000,S001,S001_BREATH_PACED_12_01,1,BREATH_PACED_12,1.00,0.9184,,MR60BHA2_breath_phase,safenest-node-01
15.2070,-0.180000,S001,S001_BREATH_PACED_12_01,1,BREATH_PACED_12,1.00,0.9184,,MR60BHA2_breath_phase,safenest-node-01
15.3070,-0.130000,S001,S001_BREATH_PACED_12_01,1,BREATH_PACED_12,1.00,0.9184,,MR60BHA2_breath_phase,safenest-node-01
15.4070,-0.100000,S001,S001_BREATH_PACED_12_01,1,BREATH_PACED_12,1.00,0.9184,,MR60BHA2_breath_phase,safenest-node-01
15.5070,-0.050000,S001,S001_BREATH_PACED_12_01,1,BREATH_PACED_12,1.00,0.9184,,MR60BHA2_breath_phase,safenest-node-01
15.6070,-0.010000,S001,S001_BREATH_PACED_12_01,1,BREATH_PACED_12,,0.9184,,MR60BHA2_breath_phase,safenest-node-01
15.7070,0.020000,S001,S001_BREATH_PACED_12_01,1,BREATH_PACED_12,,0.9184,,MR60BHA2_breath_phase,safenest-node-01
15.8070,0.040000,S001,S001_BREATH_PACED_12_01,1,BREATH_PACED_12,,0.9184,,MR60BHA2_breath_phase,safenest-node-01
15.9070,0.060000,S001,S001_BREATH_PACED_12_01,1,BREATH_PACED_12,,0.9184,,MR60BHA2_breath_phase,safenest-node-01
16.0070,0.070000,S001,S001_BREATH_PACED_12_01,1,BREATH_PACED_12,,0.9184,,MR60BHA2_breath_phase,safenest-node-01
16.1070,0.080000,S001,S001_BREATH_PACED_12_01,1,BREATH_PACED_12,,0.9184,,MR60BHA2_breath_phase,safenest-node-01
16.2070,0.080000,S001,S001_BREATH_PACED_12_01,1,BREATH_PACED_12,,0.9184,,MR60BHA2_breath_phase,safenest-node-01
16.3070,0.070000,S001,S001_BREATH_PACED_12_01,1,BREATH_PACED_12,,0.9184,,MR60BHA2_breath_phase,safenest-node-01
16.4070,0.060000,S001,S001_BREATH_PACED_12_01,1,BREATH_PACED_12,,0.9184,,MR60BHA2_breath_phase,safenest-node-01
16.5070,0.050000,S001,S001_BREATH_PACED_12_01,1,BREATH_PACED_12,,0.9184,,MR60BHA2_breath_phase,safenest-node-01
16.6070,0.040000,S001,S001_BREATH_PACED_12_01,1,BREATH_PACED_12,,0.9184,,MR60BHA2_breath_phase,safenest-node-01
16.7070,0.020000,S001,S001_BREATH_PACED_12_01,1,BREATH_PACED_12,,0.9184,,MR60BHA2_breath_phase,safenest-node-01
16.8070,0.010000,S001,S001_BREATH_PACED_12_01,1,BREATH_PACED_12,,0.9184,,MR60BHA2_breath_phase,safenest-node-01
16.9070,-0.010000,S001,S001_BREATH_PACED_12_01,1,BREATH_PACED_12,,0.9184,,MR60BHA2_breath_phase,safenest-node-01
17.0070,-0.010000,S001,S001_BREATH_PACED_12_01,1,BREATH_PACED_12,,0.9184,,MR60BHA2_breath_phase,safenest-node-01
17.1070,-0.010000,S001,S001_BREATH_PACED_12_01,1,BREATH_PACED_12,,0.9184,,MR60BHA2_breath_phase,safenest-node-01
17.2070,0.020000,S001,S001_BREATH_PACED_12_01,1,BREATH_PACED_12,,0.9184,,MR60BHA2_breath_phase,safenest-node-01
17.3070,0.070000,S001,S001_BREATH_PACED_12_01,1,BREATH_PACED_12,,0.9184,,MR60BHA2_breath_phase,safenest-node-01
17.4070,0.100000,S001,S001_BREATH_PACED_12_01,1,BREATH_PACED_12,,0.9184,,MR60BHA2_breath_phase,safenest-node-01
17.5070,0.180000,S001,S001_BREATH_PACED_12_01,1,BREATH_PACED_12,,0.9184,,MR60BHA2_breath_phase,safenest-node-01
17.6070,0.230000,S001,S001_BREATH_PACED_12_01,1,BREATH_PACED_12,,0.9184,,MR60BHA2_breath_phase,safenest-node-01
17.7070,0.320000,S001,S001_BREATH_PACED_12_01,1,BREATH_PACED_12,,0.9184,,MR60BHA2_breath_phase,safenest-node-01
17.8070,0.420000,S001,S001_BREATH_PACED_12_01,1,BREATH_PACED_12,,0.9184,,MR60BHA2_breath_phase,safenest-node-01
17.9070,0.470000,S001,S001_BREATH_PACED_12_01,1,BREATH_PACED_12,,0.9184,,MR60BHA2_breath_phase,safenest-node-01
18.0070,0.560000,S001,S001_BREATH_PACED_12_01,1,BREATH_PACED_12,,0.9184,,MR60BHA2_breath_phase,safenest-node-01
18.1070,0.600000,S001,S001_BREATH_PACED_12_01,1,BREATH_PACED_12,,0.9184,,MR60BHA2_breath_phase,safenest-node-01
18.2070,0.670000,S001,S001_BREATH_PACED_12_01,1,BREATH_PACED_12,,0.9184,,MR60BHA2_breath_phase,safenest-node-01
18.3070,0.730000,S001,S001_BREATH_PACED_12_01,1,BREATH_PACED_12,,0.9184,,MR60BHA2_breath_phase,safenest-node-01
18.4070,0.750000,S001,S001_BREATH_PACED_12_01,1,BREATH_PACED_12,,0.9184,,MR60BHA2_breath_phase,safenest-node-01
18.5070,0.790000,S001,S001_BREATH_PACED_12_01,1,BREATH_PACED_12,,0.9184,,MR60BHA2_breath_phase,safenest-node-01
18.6070,0.800000,S001,S001_BREATH_PACED_12_01,1,BREATH_PACED_12,,0.9184,,MR60BHA2_breath_phase,safenest-node-01
18.7070,0.810000,S001,S001_BREATH_PACED_12_01,1,BREATH_PACED_12,,0.9184,,MR60BHA2_breath_phase,safenest-node-01
18.8070,0.800000,S001,S001_BREATH_PACED_12_01,1,BREATH_PACED_12,,0.9184,,MR60BHA2_breath_phase,safenest-node-01
18.9070,0.780000,S001,S001_BREATH_PACED_12_01,1,BREATH_PACED_12,,0.9184,,MR60BHA2_breath_phase,safenest-node-01
19.0070,0.720000,S001,S001_BREATH_PACED_12_01,1,BREATH_PACED_12,,0.9184,,MR60BHA2_breath_phase,safenest-node-01
19.1070,0.680000,S001,S001_BREATH_PACED_12_01,1,BREATH_PACED_12,,0.9184,,MR60BHA2_breath_phase,safenest-node-01
19.2070,0.580000,S001,S001_BREATH_PACED_12_01,1,BREATH_PACED_12,,0.9184,,MR60BHA2_breath_phase,safenest-node-01
19.3070,0.460000,S001,S001_BREATH_PACED_12_01,1,BREATH_PACED_12,,0.9184,,MR60BHA2_breath_phase,safenest-node-01
19.4080,0.310000,S001,S001_BREATH_PACED_12_01,1,BREATH_PACED_12,,0.9184,,MR60BHA2_breath_phase,safenest-node-01
19.5080,0.230000,S001,S001_BREATH_PACED_12_01,1,BREATH_PACED_12,,0.9184,,MR60BHA2_breath_phase,safenest-node-01
19.6080,0.080000,S001,S001_BREATH_PACED_12_01,1,BREATH_PACED_12,,0.9184,,MR60BHA2_breath_phase,safenest-node-01
19.7080,0.010000,S001,S001_BREATH_PACED_12_01,1,BREATH_PACED_12,,0.9184,,MR60BHA2_breath_phase,safenest-node-01
19.8080,-0.110000,S001,S001_BREATH_PACED_12_01,1,BREATH_PACED_12,,0.9184,,MR60BHA2_breath_phase,safenest-node-01
19.9080,-0.190000,S001,S001_BREATH_PACED_12_01,1,BREATH_PACED_12,,0.9184,,MR60BHA2_breath_phase,safenest-node-01
20.0080,-0.210000,S001,S001_BREATH_PACED_12_01,1,BREATH_PACED_12,,0.9184,,MR60BHA2_breath_phase,safenest-node-01
20.1080,-0.230000,S001,S001_BREATH_PACED_12_01,1,BREATH_PACED_12,,0.9184,,MR60BHA2_breath_phase,safenest-node-01
20.2080,-0.230000,S001,S001_BREATH_PACED_12_01,1,BREATH_PACED_12,,0.9184,,MR60BHA2_breath_phase,safenest-node-01
20.3080,-0.180000,S001,S001_BREATH_PACED_12_01,1,BREATH_PACED_12,,0.9184,,MR60BHA2_breath_phase,safenest-node-01
20.4080,-0.110000,S001,S001_BREATH_PACED_12_01,1,BREATH_PACED_12,,0.9184,,MR60BHA2_breath_phase,safenest-node-01
20.5080,-0.070000,S001,S001_BREATH_PACED_12_01,1,BREATH_PACED_12,,0.9184,,MR60BHA2_breath_phase,safenest-node-01
20.6080,0.020000,S001,S001_BREATH_PACED_12_01,1,BREATH_PACED_12,,0.9184,,MR60BHA2_breath_phase,safenest-node-01
20.7080,0.060000,S001,S001_BREATH_PACED_12_01,1,BREATH_PACED_12,,0.9184,,MR60BHA2_breath_phase,safenest-node-01
20.8080,0.150000,S001,S001_BREATH_PACED_12_01,1,BREATH_PACED_12,,0.9184,,MR60BHA2_breath_phase,safenest-node-01
20.9080,0.230000,S001,S001_BREATH_PACED_12_01,1,BREATH_PACED_12,,0.9184,,MR60BHA2_breath_phase,safenest-node-01
21.0080,0.280000,S001,S001_BREATH_PACED_12_01,1,BREATH_PACED_12,,0.9184,,MR60BHA2_breath_phase,safenest-node-01
21.1080,0.300000,S001,S001_BREATH_PACED_12_01,1,BREATH_PACED_12,,0.9184,,MR60BHA2_breath_phase,safenest-node-01
21.2080,0.310000,S001,S001_BREATH_PACED_12_01,1,BREATH_PACED_12,,0.9184,,MR60BHA2_breath_phase,safenest-node-01
21.3080,0.310000,S001,S001_BREATH_PACED_12_01,1,BREATH_PACED_12,,0.9184,,MR60BHA2_breath_phase,safenest-node-01
21.4080,0.280000,S001,S001_BREATH_PACED_12_01,1,BREATH_PACED_12,,0.9184,,MR60BHA2_breath_phase,safenest-node-01
21.5080,0.240000,S001,S001_BREATH_PACED_12_01,1,BREATH_PACED_12,,0.9184,,MR60BHA2_breath_phase,safenest-node-01
21.6080,0.210000,S001,S001_BREATH_PACED_12_01,1,BREATH_PACED_12,,0.9184,,MR60BHA2_breath_phase,safenest-node-01
21.7080,0.150000,S001,S001_BREATH_PACED_12_01,1,BREATH_PACED_12,,0.9184,,MR60BHA2_breath_phase,safenest-node-01
21.8080,0.120000,S001,S001_BREATH_PACED_12_01,1,BREATH_PACED_12,,0.9184,,MR60BHA2_breath_phase,safenest-node-01
21.9080,0.040000,S001,S001_BREATH_PACED_12_01,1,BREATH_PACED_12,,0.9184,,MR60BHA2_breath_phase,safenest-node-01
22.0080,-0.030000,S001,S001_BREATH_PACED_12_01,1,BREATH_PACED_12,,0.9184,,MR60BHA2_breath_phase,safenest-node-01
22.1080,-0.060000,S001,S001_BREATH_PACED_12_01,1,BREATH_PACED_12,,0.9184,,MR60BHA2_breath_phase,safenest-node-01
22.2080,-0.130000,S001,S001_BREATH_PACED_12_01,1,BREATH_PACED_12,,0.9184,,MR60BHA2_breath_phase,safenest-node-01
22.3080,-0.180000,S001,S001_BREATH_PACED_12_01,1,BREATH_PACED_12,,0.9184,,MR60BHA2_breath_phase,safenest-node-01
22.4080,-0.200000,S001,S001_BREATH_PACED_12_01,1,BREATH_PACED_12,,0.9184,,MR60BHA2_breath_phase,safenest-node-01
22.5080,-0.240000,S001,S001_BREATH_PACED_12_01,1,BREATH_PACED_12,,0.9184,,MR60BHA2_breath_phase,safenest-node-01
22.6080,-0.260000,S001,S001_BREATH_PACED_12_01,1,BREATH_PACED_12,,0.9184,,MR60BHA2_breath_phase,safenest-node-01
22.7080,-0.260000,S001,S001_BREATH_PACED_12_01,1,BREATH_PACED_12,,0.9184,,MR60BHA2_breath_phase,safenest-node-01
22.8080,-0.270000,S001,S001_BREATH_PACED_12_01,1,BREATH_PACED_12,,0.9184,,MR60BHA2_breath_phase,safenest-node-01
22.9080,-0.270000,S001,S001_BREATH_PACED_12_01,1,BREATH_PACED_12,,0.9184,,MR60BHA2_breath_phase,safenest-node-01
23.0080,-0.280000,S001,S001_BREATH_PACED_12_01,1,BREATH_PACED_12,,0.9184,,MR60BHA2_breath_phase,safenest-node-01
23.1080,-0.270000,S001,S001_BREATH_PACED_12_01,1,BREATH_PACED_12,,0.9184,,MR60BHA2_breath_phase,safenest-node-01
23.2080,-0.270000,S001,S001_BREATH_PACED_12_01,1,BREATH_PACED_12,,0.9184,,MR60BHA2_breath_phase,safenest-node-01
23.3080,-0.270000,S001,S001_BREATH_PACED_12_01,1,BREATH_PACED_12,,0.9184,,MR60BHA2_breath_phase,safenest-node-01
23.4080,-0.270000,S001,S001_BREATH_PACED_12_01,1,BREATH_PACED_12,,0.9184,,MR60BHA2_breath_phase,safenest-node-01
23.5080,-0.280000,S001,S001_BREATH_PACED_12_01,1,BREATH_PACED_12,,0.9184,,MR60BHA2_breath_phase,safenest-node-01
23.6080,-0.290000,S001,S001_BREATH_PACED_12_01,1,BREATH_PACED_12,,0.9184,,MR60BHA2_breath_phase,safenest-node-01
23.7080,-0.300000,S001,S001_BREATH_PACED_12_01,1,BREATH_PACED_12,,0.9184,,MR60BHA2_breath_phase,safenest-node-01
23.8080,-0.310000,S001,S001_BREATH_PACED_12_01,1,BREATH_PACED_12,,0.9184,,MR60BHA2_breath_phase,safenest-node-01
23.9080,-0.320000,S001,S001_BREATH_PACED_12_01,1,BREATH_PACED_12,,0.9184,,MR60BHA2_breath_phase,safenest-node-01
24.0080,-0.340000,S001,S001_BREATH_PACED_12_01,1,BREATH_PACED_12,,0.9184,,MR60BHA2_breath_phase,safenest-node-01
24.1080,-0.370000,S001,S001_BREATH_PACED_12_01,1,BREATH_PACED_12,,0.9184,,MR60BHA2_breath_phase,safenest-node-01
24.2080,-0.390000,S001,S001_BREATH_PACED_12_01,1,BREATH_PACED_12,,0.9184,,MR60BHA2_breath_phase,safenest-node-01
24.3080,-0.400000,S001,S001_BREATH_PACED_12_01,1,BREATH_PACED_12,,0.9184,,MR60BHA2_breath_phase,safenest-node-01
24.4080,-0.420000,S001,S001_BREATH_PACED_12_01,1,BREATH_PACED_12,,0.9184,,MR60BHA2_breath_phase,safenest-node-01
24.5080,-0.430000,S001,S001_BREATH_PACED_12_01,1,BREATH_PACED_12,,0.9184,,MR60BHA2_breath_phase,safenest-node-01
24.6080,-0.440000,S001,S001_BREATH_PACED_12_01,1,BREATH_PACED_12,,0.9184,,MR60BHA2_breath_phase,safenest-node-01
24.7080,-0.450000,S001,S001_BREATH_PACED_12_01,1,BREATH_PACED_12,,0.9184,,MR60BHA2_breath_phase,safenest-node-01
24.8080,-0.450000,S001,S001_BREATH_PACED_12_01,1,BREATH_PACED_12,,0.9184,,MR60BHA2_breath_phase,safenest-node-01
24.9080,-0.460000,S001,S001_BREATH_PACED_12_01,1,BREATH_PACED_12,,0.9184,,MR60BHA2_breath_phase,safenest-node-01
25.0080,-0.460000,S001,S001_BREATH_PACED_12_01,1,BREATH_PACED_12,,0.9184,,MR60BHA2_breath_phase,safenest-node-01
25.1080,-0.460000,S001,S001_BREATH_PACED_12_01,1,BREATH_PACED_12,,0.9184,,MR60BHA2_breath_phase,safenest-node-01
25.2080,-0.450000,S001,S001_BREATH_PACED_12_01,1,BREATH_PACED_12,,0.9184,,MR60BHA2_breath_phase,safenest-node-01
25.3080,-0.430000,S001,S001_BREATH_PACED_12_01,1,BREATH_PACED_12,,0.9184,,MR60BHA2_breath_phase,safenest-node-01
25.4080,-0.420000,S001,S001_BREATH_PACED_12_01,1,BREATH_PACED_12,,0.9184,,MR60BHA2_breath_phase,safenest-node-01
25.5080,-0.390000,S001,S001_BREATH_PACED_12_01,1,BREATH_PACED_12,,0.9184,,MR60BHA2_breath_phase,safenest-node-01
25.6080,-0.370000,S001,S001_BREATH_PACED_12_01,1,BREATH_PACED_12,,0.9184,,MR60BHA2_breath_phase,safenest-node-01
25.7080,-0.330000,S001,S001_BREATH_PACED_12_01,1,BREATH_PACED_12,,0.9184,,MR60BHA2_breath_phase,safenest-node-01
25.8080,-0.290000,S001,S001_BREATH_PACED_12_01,1,BREATH_PACED_12,,0.9184,,MR60BHA2_breath_phase,safenest-node-01
25.9080,-0.260000,S001,S001_BREATH_PACED_12_01,1,BREATH_PACED_12,,0.9184,,MR60BHA2_breath_phase,safenest-node-01
26.0080,-0.220000,S001,S001_BREATH_PACED_12_01,1,BREATH_PACED_12,,0.9184,,MR60BHA2_breath_phase,safenest-node-01
26.1080,-0.190000,S001,S001_BREATH_PACED_12_01,1,BREATH_PACED_12,,0.9184,,MR60BHA2_breath_phase,safenest-node-01
26.2080,-0.150000,S001,S001_BREATH_PACED_12_01,1,BREATH_PACED_12,,0.9184,,MR60BHA2_breath_phase,safenest-node-01
26.3080,-0.110000,S001,S001_BREATH_PACED_12_01,1,BREATH_PACED_12,,0.9184,,MR60BHA2_breath_phase,safenest-node-01
26.4080,-0.090000,S001,S001_BREATH_PACED_12_01,1,BREATH_PACED_12,,0.9184,,MR60BHA2_breath_phase,safenest-node-01
26.5080,-0.070000,S001,S001_BREATH_PACED_12_01,1,BREATH_PACED_12,,0.9184,,MR60BHA2_breath_phase,safenest-node-01
26.6080,-0.060000,S001,S001_BREATH_PACED_12_01,1,BREATH_PACED_12,,0.9184,,MR60BHA2_breath_phase,safenest-node-01
26.7080,-0.040000,S001,S001_BREATH_PACED_12_01,1,BREATH_PACED_12,,0.9184,,MR60BHA2_breath_phase,safenest-node-01
26.8080,-0.040000,S001,S001_BREATH_PACED_12_01,1,BREATH_PACED_12,,0.9184,,MR60BHA2_breath_phase,safenest-node-01
26.9080,-0.030000,S001,S001_BREATH_PACED_12_01,1,BREATH_PACED_12,,0.9184,,MR60BHA2_breath_phase,safenest-node-01
27.0080,-0.030000,S001,S001_BREATH_PACED_12_01,1,BREATH_PACED_12,,0.9184,,MR60BHA2_breath_phase,safenest-node-01
27.1080,-0.020000,S001,S001_BREATH_PACED_12_01,1,BREATH_PACED_12,,0.9184,,MR60BHA2_breath_phase,safenest-node-01
27.2080,-0.010000,S001,S001_BREATH_PACED_12_01,1,BREATH_PACED_12,1.00,0.9184,,MR60BHA2_breath_phase,safenest-node-01
27.3080,0.000000,S001,S001_BREATH_PACED_12_01,1,BREATH_PACED_12,3.00,0.9184,,MR60BHA2_breath_phase,safenest-node-01
27.4080,0.020000,S001,S001_BREATH_PACED_12_01,1,BREATH_PACED_12,4.00,0.9184,,MR60BHA2_breath_phase,safenest-node-01
27.5080,0.040000,S001,S001_BREATH_PACED_12_01,1,BREATH_PACED_12,4.00,0.9184,,MR60BHA2_breath_phase,safenest-node-01
27.6080,0.080000,S001,S001_BREATH_PACED_12_01,1,BREATH_PACED_12,5.00,0.9184,,MR60BHA2_breath_phase,safenest-node-01
27.7080,0.100000,S001,S001_BREATH_PACED_12_01,1,BREATH_PACED_12,6.00,0.9184,,MR60BHA2_breath_phase,safenest-node-01
27.8080,0.170000,S001,S001_BREATH_PACED_12_01,1,BREATH_PACED_12,7.00,0.9184,,MR60BHA2_breath_phase,safenest-node-01
27.9080,0.250000,S001,S001_BREATH_PACED_12_01,1,BREATH_PACED_12,7.00,0.9184,,MR60BHA2_breath_phase,safenest-node-01
28.0080,0.290000,S001,S001_BREATH_PACED_12_01,1,BREATH_PACED_12,7.00,0.9184,,MR60BHA2_breath_phase,safenest-node-01
28.1080,0.390000,S001,S001_BREATH_PACED_12_01,1,BREATH_PACED_12,7.00,0.9184,,MR60BHA2_breath_phase,safenest-node-01
28.2080,0.440000,S001,S001_BREATH_PACED_12_01,1,BREATH_PACED_12,6.00,0.9184,,MR60BHA2_breath_phase,safenest-node-01
28.3080,0.530000,S001,S001_BREATH_PACED_12_01,1,BREATH_PACED_12,6.00,0.9184,,MR60BHA2_breath_phase,safenest-node-01
28.4080,0.620000,S001,S001_BREATH_PACED_12_01,1,BREATH_PACED_12,6.00,0.9184,,MR60BHA2_breath_phase,safenest-node-01
28.5080,0.680000,S001,S001_BREATH_PACED_12_01,1,BREATH_PACED_12,5.00,0.9184,,MR60BHA2_breath_phase,safenest-node-01
28.6080,0.700000,S001,S001_BREATH_PACED_12_01,1,BREATH_PACED_12,5.00,0.9184,,MR60BHA2_breath_phase,safenest-node-01
28.7080,0.730000,S001,S001_BREATH_PACED_12_01,1,BREATH_PACED_12,5.00,0.9184,,MR60BHA2_breath_phase,safenest-node-01
28.8080,0.740000,S001,S001_BREATH_PACED_12_01,1,BREATH_PACED_12,5.00,0.9184,,MR60BHA2_breath_phase,safenest-node-01
28.9080,0.740000,S001,S001_BREATH_PACED_12_01,1,BREATH_PACED_12,5.00,0.9184,,MR60BHA2_breath_phase,safenest-node-01
29.0080,0.710000,S001,S001_BREATH_PACED_12_01,1,BREATH_PACED_12,4.00,0.9184,,MR60BHA2_breath_phase,safenest-node-01
29.1080,0.700000,S001,S001_BREATH_PACED_12_01,1,BREATH_PACED_12,4.00,0.9184,,MR60BHA2_breath_phase,safenest-node-01
29.2080,0.650000,S001,S001_BREATH_PACED_12_01,1,BREATH_PACED_12,4.00,0.9184,,MR60BHA2_breath_phase,safenest-node-01
29.3080,0.620000,S001,S001_BREATH_PACED_12_01,1,BREATH_PACED_12,4.00,0.9184,,MR60BHA2_breath_phase,safenest-node-01
29.4080,0.560000,S001,S001_BREATH_PACED_12_01,1,BREATH_PACED_12,4.00,0.9184,,MR60BHA2_breath_phase,safenest-node-01
29.5080,0.500000,S001,S001_BREATH_PACED_12_01,1,BREATH_PACED_12,4.00,0.9184,,MR60BHA2_breath_phase,safenest-node-01
29.6080,0.470000,S001,S001_BREATH_PACED_12_01,1,BREATH_PACED_12,4.00,0.9184,,MR60BHA2_breath_phase,safenest-node-01
29.7080,0.410000,S001,S001_BREATH_PACED_12_01,1,BREATH_PACED_12,3.00,0.9184,,MR60BHA2_breath_phase,safenest-node-01
29.8080,0.390000,S001,S001_BREATH_PACED_12_01,1,BREATH_PACED_12,3.00,0.9184,,MR60BHA2_breath_phase,safenest-node-01
29.9080,0.350000,S001,S001_BREATH_PACED_12_01,1,BREATH_PACED_12,3.00,0.9184,,MR60BHA2_breath_phase,safenest-node-01
30.0080,0.320000,S001,S001_BREATH_PACED_12_01,1,BREATH_PACED_12,3.00,0.9184,,MR60BHA2_breath_phase,safenest-node-01
30.1080,0.300000,S001,S001_BREATH_PACED_12_01,1,BREATH_PACED_12,3.00,0.9184,,MR60BHA2_breath_phase,safenest-node-01
30.2080,0.300000,S001,S001_BREATH_PACED_12_01,1,BREATH_PACED_12,3.00,0.9184,,MR60BHA2_breath_phase,safenest-node-01
30.3080,0.300000,S001,S001_BREATH_PACED_12_01,1,BREATH_PACED_12,3.00,0.9184,,MR60BHA2_breath_phase,safenest-node-01
30.4080,0.300000,S001,S001_BREATH_PACED_12_01,1,BREATH_PACED_12,3.00,0.9184,,MR60BHA2_breath_phase,safenest-node-01
30.5080,0.300000,S001,S001_BREATH_PACED_12_01,1,BREATH_PACED_12,2.00,0.9184,,MR60BHA2_breath_phase,safenest-node-01
30.6080,0.300000,S001,S001_BREATH_PACED_12_01,1,BREATH_PACED_12,2.00,0.9758,,MR60BHA2_breath_phase,safenest-node-01
30.7080,0.310000,S001,S001_BREATH_PACED_12_01,1,BREATH_PACED_12,2.00,0.9758,,MR60BHA2_breath_phase,safenest-node-01
30.8080,0.310000,S001,S001_BREATH_PACED_12_01,1,BREATH_PACED_12,2.00,0.9758,,MR60BHA2_breath_phase,safenest-node-01
30.9080,0.320000,S001,S001_BREATH_PACED_12_01,1,BREATH_PACED_12,2.00,0.9758,,MR60BHA2_breath_phase,safenest-node-01
31.0080,0.320000,S001,S001_BREATH_PACED_12_01,1,BREATH_PACED_12,2.00,0.9758,,MR60BHA2_breath_phase,safenest-node-01
31.1080,0.310000,S001,S001_BREATH_PACED_12_01,1,BREATH_PACED_12,2.00,0.9758,,MR60BHA2_breath_phase,safenest-node-01
31.2080,0.300000,S001,S001_BREATH_PACED_12_01,1,BREATH_PACED_12,2.00,0.9758,,MR60BHA2_breath_phase,safenest-node-01
31.3080,0.270000,S001,S001_BREATH_PACED_12_01,1,BREATH_PACED_12,2.00,0.9758,,MR60BHA2_breath_phase,safenest-node-01
31.4080,0.250000,S001,S001_BREATH_PACED_12_01,1,BREATH_PACED_12,2.00,0.9758,,MR60BHA2_breath_phase,safenest-node-01
31.5080,0.180000,S001,S001_BREATH_PACED_12_01,1,BREATH_PACED_12,2.00,0.9758,,MR60BHA2_breath_phase,safenest-node-01
31.6080,0.100000,S001,S001_BREATH_PACED_12_01,1,BREATH_PACED_12,2.00,0.9758,,MR60BHA2_breath_phase,safenest-node-01
31.7080,0.000000,S001,S001_BREATH_PACED_12_01,1,BREATH_PACED_12,1.00,0.9758,,MR60BHA2_breath_phase,safenest-node-01
31.8080,-0.050000,S001,S001_BREATH_PACED_12_01,1,BREATH_PACED_12,1.00,0.9758,,MR60BHA2_breath_phase,safenest-node-01
31.9080,-0.100000,S001,S001_BREATH_PACED_12_01,1,BREATH_PACED_12,1.00,0.9758,,MR60BHA2_breath_phase,safenest-node-01
32.0080,-0.210000,S001,S001_BREATH_PACED_12_01,1,BREATH_PACED_12,1.00,0.9758,,MR60BHA2_breath_phase,safenest-node-01
32.1080,-0.320000,S001,S001_BREATH_PACED_12_01,1,BREATH_PACED_12,1.00,0.9758,,MR60BHA2_breath_phase,safenest-node-01
32.2080,-0.410000,S001,S001_BREATH_PACED_12_01,1,BREATH_PACED_12,1.00,0.9758,,MR60BHA2_breath_phase,safenest-node-01
32.3080,-0.460000,S001,S001_BREATH_PACED_12_01,1,BREATH_PACED_12,1.00,0.9758,,MR60BHA2_breath_phase,safenest-node-01
32.4080,-0.530000,S001,S001_BREATH_PACED_12_01,1,BREATH_PACED_12,1.00,0.9758,,MR60BHA2_breath_phase,safenest-node-01
32.5080,-0.570000,S001,S001_BREATH_PACED_12_01,1,BREATH_PACED_12,1.00,0.9758,,MR60BHA2_breath_phase,safenest-node-01
32.6080,-0.620000,S001,S001_BREATH_PACED_12_01,1,BREATH_PACED_12,1.00,0.9758,,MR60BHA2_breath_phase,safenest-node-01
32.7080,-0.650000,S001,S001_BREATH_PACED_12_01,1,BREATH_PACED_12,1.00,0.9758,,MR60BHA2_breath_phase,safenest-node-01
32.8080,-0.660000,S001,S001_BREATH_PACED_12_01,1,BREATH_PACED_12,1.00,0.9758,,MR60BHA2_breath_phase,safenest-node-01
32.9080,-0.670000,S001,S001_BREATH_PACED_12_01,1,BREATH_PACED_12,1.00,0.9758,,MR60BHA2_breath_phase,safenest-node-01
33.0080,-0.660000,S001,S001_BREATH_PACED_12_01,1,BREATH_PACED_12,1.00,0.9758,,MR60BHA2_breath_phase,safenest-node-01
33.1080,-0.650000,S001,S001_BREATH_PACED_12_01,1,BREATH_PACED_12,1.00,0.9758,,MR60BHA2_breath_phase,safenest-node-01
33.2080,-0.620000,S001,S001_BREATH_PACED_12_01,1,BREATH_PACED_12,1.00,0.9758,,MR60BHA2_breath_phase,safenest-node-01
33.3080,-0.610000,S001,S001_BREATH_PACED_12_01,1,BREATH_PACED_12,1.00,0.9758,,MR60BHA2_breath_phase,safenest-node-01
33.4080,-0.580000,S001,S001_BREATH_PACED_12_01,1,BREATH_PACED_12,1.00,0.9758,,MR60BHA2_breath_phase,safenest-node-01
33.5080,-0.550000,S001,S001_BREATH_PACED_12_01,1,BREATH_PACED_12,1.00,0.9758,,MR60BHA2_breath_phase,safenest-node-01
33.6080,-0.530000,S001,S001_BREATH_PACED_12_01,1,BREATH_PACED_12,1.00,0.9758,,MR60BHA2_breath_phase,safenest-node-01
33.7080,-0.490000,S001,S001_BREATH_PACED_12_01,1,BREATH_PACED_12,1.00,0.9758,,MR60BHA2_breath_phase,safenest-node-01
33.8080,-0.460000,S001,S001_BREATH_PACED_12_01,1,BREATH_PACED_12,1.00,0.9758,,MR60BHA2_breath_phase,safenest-node-01
33.9080,-0.440000,S001,S001_BREATH_PACED_12_01,1,BREATH_PACED_12,1.00,0.9758,,MR60BHA2_breath_phase,safenest-node-01
34.0080,-0.410000,S001,S001_BREATH_PACED_12_01,1,BREATH_PACED_12,1.00,0.9758,,MR60BHA2_breath_phase,safenest-node-01
34.1080,-0.400000,S001,S001_BREATH_PACED_12_01,1,BREATH_PACED_12,1.00,0.9758,,MR60BHA2_breath_phase,safenest-node-01
34.2080,-0.370000,S001,S001_BREATH_PACED_12_01,1,BREATH_PACED_12,1.00,0.9758,,MR60BHA2_breath_phase,safenest-node-01
34.3080,-0.340000,S001,S001_BREATH_PACED_12_01,1,BREATH_PACED_12,,0.9758,,MR60BHA2_breath_phase,safenest-node-01
34.4080,-0.320000,S001,S001_BREATH_PACED_12_01,1,BREATH_PACED_12,,0.9758,,MR60BHA2_breath_phase,safenest-node-01
34.5080,-0.300000,S001,S001_BREATH_PACED_12_01,1,BREATH_PACED_12,,0.9758,,MR60BHA2_breath_phase,safenest-node-01
34.6080,-0.280000,S001,S001_BREATH_PACED_12_01,1,BREATH_PACED_12,,0.9758,,MR60BHA2_breath_phase,safenest-node-01
34.7080,-0.260000,S001,S001_BREATH_PACED_12_01,1,BREATH_PACED_12,,0.9758,,MR60BHA2_breath_phase,safenest-node-01
34.8080,-0.230000,S001,S001_BREATH_PACED_12_01,1,BREATH_PACED_12,,0.9758,,MR60BHA2_breath_phase,safenest-node-01
34.9090,-0.210000,S001,S001_BREATH_PACED_12_01,1,BREATH_PACED_12,,0.9758,,MR60BHA2_breath_phase,safenest-node-01
35.0090,-0.170000,S001,S001_BREATH_PACED_12_01,1,BREATH_PACED_12,,0.9758,,MR60BHA2_breath_phase,safenest-node-01
35.1090,-0.150000,S001,S001_BREATH_PACED_12_01,1,BREATH_PACED_12,,0.9758,,MR60BHA2_breath_phase,safenest-node-01
35.2090,-0.100000,S001,S001_BREATH_PACED_12_01,1,BREATH_PACED_12,,0.9758,,MR60BHA2_breath_phase,safenest-node-01
35.3090,-0.030000,S001,S001_BREATH_PACED_12_01,1,BREATH_PACED_12,,0.9758,,MR60BHA2_breath_phase,safenest-node-01
35.4100,0.040000,S001,S001_BREATH_PACED_12_01,1,BREATH_PACED_12,,0.9758,,MR60BHA2_breath_phase,safenest-node-01
35.5100,0.070000,S001,S001_BREATH_PACED_12_01,1,BREATH_PACED_12,,0.9758,,MR60BHA2_breath_phase,safenest-node-01
35.6100,0.130000,S001,S001_BREATH_PACED_12_01,1,BREATH_PACED_12,,0.9184,,MR60BHA2_breath_phase,safenest-node-01
35.7100,0.160000,S001,S001_BREATH_PACED_12_01,1,BREATH_PACED_12,,0.9184,,MR60BHA2_breath_phase,safenest-node-01
35.8100,0.210000,S001,S001_BREATH_PACED_12_01,1,BREATH_PACED_12,,0.9184,,MR60BHA2_breath_phase,safenest-node-01
35.9100,0.250000,S001,S001_BREATH_PACED_12_01,1,BREATH_PACED_12,,0.9184,,MR60BHA2_breath_phase,safenest-node-01
36.0100,0.260000,S001,S001_BREATH_PACED_12_01,1,BREATH_PACED_12,,0.9184,,MR60BHA2_breath_phase,safenest-node-01
36.1100,0.280000,S001,S001_BREATH_PACED_12_01,1,BREATH_PACED_12,,0.9184,,MR60BHA2_breath_phase,safenest-node-01
36.2100,0.280000,S001,S001_BREATH_PACED_12_01,1,BREATH_PACED_12,,0.9184,,MR60BHA2_breath_phase,safenest-node-01
36.3100,0.290000,S001,S001_BREATH_PACED_12_01,1,BREATH_PACED_12,,0.9184,,MR60BHA2_breath_phase,safenest-node-01
36.4100,0.280000,S001,S001_BREATH_PACED_12_01,1,BREATH_PACED_12,,0.9184,,MR60BHA2_breath_phase,safenest-node-01
36.5100,0.280000,S001,S001_BREATH_PACED_12_01,1,BREATH_PACED_12,,0.9184,,MR60BHA2_breath_phase,safenest-node-01
36.6100,0.270000,S001,S001_BREATH_PACED_12_01,1,BREATH_PACED_12,,0.9184,,MR60BHA2_breath_phase,safenest-node-01
36.7100,0.260000,S001,S001_BREATH_PACED_12_01,1,BREATH_PACED_12,,0.9184,,MR60BHA2_breath_phase,safenest-node-01
36.8100,0.230000,S001,S001_BREATH_PACED_12_01,1,BREATH_PACED_12,,0.9184,,MR60BHA2_breath_phase,safenest-node-01
36.9100,0.200000,S001,S001_BREATH_PACED_12_01,1,BREATH_PACED_12,,0.9184,,MR60BHA2_breath_phase,safenest-node-01
37.0110,0.170000,S001,S001_BREATH_PACED_12_01,1,BREATH_PACED_12,,0.9184,,MR60BHA2_breath_phase,safenest-node-01
37.1110,0.150000,S001,S001_BREATH_PACED_12_01,1,BREATH_PACED_12,,0.9184,,MR60BHA2_breath_phase,safenest-node-01
37.2110,0.120000,S001,S001_BREATH_PACED_12_01,1,BREATH_PACED_12,,0.9184,,MR60BHA2_breath_phase,safenest-node-01
37.3110,0.110000,S001,S001_BREATH_PACED_12_01,1,BREATH_PACED_12,,0.9184,,MR60BHA2_breath_phase,safenest-node-01
37.4110,0.090000,S001,S001_BREATH_PACED_12_01,1,BREATH_PACED_12,,0.9184,,MR60BHA2_breath_phase,safenest-node-01
37.5110,0.090000,S001,S001_BREATH_PACED_12_01,1,BREATH_PACED_12,,0.9184,,MR60BHA2_breath_phase,safenest-node-01
37.6110,0.090000,S001,S001_BREATH_PACED_12_01,1,BREATH_PACED_12,,0.9184,,MR60BHA2_breath_phase,safenest-node-01
37.7110,0.100000,S001,S001_BREATH_PACED_12_01,1,BREATH_PACED_12,,0.9184,,MR60BHA2_breath_phase,safenest-node-01
37.8110,0.110000,S001,S001_BREATH_PACED_12_01,1,BREATH_PACED_12,,0.9184,,MR60BHA2_breath_phase,safenest-node-01
37.9110,0.130000,S001,S001_BREATH_PACED_12_01,1,BREATH_PACED_12,,0.9184,,MR60BHA2_breath_phase,safenest-node-01
38.0110,0.140000,S001,S001_BREATH_PACED_12_01,1,BREATH_PACED_12,,0.9184,,MR60BHA2_breath_phase,safenest-node-01
38.1120,0.140000,S001,S001_BREATH_PACED_12_01,1,BREATH_PACED_12,,0.9184,,MR60BHA2_breath_phase,safenest-node-01
38.2120,0.140000,S001,S001_BREATH_PACED_12_01,1,BREATH_PACED_12,,0.9184,,MR60BHA2_breath_phase,safenest-node-01
38.3120,0.130000,S001,S001_BREATH_PACED_12_01,1,BREATH_PACED_12,,0.9184,,MR60BHA2_breath_phase,safenest-node-01
38.4120,0.100000,S001,S001_BREATH_PACED_12_01,1,BREATH_PACED_12,,0.9184,,MR60BHA2_breath_phase,safenest-node-01
38.5120,0.050000,S001,S001_BREATH_PACED_12_01,1,BREATH_PACED_12,,0.9184,,MR60BHA2_breath_phase,safenest-node-01
38.6120,-0.020000,S001,S001_BREATH_PACED_12_01,1,BREATH_PACED_12,,0.9184,,MR60BHA2_breath_phase,safenest-node-01
38.7120,-0.050000,S001,S001_BREATH_PACED_12_01,1,BREATH_PACED_12,,0.9184,,MR60BHA2_breath_phase,safenest-node-01
38.8120,-0.140000,S001,S001_BREATH_PACED_12_01,1,BREATH_PACED_12,,0.9184,,MR60BHA2_breath_phase,safenest-node-01
38.9120,-0.180000,S001,S001_BREATH_PACED_12_01,1,BREATH_PACED_12,,0.9184,,MR60BHA2_breath_phase,safenest-node-01
39.0120,-0.260000,S001,S001_BREATH_PACED_12_01,1,BREATH_PACED_12,,0.9184,,MR60BHA2_breath_phase,safenest-node-01
39.1120,-0.330000,S001,S001_BREATH_PACED_12_01,1,BREATH_PACED_12,,0.9184,,MR60BHA2_breath_phase,safenest-node-01
39.2120,-0.360000,S001,S001_BREATH_PACED_12_01,1,BREATH_PACED_12,,0.9184,,MR60BHA2_breath_phase,safenest-node-01
39.3120,-0.400000,S001,S001_BREATH_PACED_12_01,1,BREATH_PACED_12,,0.9184,,MR60BHA2_breath_phase,safenest-node-01
39.4120,-0.420000,S001,S001_BREATH_PACED_12_01,1,BREATH_PACED_12,,0.9184,,MR60BHA2_breath_phase,safenest-node-01
39.5120,-0.430000,S001,S001_BREATH_PACED_12_01,1,BREATH_PACED_12,,0.9184,,MR60BHA2_breath_phase,safenest-node-01
39.6120,-0.420000,S001,S001_BREATH_PACED_12_01,1,BREATH_PACED_12,,0.9184,,MR60BHA2_breath_phase,safenest-node-01
39.7120,-0.380000,S001,S001_BREATH_PACED_12_01,1,BREATH_PACED_12,,0.9184,,MR60BHA2_breath_phase,safenest-node-01
39.8120,-0.360000,S001,S001_BREATH_PACED_12_01,1,BREATH_PACED_12,,0.9184,,MR60BHA2_breath_phase,safenest-node-01
39.9130,-0.290000,S001,S001_BREATH_PACED_12_01,1,BREATH_PACED_12,,0.9184,,MR60BHA2_breath_phase,safenest-node-01
40.0130,-0.260000,S001,S001_BREATH_PACED_12_01,1,BREATH_PACED_12,,0.9184,,MR60BHA2_breath_phase,safenest-node-01
40.1130,-0.180000,S001,S001_BREATH_PACED_12_01,1,BREATH_PACED_12,,0.9184,,MR60BHA2_breath_phase,safenest-node-01
40.2130,-0.080000,S001,S001_BREATH_PACED_12_01,1,BREATH_PACED_12,,0.9184,,MR60BHA2_breath_phase,safenest-node-01
40.3130,-0.040000,S001,S001_BREATH_PACED_12_01,1,BREATH_PACED_12,,0.9184,,MR60BHA2_breath_phase,safenest-node-01
40.4130,0.060000,S001,S001_BREATH_PACED_12_01,1,BREATH_PACED_12,,0.9184,,MR60BHA2_breath_phase,safenest-node-01
40.5130,0.100000,S001,S001_BREATH_PACED_12_01,1,BREATH_PACED_12,,0.9184,,MR60BHA2_breath_phase,safenest-node-01
40.6130,0.190000,S001,S001_BREATH_PACED_12_01,1,BREATH_PACED_12,1.00,0.9184,,MR60BHA2_breath_phase,safenest-node-01
40.7130,0.260000,S001,S001_BREATH_PACED_12_01,1,BREATH_PACED_12,1.00,0.9184,,MR60BHA2_breath_phase,safenest-node-01
40.8130,0.290000,S001,S001_BREATH_PACED_12_01,1,BREATH_PACED_12,1.00,0.9184,,MR60BHA2_breath_phase,safenest-node-01
40.9130,0.330000,S001,S001_BREATH_PACED_12_01,1,BREATH_PACED_12,2.00,0.9184,,MR60BHA2_breath_phase,safenest-node-01
41.0130,0.350000,S001,S001_BREATH_PACED_12_01,1,BREATH_PACED_12,3.00,0.9184,,MR60BHA2_breath_phase,safenest-node-01
41.1130,0.360000,S001,S001_BREATH_PACED_12_01,1,BREATH_PACED_12,3.00,0.9184,,MR60BHA2_breath_phase,safenest-node-01
41.2130,0.350000,S001,S001_BREATH_PACED_12_01,1,BREATH_PACED_12,4.00,0.9184,,MR60BHA2_breath_phase,safenest-node-01
41.3130,0.330000,S001,S001_BREATH_PACED_12_01,1,BREATH_PACED_12,4.00,0.9184,,MR60BHA2_breath_phase,safenest-node-01
41.4130,0.310000,S001,S001_BREATH_PACED_12_01,1,BREATH_PACED_12,4.00,0.9184,,MR60BHA2_breath_phase,safenest-node-01
41.5130,0.270000,S001,S001_BREATH_PACED_12_01,1,BREATH_PACED_12,5.00,0.9184,,MR60BHA2_breath_phase,safenest-node-01
41.6130,0.250000,S001,S001_BREATH_PACED_12_01,1,BREATH_PACED_12,5.00,0.9184,,MR60BHA2_breath_phase,safenest-node-01
41.7130,0.200000,S001,S001_BREATH_PACED_12_01,1,BREATH_PACED_12,6.00,0.9184,,MR60BHA2_breath_phase,safenest-node-01
41.8130,0.160000,S001,S001_BREATH_PACED_12_01,1,BREATH_PACED_12,6.00,0.9184,,MR60BHA2_breath_phase,safenest-node-01
41.9130,0.140000,S001,S001_BREATH_PACED_12_01,1,BREATH_PACED_12,6.00,0.9184,,MR60BHA2_breath_phase,safenest-node-01
42.0130,0.110000,S001,S001_BREATH_PACED_12_01,1,BREATH_PACED_12,6.00,0.9184,,MR60BHA2_breath_phase,safenest-node-01
42.1130,0.100000,S001,S001_BREATH_PACED_12_01,1,BREATH_PACED_12,7.00,0.9184,,MR60BHA2_breath_phase,safenest-node-01
42.2130,0.090000,S001,S001_BREATH_PACED_12_01,1,BREATH_PACED_12,7.00,0.9184,,MR60BHA2_breath_phase,safenest-node-01
42.3130,0.090000,S001,S001_BREATH_PACED_12_01,1,BREATH_PACED_12,8.00,0.9184,,MR60BHA2_breath_phase,safenest-node-01
42.4140,0.090000,S001,S001_BREATH_PACED_12_01,1,BREATH_PACED_12,8.00,0.9184,,MR60BHA2_breath_phase,safenest-node-01
42.5140,0.110000,S001,S001_BREATH_PACED_12_01,1,BREATH_PACED_12,8.00,0.9184,,MR60BHA2_breath_phase,safenest-node-01
42.6140,0.120000,S001,S001_BREATH_PACED_12_01,1,BREATH_PACED_12,8.00,0.9184,,MR60BHA2_breath_phase,safenest-node-01
42.7140,0.150000,S001,S001_BREATH_PACED_12_01,1,BREATH_PACED_12,8.00,0.9184,,MR60BHA2_breath_phase,safenest-node-01
42.8140,0.190000,S001,S001_BREATH_PACED_12_01,1,BREATH_PACED_12,9.00,0.9184,,MR60BHA2_breath_phase,safenest-node-01
42.9140,0.220000,S001,S001_BREATH_PACED_12_01,1,BREATH_PACED_12,9.00,0.9184,,MR60BHA2_breath_phase,safenest-node-01
43.0140,0.240000,S001,S001_BREATH_PACED_12_01,1,BREATH_PACED_12,9.00,0.9184,,MR60BHA2_breath_phase,safenest-node-01
43.1140,0.280000,S001,S001_BREATH_PACED_12_01,1,BREATH_PACED_12,9.00,0.9184,,MR60BHA2_breath_phase,safenest-node-01
43.2140,0.290000,S001,S001_BREATH_PACED_12_01,1,BREATH_PACED_12,10.00,0.9184,,MR60BHA2_breath_phase,safenest-node-01
43.3140,0.320000,S001,S001_BREATH_PACED_12_01,1,BREATH_PACED_12,10.00,0.9184,,MR60BHA2_breath_phase,safenest-node-01
43.4140,0.340000,S001,S001_BREATH_PACED_12_01,1,BREATH_PACED_12,10.00,0.9184,,MR60BHA2_breath_phase,safenest-node-01
43.5140,0.350000,S001,S001_BREATH_PACED_12_01,1,BREATH_PACED_12,10.00,0.9184,,MR60BHA2_breath_phase,safenest-node-01
43.6140,0.360000,S001,S001_BREATH_PACED_12_01,1,BREATH_PACED_12,10.00,0.9184,,MR60BHA2_breath_phase,safenest-node-01
43.7140,0.360000,S001,S001_BREATH_PACED_12_01,1,BREATH_PACED_12,10.00,0.9184,,MR60BHA2_breath_phase,safenest-node-01
43.8140,0.350000,S001,S001_BREATH_PACED_12_01,1,BREATH_PACED_12,11.00,0.9184,,MR60BHA2_breath_phase,safenest-node-01
43.9140,0.340000,S001,S001_BREATH_PACED_12_01,1,BREATH_PACED_12,11.00,0.9184,,MR60BHA2_breath_phase,safenest-node-01
44.0140,0.330000,S001,S001_BREATH_PACED_12_01,1,BREATH_PACED_12,11.00,0.9184,,MR60BHA2_breath_phase,safenest-node-01
44.1140,0.300000,S001,S001_BREATH_PACED_12_01,1,BREATH_PACED_12,11.00,0.9184,,MR60BHA2_breath_phase,safenest-node-01
44.2140,0.290000,S001,S001_BREATH_PACED_12_01,1,BREATH_PACED_12,11.00,0.9184,,MR60BHA2_breath_phase,safenest-node-01
44.3140,0.260000,S001,S001_BREATH_PACED_12_01,1,BREATH_PACED_12,10.00,0.9184,,MR60BHA2_breath_phase,safenest-node-01
44.4140,0.230000,S001,S001_BREATH_PACED_12_01,1,BREATH_PACED_12,11.00,0.9184,,MR60BHA2_breath_phase,safenest-node-01
44.5140,0.200000,S001,S001_BREATH_PACED_12_01,1,BREATH_PACED_12,12.00,0.9184,,MR60BHA2_breath_phase,safenest-node-01
44.6140,0.180000,S001,S001_BREATH_PACED_12_01,1,BREATH_PACED_12,12.00,0.9184,,MR60BHA2_breath_phase,safenest-node-01
44.7150,0.140000,S001,S001_BREATH_PACED_12_01,1,BREATH_PACED_12,12.00,0.9184,,MR60BHA2_breath_phase,safenest-node-01
44.8150,0.120000,S001,S001_BREATH_PACED_12_01,1,BREATH_PACED_12,13.00,0.9184,,MR60BHA2_breath_phase,safenest-node-01
44.9150,0.060000,S001,S001_BREATH_PACED_12_01,1,BREATH_PACED_12,13.00,0.9184,,MR60BHA2_breath_phase,safenest-node-01
45.0150,0.000000,S001,S001_BREATH_PACED_12_01,1,BREATH_PACED_12,14.00,0.9184,,MR60BHA2_breath_phase,safenest-node-01
45.1150,-0.020000,S001,S001_BREATH_PACED_12_01,1,BREATH_PACED_12,14.00,0.9184,,MR60BHA2_breath_phase,safenest-node-01
45.2150,-0.080000,S001,S001_BREATH_PACED_12_01,1,BREATH_PACED_12,14.00,0.9184,,MR60BHA2_breath_phase,safenest-node-01
45.3150,-0.100000,S001,S001_BREATH_PACED_12_01,1,BREATH_PACED_12,15.00,0.9184,,MR60BHA2_breath_phase,safenest-node-01
45.4150,-0.140000,S001,S001_BREATH_PACED_12_01,1,BREATH_PACED_12,15.00,0.9184,,MR60BHA2_breath_phase,safenest-node-01
45.5150,-0.160000,S001,S001_BREATH_PACED_12_01,1,BREATH_PACED_12,15.00,0.9184,,MR60BHA2_breath_phase,safenest-node-01
45.6150,-0.160000,S001,S001_BREATH_PACED_12_01,1,BREATH_PACED_12,15.00,0.9184,,MR60BHA2_breath_phase,safenest-node-01
45.7150,-0.160000,S001,S001_BREATH_PACED_12_01,1,BREATH_PACED_12,14.00,0.9184,,MR60BHA2_breath_phase,safenest-node-01
45.8150,-0.150000,S001,S001_BREATH_PACED_12_01,1,BREATH_PACED_12,13.00,0.9184,,MR60BHA2_breath_phase,safenest-node-01
45.9150,-0.140000,S001,S001_BREATH_PACED_12_01,1,BREATH_PACED_12,12.00,0.9184,,MR60BHA2_breath_phase,safenest-node-01
46.0150,-0.120000,S001,S001_BREATH_PACED_12_01,1,BREATH_PACED_12,12.00,0.9758,,MR60BHA2_breath_phase,safenest-node-01
46.1150,-0.100000,S001,S001_BREATH_PACED_12_01,1,BREATH_PACED_12,11.00,0.9758,,MR60BHA2_breath_phase,safenest-node-01
46.2150,-0.090000,S001,S001_BREATH_PACED_12_01,1,BREATH_PACED_12,11.00,0.9758,,MR60BHA2_breath_phase,safenest-node-01
46.3150,-0.080000,S001,S001_BREATH_PACED_12_01,1,BREATH_PACED_12,11.00,0.9758,,MR60BHA2_breath_phase,safenest-node-01
46.4150,-0.080000,S001,S001_BREATH_PACED_12_01,1,BREATH_PACED_12,10.00,0.9758,,MR60BHA2_breath_phase,safenest-node-01
46.5150,-0.090000,S001,S001_BREATH_PACED_12_01,1,BREATH_PACED_12,10.00,0.9758,,MR60BHA2_breath_phase,safenest-node-01
46.6150,-0.100000,S001,S001_BREATH_PACED_12_01,1,BREATH_PACED_12,9.00,0.9758,,MR60BHA2_breath_phase,safenest-node-01
46.7150,-0.110000,S001,S001_BREATH_PACED_12_01,1,BREATH_PACED_12,9.00,0.9758,,MR60BHA2_breath_phase,safenest-node-01
46.8150,-0.150000,S001,S001_BREATH_PACED_12_01,1,BREATH_PACED_12,9.00,0.9758,,MR60BHA2_breath_phase,safenest-node-01
46.9150,-0.170000,S001,S001_BREATH_PACED_12_01,1,BREATH_PACED_12,8.00,0.9758,,MR60BHA2_breath_phase,safenest-node-01
47.0150,-0.220000,S001,S001_BREATH_PACED_12_01,1,BREATH_PACED_12,8.00,0.9758,,MR60BHA2_breath_phase,safenest-node-01
47.1150,-0.280000,S001,S001_BREATH_PACED_12_01,1,BREATH_PACED_12,7.00,0.9758,,MR60BHA2_breath_phase,safenest-node-01
47.2150,-0.300000,S001,S001_BREATH_PACED_12_01,1,BREATH_PACED_12,7.00,0.9758,,MR60BHA2_breath_phase,safenest-node-01
47.3150,-0.360000,S001,S001_BREATH_PACED_12_01,1,BREATH_PACED_12,7.00,0.9758,,MR60BHA2_breath_phase,safenest-node-01
47.4150,-0.380000,S001,S001_BREATH_PACED_12_01,1,BREATH_PACED_12,7.00,0.9758,,MR60BHA2_breath_phase,safenest-node-01
47.5150,-0.420000,S001,S001_BREATH_PACED_12_01,1,BREATH_PACED_12,6.00,0.9758,,MR60BHA2_breath_phase,safenest-node-01
47.6150,-0.450000,S001,S001_BREATH_PACED_12_01,1,BREATH_PACED_12,6.00,0.9758,,MR60BHA2_breath_phase,safenest-node-01
47.7160,-0.460000,S001,S001_BREATH_PACED_12_01,1,BREATH_PACED_12,6.00,0.9758,,MR60BHA2_breath_phase,safenest-node-01
47.8160,-0.470000,S001,S001_BREATH_PACED_12_01,1,BREATH_PACED_12,6.00,0.9758,,MR60BHA2_breath_phase,safenest-node-01
47.9160,-0.460000,S001,S001_BREATH_PACED_12_01,1,BREATH_PACED_12,5.00,0.9758,,MR60BHA2_breath_phase,safenest-node-01
48.0160,-0.450000,S001,S001_BREATH_PACED_12_01,1,BREATH_PACED_12,5.00,0.9758,,MR60BHA2_breath_phase,safenest-node-01
48.1160,-0.440000,S001,S001_BREATH_PACED_12_01,1,BREATH_PACED_12,5.00,0.9758,,MR60BHA2_breath_phase,safenest-node-01
48.2160,-0.420000,S001,S001_BREATH_PACED_12_01,1,BREATH_PACED_12,5.00,0.9758,,MR60BHA2_breath_phase,safenest-node-01
48.3160,-0.410000,S001,S001_BREATH_PACED_12_01,1,BREATH_PACED_12,5.00,0.9758,,MR60BHA2_breath_phase,safenest-node-01
48.4160,-0.400000,S001,S001_BREATH_PACED_12_01,1,BREATH_PACED_12,4.00,0.9758,,MR60BHA2_breath_phase,safenest-node-01
48.5160,-0.400000,S001,S001_BREATH_PACED_12_01,1,BREATH_PACED_12,4.00,0.9758,,MR60BHA2_breath_phase,safenest-node-01
48.6160,-0.400000,S001,S001_BREATH_PACED_12_01,1,BREATH_PACED_12,4.00,0.9758,,MR60BHA2_breath_phase,safenest-node-01
48.7160,-0.410000,S001,S001_BREATH_PACED_12_01,1,BREATH_PACED_12,4.00,0.9758,,MR60BHA2_breath_phase,safenest-node-01
48.8170,-0.410000,S001,S001_BREATH_PACED_12_01,1,BREATH_PACED_12,4.00,0.9758,,MR60BHA2_breath_phase,safenest-node-01
48.9170,-0.430000,S001,S001_BREATH_PACED_12_01,1,BREATH_PACED_12,4.00,0.9758,,MR60BHA2_breath_phase,safenest-node-01
49.0170,-0.430000,S001,S001_BREATH_PACED_12_01,1,BREATH_PACED_12,3.00,0.9758,,MR60BHA2_breath_phase,safenest-node-01
49.1170,-0.440000,S001,S001_BREATH_PACED_12_01,1,BREATH_PACED_12,3.00,0.9758,,MR60BHA2_breath_phase,safenest-node-01
49.2170,-0.450000,S001,S001_BREATH_PACED_12_01,1,BREATH_PACED_12,3.00,0.9184,,MR60BHA2_breath_phase,safenest-node-01
49.3170,-0.440000,S001,S001_BREATH_PACED_12_01,1,BREATH_PACED_12,3.00,0.9184,,MR60BHA2_breath_phase,safenest-node-01
49.4170,-0.440000,S001,S001_BREATH_PACED_12_01,1,BREATH_PACED_12,3.00,0.9184,,MR60BHA2_breath_phase,safenest-node-01
49.5170,-0.410000,S001,S001_BREATH_PACED_12_01,1,BREATH_PACED_12,3.00,0.9184,,MR60BHA2_breath_phase,safenest-node-01
49.6170,-0.400000,S001,S001_BREATH_PACED_12_01,1,BREATH_PACED_12,3.00,0.9184,,MR60BHA2_breath_phase,safenest-node-01
49.7170,-0.350000,S001,S001_BREATH_PACED_12_01,1,BREATH_PACED_12,3.00,0.9184,,MR60BHA2_breath_phase,safenest-node-01
49.8170,-0.300000,S001,S001_BREATH_PACED_12_01,1,BREATH_PACED_12,2.00,0.9184,,MR60BHA2_breath_phase,safenest-node-01
49.9170,-0.260000,S001,S001_BREATH_PACED_12_01,1,BREATH_PACED_12,2.00,0.9184,,MR60BHA2_breath_phase,safenest-node-01
50.0170,-0.200000,S001,S001_BREATH_PACED_12_01,1,BREATH_PACED_12,2.00,0.9184,,MR60BHA2_breath_phase,safenest-node-01
50.1170,-0.160000,S001,S001_BREATH_PACED_12_01,1,BREATH_PACED_12,2.00,0.9184,,MR60BHA2_breath_phase,safenest-node-01
50.2170,-0.080000,S001,S001_BREATH_PACED_12_01,1,BREATH_PACED_12,2.00,0.9184,,MR60BHA2_breath_phase,safenest-node-01
50.3170,-0.010000,S001,S001_BREATH_PACED_12_01,1,BREATH_PACED_12,2.00,0.9184,,MR60BHA2_breath_phase,safenest-node-01
50.4170,0.020000,S001,S001_BREATH_PACED_12_01,1,BREATH_PACED_12,2.00,0.9184,,MR60BHA2_breath_phase,safenest-node-01
50.5170,0.090000,S001,S001_BREATH_PACED_12_01,1,BREATH_PACED_12,2.00,0.9184,,MR60BHA2_breath_phase,safenest-node-01
50.6170,0.120000,S001,S001_BREATH_PACED_12_01,1,BREATH_PACED_12,2.00,0.9184,,MR60BHA2_breath_phase,safenest-node-01
50.7170,0.170000,S001,S001_BREATH_PACED_12_01,1,BREATH_PACED_12,2.00,0.9184,,MR60BHA2_breath_phase,safenest-node-01
50.8170,0.220000,S001,S001_BREATH_PACED_12_01,1,BREATH_PACED_12,2.00,0.9184,,MR60BHA2_breath_phase,safenest-node-01
50.9170,0.240000,S001,S001_BREATH_PACED_12_01,1,BREATH_PACED_12,2.00,0.9184,,MR60BHA2_breath_phase,safenest-node-01
51.0170,0.270000,S001,S001_BREATH_PACED_12_01,1,BREATH_PACED_12,2.00,0.9184,,MR60BHA2_breath_phase,safenest-node-01
51.1170,0.280000,S001,S001_BREATH_PACED_12_01,1,BREATH_PACED_12,1.00,0.9184,,MR60BHA2_breath_phase,safenest-node-01
51.2170,0.290000,S001,S001_BREATH_PACED_12_01,1,BREATH_PACED_12,1.00,0.9184,,MR60BHA2_breath_phase,safenest-node-01
51.3170,0.300000,S001,S001_BREATH_PACED_12_01,1,BREATH_PACED_12,1.00,0.9184,,MR60BHA2_breath_phase,safenest-node-01
51.4170,0.290000,S001,S001_BREATH_PACED_12_01,1,BREATH_PACED_12,1.00,0.9184,,MR60BHA2_breath_phase,safenest-node-01
51.5170,0.270000,S001,S001_BREATH_PACED_12_01,1,BREATH_PACED_12,1.00,0.9184,,MR60BHA2_breath_phase,safenest-node-01
51.6170,0.260000,S001,S001_BREATH_PACED_12_01,1,BREATH_PACED_12,1.00,0.9184,,MR60BHA2_breath_phase,safenest-node-01
51.7170,0.230000,S001,S001_BREATH_PACED_12_01,1,BREATH_PACED_12,1.00,0.9184,,MR60BHA2_breath_phase,safenest-node-01
51.8170,0.200000,S001,S001_BREATH_PACED_12_01,1,BREATH_PACED_12,1.00,0.9184,,MR60BHA2_breath_phase,safenest-node-01
51.9170,0.190000,S001,S001_BREATH_PACED_12_01,1,BREATH_PACED_12,1.00,0.9184,,MR60BHA2_breath_phase,safenest-node-01
52.0170,0.190000,S001,S001_BREATH_PACED_12_01,1,BREATH_PACED_12,1.00,0.9184,,MR60BHA2_breath_phase,safenest-node-01
52.1170,0.200000,S001,S001_BREATH_PACED_12_01,1,BREATH_PACED_12,1.00,0.9184,,MR60BHA2_breath_phase,safenest-node-01
52.2170,0.230000,S001,S001_BREATH_PACED_12_01,1,BREATH_PACED_12,1.00,0.9184,,MR60BHA2_breath_phase,safenest-node-01
52.3170,0.300000,S001,S001_BREATH_PACED_12_01,1,BREATH_PACED_12,1.00,0.9184,,MR60BHA2_breath_phase,safenest-node-01
52.4170,0.380000,S001,S001_BREATH_PACED_12_01,1,BREATH_PACED_12,1.00,0.9184,,MR60BHA2_breath_phase,safenest-node-01
52.5170,0.430000,S001,S001_BREATH_PACED_12_01,1,BREATH_PACED_12,1.00,0.9184,,MR60BHA2_breath_phase,safenest-node-01
52.6170,0.530000,S001,S001_BREATH_PACED_12_01,1,BREATH_PACED_12,1.00,0.9184,,MR60BHA2_breath_phase,safenest-node-01
52.7170,0.580000,S001,S001_BREATH_PACED_12_01,1,BREATH_PACED_12,1.00,0.9184,,MR60BHA2_breath_phase,safenest-node-01
52.8170,0.680000,S001,S001_BREATH_PACED_12_01,1,BREATH_PACED_12,1.00,0.9184,,MR60BHA2_breath_phase,safenest-node-01
52.9170,0.770000,S001,S001_BREATH_PACED_12_01,1,BREATH_PACED_12,1.00,0.9184,,MR60BHA2_breath_phase,safenest-node-01
53.0170,0.800000,S001,S001_BREATH_PACED_12_01,1,BREATH_PACED_12,1.00,0.9184,,MR60BHA2_breath_phase,safenest-node-01
53.1170,0.860000,S001,S001_BREATH_PACED_12_01,1,BREATH_PACED_12,1.00,0.9758,,MR60BHA2_breath_phase,safenest-node-01
53.2170,0.870000,S001,S001_BREATH_PACED_12_01,1,BREATH_PACED_12,1.00,0.9758,,MR60BHA2_breath_phase,safenest-node-01
53.3170,0.880000,S001,S001_BREATH_PACED_12_01,1,BREATH_PACED_12,1.00,0.9758,,MR60BHA2_breath_phase,safenest-node-01
53.4170,0.860000,S001,S001_BREATH_PACED_12_01,1,BREATH_PACED_12,1.00,0.9758,,MR60BHA2_breath_phase,safenest-node-01
53.5180,0.830000,S001,S001_BREATH_PACED_12_01,1,BREATH_PACED_12,1.00,0.9758,,MR60BHA2_breath_phase,safenest-node-01
53.6180,0.760000,S001,S001_BREATH_PACED_12_01,1,BREATH_PACED_12,1.00,0.9758,,MR60BHA2_breath_phase,safenest-node-01
53.7180,0.720000,S001,S001_BREATH_PACED_12_01,1,BREATH_PACED_12,,0.9758,,MR60BHA2_breath_phase,safenest-node-01
53.8180,0.620000,S001,S001_BREATH_PACED_12_01,1,BREATH_PACED_12,,0.9758,,MR60BHA2_breath_phase,safenest-node-01
53.9180,0.500000,S001,S001_BREATH_PACED_12_01,1,BREATH_PACED_12,,0.9758,,MR60BHA2_breath_phase,safenest-node-01
54.0180,0.380000,S001,S001_BREATH_PACED_12_01,1,BREATH_PACED_12,,0.9758,,MR60BHA2_breath_phase,safenest-node-01
54.1180,0.320000,S001,S001_BREATH_PACED_12_01,1,BREATH_PACED_12,,0.9758,,MR60BHA2_breath_phase,safenest-node-01
54.2180,0.200000,S001,S001_BREATH_PACED_12_01,1,BREATH_PACED_12,,0.9758,,MR60BHA2_breath_phase,safenest-node-01
54.3180,0.150000,S001,S001_BREATH_PACED_12_01,1,BREATH_PACED_12,,0.9758,,MR60BHA2_breath_phase,safenest-node-01
54.4180,0.050000,S001,S001_BREATH_PACED_12_01,1,BREATH_PACED_12,,0.9758,,MR60BHA2_breath_phase,safenest-node-01
54.5180,-0.030000,S001,S001_BREATH_PACED_12_01,1,BREATH_PACED_12,,0.9758,,MR60BHA2_breath_phase,safenest-node-01
54.6180,-0.070000,S001,S001_BREATH_PACED_12_01,1,BREATH_PACED_12,,0.9758,,MR60BHA2_breath_phase,safenest-node-01
54.7180,-0.120000,S001,S001_BREATH_PACED_12_01,1,BREATH_PACED_12,,0.9758,,MR60BHA2_breath_phase,safenest-node-01
54.8180,-0.130000,S001,S001_BREATH_PACED_12_01,1,BREATH_PACED_12,,0.9758,,MR60BHA2_breath_phase,safenest-node-01
54.9180,-0.160000,S001,S001_BREATH_PACED_12_01,1,BREATH_PACED_12,,0.9758,,MR60BHA2_breath_phase,safenest-node-01
55.0180,-0.160000,S001,S001_BREATH_PACED_12_01,1,BREATH_PACED_12,,0.9758,,MR60BHA2_breath_phase,safenest-node-01
55.1190,-0.150000,S001,S001_BREATH_PACED_12_01,1,BREATH_PACED_12,,0.9758,,MR60BHA2_breath_phase,safenest-node-01
55.2190,-0.150000,S001,S001_BREATH_PACED_12_01,1,BREATH_PACED_12,,0.9758,,MR60BHA2_breath_phase,safenest-node-01
55.3190,-0.150000,S001,S001_BREATH_PACED_12_01,1,BREATH_PACED_12,,0.9758,,MR60BHA2_breath_phase,safenest-node-01
55.4190,-0.140000,S001,S001_BREATH_PACED_12_01,1,BREATH_PACED_12,,0.9758,,MR60BHA2_breath_phase,safenest-node-01
55.5190,-0.130000,S001,S001_BREATH_PACED_12_01,1,BREATH_PACED_12,,0.9758,,MR60BHA2_breath_phase,safenest-node-01
55.6190,-0.120000,S001,S001_BREATH_PACED_12_01,1,BREATH_PACED_12,,0.9758,,MR60BHA2_breath_phase,safenest-node-01
55.7190,-0.120000,S001,S001_BREATH_PACED_12_01,1,BREATH_PACED_12,,0.9758,,MR60BHA2_breath_phase,safenest-node-01
55.8190,-0.120000,S001,S001_BREATH_PACED_12_01,1,BREATH_PACED_12,,0.9758,,MR60BHA2_breath_phase,safenest-node-01
55.9190,-0.120000,S001,S001_BREATH_PACED_12_01,1,BREATH_PACED_12,,0.9758,,MR60BHA2_breath_phase,safenest-node-01
56.0190,-0.130000,S001,S001_BREATH_PACED_12_01,1,BREATH_PACED_12,,0.9758,,MR60BHA2_breath_phase,safenest-node-01
56.1190,-0.140000,S001,S001_BREATH_PACED_12_01,1,BREATH_PACED_12,,0.9758,,MR60BHA2_breath_phase,safenest-node-01
56.2190,-0.140000,S001,S001_BREATH_PACED_12_01,1,BREATH_PACED_12,,0.9758,,MR60BHA2_breath_phase,safenest-node-01
56.3190,-0.160000,S001,S001_BREATH_PACED_12_01,1,BREATH_PACED_12,,0.9758,,MR60BHA2_breath_phase,safenest-node-01
56.4190,-0.180000,S001,S001_BREATH_PACED_12_01,1,BREATH_PACED_12,,0.9758,,MR60BHA2_breath_phase,safenest-node-01
56.5190,-0.210000,S001,S001_BREATH_PACED_12_01,1,BREATH_PACED_12,,0.9758,,MR60BHA2_breath_phase,safenest-node-01
56.6190,-0.240000,S001,S001_BREATH_PACED_12_01,1,BREATH_PACED_12,,0.9758,,MR60BHA2_breath_phase,safenest-node-01
56.7190,-0.260000,S001,S001_BREATH_PACED_12_01,1,BREATH_PACED_12,,0.9758,,MR60BHA2_breath_phase,safenest-node-01
56.8190,-0.300000,S001,S001_BREATH_PACED_12_01,1,BREATH_PACED_12,,0.9758,,MR60BHA2_breath_phase,safenest-node-01
56.9190,-0.340000,S001,S001_BREATH_PACED_12_01,1,BREATH_PACED_12,,0.9758,,MR60BHA2_breath_phase,safenest-node-01
57.0190,-0.360000,S001,S001_BREATH_PACED_12_01,1,BREATH_PACED_12,,0.9758,,MR60BHA2_breath_phase,safenest-node-01
57.1190,-0.390000,S001,S001_BREATH_PACED_12_01,1,BREATH_PACED_12,,0.9758,,MR60BHA2_breath_phase,safenest-node-01
57.2190,-0.420000,S001,S001_BREATH_PACED_12_01,1,BREATH_PACED_12,,0.9758,,MR60BHA2_breath_phase,safenest-node-01
57.3190,-0.440000,S001,S001_BREATH_PACED_12_01,1,BREATH_PACED_12,,0.9758,,MR60BHA2_breath_phase,safenest-node-01
57.4190,-0.450000,S001,S001_BREATH_PACED_12_01,1,BREATH_PACED_12,,0.9758,,MR60BHA2_breath_phase,safenest-node-01
57.5190,-0.460000,S001,S001_BREATH_PACED_12_01,1,BREATH_PACED_12,,0.9758,,MR60BHA2_breath_phase,safenest-node-01
57.6190,-0.470000,S001,S001_BREATH_PACED_12_01,1,BREATH_PACED_12,,0.9758,,MR60BHA2_breath_phase,safenest-node-01
57.7190,-0.460000,S001,S001_BREATH_PACED_12_01,1,BREATH_PACED_12,,0.9758,,MR60BHA2_breath_phase,safenest-node-01
57.8190,-0.460000,S001,S001_BREATH_PACED_12_01,1,BREATH_PACED_12,,0.9758,,MR60BHA2_breath_phase,safenest-node-01
57.9190,-0.440000,S001,S001_BREATH_PACED_12_01,1,BREATH_PACED_12,,0.9758,,MR60BHA2_breath_phase,safenest-node-01
58.0190,-0.430000,S001,S001_BREATH_PACED_12_01,1,BREATH_PACED_12,,0.9758,,MR60BHA2_breath_phase,safenest-node-01
58.1190,-0.420000,S001,S001_BREATH_PACED_12_01,1,BREATH_PACED_12,,0.9758,,MR60BHA2_breath_phase,safenest-node-01
58.2190,-0.410000,S001,S001_BREATH_PACED_12_01,1,BREATH_PACED_12,,0.9758,,MR60BHA2_breath_phase,safenest-node-01
58.3190,-0.400000,S001,S001_BREATH_PACED_12_01,1,BREATH_PACED_12,,0.9758,,MR60BHA2_breath_phase,safenest-node-01
58.4190,-0.400000,S001,S001_BREATH_PACED_12_01,1,BREATH_PACED_12,,0.9758,,MR60BHA2_breath_phase,safenest-node-01
58.5200,-0.400000,S001,S001_BREATH_PACED_12_01,1,BREATH_PACED_12,,0.9758,,MR60BHA2_breath_phase,safenest-node-01
58.6200,-0.400000,S001,S001_BREATH_PACED_12_01,1,BREATH_PACED_12,,0.9758,,MR60BHA2_breath_phase,safenest-node-01
58.7200,-0.400000,S001,S001_BREATH_PACED_12_01,1,BREATH_PACED_12,,0.9758,,MR60BHA2_breath_phase,safenest-node-01
58.8200,-0.390000,S001,S001_BREATH_PACED_12_01,1,BREATH_PACED_12,,0.9758,,MR60BHA2_breath_phase,safenest-node-01
58.9200,-0.390000,S001,S001_BREATH_PACED_12_01,1,BREATH_PACED_12,,0.9758,,MR60BHA2_breath_phase,safenest-node-01
59.0200,-0.380000,S001,S001_BREATH_PACED_12_01,1,BREATH_PACED_12,,0.9758,,MR60BHA2_breath_phase,safenest-node-01
59.1200,-0.370000,S001,S001_BREATH_PACED_12_01,1,BREATH_PACED_12,,0.9758,,MR60BHA2_breath_phase,safenest-node-01
59.2200,-0.350000,S001,S001_BREATH_PACED_12_01,1,BREATH_PACED_12,,0.9758,,MR60BHA2_breath_phase,safenest-node-01
59.3200,-0.330000,S001,S001_BREATH_PACED_12_01,1,BREATH_PACED_12,,0.9758,,MR60BHA2_breath_phase,safenest-node-01
59.4200,-0.310000,S001,S001_BREATH_PACED_12_01,1,BREATH_PACED_12,,0.9758,,MR60BHA2_breath_phase,safenest-node-01
59.5200,-0.270000,S001,S001_BREATH_PACED_12_01,1,BREATH_PACED_12,,0.9758,,MR60BHA2_breath_phase,safenest-node-01
59.6200,-0.250000,S001,S001_BREATH_PACED_12_01,1,BREATH_PACED_12,,0.9758,,MR60BHA2_breath_phase,safenest-node-01
59.7200,-0.200000,S001,S001_BREATH_PACED_12_01,1,BREATH_PACED_12,,0.9758,,MR60BHA2_breath_phase,safenest-node-01
59.8200,-0.150000,S001,S001_BREATH_PACED_12_01,1,BREATH_PACED_12,,0.9758,,MR60BHA2_breath_phase,safenest-node-01
59.9200,-0.090000,S001,S001_BREATH_PACED_12_01,1,BREATH_PACED_12,,0.9758,,MR60BHA2_breath_phase,safenest-node-01
60.0200,-0.060000,S001,S001_BREATH_PACED_12_01,1,BREATH_PACED_12,,0.9758,,MR60BHA2_breath_phase,safenest-node-01
60.1210,-0.000000,S001,S001_BREATH_PACED_12_01,1,BREATH_PACED_12,,0.9758,,MR60BHA2_breath_phase,safenest-node-01
60.2210,0.020000,S001,S001_BREATH_PACED_12_01,1,BREATH_PACED_12,,0.9758,,MR60BHA2_breath_phase,safenest-node-01
60.3210,0.070000,S001,S001_BREATH_PACED_12_01,1,BREATH_PACED_12,,0.9758,,MR60BHA2_breath_phase,safenest-node-01
60.4210,0.110000,S001,S001_BREATH_PACED_12_01,1,BREATH_PACED_12,,0.9758,,MR60BHA2_breath_phase,safenest-node-01
60.5210,0.120000,S001,S001_BREATH_PACED_12_01,1,BREATH_PACED_12,,0.9758,,MR60BHA2_breath_phase,safenest-node-01
60.6210,0.150000,S001,S001_BREATH_PACED_12_01,1,BREATH_PACED_12,,0.9758,,MR60BHA2_breath_phase,safenest-node-01
60.7210,0.150000,S001,S001_BREATH_PACED_12_01,1,BREATH_PACED_12,,0.9758,,MR60BHA2_breath_phase,safenest-node-01
60.8210,0.160000,S001,S001_BREATH_PACED_12_01,1,BREATH_PACED_12,,0.9758,,MR60BHA2_breath_phase,safenest-node-01
60.9210,0.160000,S001,S001_BREATH_PACED_12_01,1,BREATH_PACED_12,,0.9758,,MR60BHA2_breath_phase,safenest-node-01
61.0220,0.160000,S001,S001_BREATH_PACED_12_01,1,BREATH_PACED_12,,0.9758,,MR60BHA2_breath_phase,safenest-node-01
61.1220,0.150000,S001,S001_BREATH_PACED_12_01,1,BREATH_PACED_12,,0.9758,,MR60BHA2_breath_phase,safenest-node-01
61.2220,0.150000,S001,S001_BREATH_PACED_12_01,1,BREATH_PACED_12,,0.9758,,MR60BHA2_breath_phase,safenest-node-01
61.3220,0.150000,S001,S001_BREATH_PACED_12_01,1,BREATH_PACED_12,,0.9758,,MR60BHA2_breath_phase,safenest-node-01
61.4220,0.160000,S001,S001_BREATH_PACED_12_01,1,BREATH_PACED_12,,0.9758,,MR60BHA2_breath_phase,safenest-node-01
61.5220,0.180000,S001,S001_BREATH_PACED_12_01,1,BREATH_PACED_12,,0.9758,,MR60BHA2_breath_phase,safenest-node-01
61.6220,0.190000,S001,S001_BREATH_PACED_12_01,1,BREATH_PACED_12,,0.9758,,MR60BHA2_breath_phase,safenest-node-01
61.7220,0.220000,S001,S001_BREATH_PACED_12_01,1,BREATH_PACED_12,,0.9758,,MR60BHA2_breath_phase,safenest-node-01
61.8220,0.240000,S001,S001_BREATH_PACED_12_01,1,BREATH_PACED_12,,0.9758,,MR60BHA2_breath_phase,safenest-node-01
61.9220,0.280000,S001,S001_BREATH_PACED_12_01,1,BREATH_PACED_12,,0.9758,,MR60BHA2_breath_phase,safenest-node-01
62.0220,0.320000,S001,S001_BREATH_PACED_12_01,1,BREATH_PACED_12,,0.9758,,MR60BHA2_breath_phase,safenest-node-01
62.1220,0.350000,S001,S001_BREATH_PACED_12_01,1,BREATH_PACED_12,,0.9758,,MR60BHA2_breath_phase,safenest-node-01
62.2220,0.400000,S001,S001_BREATH_PACED_12_01,1,BREATH_PACED_12,,0.9758,,MR60BHA2_breath_phase,safenest-node-01
62.3220,0.420000,S001,S001_BREATH_PACED_12_01,1,BREATH_PACED_12,,0.9758,,MR60BHA2_breath_phase,safenest-node-01
62.4220,0.470000,S001,S001_BREATH_PACED_12_01,1,BREATH_PACED_12,,0.9758,,MR60BHA2_breath_phase,safenest-node-01
62.5220,0.500000,S001,S001_BREATH_PACED_12_01,1,BREATH_PACED_12,,0.9758,,MR60BHA2_breath_phase,safenest-node-01
62.6240,0.520000,S001,S001_BREATH_PACED_12_01,1,BREATH_PACED_12,,0.9758,,MR60BHA2_breath_phase,safenest-node-01
62.7240,0.540000,S001,S001_BREATH_PACED_12_01,1,BREATH_PACED_12,,0.9758,,MR60BHA2_breath_phase,safenest-node-01
62.8250,0.550000,S001,S001_BREATH_PACED_12_01,1,BREATH_PACED_12,,0.9758,,MR60BHA2_breath_phase,safenest-node-01
62.9250,0.550000,S001,S001_BREATH_PACED_12_01,1,BREATH_PACED_12,,0.9758,,MR60BHA2_breath_phase,safenest-node-01
63.0250,0.540000,S001,S001_BREATH_PACED_12_01,1,BREATH_PACED_12,,0.9758,,MR60BHA2_breath_phase,safenest-node-01
63.1250,0.520000,S001,S001_BREATH_PACED_12_01,1,BREATH_PACED_12,,0.9758,,MR60BHA2_breath_phase,safenest-node-01
63.2250,0.510000,S001,S001_BREATH_PACED_12_01,1,BREATH_PACED_12,,0.9758,,MR60BHA2_breath_phase,safenest-node-01
63.3250,0.470000,S001,S001_BREATH_PACED_12_01,1,BREATH_PACED_12,,0.9758,,MR60BHA2_breath_phase,safenest-node-01
63.4250,0.450000,S001,S001_BREATH_PACED_12_01,1,BREATH_PACED_12,,0.9758,,MR60BHA2_breath_phase,safenest-node-01
63.5250,0.410000,S001,S001_BREATH_PACED_12_01,1,BREATH_PACED_12,,0.9758,,MR60BHA2_breath_phase,safenest-node-01
63.6250,0.360000,S001,S001_BREATH_PACED_12_01,1,BREATH_PACED_12,,0.9758,,MR60BHA2_breath_phase,safenest-node-01
63.7250,0.340000,S001,S001_BREATH_PACED_12_01,1,BREATH_PACED_12,,0.9758,,MR60BHA2_breath_phase,safenest-node-01
63.8250,0.290000,S001,S001_BREATH_PACED_12_01,1,BREATH_PACED_12,,0.9758,,MR60BHA2_breath_phase,safenest-node-01
63.9250,0.260000,S001,S001_BREATH_PACED_12_01,1,BREATH_PACED_12,,0.9758,,MR60BHA2_breath_phase,safenest-node-01
64.0250,0.210000,S001,S001_BREATH_PACED_12_01,1,BREATH_PACED_12,,0.9758,,MR60BHA2_breath_phase,safenest-node-01
64.1250,0.160000,S001,S001_BREATH_PACED_12_01,1,BREATH_PACED_12,,0.9758,,MR60BHA2_breath_phase,safenest-node-01
64.2250,0.120000,S001,S001_BREATH_PACED_12_01,1,BREATH_PACED_12,,0.9758,,MR60BHA2_breath_phase,safenest-node-01
64.3250,0.100000,S001,S001_BREATH_PACED_12_01,1,BREATH_PACED_12,,0.9758,,MR60BHA2_breath_phase,safenest-node-01
64.4250,0.070000,S001,S001_BREATH_PACED_12_01,1,BREATH_PACED_12,,0.9758,,MR60BHA2_breath_phase,safenest-node-01
64.5250,0.050000,S001,S001_BREATH_PACED_12_01,1,BREATH_PACED_12,,0.9758,,MR60BHA2_breath_phase,safenest-node-01
64.6250,0.030000,S001,S001_BREATH_PACED_12_01,1,BREATH_PACED_12,,0.9758,,MR60BHA2_breath_phase,safenest-node-01
64.7250,0.020000,S001,S001_BREATH_PACED_12_01,1,BREATH_PACED_12,,0.9758,,MR60BHA2_breath_phase,safenest-node-01
64.8260,0.010000,S001,S001_BREATH_PACED_12_01,1,BREATH_PACED_12,,0.9758,,MR60BHA2_breath_phase,safenest-node-01
64.9260,0.000000,S001,S001_BREATH_PACED_12_01,1,BREATH_PACED_12,,0.9758,,MR60BHA2_breath_phase,safenest-node-01
65.0260,-0.000000,S001,S001_BREATH_PACED_12_01,1,BREATH_PACED_12,,0.9758,,MR60BHA2_breath_phase,safenest-node-01
65.1260,-0.000000,S001,S001_BREATH_PACED_12_01,1,BREATH_PACED_12,,0.9758,,MR60BHA2_breath_phase,safenest-node-01
65.2260,-0.000000,S001,S001_BREATH_PACED_12_01,1,BREATH_PACED_12,,0.9758,,MR60BHA2_breath_phase,safenest-node-01
65.3260,0.000000,S001,S001_BREATH_PACED_12_01,1,BREATH_PACED_12,,0.9758,,MR60BHA2_breath_phase,safenest-node-01
65.4260,0.000000,S001,S001_BREATH_PACED_12_01,1,BREATH_PACED_12,,0.9758,,MR60BHA2_breath_phase,safenest-node-01
65.5260,0.000000,S001,S001_BREATH_PACED_12_01,1,BREATH_PACED_12,,0.9758,,MR60BHA2_breath_phase,safenest-node-01
65.6260,0.000000,S001,S001_BREATH_PACED_12_01,1,BREATH_PACED_12,,0.9758,,MR60BHA2_breath_phase,safenest-node-01
65.7260,-0.000000,S001,S001_BREATH_PACED_12_01,1,BREATH_PACED_12,,0.9758,,MR60BHA2_breath_phase,safenest-node-01
65.8260,-0.010000,S001,S001_BREATH_PACED_12_01,1,BREATH_PACED_12,,0.9758,,MR60BHA2_breath_phase,safenest-node-01
65.9260,-0.010000,S001,S001_BREATH_PACED_12_01,1,BREATH_PACED_12,,0.9758,,MR60BHA2_breath_phase,safenest-node-01
66.0260,-0.020000,S001,S001_BREATH_PACED_12_01,1,BREATH_PACED_12,,0.9758,,MR60BHA2_breath_phase,safenest-node-01
66.1260,-0.020000,S001,S001_BREATH_PACED_12_01,1,BREATH_PACED_12,,0.9758,,MR60BHA2_breath_phase,safenest-node-01
66.2260,-0.030000,S001,S001_BREATH_PACED_12_01,1,BREATH_PACED_12,,0.9758,,MR60BHA2_breath_phase,safenest-node-01
66.3260,-0.050000,S001,S001_BREATH_PACED_12_01,1,BREATH_PACED_12,,0.9758,,MR60BHA2_breath_phase,safenest-node-01
66.4260,-0.060000,S001,S001_BREATH_PACED_12_01,1,BREATH_PACED_12,,0.9758,,MR60BHA2_breath_phase,safenest-node-01
66.5260,-0.080000,S001,S001_BREATH_PACED_12_01,1,BREATH_PACED_12,,0.9758,,MR60BHA2_breath_phase,safenest-node-01
66.6260,-0.090000,S001,S001_BREATH_PACED_12_01,1,BREATH_PACED_12,,0.9758,,MR60BHA2_breath_phase,safenest-node-01
66.7260,-0.120000,S001,S001_BREATH_PACED_12_01,1,BREATH_PACED_12,,0.9758,,MR60BHA2_breath_phase,safenest-node-01
66.8260,-0.150000,S001,S001_BREATH_PACED_12_01,1,BREATH_PACED_12,,0.9758,,MR60BHA2_breath_phase,safenest-node-01
66.9260,-0.170000,S001,S001_BREATH_PACED_12_01,1,BREATH_PACED_12,,0.9758,,MR60BHA2_breath_phase,safenest-node-01
67.0260,-0.210000,S001,S001_BREATH_PACED_12_01,1,BREATH_PACED_12,,0.9758,,MR60BHA2_breath_phase,safenest-node-01
67.1260,-0.230000,S001,S001_BREATH_PACED_12_01,1,BREATH_PACED_12,,0.9758,,MR60BHA2_breath_phase,safenest-node-01
67.2260,-0.270000,S001,S001_BREATH_PACED_12_01,1,BREATH_PACED_12,,0.9758,,MR60BHA2_breath_phase,safenest-node-01
67.3260,-0.310000,S001,S001_BREATH_PACED_12_01,1,BREATH_PACED_12,,0.9758,,MR60BHA2_breath_phase,safenest-node-01
67.4260,-0.350000,S001,S001_BREATH_PACED_12_01,1,BREATH_PACED_12,,0.9758,,MR60BHA2_breath_phase,safenest-node-01
67.5260,-0.360000,S001,S001_BREATH_PACED_12_01,1,BREATH_PACED_12,,0.9758,,MR60BHA2_breath_phase,safenest-node-01
67.6260,-0.390000,S001,S001_BREATH_PACED_12_01,1,BREATH_PACED_12,,0.9758,,MR60BHA2_breath_phase,safenest-node-01
67.7260,-0.400000,S001,S001_BREATH_PACED_12_01,1,BREATH_PACED_12,,0.9758,,MR60BHA2_breath_phase,safenest-node-01
67.8260,-0.420000,S001,S001_BREATH_PACED_12_01,1,BREATH_PACED_12,,0.9758,,MR60BHA2_breath_phase,safenest-node-01
67.9260,-0.430000,S001,S001_BREATH_PACED_12_01,1,BREATH_PACED_12,,0.9758,,MR60BHA2_breath_phase,safenest-node-01
68.0260,-0.430000,S001,S001_BREATH_PACED_12_01,1,BREATH_PACED_12,,0.9758,,MR60BHA2_breath_phase,safenest-node-01
68.1260,-0.420000,S001,S001_BREATH_PACED_12_01,1,BREATH_PACED_12,,0.9758,,MR60BHA2_breath_phase,safenest-node-01
68.2260,-0.420000,S001,S001_BREATH_PACED_12_01,1,BREATH_PACED_12,,0.9758,,MR60BHA2_breath_phase,safenest-node-01
68.3260,-0.390000,S001,S001_BREATH_PACED_12_01,1,BREATH_PACED_12,,0.9758,,MR60BHA2_breath_phase,safenest-node-01
68.4260,-0.360000,S001,S001_BREATH_PACED_12_01,1,BREATH_PACED_12,,0.9758,,MR60BHA2_breath_phase,safenest-node-01
68.5260,-0.330000,S001,S001_BREATH_PACED_12_01,1,BREATH_PACED_12,,0.9758,,MR60BHA2_breath_phase,safenest-node-01
68.6260,-0.310000,S001,S001_BREATH_PACED_12_01,1,BREATH_PACED_12,,0.9758,,MR60BHA2_breath_phase,safenest-node-01
68.7260,-0.290000,S001,S001_BREATH_PACED_12_01,1,BREATH_PACED_12,,0.9758,,MR60BHA2_breath_phase,safenest-node-01
68.8260,-0.270000,S001,S001_BREATH_PACED_12_01,1,BREATH_PACED_12,,0.9758,,MR60BHA2_breath_phase,safenest-node-01
68.9260,-0.250000,S001,S001_BREATH_PACED_12_01,1,BREATH_PACED_12,,0.9758,,MR60BHA2_breath_phase,safenest-node-01
69.0260,-0.240000,S001,S001_BREATH_PACED_12_01,1,BREATH_PACED_12,,0.9758,,MR60BHA2_breath_phase,safenest-node-01
69.1260,-0.240000,S001,S001_BREATH_PACED_12_01,1,BREATH_PACED_12,,0.9758,,MR60BHA2_breath_phase,safenest-node-01
69.2260,-0.250000,S001,S001_BREATH_PACED_12_01,1,BREATH_PACED_12,,0.9758,,MR60BHA2_breath_phase,safenest-node-01
69.3260,-0.250000,S001,S001_BREATH_PACED_12_01,1,BREATH_PACED_12,,0.9758,,MR60BHA2_breath_phase,safenest-node-01
69.4260,-0.270000,S001,S001_BREATH_PACED_12_01,1,BREATH_PACED_12,,0.9758,,MR60BHA2_breath_phase,safenest-node-01
69.5260,-0.290000,S001,S001_BREATH_PACED_12_01,1,BREATH_PACED_12,,0.9758,,MR60BHA2_breath_phase,safenest-node-01
69.6260,-0.300000,S001,S001_BREATH_PACED_12_01,1,BREATH_PACED_12,,0.9758,,MR60BHA2_breath_phase,safenest-node-01
69.7260,-0.320000,S001,S001_BREATH_PACED_12_01,1,BREATH_PACED_12,,0.9758,,MR60BHA2_breath_phase,safenest-node-01
69.8260,-0.330000,S001,S001_BREATH_PACED_12_01,1,BREATH_PACED_12,,0.9758,,MR60BHA2_breath_phase,safenest-node-01
69.9260,-0.350000,S001,S001_BREATH_PACED_12_01,1,BREATH_PACED_12,,0.9758,,MR60BHA2_breath_phase,safenest-node-01
70.0260,-0.360000,S001,S001_BREATH_PACED_12_01,1,BREATH_PACED_12,,0.9758,,MR60BHA2_breath_phase,safenest-node-01
70.1260,-0.360000,S001,S001_BREATH_PACED_12_01,1,BREATH_PACED_12,,0.9758,,MR60BHA2_breath_phase,safenest-node-01
70.2260,-0.360000,S001,S001_BREATH_PACED_12_01,1,BREATH_PACED_12,,0.9758,,MR60BHA2_breath_phase,safenest-node-01
70.3260,-0.340000,S001,S001_BREATH_PACED_12_01,1,BREATH_PACED_12,,0.9758,,MR60BHA2_breath_phase,safenest-node-01
70.4260,-0.330000,S001,S001_BREATH_PACED_12_01,1,BREATH_PACED_12,,0.9758,,MR60BHA2_breath_phase,safenest-node-01
70.5260,-0.300000,S001,S001_BREATH_PACED_12_01,1,BREATH_PACED_12,,0.9758,,MR60BHA2_breath_phase,safenest-node-01
70.6260,-0.250000,S001,S001_BREATH_PACED_12_01,1,BREATH_PACED_12,,0.9758,,MR60BHA2_breath_phase,safenest-node-01
70.7260,-0.220000,S001,S001_BREATH_PACED_12_01,1,BREATH_PACED_12,,0.9758,,MR60BHA2_breath_phase,safenest-node-01
70.8260,-0.160000,S001,S001_BREATH_PACED_12_01,1,BREATH_PACED_12,,0.9758,,MR60BHA2_breath_phase,safenest-node-01
70.9260,-0.120000,S001,S001_BREATH_PACED_12_01,1,BREATH_PACED_12,,0.9184,,MR60BHA2_breath_phase,safenest-node-01
71.0260,-0.030000,S001,S001_BREATH_PACED_12_01,1,BREATH_PACED_12,,0.9184,,MR60BHA2_breath_phase,safenest-node-01
71.1260,0.060000,S001,S001_BREATH_PACED_12_01,1,BREATH_PACED_12,,0.9184,,MR60BHA2_breath_phase,safenest-node-01
71.2260,0.100000,S001,S001_BREATH_PACED_12_01,1,BREATH_PACED_12,,0.9184,,MR60BHA2_breath_phase,safenest-node-01
71.3260,0.190000,S001,S001_BREATH_PACED_12_01,1,BREATH_PACED_12,,0.9184,,MR60BHA2_breath_phase,safenest-node-01
71.4260,0.240000,S001,S001_BREATH_PACED_12_01,1,BREATH_PACED_12,,0.9184,,MR60BHA2_breath_phase,safenest-node-01
71.5260,0.310000,S001,S001_BREATH_PACED_12_01,1,BREATH_PACED_12,1.00,0.9184,,MR60BHA2_breath_phase,safenest-node-01
71.6260,0.380000,S001,S001_BREATH_PACED_12_01,1,BREATH_PACED_12,3.00,0.9184,,MR60BHA2_breath_phase,safenest-node-01
71.7260,0.420000,S001,S001_BREATH_PACED_12_01,1,BREATH_PACED_12,4.00,0.9184,,MR60BHA2_breath_phase,safenest-node-01
71.8260,0.440000,S001,S001_BREATH_PACED_12_01,1,BREATH_PACED_12,4.00,0.9184,,MR60BHA2_breath_phase,safenest-node-01
71.9260,0.470000,S001,S001_BREATH_PACED_12_01,1,BREATH_PACED_12,5.00,0.9184,,MR60BHA2_breath_phase,safenest-node-01
72.0260,0.470000,S001,S001_BREATH_PACED_12_01,1,BREATH_PACED_12,5.00,0.9184,,MR60BHA2_breath_phase,safenest-node-01
72.1260,0.490000,S001,S001_BREATH_PACED_12_01,1,BREATH_PACED_12,5.00,0.9184,,MR60BHA2_breath_phase,safenest-node-01
72.2260,0.490000,S001,S001_BREATH_PACED_12_01,1,BREATH_PACED_12,4.00,0.9184,,MR60BHA2_breath_phase,safenest-node-01
72.3260,0.490000,S001,S001_BREATH_PACED_12_01,1,BREATH_PACED_12,4.00,0.9184,,MR60BHA2_breath_phase,safenest-node-01
72.4260,0.490000,S001,S001_BREATH_PACED_12_01,1,BREATH_PACED_12,4.00,0.9184,,MR60BHA2_breath_phase,safenest-node-01
72.5260,0.500000,S001,S001_BREATH_PACED_12_01,1,BREATH_PACED_12,4.00,0.9758,,MR60BHA2_breath_phase,safenest-node-01
72.6260,0.500000,S001,S001_BREATH_PACED_12_01,1,BREATH_PACED_12,4.00,0.9758,,MR60BHA2_breath_phase,safenest-node-01
72.7260,0.500000,S001,S001_BREATH_PACED_12_01,1,BREATH_PACED_12,4.00,0.9758,,MR60BHA2_breath_phase,safenest-node-01
72.8270,0.500000,S001,S001_BREATH_PACED_12_01,1,BREATH_PACED_12,4.00,0.9758,,MR60BHA2_breath_phase,safenest-node-01
72.9270,0.500000,S001,S001_BREATH_PACED_12_01,1,BREATH_PACED_12,3.00,0.9758,,MR60BHA2_breath_phase,safenest-node-01
73.0270,0.510000,S001,S001_BREATH_PACED_12_01,1,BREATH_PACED_12,3.00,0.9758,,MR60BHA2_breath_phase,safenest-node-01
73.1270,0.510000,S001,S001_BREATH_PACED_12_01,1,BREATH_PACED_12,3.00,0.9758,,MR60BHA2_breath_phase,safenest-node-01
73.2270,0.510000,S001,S001_BREATH_PACED_12_01,1,BREATH_PACED_12,3.00,0.9758,,MR60BHA2_breath_phase,safenest-node-01
73.3270,0.510000,S001,S001_BREATH_PACED_12_01,1,BREATH_PACED_12,3.00,0.9758,,MR60BHA2_breath_phase,safenest-node-01
73.4270,0.500000,S001,S001_BREATH_PACED_12_01,1,BREATH_PACED_12,3.00,0.9758,,MR60BHA2_breath_phase,safenest-node-01
73.5270,0.490000,S001,S001_BREATH_PACED_12_01,1,BREATH_PACED_12,3.00,0.9758,,MR60BHA2_breath_phase,safenest-node-01
73.6270,0.470000,S001,S001_BREATH_PACED_12_01,1,BREATH_PACED_12,3.00,0.9758,,MR60BHA2_breath_phase,safenest-node-01
73.7270,0.430000,S001,S001_BREATH_PACED_12_01,1,BREATH_PACED_12,2.00,0.9758,,MR60BHA2_breath_phase,safenest-node-01
73.8270,0.390000,S001,S001_BREATH_PACED_12_01,1,BREATH_PACED_12,2.00,0.9758,,MR60BHA2_breath_phase,safenest-node-01
73.9270,0.360000,S001,S001_BREATH_PACED_12_01,1,BREATH_PACED_12,2.00,0.9758,,MR60BHA2_breath_phase,safenest-node-01
74.0270,0.290000,S001,S001_BREATH_PACED_12_01,1,BREATH_PACED_12,2.00,0.9758,,MR60BHA2_breath_phase,safenest-node-01
74.1270,0.260000,S001,S001_BREATH_PACED_12_01,1,BREATH_PACED_12,2.00,0.9758,,MR60BHA2_breath_phase,safenest-node-01
74.2270,0.190000,S001,S001_BREATH_PACED_12_01,1,BREATH_PACED_12,2.00,0.9758,,MR60BHA2_breath_phase,safenest-node-01
74.3270,0.120000,S001,S001_BREATH_PACED_12_01,1,BREATH_PACED_12,2.00,0.9758,,MR60BHA2_breath_phase,safenest-node-01
74.4290,0.090000,S001,S001_BREATH_PACED_12_01,1,BREATH_PACED_12,2.00,0.9758,,MR60BHA2_breath_phase,safenest-node-01
74.5290,0.030000,S001,S001_BREATH_PACED_12_01,1,BREATH_PACED_12,2.00,0.9758,,MR60BHA2_breath_phase,safenest-node-01
74.6300,-0.020000,S001,S001_BREATH_PACED_12_01,1,BREATH_PACED_12,2.00,0.9758,,MR60BHA2_breath_phase,safenest-node-01
74.7300,-0.040000,S001,S001_BREATH_PACED_12_01,1,BREATH_PACED_12,2.00,0.9758,,MR60BHA2_breath_phase,safenest-node-01
74.8300,-0.070000,S001,S001_BREATH_PACED_12_01,1,BREATH_PACED_12,2.00,0.9184,,MR60BHA2_breath_phase,safenest-node-01
74.9300,-0.090000,S001,S001_BREATH_PACED_12_01,1,BREATH_PACED_12,1.00,0.9184,,MR60BHA2_breath_phase,safenest-node-01
75.0300,-0.090000,S001,S001_BREATH_PACED_12_01,1,BREATH_PACED_12,1.00,0.9184,,MR60BHA2_breath_phase,safenest-node-01
75.1300,-0.080000,S001,S001_BREATH_PACED_12_01,1,BREATH_PACED_12,1.00,0.9184,,MR60BHA2_breath_phase,safenest-node-01
75.2300,-0.070000,S001,S001_BREATH_PACED_12_01,1,BREATH_PACED_12,1.00,0.9184,,MR60BHA2_breath_phase,safenest-node-01
75.3300,-0.040000,S001,S001_BREATH_PACED_12_01,1,BREATH_PACED_12,1.00,0.9184,,MR60BHA2_breath_phase,safenest-node-01
75.4300,-0.010000,S001,S001_BREATH_PACED_12_01,1,BREATH_PACED_12,1.00,0.9184,,MR60BHA2_breath_phase,safenest-node-01
75.5300,0.010000,S001,S001_BREATH_PACED_12_01,1,BREATH_PACED_12,1.00,0.9184,,MR60BHA2_breath_phase,safenest-node-01
75.6300,0.040000,S001,S001_BREATH_PACED_12_01,1,BREATH_PACED_12,1.00,0.9184,,MR60BHA2_breath_phase,safenest-node-01
75.7300,0.050000,S001,S001_BREATH_PACED_12_01,1,BREATH_PACED_12,1.00,0.9184,,MR60BHA2_breath_phase,safenest-node-01
75.8300,0.080000,S001,S001_BREATH_PACED_12_01,1,BREATH_PACED_12,1.00,0.9184,,MR60BHA2_breath_phase,safenest-node-01
75.9300,0.090000,S001,S001_BREATH_PACED_12_01,1,BREATH_PACED_12,1.00,0.9184,,MR60BHA2_breath_phase,safenest-node-01
76.0300,0.100000,S001,S001_BREATH_PACED_12_01,1,BREATH_PACED_12,1.00,0.9184,,MR60BHA2_breath_phase,safenest-node-01
76.1300,0.090000,S001,S001_BREATH_PACED_12_01,1,BREATH_PACED_12,1.00,0.9184,,MR60BHA2_breath_phase,safenest-node-01
76.2310,0.070000,S001,S001_BREATH_PACED_12_01,1,BREATH_PACED_12,1.00,0.9184,,MR60BHA2_breath_phase,safenest-node-01
76.3310,0.060000,S001,S001_BREATH_PACED_12_01,1,BREATH_PACED_12,1.00,0.9184,,MR60BHA2_breath_phase,safenest-node-01
76.4310,0.030000,S001,S001_BREATH_PACED_12_01,1,BREATH_PACED_12,1.00,0.9184,,MR60BHA2_breath_phase,safenest-node-01
76.5310,-0.010000,S001,S001_BREATH_PACED_12_01,1,BREATH_PACED_12,1.00,0.9184,,MR60BHA2_breath_phase,safenest-node-01
76.6310,-0.030000,S001,S001_BREATH_PACED_12_01,1,BREATH_PACED_12,1.00,0.9184,,MR60BHA2_breath_phase,safenest-node-01
76.7310,-0.070000,S001,S001_BREATH_PACED_12_01,1,BREATH_PACED_12,1.00,0.9184,,MR60BHA2_breath_phase,safenest-node-01
76.8310,-0.090000,S001,S001_BREATH_PACED_12_01,1,BREATH_PACED_12,1.00,0.9184,,MR60BHA2_breath_phase,safenest-node-01
76.9310,-0.140000,S001,S001_BREATH_PACED_12_01,1,BREATH_PACED_12,1.00,0.9758,,MR60BHA2_breath_phase,safenest-node-01
77.0310,-0.190000,S001,S001_BREATH_PACED_12_01,1,BREATH_PACED_12,1.00,0.9758,,MR60BHA2_breath_phase,safenest-node-01
77.1310,-0.210000,S001,S001_BREATH_PACED_12_01,1,BREATH_PACED_12,1.00,0.9758,,MR60BHA2_breath_phase,safenest-node-01
77.2310,-0.260000,S001,S001_BREATH_PACED_12_01,1,BREATH_PACED_12,1.00,0.9758,,MR60BHA2_breath_phase,safenest-node-01
77.3310,-0.290000,S001,S001_BREATH_PACED_12_01,1,BREATH_PACED_12,1.00,0.9758,,MR60BHA2_breath_phase,safenest-node-01
77.4310,-0.330000,S001,S001_BREATH_PACED_12_01,1,BREATH_PACED_12,1.00,0.9758,,MR60BHA2_breath_phase,safenest-node-01
77.5310,-0.360000,S001,S001_BREATH_PACED_12_01,1,BREATH_PACED_12,,0.9758,,MR60BHA2_breath_phase,safenest-node-01
77.6330,-0.380000,S001,S001_BREATH_PACED_12_01,1,BREATH_PACED_12,,0.9758,,MR60BHA2_breath_phase,safenest-node-01
77.7330,-0.390000,S001,S001_BREATH_PACED_12_01,1,BREATH_PACED_12,,0.9758,,MR60BHA2_breath_phase,safenest-node-01
77.8330,-0.390000,S001,S001_BREATH_PACED_12_01,1,BREATH_PACED_12,,0.9758,,MR60BHA2_breath_phase,safenest-node-01
77.9330,-0.380000,S001,S001_BREATH_PACED_12_01,1,BREATH_PACED_12,,0.9758,,MR60BHA2_breath_phase,safenest-node-01
78.0330,-0.370000,S001,S001_BREATH_PACED_12_01,1,BREATH_PACED_12,,0.9758,,MR60BHA2_breath_phase,safenest-node-01
78.1330,-0.340000,S001,S001_BREATH_PACED_12_01,1,BREATH_PACED_12,,0.9758,,MR60BHA2_breath_phase,safenest-node-01
78.2330,-0.330000,S001,S001_BREATH_PACED_12_01,1,BREATH_PACED_12,,0.9758,,MR60BHA2_breath_phase,safenest-node-01
78.3330,-0.300000,S001,S001_BREATH_PACED_12_01,1,BREATH_PACED_12,,0.9758,,MR60BHA2_breath_phase,safenest-node-01
78.4330,-0.280000,S001,S001_BREATH_PACED_12_01,1,BREATH_PACED_12,,0.9758,,MR60BHA2_breath_phase,safenest-node-01
78.5330,-0.250000,S001,S001_BREATH_PACED_12_01,1,BREATH_PACED_12,,0.9758,,MR60BHA2_breath_phase,safenest-node-01
78.6330,-0.220000,S001,S001_BREATH_PACED_12_01,1,BREATH_PACED_12,,0.9758,,MR60BHA2_breath_phase,safenest-node-01
78.7340,-0.200000,S001,S001_BREATH_PACED_12_01,1,BREATH_PACED_12,,0.9758,,MR60BHA2_breath_phase,safenest-node-01
78.8340,-0.180000,S001,S001_BREATH_PACED_12_01,1,BREATH_PACED_12,,0.9758,,MR60BHA2_breath_phase,safenest-node-01
78.9340,-0.170000,S001,S001_BREATH_PACED_12_01,1,BREATH_PACED_12,,0.9758,,MR60BHA2_breath_phase,safenest-node-01
79.0340,-0.150000,S001,S001_BREATH_PACED_12_01,1,BREATH_PACED_12,,0.9758,,MR60BHA2_breath_phase,safenest-node-01
79.1340,-0.150000,S001,S001_BREATH_PACED_12_01,1,BREATH_PACED_12,,0.9758,,MR60BHA2_breath_phase,safenest-node-01
79.2350,-0.150000,S001,S001_BREATH_PACED_12_01,1,BREATH_PACED_12,,0.9758,,MR60BHA2_breath_phase,safenest-node-01
79.3350,-0.160000,S001,S001_BREATH_PACED_12_01,1,BREATH_PACED_12,,0.9758,,MR60BHA2_breath_phase,safenest-node-01
79.4350,-0.180000,S001,S001_BREATH_PACED_12_01,1,BREATH_PACED_12,,0.9758,,MR60BHA2_breath_phase,safenest-node-01
79.5350,-0.190000,S001,S001_BREATH_PACED_12_01,1,BREATH_PACED_12,,0.9758,,MR60BHA2_breath_phase,safenest-node-01
79.6350,-0.230000,S001,S001_BREATH_PACED_12_01,1,BREATH_PACED_12,,0.9758,,MR60BHA2_breath_phase,safenest-node-01
79.7350,-0.270000,S001,S001_BREATH_PACED_12_01,1,BREATH_PACED_12,,0.9758,,MR60BHA2_breath_phase,safenest-node-01
79.8350,-0.290000,S001,S001_BREATH_PACED_12_01,1,BREATH_PACED_12,,0.9758,,MR60BHA2_breath_phase,safenest-node-01
79.9350,-0.330000,S001,S001_BREATH_PACED_12_01,1,BREATH_PACED_12,,0.9758,,MR60BHA2_breath_phase,safenest-node-01
80.0350,-0.350000,S001,S001_BREATH_PACED_12_01,1,BREATH_PACED_12,,0.9758,,MR60BHA2_breath_phase,safenest-node-01
80.1350,-0.390000,S001,S001_BREATH_PACED_12_01,1,BREATH_PACED_12,,0.9758,,MR60BHA2_breath_phase,safenest-node-01
80.2350,-0.430000,S001,S001_BREATH_PACED_12_01,1,BREATH_PACED_12,,0.9758,,MR60BHA2_breath_phase,safenest-node-01
80.3350,-0.470000,S001,S001_BREATH_PACED_12_01,1,BREATH_PACED_12,,0.9758,,MR60BHA2_breath_phase,safenest-node-01
80.4350,-0.480000,S001,S001_BREATH_PACED_12_01,1,BREATH_PACED_12,,0.9758,,MR60BHA2_breath_phase,safenest-node-01
80.5350,-0.490000,S001,S001_BREATH_PACED_12_01,1,BREATH_PACED_12,,0.9758,,MR60BHA2_breath_phase,safenest-node-01
80.6350,-0.510000,S001,S001_BREATH_PACED_12_01,1,BREATH_PACED_12,,0.9758,,MR60BHA2_breath_phase,safenest-node-01
80.7350,-0.500000,S001,S001_BREATH_PACED_12_01,1,BREATH_PACED_12,,0.9758,,MR60BHA2_breath_phase,safenest-node-01
80.8350,-0.490000,S001,S001_BREATH_PACED_12_01,1,BREATH_PACED_12,,0.9758,,MR60BHA2_breath_phase,safenest-node-01
80.9350,-0.470000,S001,S001_BREATH_PACED_12_01,1,BREATH_PACED_12,,0.9758,,MR60BHA2_breath_phase,safenest-node-01
81.0350,-0.420000,S001,S001_BREATH_PACED_12_01,1,BREATH_PACED_12,,0.9758,,MR60BHA2_breath_phase,safenest-node-01
81.1350,-0.390000,S001,S001_BREATH_PACED_12_01,1,BREATH_PACED_12,,0.9758,,MR60BHA2_breath_phase,safenest-node-01
81.2350,-0.310000,S001,S001_BREATH_PACED_12_01,1,BREATH_PACED_12,,0.9758,,MR60BHA2_breath_phase,safenest-node-01
81.3350,-0.210000,S001,S001_BREATH_PACED_12_01,1,BREATH_PACED_12,,0.9758,,MR60BHA2_breath_phase,safenest-node-01
81.4350,-0.160000,S001,S001_BREATH_PACED_12_01,1,BREATH_PACED_12,,0.9758,,MR60BHA2_breath_phase,safenest-node-01
81.5350,-0.060000,S001,S001_BREATH_PACED_12_01,1,BREATH_PACED_12,,0.9758,,MR60BHA2_breath_phase,safenest-node-01
81.6350,-0.000000,S001,S001_BREATH_PACED_12_01,1,BREATH_PACED_12,1.00,0.9758,,MR60BHA2_breath_phase,safenest-node-01
81.7350,0.100000,S001,S001_BREATH_PACED_12_01,1,BREATH_PACED_12,3.00,0.9758,,MR60BHA2_breath_phase,safenest-node-01
81.8350,0.200000,S001,S001_BREATH_PACED_12_01,1,BREATH_PACED_12,4.00,0.9758,,MR60BHA2_breath_phase,safenest-node-01
81.9350,0.250000,S001,S001_BREATH_PACED_12_01,1,BREATH_PACED_12,4.00,0.9758,,MR60BHA2_breath_phase,safenest-node-01
82.0350,0.330000,S001,S001_BREATH_PACED_12_01,1,BREATH_PACED_12,5.00,0.9758,,MR60BHA2_breath_phase,safenest-node-01
82.1350,0.360000,S001,S001_BREATH_PACED_12_01,1,BREATH_PACED_12,6.00,0.9758,,MR60BHA2_breath_phase,safenest-node-01
82.2350,0.420000,S001,S001_BREATH_PACED_12_01,1,BREATH_PACED_12,7.00,0.9758,,MR60BHA2_breath_phase,safenest-node-01
82.3350,0.460000,S001,S001_BREATH_PACED_12_01,1,BREATH_PACED_12,7.00,0.9758,,MR60BHA2_breath_phase,safenest-node-01
82.4350,0.490000,S001,S001_BREATH_PACED_12_01,1,BREATH_PACED_12,8.00,0.9758,,MR60BHA2_breath_phase,safenest-node-01
82.5350,0.500000,S001,S001_BREATH_PACED_12_01,1,BREATH_PACED_12,8.00,0.9758,,MR60BHA2_breath_phase,safenest-node-01
82.6350,0.530000,S001,S001_BREATH_PACED_12_01,1,BREATH_PACED_12,9.00,0.9758,,MR60BHA2_breath_phase,safenest-node-01
82.7350,0.540000,S001,S001_BREATH_PACED_12_01,1,BREATH_PACED_12,10.00,0.9758,,MR60BHA2_breath_phase,safenest-node-01
82.8350,0.560000,S001,S001_BREATH_PACED_12_01,1,BREATH_PACED_12,10.00,0.9758,,MR60BHA2_breath_phase,safenest-node-01
82.9350,0.580000,S001,S001_BREATH_PACED_12_01,1,BREATH_PACED_12,10.00,0.9758,,MR60BHA2_breath_phase,safenest-node-01
83.0350,0.600000,S001,S001_BREATH_PACED_12_01,1,BREATH_PACED_12,10.00,0.9758,,MR60BHA2_breath_phase,safenest-node-01
83.1350,0.630000,S001,S001_BREATH_PACED_12_01,1,BREATH_PACED_12,9.00,0.9758,,MR60BHA2_breath_phase,safenest-node-01
83.2350,0.650000,S001,S001_BREATH_PACED_12_01,1,BREATH_PACED_12,9.00,0.9758,,MR60BHA2_breath_phase,safenest-node-01
83.3350,0.680000,S001,S001_BREATH_PACED_12_01,1,BREATH_PACED_12,9.00,0.9758,,MR60BHA2_breath_phase,safenest-node-01
83.4350,0.720000,S001,S001_BREATH_PACED_12_01,1,BREATH_PACED_12,8.00,0.9758,,MR60BHA2_breath_phase,safenest-node-01
83.5350,0.730000,S001,S001_BREATH_PACED_12_01,1,BREATH_PACED_12,8.00,0.9758,,MR60BHA2_breath_phase,safenest-node-01
83.6350,0.760000,S001,S001_BREATH_PACED_12_01,1,BREATH_PACED_12,8.00,0.9758,,MR60BHA2_breath_phase,safenest-node-01
83.7350,0.770000,S001,S001_BREATH_PACED_12_01,1,BREATH_PACED_12,7.00,0.9758,,MR60BHA2_breath_phase,safenest-node-01
83.8350,0.780000,S001,S001_BREATH_PACED_12_01,1,BREATH_PACED_12,7.00,0.9758,,MR60BHA2_breath_phase,safenest-node-01
83.9350,0.780000,S001,S001_BREATH_PACED_12_01,1,BREATH_PACED_12,7.00,0.9758,,MR60BHA2_breath_phase,safenest-node-01
84.0350,0.760000,S001,S001_BREATH_PACED_12_01,1,BREATH_PACED_12,6.00,0.9758,,MR60BHA2_breath_phase,safenest-node-01
84.1350,0.750000,S001,S001_BREATH_PACED_12_01,1,BREATH_PACED_12,6.00,0.9758,,MR60BHA2_breath_phase,safenest-node-01
84.2360,0.710000,S001,S001_BREATH_PACED_12_01,1,BREATH_PACED_12,6.00,0.9758,,MR60BHA2_breath_phase,safenest-node-01
84.3360,0.680000,S001,S001_BREATH_PACED_12_01,1,BREATH_PACED_12,6.00,0.9758,,MR60BHA2_breath_phase,safenest-node-01
84.4360,0.620000,S001,S001_BREATH_PACED_12_01,1,BREATH_PACED_12,5.00,0.9758,,MR60BHA2_breath_phase,safenest-node-01
84.5360,0.540000,S001,S001_BREATH_PACED_12_01,1,BREATH_PACED_12,5.00,0.9758,,MR60BHA2_breath_phase,safenest-node-01
84.6360,0.500000,S001,S001_BREATH_PACED_12_01,1,BREATH_PACED_12,5.00,0.9758,,MR60BHA2_breath_phase,safenest-node-01
84.7360,0.420000,S001,S001_BREATH_PACED_12_01,1,BREATH_PACED_12,5.00,0.9758,,MR60BHA2_breath_phase,safenest-node-01
84.8360,0.380000,S001,S001_BREATH_PACED_12_01,1,BREATH_PACED_12,5.00,0.9758,,MR60BHA2_breath_phase,safenest-node-01
84.9360,0.300000,S001,S001_BREATH_PACED_12_01,1,BREATH_PACED_12,4.00,0.9758,,MR60BHA2_breath_phase,safenest-node-01
85.0360,0.230000,S001,S001_BREATH_PACED_12_01,1,BREATH_PACED_12,4.00,0.9758,,MR60BHA2_breath_phase,safenest-node-01
85.1360,0.190000,S001,S001_BREATH_PACED_12_01,1,BREATH_PACED_12,4.00,0.9758,,MR60BHA2_breath_phase,safenest-node-01
85.2360,0.120000,S001,S001_BREATH_PACED_12_01,1,BREATH_PACED_12,4.00,0.9758,,MR60BHA2_breath_phase,safenest-node-01
85.3360,0.080000,S001,S001_BREATH_PACED_12_01,1,BREATH_PACED_12,4.00,0.9758,,MR60BHA2_breath_phase,safenest-node-01
85.4360,0.010000,S001,S001_BREATH_PACED_12_01,1,BREATH_PACED_12,4.00,0.9758,,MR60BHA2_breath_phase,safenest-node-01
85.5360,-0.060000,S001,S001_BREATH_PACED_12_01,1,BREATH_PACED_12,3.00,0.9758,,MR60BHA2_breath_phase,safenest-node-01
85.6360,-0.140000,S001,S001_BREATH_PACED_12_01,1,BREATH_PACED_12,3.00,0.9758,,MR60BHA2_breath_phase,safenest-node-01
85.7360,-0.180000,S001,S001_BREATH_PACED_12_01,1,BREATH_PACED_12,3.00,0.9758,,MR60BHA2_breath_phase,safenest-node-01
85.8360,-0.250000,S001,S001_BREATH_PACED_12_01,1,BREATH_PACED_12,3.00,0.9758,,MR60BHA2_breath_phase,safenest-node-01
85.9360,-0.280000,S001,S001_BREATH_PACED_12_01,1,BREATH_PACED_12,3.00,0.9758,,MR60BHA2_breath_phase,safenest-node-01
86.0360,-0.350000,S001,S001_BREATH_PACED_12_01,1,BREATH_PACED_12,3.00,0.9758,,MR60BHA2_breath_phase,safenest-node-01
86.1360,-0.400000,S001,S001_BREATH_PACED_12_01,1,BREATH_PACED_12,3.00,0.9758,,MR60BHA2_breath_phase,safenest-node-01
86.2360,-0.430000,S001,S001_BREATH_PACED_12_01,1,BREATH_PACED_12,3.00,0.9758,,MR60BHA2_breath_phase,safenest-node-01
86.3360,-0.460000,S001,S001_BREATH_PACED_12_01,1,BREATH_PACED_12,2.00,0.9758,,MR60BHA2_breath_phase,safenest-node-01
86.4360,-0.470000,S001,S001_BREATH_PACED_12_01,1,BREATH_PACED_12,2.00,0.9758,,MR60BHA2_breath_phase,safenest-node-01
86.5360,-0.490000,S001,S001_BREATH_PACED_12_01,1,BREATH_PACED_12,2.00,0.9758,,MR60BHA2_breath_phase,safenest-node-01
86.6360,-0.500000,S001,S001_BREATH_PACED_12_01,1,BREATH_PACED_12,2.00,0.9758,,MR60BHA2_breath_phase,safenest-node-01
86.7360,-0.500000,S001,S001_BREATH_PACED_12_01,1,BREATH_PACED_12,2.00,0.9758,,MR60BHA2_breath_phase,safenest-node-01
86.8360,-0.500000,S001,S001_BREATH_PACED_12_01,1,BREATH_PACED_12,2.00,0.9758,,MR60BHA2_breath_phase,safenest-node-01
86.9360,-0.490000,S001,S001_BREATH_PACED_12_01,1,BREATH_PACED_12,2.00,0.9758,,MR60BHA2_breath_phase,safenest-node-01
87.0360,-0.490000,S001,S001_BREATH_PACED_12_01,1,BREATH_PACED_12,2.00,0.9758,,MR60BHA2_breath_phase,safenest-node-01
87.1360,-0.470000,S001,S001_BREATH_PACED_12_01,1,BREATH_PACED_12,2.00,0.9758,,MR60BHA2_breath_phase,safenest-node-01
87.2370,-0.460000,S001,S001_BREATH_PACED_12_01,1,BREATH_PACED_12,2.00,0.9758,,MR60BHA2_breath_phase,safenest-node-01
87.3370,-0.440000,S001,S001_BREATH_PACED_12_01,1,BREATH_PACED_12,2.00,0.9758,,MR60BHA2_breath_phase,safenest-node-01
87.4370,-0.430000,S001,S001_BREATH_PACED_12_01,1,BREATH_PACED_12,2.00,0.9758,,MR60BHA2_breath_phase,safenest-node-01
87.5370,-0.400000,S001,S001_BREATH_PACED_12_01,1,BREATH_PACED_12,1.00,0.9758,,MR60BHA2_breath_phase,safenest-node-01
87.6370,-0.380000,S001,S001_BREATH_PACED_12_01,1,BREATH_PACED_12,1.00,0.9758,,MR60BHA2_breath_phase,safenest-node-01
87.7370,-0.350000,S001,S001_BREATH_PACED_12_01,1,BREATH_PACED_12,1.00,0.9758,,MR60BHA2_breath_phase,safenest-node-01
87.8370,-0.350000,S001,S001_BREATH_PACED_12_01,1,BREATH_PACED_12,1.00,0.9758,,MR60BHA2_breath_phase,safenest-node-01
87.9370,-0.330000,S001,S001_BREATH_PACED_12_01,1,BREATH_PACED_12,1.00,0.9758,,MR60BHA2_breath_phase,safenest-node-01
88.0370,-0.330000,S001,S001_BREATH_PACED_12_01,1,BREATH_PACED_12,1.00,0.9758,,MR60BHA2_breath_phase,safenest-node-01
88.1370,-0.320000,S001,S001_BREATH_PACED_12_01,1,BREATH_PACED_12,1.00,0.9758,,MR60BHA2_breath_phase,safenest-node-01
88.2370,-0.330000,S001,S001_BREATH_PACED_12_01,1,BREATH_PACED_12,1.00,0.9758,,MR60BHA2_breath_phase,safenest-node-01
88.3380,-0.330000,S001,S001_BREATH_PACED_12_01,1,BREATH_PACED_12,1.00,0.9758,,MR60BHA2_breath_phase,safenest-node-01
88.4380,-0.350000,S001,S001_BREATH_PACED_12_01,1,BREATH_PACED_12,1.00,0.9758,,MR60BHA2_breath_phase,safenest-node-01
88.5380,-0.360000,S001,S001_BREATH_PACED_12_01,1,BREATH_PACED_12,1.00,0.9758,,MR60BHA2_breath_phase,safenest-node-01
88.6380,-0.380000,S001,S001_BREATH_PACED_12_01,1,BREATH_PACED_12,1.00,0.9758,,MR60BHA2_breath_phase,safenest-node-01
88.7380,-0.390000,S001,S001_BREATH_PACED_12_01,1,BREATH_PACED_12,1.00,0.9758,,MR60BHA2_breath_phase,safenest-node-01
88.8380,-0.400000,S001,S001_BREATH_PACED_12_01,1,BREATH_PACED_12,1.00,0.9758,,MR60BHA2_breath_phase,safenest-node-01
88.9380,-0.400000,S001,S001_BREATH_PACED_12_01,1,BREATH_PACED_12,1.00,0.9758,,MR60BHA2_breath_phase,safenest-node-01
89.0380,-0.400000,S001,S001_BREATH_PACED_12_01,1,BREATH_PACED_12,1.00,0.9758,,MR60BHA2_breath_phase,safenest-node-01
89.1380,-0.370000,S001,S001_BREATH_PACED_12_01,1,BREATH_PACED_12,1.00,0.9758,,MR60BHA2_breath_phase,safenest-node-01
89.2380,-0.330000,S001,S001_BREATH_PACED_12_01,1,BREATH_PACED_12,1.00,0.9758,,MR60BHA2_breath_phase,safenest-node-01
89.3380,-0.280000,S001,S001_BREATH_PACED_12_01,1,BREATH_PACED_12,1.00,0.9758,,MR60BHA2_breath_phase,safenest-node-01
89.4380,-0.250000,S001,S001_BREATH_PACED_12_01,1,BREATH_PACED_12,1.00,0.9758,,MR60BHA2_breath_phase,safenest-node-01
89.5380,-0.200000,S001,S001_BREATH_PACED_12_01,1,BREATH_PACED_12,1.00,0.9758,,MR60BHA2_breath_phase,safenest-node-01
89.6380,-0.180000,S001,S001_BREATH_PACED_12_01,1,BREATH_PACED_12,1.00,0.9758,,MR60BHA2_breath_phase,safenest-node-01
89.7380,-0.140000,S001,S001_BREATH_PACED_12_01,1,BREATH_PACED_12,1.00,0.9758,,MR60BHA2_breath_phase,safenest-node-01
89.8380,-0.110000,S001,S001_BREATH_PACED_12_01,1,BREATH_PACED_12,1.00,0.9758,,MR60BHA2_breath_phase,safenest-node-01
89.9380,-0.100000,S001,S001_BREATH_PACED_12_01,1,BREATH_PACED_12,1.00,0.9758,,MR60BHA2_breath_phase,safenest-node-01
90.0380,-0.080000,S001,S001_BREATH_PACED_12_01,1,BREATH_PACED_12,1.00,0.9758,,MR60BHA2_breath_phase,safenest-node-01
90.1380,-0.080000,S001,S001_BREATH_PACED_12_01,1,BREATH_PACED_12,1.00,0.9758,,MR60BHA2_breath_phase,safenest-node-01
90.2380,-0.090000,S001,S001_BREATH_PACED_12_01,1,BREATH_PACED_12,,0.9758,,MR60BHA2_breath_phase,safenest-node-01
90.3380,-0.110000,S001,S001_BREATH_PACED_12_01,1,BREATH_PACED_12,,0.9758,,MR60BHA2_breath_phase,safenest-node-01
90.4390,-0.120000,S001,S001_BREATH_PACED_12_01,1,BREATH_PACED_12,,0.9758,,MR60BHA2_breath_phase,safenest-node-01
90.5390,-0.160000,S001,S001_BREATH_PACED_12_01,1,BREATH_PACED_12,,0.9758,,MR60BHA2_breath_phase,safenest-node-01
90.6400,-0.200000,S001,S001_BREATH_PACED_12_01,1,BREATH_PACED_12,,0.9758,,MR60BHA2_breath_phase,safenest-node-01
90.7400,-0.220000,S001,S001_BREATH_PACED_12_01,1,BREATH_PACED_12,,0.9758,,MR60BHA2_breath_phase,safenest-node-01
90.8400,-0.240000,S001,S001_BREATH_PACED_12_01,1,BREATH_PACED_12,,0.9758,,MR60BHA2_breath_phase,safenest-node-01
90.9400,-0.260000,S001,S001_BREATH_PACED_12_01,1,BREATH_PACED_12,,0.9758,,MR60BHA2_breath_phase,safenest-node-01
91.0400,-0.260000,S001,S001_BREATH_PACED_12_01,1,BREATH_PACED_12,,0.9758,,MR60BHA2_breath_phase,safenest-node-01
91.1400,-0.240000,S001,S001_BREATH_PACED_12_01,1,BREATH_PACED_12,,0.9758,,MR60BHA2_breath_phase,safenest-node-01
91.2400,-0.220000,S001,S001_BREATH_PACED_12_01,1,BREATH_PACED_12,,0.9758,,MR60BHA2_breath_phase,safenest-node-01
91.3400,-0.170000,S001,S001_BREATH_PACED_12_01,1,BREATH_PACED_12,,0.9758,,MR60BHA2_breath_phase,safenest-node-01
91.4400,-0.100000,S001,S001_BREATH_PACED_12_01,1,BREATH_PACED_12,,0.9758,,MR60BHA2_breath_phase,safenest-node-01
91.5400,-0.050000,S001,S001_BREATH_PACED_12_01,1,BREATH_PACED_12,,0.9758,,MR60BHA2_breath_phase,safenest-node-01
91.6400,0.050000,S001,S001_BREATH_PACED_12_01,1,BREATH_PACED_12,,0.9758,,MR60BHA2_breath_phase,safenest-node-01
91.7400,0.100000,S001,S001_BREATH_PACED_12_01,1,BREATH_PACED_12,,0.9758,,MR60BHA2_breath_phase,safenest-node-01
91.8400,0.220000,S001,S001_BREATH_PACED_12_01,1,BREATH_PACED_12,,0.9758,,MR60BHA2_breath_phase,safenest-node-01
91.9400,0.350000,S001,S001_BREATH_PACED_12_01,1,BREATH_PACED_12,,0.9758,,MR60BHA2_breath_phase,safenest-node-01
92.0400,0.460000,S001,S001_BREATH_PACED_12_01,1,BREATH_PACED_12,,0.9758,,MR60BHA2_breath_phase,safenest-node-01
92.1400,0.520000,S001,S001_BREATH_PACED_12_01,1,BREATH_PACED_12,,0.9758,,MR60BHA2_breath_phase,safenest-node-01
92.2400,0.570000,S001,S001_BREATH_PACED_12_01,1,BREATH_PACED_12,,0.9758,,MR60BHA2_breath_phase,safenest-node-01
92.3400,0.660000,S001,S001_BREATH_PACED_12_01,1,BREATH_PACED_12,,0.9758,,MR60BHA2_breath_phase,safenest-node-01
92.4400,0.730000,S001,S001_BREATH_PACED_12_01,1,BREATH_PACED_12,,0.9758,,MR60BHA2_breath_phase,safenest-node-01
92.5400,0.780000,S001,S001_BREATH_PACED_12_01,1,BREATH_PACED_12,,0.9758,,MR60BHA2_breath_phase,safenest-node-01
92.6400,0.790000,S001,S001_BREATH_PACED_12_01,1,BREATH_PACED_12,,0.9758,,MR60BHA2_breath_phase,safenest-node-01
92.7400,0.800000,S001,S001_BREATH_PACED_12_01,1,BREATH_PACED_12,,0.9758,,MR60BHA2_breath_phase,safenest-node-01
92.8400,0.800000,S001,S001_BREATH_PACED_12_01,1,BREATH_PACED_12,,0.9758,,MR60BHA2_breath_phase,safenest-node-01
92.9400,0.780000,S001,S001_BREATH_PACED_12_01,1,BREATH_PACED_12,,0.9758,,MR60BHA2_breath_phase,safenest-node-01
93.0400,0.740000,S001,S001_BREATH_PACED_12_01,1,BREATH_PACED_12,,0.9758,,MR60BHA2_breath_phase,safenest-node-01
93.1400,0.720000,S001,S001_BREATH_PACED_12_01,1,BREATH_PACED_12,,0.9758,,MR60BHA2_breath_phase,safenest-node-01
93.2400,0.670000,S001,S001_BREATH_PACED_12_01,1,BREATH_PACED_12,,0.9758,,MR60BHA2_breath_phase,safenest-node-01
93.3400,0.650000,S001,S001_BREATH_PACED_12_01,1,BREATH_PACED_12,,0.9758,,MR60BHA2_breath_phase,safenest-node-01
93.4400,0.590000,S001,S001_BREATH_PACED_12_01,1,BREATH_PACED_12,,0.9758,,MR60BHA2_breath_phase,safenest-node-01
93.5400,0.540000,S001,S001_BREATH_PACED_12_01,1,BREATH_PACED_12,,0.9758,,MR60BHA2_breath_phase,safenest-node-01
93.6400,0.520000,S001,S001_BREATH_PACED_12_01,1,BREATH_PACED_12,,0.9758,,MR60BHA2_breath_phase,safenest-node-01
93.7400,0.470000,S001,S001_BREATH_PACED_12_01,1,BREATH_PACED_12,,0.9758,,MR60BHA2_breath_phase,safenest-node-01
93.8400,0.430000,S001,S001_BREATH_PACED_12_01,1,BREATH_PACED_12,,0.9758,,MR60BHA2_breath_phase,safenest-node-01
93.9400,0.410000,S001,S001_BREATH_PACED_12_01,1,BREATH_PACED_12,,0.9184,,MR60BHA2_breath_phase,safenest-node-01
94.0400,0.370000,S001,S001_BREATH_PACED_12_01,1,BREATH_PACED_12,,0.9184,,MR60BHA2_breath_phase,safenest-node-01
94.1400,0.330000,S001,S001_BREATH_PACED_12_01,1,BREATH_PACED_12,,0.9184,,MR60BHA2_breath_phase,safenest-node-01
94.2400,0.300000,S001,S001_BREATH_PACED_12_01,1,BREATH_PACED_12,,0.9184,,MR60BHA2_breath_phase,safenest-node-01
94.3400,0.260000,S001,S001_BREATH_PACED_12_01,1,BREATH_PACED_12,,0.9184,,MR60BHA2_breath_phase,safenest-node-01
94.4400,0.240000,S001,S001_BREATH_PACED_12_01,1,BREATH_PACED_12,,0.9184,,MR60BHA2_breath_phase,safenest-node-01
94.5400,0.190000,S001,S001_BREATH_PACED_12_01,1,BREATH_PACED_12,,0.9184,,MR60BHA2_breath_phase,safenest-node-01
94.6400,0.150000,S001,S001_BREATH_PACED_12_01,1,BREATH_PACED_12,,0.9758,,MR60BHA2_breath_phase,safenest-node-01
94.7400,0.130000,S001,S001_BREATH_PACED_12_01,1,BREATH_PACED_12,,0.9758,,MR60BHA2_breath_phase,safenest-node-01
94.8400,0.080000,S001,S001_BREATH_PACED_12_01,1,BREATH_PACED_12,,0.9758,,MR60BHA2_breath_phase,safenest-node-01
94.9400,0.070000,S001,S001_BREATH_PACED_12_01,1,BREATH_PACED_12,,0.9758,,MR60BHA2_breath_phase,safenest-node-01
95.0400,0.030000,S001,S001_BREATH_PACED_12_01,1,BREATH_PACED_12,,0.9758,,MR60BHA2_breath_phase,safenest-node-01
95.1400,0.000000,S001,S001_BREATH_PACED_12_01,1,BREATH_PACED_12,,0.9758,,MR60BHA2_breath_phase,safenest-node-01
95.2400,-0.010000,S001,S001_BREATH_PACED_12_01,1,BREATH_PACED_12,,0.9758,,MR60BHA2_breath_phase,safenest-node-01
95.3400,-0.030000,S001,S001_BREATH_PACED_12_01,1,BREATH_PACED_12,,0.9758,,MR60BHA2_breath_phase,safenest-node-01
95.4400,-0.040000,S001,S001_BREATH_PACED_12_01,1,BREATH_PACED_12,,0.9758,,MR60BHA2_breath_phase,safenest-node-01
95.5400,-0.050000,S001,S001_BREATH_PACED_12_01,1,BREATH_PACED_12,,0.9758,,MR60BHA2_breath_phase,safenest-node-01
95.6400,-0.050000,S001,S001_BREATH_PACED_12_01,1,BREATH_PACED_12,,0.9758,,MR60BHA2_breath_phase,safenest-node-01
95.7400,-0.060000,S001,S001_BREATH_PACED_12_01,1,BREATH_PACED_12,,0.9758,,MR60BHA2_breath_phase,safenest-node-01
95.8400,-0.060000,S001,S001_BREATH_PACED_12_01,1,BREATH_PACED_12,,0.9758,,MR60BHA2_breath_phase,safenest-node-01
95.9400,-0.060000,S001,S001_BREATH_PACED_12_01,1,BREATH_PACED_12,,0.9758,,MR60BHA2_breath_phase,safenest-node-01
96.0400,-0.060000,S001,S001_BREATH_PACED_12_01,1,BREATH_PACED_12,,0.9758,,MR60BHA2_breath_phase,safenest-node-01
96.1400,-0.070000,S001,S001_BREATH_PACED_12_01,1,BREATH_PACED_12,,0.9758,,MR60BHA2_breath_phase,safenest-node-01
96.2400,-0.070000,S001,S001_BREATH_PACED_12_01,1,BREATH_PACED_12,,0.9758,,MR60BHA2_breath_phase,safenest-node-01
96.3400,-0.080000,S001,S001_BREATH_PACED_12_01,1,BREATH_PACED_12,,0.9758,,MR60BHA2_breath_phase,safenest-node-01
96.4400,-0.090000,S001,S001_BREATH_PACED_12_01,1,BREATH_PACED_12,,0.9758,,MR60BHA2_breath_phase,safenest-node-01
96.5400,-0.090000,S001,S001_BREATH_PACED_12_01,1,BREATH_PACED_12,,0.9758,,MR60BHA2_breath_phase,safenest-node-01
96.6400,-0.110000,S001,S001_BREATH_PACED_12_01,1,BREATH_PACED_12,,0.9758,,MR60BHA2_breath_phase,safenest-node-01
96.7400,-0.140000,S001,S001_BREATH_PACED_12_01,1,BREATH_PACED_12,,0.9758,,MR60BHA2_breath_phase,safenest-node-01
96.8410,-0.150000,S001,S001_BREATH_PACED_12_01,1,BREATH_PACED_12,,0.9758,,MR60BHA2_breath_phase,safenest-node-01
96.9410,-0.180000,S001,S001_BREATH_PACED_12_01,1,BREATH_PACED_12,,0.9758,,MR60BHA2_breath_phase,safenest-node-01
97.0410,-0.200000,S001,S001_BREATH_PACED_12_01,1,BREATH_PACED_12,,0.9758,,MR60BHA2_breath_phase,safenest-node-01
97.1410,-0.240000,S001,S001_BREATH_PACED_12_01,1,BREATH_PACED_12,,0.9758,,MR60BHA2_breath_phase,safenest-node-01
97.2410,-0.280000,S001,S001_BREATH_PACED_12_01,1,BREATH_PACED_12,,0.9758,,MR60BHA2_breath_phase,safenest-node-01
97.3420,-0.320000,S001,S001_BREATH_PACED_12_01,1,BREATH_PACED_12,,0.9758,,MR60BHA2_breath_phase,safenest-node-01
97.4420,-0.340000,S001,S001_BREATH_PACED_12_01,1,BREATH_PACED_12,,0.9758,,MR60BHA2_breath_phase,safenest-node-01
97.5420,-0.370000,S001,S001_BREATH_PACED_12_01,1,BREATH_PACED_12,,0.9758,,MR60BHA2_breath_phase,safenest-node-01
97.6420,-0.380000,S001,S001_BREATH_PACED_12_01,1,BREATH_PACED_12,,0.9758,,MR60BHA2_breath_phase,safenest-node-01
97.7420,-0.400000,S001,S001_BREATH_PACED_12_01,1,BREATH_PACED_12,,0.9758,,MR60BHA2_breath_phase,safenest-node-01
97.8420,-0.420000,S001,S001_BREATH_PACED_12_01,1,BREATH_PACED_12,,0.9758,,MR60BHA2_breath_phase,safenest-node-01
97.9420,-0.420000,S001,S001_BREATH_PACED_12_01,1,BREATH_PACED_12,,0.9758,,MR60BHA2_breath_phase,safenest-node-01
98.0420,-0.430000,S001,S001_BREATH_PACED_12_01,1,BREATH_PACED_12,,0.9758,,MR60BHA2_breath_phase,safenest-node-01
98.1420,-0.430000,S001,S001_BREATH_PACED_12_01,1,BREATH_PACED_12,,0.9758,,MR60BHA2_breath_phase,safenest-node-01
98.2420,-0.430000,S001,S001_BREATH_PACED_12_01,1,BREATH_PACED_12,,0.9758,,MR60BHA2_breath_phase,safenest-node-01
98.3420,-0.420000,S001,S001_BREATH_PACED_12_01,1,BREATH_PACED_12,,0.9758,,MR60BHA2_breath_phase,safenest-node-01
98.4420,-0.420000,S001,S001_BREATH_PACED_12_01,1,BREATH_PACED_12,,0.9758,,MR60BHA2_breath_phase,safenest-node-01
98.5420,-0.410000,S001,S001_BREATH_PACED_12_01,1,BREATH_PACED_12,,0.9758,,MR60BHA2_breath_phase,safenest-node-01
98.6420,-0.410000,S001,S001_BREATH_PACED_12_01,1,BREATH_PACED_12,,0.9758,,MR60BHA2_breath_phase,safenest-node-01
98.7420,-0.400000,S001,S001_BREATH_PACED_12_01,1,BREATH_PACED_12,,0.9758,,MR60BHA2_breath_phase,safenest-node-01
98.8420,-0.390000,S001,S001_BREATH_PACED_12_01,1,BREATH_PACED_12,,0.9758,,MR60BHA2_breath_phase,safenest-node-01
98.9420,-0.380000,S001,S001_BREATH_PACED_12_01,1,BREATH_PACED_12,,0.9758,,MR60BHA2_breath_phase,safenest-node-01
99.0420,-0.370000,S001,S001_BREATH_PACED_12_01,1,BREATH_PACED_12,,0.9758,,MR60BHA2_breath_phase,safenest-node-01
99.1420,-0.360000,S001,S001_BREATH_PACED_12_01,1,BREATH_PACED_12,,0.9758,,MR60BHA2_breath_phase,safenest-node-01
99.2420,-0.350000,S001,S001_BREATH_PACED_12_01,1,BREATH_PACED_12,,0.9758,,MR60BHA2_breath_phase,safenest-node-01
99.3420,-0.340000,S001,S001_BREATH_PACED_12_01,1,BREATH_PACED_12,,0.9758,,MR60BHA2_breath_phase,safenest-node-01
99.4420,-0.340000,S001,S001_BREATH_PACED_12_01,1,BREATH_PACED_12,,0.9758,,MR60BHA2_breath_phase,safenest-node-01
99.5420,-0.340000,S001,S001_BREATH_PACED_12_01,1,BREATH_PACED_12,,0.9758,,MR60BHA2_breath_phase,safenest-node-01
99.6420,-0.350000,S001,S001_BREATH_PACED_12_01,1,BREATH_PACED_12,,0.9758,,MR60BHA2_breath_phase,safenest-node-01
99.7420,-0.350000,S001,S001_BREATH_PACED_12_01,1,BREATH_PACED_12,,0.9758,,MR60BHA2_breath_phase,safenest-node-01
99.8420,-0.360000,S001,S001_BREATH_PACED_12_01,1,BREATH_PACED_12,,0.9758,,MR60BHA2_breath_phase,safenest-node-01
99.9420,-0.380000,S001,S001_BREATH_PACED_12_01,1,BREATH_PACED_12,,0.9758,,MR60BHA2_breath_phase,safenest-node-01
100.0430,-0.390000,S001,S001_BREATH_PACED_12_01,1,BREATH_PACED_12,,0.9758,,MR60BHA2_breath_phase,safenest-node-01
100.1430,-0.400000,S001,S001_BREATH_PACED_12_01,1,BREATH_PACED_12,,0.9758,,MR60BHA2_breath_phase,safenest-node-01
100.2430,-0.400000,S001,S001_BREATH_PACED_12_01,1,BREATH_PACED_12,,0.9758,,MR60BHA2_breath_phase,safenest-node-01
100.3430,-0.400000,S001,S001_BREATH_PACED_12_01,1,BREATH_PACED_12,,0.9758,,MR60BHA2_breath_phase,safenest-node-01
100.4430,-0.390000,S001,S001_BREATH_PACED_12_01,1,BREATH_PACED_12,,0.9758,,MR60BHA2_breath_phase,safenest-node-01
100.5430,-0.370000,S001,S001_BREATH_PACED_12_01,1,BREATH_PACED_12,,0.9758,,MR60BHA2_breath_phase,safenest-node-01
100.6430,-0.350000,S001,S001_BREATH_PACED_12_01,1,BREATH_PACED_12,,0.9758,,MR60BHA2_breath_phase,safenest-node-01
100.7430,-0.300000,S001,S001_BREATH_PACED_12_01,1,BREATH_PACED_12,,0.9758,,MR60BHA2_breath_phase,safenest-node-01
100.8430,-0.270000,S001,S001_BREATH_PACED_12_01,1,BREATH_PACED_12,,0.9758,,MR60BHA2_breath_phase,safenest-node-01
100.9430,-0.210000,S001,S001_BREATH_PACED_12_01,1,BREATH_PACED_12,,0.9758,,MR60BHA2_breath_phase,safenest-node-01
101.0430,-0.130000,S001,S001_BREATH_PACED_12_01,1,BREATH_PACED_12,,0.9758,,MR60BHA2_breath_phase,safenest-node-01
101.1430,-0.090000,S001,S001_BREATH_PACED_12_01,1,BREATH_PACED_12,,0.9758,,MR60BHA2_breath_phase,safenest-node-01
101.2430,0.000000,S001,S001_BREATH_PACED_12_01,1,BREATH_PACED_12,,0.9758,,MR60BHA2_breath_phase,safenest-node-01
101.3430,0.040000,S001,S001_BREATH_PACED_12_01,1,BREATH_PACED_12,,0.9758,,MR60BHA2_breath_phase,safenest-node-01
101.4430,0.130000,S001,S001_BREATH_PACED_12_01,1,BREATH_PACED_12,,0.9758,,MR60BHA2_breath_phase,safenest-node-01
101.5430,0.200000,S001,S001_BREATH_PACED_12_01,1,BREATH_PACED_12,,0.9758,,MR60BHA2_breath_phase,safenest-node-01
101.6430,0.240000,S001,S001_BREATH_PACED_12_01,1,BREATH_PACED_12,,0.9758,,MR60BHA2_breath_phase,safenest-node-01
101.7430,0.310000,S001,S001_BREATH_PACED_12_01,1,BREATH_PACED_12,,0.9758,,MR60BHA2_breath_phase,safenest-node-01
101.8430,0.340000,S001,S001_BREATH_PACED_12_01,1,BREATH_PACED_12,,0.9758,,MR60BHA2_breath_phase,safenest-node-01
101.9430,0.400000,S001,S001_BREATH_PACED_12_01,1,BREATH_PACED_12,2.00,0.9758,,MR60BHA2_breath_phase,safenest-node-01
102.0430,0.450000,S001,S001_BREATH_PACED_12_01,1,BREATH_PACED_12,3.00,0.9758,,MR60BHA2_breath_phase,safenest-node-01
102.1430,0.490000,S001,S001_BREATH_PACED_12_01,1,BREATH_PACED_12,5.00,0.9758,,MR60BHA2_breath_phase,safenest-node-01
102.2430,0.510000,S001,S001_BREATH_PACED_12_01,1,BREATH_PACED_12,5.00,0.9758,,MR60BHA2_breath_phase,safenest-node-01
102.3430,0.530000,S001,S001_BREATH_PACED_12_01,1,BREATH_PACED_12,4.00,0.9758,,MR60BHA2_breath_phase,safenest-node-01
102.4430,0.540000,S001,S001_BREATH_PACED_12_01,1,BREATH_PACED_12,4.00,0.9758,,MR60BHA2_breath_phase,safenest-node-01
102.5430,0.550000,S001,S001_BREATH_PACED_12_01,1,BREATH_PACED_12,4.00,0.9758,,MR60BHA2_breath_phase,safenest-node-01
102.6430,0.560000,S001,S001_BREATH_PACED_12_01,1,BREATH_PACED_12,4.00,0.9758,,MR60BHA2_breath_phase,safenest-node-01
102.7430,0.560000,S001,S001_BREATH_PACED_12_01,1,BREATH_PACED_12,4.00,0.9758,,MR60BHA2_breath_phase,safenest-node-01
102.8430,0.550000,S001,S001_BREATH_PACED_12_01,1,BREATH_PACED_12,4.00,0.9758,,MR60BHA2_breath_phase,safenest-node-01
102.9430,0.550000,S001,S001_BREATH_PACED_12_01,1,BREATH_PACED_12,3.00,0.9758,,MR60BHA2_breath_phase,safenest-node-01
103.0430,0.540000,S001,S001_BREATH_PACED_12_01,1,BREATH_PACED_12,3.00,0.9758,,MR60BHA2_breath_phase,safenest-node-01
103.1430,0.530000,S001,S001_BREATH_PACED_12_01,1,BREATH_PACED_12,3.00,0.9758,,MR60BHA2_breath_phase,safenest-node-01
103.2430,0.520000,S001,S001_BREATH_PACED_12_01,1,BREATH_PACED_12,3.00,0.9758,,MR60BHA2_breath_phase,safenest-node-01
103.3430,0.510000,S001,S001_BREATH_PACED_12_01,1,BREATH_PACED_12,3.00,0.9758,,MR60BHA2_breath_phase,safenest-node-01
103.4430,0.500000,S001,S001_BREATH_PACED_12_01,1,BREATH_PACED_12,3.00,0.9758,,MR60BHA2_breath_phase,safenest-node-01
103.5430,0.480000,S001,S001_BREATH_PACED_12_01,1,BREATH_PACED_12,3.00,0.9758,,MR60BHA2_breath_phase,safenest-node-01
103.6430,0.460000,S001,S001_BREATH_PACED_12_01,1,BREATH_PACED_12,3.00,0.9758,,MR60BHA2_breath_phase,safenest-node-01
103.7430,0.440000,S001,S001_BREATH_PACED_12_01,1,BREATH_PACED_12,2.00,0.9758,,MR60BHA2_breath_phase,safenest-node-01
103.8430,0.420000,S001,S001_BREATH_PACED_12_01,1,BREATH_PACED_12,2.00,0.9758,,MR60BHA2_breath_phase,safenest-node-01
103.9430,0.390000,S001,S001_BREATH_PACED_12_01,1,BREATH_PACED_12,2.00,0.9758,,MR60BHA2_breath_phase,safenest-node-01
104.0430,0.380000,S001,S001_BREATH_PACED_12_01,1,BREATH_PACED_12,2.00,0.9758,,MR60BHA2_breath_phase,safenest-node-01
104.1430,0.340000,S001,S001_BREATH_PACED_12_01,1,BREATH_PACED_12,2.00,0.9758,,MR60BHA2_breath_phase,safenest-node-01
104.2430,0.300000,S001,S001_BREATH_PACED_12_01,1,BREATH_PACED_12,2.00,0.9758,,MR60BHA2_breath_phase,safenest-node-01
104.3430,0.280000,S001,S001_BREATH_PACED_12_01,1,BREATH_PACED_12,2.00,0.9758,,MR60BHA2_breath_phase,safenest-node-01
104.4430,0.240000,S001,S001_BREATH_PACED_12_01,1,BREATH_PACED_12,2.00,0.9758,,MR60BHA2_breath_phase,safenest-node-01
104.5430,0.230000,S001,S001_BREATH_PACED_12_01,1,BREATH_PACED_12,2.00,0.9758,,MR60BHA2_breath_phase,safenest-node-01
104.6430,0.200000,S001,S001_BREATH_PACED_12_01,1,BREATH_PACED_12,2.00,0.9758,,MR60BHA2_breath_phase,safenest-node-01
104.7430,0.170000,S001,S001_BREATH_PACED_12_01,1,BREATH_PACED_12,2.00,0.9758,,MR60BHA2_breath_phase,safenest-node-01
104.8430,0.160000,S001,S001_BREATH_PACED_12_01,1,BREATH_PACED_12,2.00,0.9758,,MR60BHA2_breath_phase,safenest-node-01
104.9430,0.140000,S001,S001_BREATH_PACED_12_01,1,BREATH_PACED_12,2.00,0.9758,,MR60BHA2_breath_phase,safenest-node-01
105.0430,0.140000,S001,S001_BREATH_PACED_12_01,1,BREATH_PACED_12,1.00,0.9758,,MR60BHA2_breath_phase,safenest-node-01
105.1430,0.130000,S001,S001_BREATH_PACED_12_01,1,BREATH_PACED_12,1.00,0.9758,,MR60BHA2_breath_phase,safenest-node-01
105.2430,0.130000,S001,S001_BREATH_PACED_12_01,1,BREATH_PACED_12,1.00,0.9758,,MR60BHA2_breath_phase,safenest-node-01
105.3440,0.130000,S001,S001_BREATH_PACED_12_01,1,BREATH_PACED_12,1.00,0.9758,,MR60BHA2_breath_phase,safenest-node-01
105.4440,0.130000,S001,S001_BREATH_PACED_12_01,1,BREATH_PACED_12,1.00,0.9758,,MR60BHA2_breath_phase,safenest-node-01
105.5440,0.130000,S001,S001_BREATH_PACED_12_01,1,BREATH_PACED_12,1.00,0.9758,,MR60BHA2_breath_phase,safenest-node-01
105.6440,0.130000,S001,S001_BREATH_PACED_12_01,1,BREATH_PACED_12,1.00,0.9758,,MR60BHA2_breath_phase,safenest-node-01
105.7440,0.140000,S001,S001_BREATH_PACED_12_01,1,BREATH_PACED_12,1.00,0.9758,,MR60BHA2_breath_phase,safenest-node-01
105.8440,0.150000,S001,S001_BREATH_PACED_12_01,1,BREATH_PACED_12,1.00,0.9758,,MR60BHA2_breath_phase,safenest-node-01
105.9440,0.150000,S001,S001_BREATH_PACED_12_01,1,BREATH_PACED_12,1.00,0.9758,,MR60BHA2_breath_phase,safenest-node-01
106.0440,0.160000,S001,S001_BREATH_PACED_12_01,1,BREATH_PACED_12,1.00,0.9758,,MR60BHA2_breath_phase,safenest-node-01
106.1440,0.160000,S001,S001_BREATH_PACED_12_01,1,BREATH_PACED_12,1.00,0.9758,,MR60BHA2_breath_phase,safenest-node-01
106.2440,0.160000,S001,S001_BREATH_PACED_12_01,1,BREATH_PACED_12,1.00,0.9758,,MR60BHA2_breath_phase,safenest-node-01
106.3440,0.140000,S001,S001_BREATH_PACED_12_01,1,BREATH_PACED_12,1.00,0.9758,,MR60BHA2_breath_phase,safenest-node-01
106.4450,0.130000,S001,S001_BREATH_PACED_12_01,1,BREATH_PACED_12,1.00,0.9758,,MR60BHA2_breath_phase,safenest-node-01
106.5450,0.100000,S001,S001_BREATH_PACED_12_01,1,BREATH_PACED_12,1.00,0.9758,,MR60BHA2_breath_phase,safenest-node-01
106.6450,0.080000,S001,S001_BREATH_PACED_12_01,1,BREATH_PACED_12,1.00,0.9758,,MR60BHA2_breath_phase,safenest-node-01
106.7450,0.030000,S001,S001_BREATH_PACED_12_01,1,BREATH_PACED_12,1.00,0.9758,,MR60BHA2_breath_phase,safenest-node-01
106.8450,-0.020000,S001,S001_BREATH_PACED_12_01,1,BREATH_PACED_12,1.00,0.9758,,MR60BHA2_breath_phase,safenest-node-01
106.9450,-0.050000,S001,S001_BREATH_PACED_12_01,1,BREATH_PACED_12,1.00,0.9758,,MR60BHA2_breath_phase,safenest-node-01
107.0450,-0.120000,S001,S001_BREATH_PACED_12_01,1,BREATH_PACED_12,1.00,0.9758,,MR60BHA2_breath_phase,safenest-node-01
107.1450,-0.190000,S001,S001_BREATH_PACED_12_01,1,BREATH_PACED_12,1.00,0.9758,,MR60BHA2_breath_phase,safenest-node-01
107.2450,-0.220000,S001,S001_BREATH_PACED_12_01,1,BREATH_PACED_12,1.00,0.9758,,MR60BHA2_breath_phase,safenest-node-01
107.3450,-0.290000,S001,S001_BREATH_PACED_12_01,1,BREATH_PACED_12,1.00,0.9758,,MR60BHA2_breath_phase,safenest-node-01
107.4450,-0.360000,S001,S001_BREATH_PACED_12_01,1,BREATH_PACED_12,1.00,0.9758,,MR60BHA2_breath_phase,safenest-node-01
107.5450,-0.390000,S001,S001_BREATH_PACED_12_01,1,BREATH_PACED_12,1.00,0.9758,,MR60BHA2_breath_phase,safenest-node-01
107.6450,-0.450000,S001,S001_BREATH_PACED_12_01,1,BREATH_PACED_12,,0.9758,,MR60BHA2_breath_phase,safenest-node-01
107.7450,-0.480000,S001,S001_BREATH_PACED_12_01,1,BREATH_PACED_12,,0.9758,,MR60BHA2_breath_phase,safenest-node-01
107.8450,-0.530000,S001,S001_BREATH_PACED_12_01,1,BREATH_PACED_12,,0.9758,,MR60BHA2_breath_phase,safenest-node-01
107.9450,-0.570000,S001,S001_BREATH_PACED_12_01,1,BREATH_PACED_12,,0.9758,,MR60BHA2_breath_phase,safenest-node-01
108.0470,-0.580000,S001,S001_BREATH_PACED_12_01,1,BREATH_PACED_12,,0.9758,,MR60BHA2_breath_phase,safenest-node-01
108.1470,-0.590000,S001,S001_BREATH_PACED_12_01,1,BREATH_PACED_12,,0.9758,,MR60BHA2_breath_phase,safenest-node-01
108.2470,-0.600000,S001,S001_BREATH_PACED_12_01,1,BREATH_PACED_12,,0.9758,,MR60BHA2_breath_phase,safenest-node-01
108.3470,-0.590000,S001,S001_BREATH_PACED_12_01,1,BREATH_PACED_12,,0.9758,,MR60BHA2_breath_phase,safenest-node-01
108.4470,-0.570000,S001,S001_BREATH_PACED_12_01,1,BREATH_PACED_12,,0.9758,,MR60BHA2_breath_phase,safenest-node-01
108.5470,-0.550000,S001,S001_BREATH_PACED_12_01,1,BREATH_PACED_12,,0.9758,,MR60BHA2_breath_phase,safenest-node-01
108.6470,-0.530000,S001,S001_BREATH_PACED_12_01,1,BREATH_PACED_12,,0.9758,,MR60BHA2_breath_phase,safenest-node-01
108.7470,-0.520000,S001,S001_BREATH_PACED_12_01,1,BREATH_PACED_12,,0.9758,,MR60BHA2_breath_phase,safenest-node-01
108.8470,-0.480000,S001,S001_BREATH_PACED_12_01,1,BREATH_PACED_12,,0.9758,,MR60BHA2_breath_phase,safenest-node-01
108.9470,-0.440000,S001,S001_BREATH_PACED_12_01,1,BREATH_PACED_12,,0.9758,,MR60BHA2_breath_phase,safenest-node-01
109.0470,-0.410000,S001,S001_BREATH_PACED_12_01,1,BREATH_PACED_12,,0.9758,,MR60BHA2_breath_phase,safenest-node-01
109.1470,-0.400000,S001,S001_BREATH_PACED_12_01,1,BREATH_PACED_12,,0.9758,,MR60BHA2_breath_phase,safenest-node-01
109.2470,-0.370000,S001,S001_BREATH_PACED_12_01,1,BREATH_PACED_12,,0.9758,,MR60BHA2_breath_phase,safenest-node-01
109.3470,-0.360000,S001,S001_BREATH_PACED_12_01,1,BREATH_PACED_12,,0.9758,,MR60BHA2_breath_phase,safenest-node-01
109.4470,-0.330000,S001,S001_BREATH_PACED_12_01,1,BREATH_PACED_12,,0.9758,,MR60BHA2_breath_phase,safenest-node-01
109.5470,-0.320000,S001,S001_BREATH_PACED_12_01,1,BREATH_PACED_12,,0.9758,,MR60BHA2_breath_phase,safenest-node-01
109.6480,-0.310000,S001,S001_BREATH_PACED_12_01,1,BREATH_PACED_12,,0.9758,,MR60BHA2_breath_phase,safenest-node-01
109.7480,-0.300000,S001,S001_BREATH_PACED_12_01,1,BREATH_PACED_12,,0.9758,,MR60BHA2_breath_phase,safenest-node-01
109.8480,-0.300000,S001,S001_BREATH_PACED_12_01,1,BREATH_PACED_12,,0.9758,,MR60BHA2_breath_phase,safenest-node-01
109.9480,-0.300000,S001,S001_BREATH_PACED_12_01,1,BREATH_PACED_12,,0.9758,,MR60BHA2_breath_phase,safenest-node-01
110.0480,-0.300000,S001,S001_BREATH_PACED_12_01,1,BREATH_PACED_12,,0.9758,,MR60BHA2_breath_phase,safenest-node-01
110.1490,-0.300000,S001,S001_BREATH_PACED_12_01,1,BREATH_PACED_12,,0.9758,,MR60BHA2_breath_phase,safenest-node-01
110.2490,-0.300000,S001,S001_BREATH_PACED_12_01,1,BREATH_PACED_12,,0.9758,,MR60BHA2_breath_phase,safenest-node-01
110.3490,-0.300000,S001,S001_BREATH_PACED_12_01,1,BREATH_PACED_12,,0.9758,,MR60BHA2_breath_phase,safenest-node-01
110.4490,-0.290000,S001,S001_BREATH_PACED_12_01,1,BREATH_PACED_12,,0.9758,,MR60BHA2_breath_phase,safenest-node-01
110.5490,-0.280000,S001,S001_BREATH_PACED_12_01,1,BREATH_PACED_12,,0.9758,,MR60BHA2_breath_phase,safenest-node-01
110.6490,-0.250000,S001,S001_BREATH_PACED_12_01,1,BREATH_PACED_12,,0.9758,,MR60BHA2_breath_phase,safenest-node-01
110.7490,-0.230000,S001,S001_BREATH_PACED_12_01,1,BREATH_PACED_12,,0.9758,,MR60BHA2_breath_phase,safenest-node-01
110.8490,-0.190000,S001,S001_BREATH_PACED_12_01,1,BREATH_PACED_12,2.00,0.9758,,MR60BHA2_breath_phase,safenest-node-01
110.9490,-0.160000,S001,S001_BREATH_PACED_12_01,1,BREATH_PACED_12,1.00,0.9758,,MR60BHA2_breath_phase,safenest-node-01
111.0490,-0.100000,S001,S001_BREATH_PACED_12_01,1,BREATH_PACED_12,1.00,0.9758,,MR60BHA2_breath_phase,safenest-node-01
111.1490,-0.030000,S001,S001_BREATH_PACED_12_01,1,BREATH_PACED_12,1.00,0.9758,,MR60BHA2_breath_phase,safenest-node-01
111.2510,0.000000,S001,S001_BREATH_PACED_12_01,1,BREATH_PACED_12,1.00,0.9758,,MR60BHA2_breath_phase,safenest-node-01
111.3510,0.080000,S001,S001_BREATH_PACED_12_01,1,BREATH_PACED_12,1.00,0.9758,,MR60BHA2_breath_phase,safenest-node-01
111.4510,0.120000,S001,S001_BREATH_PACED_12_01,1,BREATH_PACED_12,1.00,0.9758,,MR60BHA2_breath_phase,safenest-node-01
111.5510,0.190000,S001,S001_BREATH_PACED_12_01,1,BREATH_PACED_12,1.00,0.9758,,MR60BHA2_breath_phase,safenest-node-01
111.6510,0.260000,S001,S001_BREATH_PACED_12_01,1,BREATH_PACED_12,1.00,0.9758,,MR60BHA2_breath_phase,safenest-node-01
111.7520,0.320000,S001,S001_BREATH_PACED_12_01,1,BREATH_PACED_12,1.00,0.9758,,MR60BHA2_breath_phase,safenest-node-01
111.8520,0.350000,S001,S001_BREATH_PACED_12_01,1,BREATH_PACED_12,1.00,0.9758,,MR60BHA2_breath_phase,safenest-node-01
111.9520,0.400000,S001,S001_BREATH_PACED_12_01,1,BREATH_PACED_12,1.00,0.9758,,MR60BHA2_breath_phase,safenest-node-01
112.0520,0.410000,S001,S001_BREATH_PACED_12_01,1,BREATH_PACED_12,1.00,0.9758,,MR60BHA2_breath_phase,safenest-node-01
112.1520,0.440000,S001,S001_BREATH_PACED_12_01,1,BREATH_PACED_12,1.00,0.9758,,MR60BHA2_breath_phase,safenest-node-01
112.2520,0.460000,S001,S001_BREATH_PACED_12_01,1,BREATH_PACED_12,1.00,0.9758,,MR60BHA2_breath_phase,safenest-node-01
112.3520,0.470000,S001,S001_BREATH_PACED_12_01,1,BREATH_PACED_12,1.00,0.9758,,MR60BHA2_breath_phase,safenest-node-01
112.4520,0.480000,S001,S001_BREATH_PACED_12_01,1,BREATH_PACED_12,1.00,0.9758,,MR60BHA2_breath_phase,safenest-node-01
112.5520,0.480000,S001,S001_BREATH_PACED_12_01,1,BREATH_PACED_12,1.00,0.9758,,MR60BHA2_breath_phase,safenest-node-01
112.6520,0.480000,S001,S001_BREATH_PACED_12_01,1,BREATH_PACED_12,1.00,0.9758,,MR60BHA2_breath_phase,safenest-node-01
112.7520,0.470000,S001,S001_BREATH_PACED_12_01,1,BREATH_PACED_12,1.00,0.9758,,MR60BHA2_breath_phase,safenest-node-01
112.8520,0.470000,S001,S001_BREATH_PACED_12_01,1,BREATH_PACED_12,1.00,0.9758,,MR60BHA2_breath_phase,safenest-node-01
112.9520,0.460000,S001,S001_BREATH_PACED_12_01,1,BREATH_PACED_12,1.00,0.9758,,MR60BHA2_breath_phase,safenest-node-01
113.0520,0.460000,S001,S001_BREATH_PACED_12_01,1,BREATH_PACED_12,1.00,0.9758,,MR60BHA2_breath_phase,safenest-node-01
113.1520,0.450000,S001,S001_BREATH_PACED_12_01,1,BREATH_PACED_12,1.00,0.9758,,MR60BHA2_breath_phase,safenest-node-01
113.2520,0.440000,S001,S001_BREATH_PACED_12_01,1,BREATH_PACED_12,1.00,0.9758,,MR60BHA2_breath_phase,safenest-node-01
113.3520,0.420000,S001,S001_BREATH_PACED_12_01,1,BREATH_PACED_12,1.00,0.9758,,MR60BHA2_breath_phase,safenest-node-01
113.4520,0.410000,S001,S001_BREATH_PACED_12_01,1,BREATH_PACED_12,1.00,0.9758,,MR60BHA2_breath_phase,safenest-node-01
113.5520,0.380000,S001,S001_BREATH_PACED_12_01,1,BREATH_PACED_12,,0.9758,,MR60BHA2_breath_phase,safenest-node-01
113.6520,0.370000,S001,S001_BREATH_PACED_12_01,1,BREATH_PACED_12,,0.9758,,MR60BHA2_breath_phase,safenest-node-01
113.7520,0.340000,S001,S001_BREATH_PACED_12_01,1,BREATH_PACED_12,,0.9758,,MR60BHA2_breath_phase,safenest-node-01
113.8520,0.310000,S001,S001_BREATH_PACED_12_01,1,BREATH_PACED_12,,0.9758,,MR60BHA2_breath_phase,safenest-node-01
113.9520,0.290000,S001,S001_BREATH_PACED_12_01,1,BREATH_PACED_12,,0.9758,,MR60BHA2_breath_phase,safenest-node-01
114.0520,0.250000,S001,S001_BREATH_PACED_12_01,1,BREATH_PACED_12,,0.9758,,MR60BHA2_breath_phase,safenest-node-01
114.1520,0.240000,S001,S001_BREATH_PACED_12_01,1,BREATH_PACED_12,,0.9758,,MR60BHA2_breath_phase,safenest-node-01
114.2520,0.200000,S001,S001_BREATH_PACED_12_01,1,BREATH_PACED_12,,0.9758,,MR60BHA2_breath_phase,safenest-node-01
114.3520,0.170000,S001,S001_BREATH_PACED_12_01,1,BREATH_PACED_12,,0.9758,,MR60BHA2_breath_phase,safenest-node-01
114.4520,0.160000,S001,S001_BREATH_PACED_12_01,1,BREATH_PACED_12,,0.9758,,MR60BHA2_breath_phase,safenest-node-01
114.5520,0.140000,S001,S001_BREATH_PACED_12_01,1,BREATH_PACED_12,,0.9758,,MR60BHA2_breath_phase,safenest-node-01
114.6520,0.130000,S001,S001_BREATH_PACED_12_01,1,BREATH_PACED_12,,0.9758,,MR60BHA2_breath_phase,safenest-node-01
114.7520,0.110000,S001,S001_BREATH_PACED_12_01,1,BREATH_PACED_12,,0.9758,,MR60BHA2_breath_phase,safenest-node-01
114.8520,0.090000,S001,S001_BREATH_PACED_12_01,1,BREATH_PACED_12,,0.9758,,MR60BHA2_breath_phase,safenest-node-01
114.9520,0.080000,S001,S001_BREATH_PACED_12_01,1,BREATH_PACED_12,,0.9758,,MR60BHA2_breath_phase,safenest-node-01
115.0520,0.040000,S001,S001_BREATH_PACED_12_01,1,BREATH_PACED_12,,0.9758,,MR60BHA2_breath_phase,safenest-node-01
115.1520,0.020000,S001,S001_BREATH_PACED_12_01,1,BREATH_PACED_12,,0.9758,,MR60BHA2_breath_phase,safenest-node-01
115.2520,-0.020000,S001,S001_BREATH_PACED_12_01,1,BREATH_PACED_12,,0.9758,,MR60BHA2_breath_phase,safenest-node-01
115.3520,-0.050000,S001,S001_BREATH_PACED_12_01,1,BREATH_PACED_12,,0.9758,,MR60BHA2_breath_phase,safenest-node-01
115.4530,-0.080000,S001,S001_BREATH_PACED_12_01,1,BREATH_PACED_12,,0.9758,,MR60BHA2_breath_phase,safenest-node-01
115.5530,-0.080000,S001,S001_BREATH_PACED_12_01,1,BREATH_PACED_12,,0.9758,,MR60BHA2_breath_phase,safenest-node-01
115.6530,-0.080000,S001,S001_BREATH_PACED_12_01,1,BREATH_PACED_12,,0.9758,,MR60BHA2_breath_phase,safenest-node-01
115.7530,-0.080000,S001,S001_BREATH_PACED_12_01,1,BREATH_PACED_12,,0.9758,,MR60BHA2_breath_phase,safenest-node-01
115.8530,-0.050000,S001,S001_BREATH_PACED_12_01,1,BREATH_PACED_12,,0.9758,,MR60BHA2_breath_phase,safenest-node-01
115.9530,-0.000000,S001,S001_BREATH_PACED_12_01,1,BREATH_PACED_12,,0.9758,,MR60BHA2_breath_phase,safenest-node-01
116.0540,0.020000,S001,S001_BREATH_PACED_12_01,1,BREATH_PACED_12,,0.9758,,MR60BHA2_breath_phase,safenest-node-01
116.1540,0.090000,S001,S001_BREATH_PACED_12_01,1,BREATH_PACED_12,,0.9758,,MR60BHA2_breath_phase,safenest-node-01
116.2540,0.120000,S001,S001_BREATH_PACED_12_01,1,BREATH_PACED_12,,0.9758,,MR60BHA2_breath_phase,safenest-node-01
116.3540,0.200000,S001,S001_BREATH_PACED_12_01,1,BREATH_PACED_12,,0.9758,,MR60BHA2_breath_phase,safenest-node-01
116.4540,0.260000,S001,S001_BREATH_PACED_12_01,1,BREATH_PACED_12,,0.9758,,MR60BHA2_breath_phase,safenest-node-01
116.5540,0.310000,S001,S001_BREATH_PACED_12_01,1,BREATH_PACED_12,,0.9758,,MR60BHA2_breath_phase,safenest-node-01
116.6540,0.330000,S001,S001_BREATH_PACED_12_01,1,BREATH_PACED_12,,0.9758,,MR60BHA2_breath_phase,safenest-node-01
116.7540,0.350000,S001,S001_BREATH_PACED_12_01,1,BREATH_PACED_12,,0.9758,,MR60BHA2_breath_phase,safenest-node-01
116.8540,0.360000,S001,S001_BREATH_PACED_12_01,1,BREATH_PACED_12,,0.9758,,MR60BHA2_breath_phase,safenest-node-01
116.9540,0.340000,S001,S001_BREATH_PACED_12_01,1,BREATH_PACED_12,,0.9758,,MR60BHA2_breath_phase,safenest-node-01
117.0540,0.290000,S001,S001_BREATH_PACED_12_01,1,BREATH_PACED_12,,0.9758,,MR60BHA2_breath_phase,safenest-node-01
117.1540,0.250000,S001,S001_BREATH_PACED_12_01,1,BREATH_PACED_12,,0.9758,,MR60BHA2_breath_phase,safenest-node-01
117.2540,0.160000,S001,S001_BREATH_PACED_12_01,1,BREATH_PACED_12,,0.9758,,MR60BHA2_breath_phase,safenest-node-01
117.3540,0.100000,S001,S001_BREATH_PACED_12_01,1,BREATH_PACED_12,,0.9758,,MR60BHA2_breath_phase,safenest-node-01
117.4540,-0.020000,S001,S001_BREATH_PACED_12_01,1,BREATH_PACED_12,,0.9758,,MR60BHA2_breath_phase,safenest-node-01
117.5540,-0.160000,S001,S001_BREATH_PACED_12_01,1,BREATH_PACED_12,,0.9758,,MR60BHA2_breath_phase,safenest-node-01
117.6540,-0.240000,S001,S001_BREATH_PACED_12_01,1,BREATH_PACED_12,,0.9758,,MR60BHA2_breath_phase,safenest-node-01
117.7540,-0.380000,S001,S001_BREATH_PACED_12_01,1,BREATH_PACED_12,,0.9758,,MR60BHA2_breath_phase,safenest-node-01
117.8540,-0.450000,S001,S001_BREATH_PACED_12_01,1,BREATH_PACED_12,,0.9758,,MR60BHA2_breath_phase,safenest-node-01
117.9540,-0.590000,S001,S001_BREATH_PACED_12_01,1,BREATH_PACED_12,,0.9758,,MR60BHA2_breath_phase,safenest-node-01
118.0540,-0.700000,S001,S001_BREATH_PACED_12_01,1,BREATH_PACED_12,,0.9758,,MR60BHA2_breath_phase,safenest-node-01
118.1540,-0.740000,S001,S001_BREATH_PACED_12_01,1,BREATH_PACED_12,,0.9758,,MR60BHA2_breath_phase,safenest-node-01
118.2540,-0.820000,S001,S001_BREATH_PACED_12_01,1,BREATH_PACED_12,,0.9758,,MR60BHA2_breath_phase,safenest-node-01
118.3540,-0.840000,S001,S001_BREATH_PACED_12_01,1,BREATH_PACED_12,,0.9758,,MR60BHA2_breath_phase,safenest-node-01
118.4540,-0.860000,S001,S001_BREATH_PACED_12_01,1,BREATH_PACED_12,,0.9758,,MR60BHA2_breath_phase,safenest-node-01
118.5540,-0.860000,S001,S001_BREATH_PACED_12_01,1,BREATH_PACED_12,,0.9758,,MR60BHA2_breath_phase,safenest-node-01
118.6540,-0.830000,S001,S001_BREATH_PACED_12_01,1,BREATH_PACED_12,,0.9758,,MR60BHA2_breath_phase,safenest-node-01
118.7540,-0.800000,S001,S001_BREATH_PACED_12_01,1,BREATH_PACED_12,,0.9758,,MR60BHA2_breath_phase,safenest-node-01
118.8540,-0.740000,S001,S001_BREATH_PACED_12_01,1,BREATH_PACED_12,,0.9758,,MR60BHA2_breath_phase,safenest-node-01
118.9540,-0.700000,S001,S001_BREATH_PACED_12_01,1,BREATH_PACED_12,,0.9758,,MR60BHA2_breath_phase,safenest-node-01
119.0540,-0.620000,S001,S001_BREATH_PACED_12_01,1,BREATH_PACED_12,,0.9758,,MR60BHA2_breath_phase,safenest-node-01
119.1540,-0.530000,S001,S001_BREATH_PACED_12_01,1,BREATH_PACED_12,,0.9758,,MR60BHA2_breath_phase,safenest-node-01
119.2540,-0.480000,S001,S001_BREATH_PACED_12_01,1,BREATH_PACED_12,,0.9758,,MR60BHA2_breath_phase,safenest-node-01
119.3540,-0.390000,S001,S001_BREATH_PACED_12_01,1,BREATH_PACED_12,,0.9758,,MR60BHA2_breath_phase,safenest-node-01
119.4540,-0.350000,S001,S001_BREATH_PACED_12_01,1,BREATH_PACED_12,,0.9758,,MR60BHA2_breath_phase,safenest-node-01
119.5540,-0.270000,S001,S001_BREATH_PACED_12_01,1,BREATH_PACED_12,,0.9758,,MR60BHA2_breath_phase,safenest-node-01
119.6540,-0.210000,S001,S001_BREATH_PACED_12_01,1,BREATH_PACED_12,,0.9758,,MR60BHA2_breath_phase,safenest-node-01
119.7540,-0.180000,S001,S001_BREATH_PACED_12_01,1,BREATH_PACED_12,,0.9758,,MR60BHA2_breath_phase,safenest-node-01
119.8540,-0.130000,S001,S001_BREATH_PACED_12_01,1,BREATH_PACED_12,,0.9758,,MR60BHA2_breath_phase,safenest-node-01
119.9540,-0.110000,S001,S001_BREATH_PACED_12_01,1,BREATH_PACED_12,,0.9758,,MR60BHA2_breath_phase,safenest-node-01
120.0540,-0.080000,S001,S001_BREATH_PACED_12_01,1,BREATH_PACED_12,,0.9758,,MR60BHA2_breath_phase,safenest-node-01
120.1540,-0.060000,S001,S001_BREATH_PACED_12_01,1,BREATH_PACED_12,,0.9758,,MR60BHA2_breath_phase,safenest-node-01
120.2550,-0.050000,S001,S001_BREATH_PACED_12_01,1,BREATH_PACED_12,,0.9758,,MR60BHA2_breath_phase,safenest-node-01
120.3550,-0.040000,S001,S001_BREATH_PACED_12_01,1,BREATH_PACED_12,,0.9758,,MR60BHA2_breath_phase,safenest-node-01
120.4550,-0.030000,S001,S001_BREATH_PACED_12_01,1,BREATH_PACED_12,,0.9758,,MR60BHA2_breath_phase,safenest-node-01
120.5550,-0.010000,S001,S001_BREATH_PACED_12_01,1,BREATH_PACED_12,,0.9758,,MR60BHA2_breath_phase,safenest-node-01
120.6550,0.020000,S001,S001_BREATH_PACED_12_01,1,BREATH_PACED_12,,0.9758,,MR60BHA2_breath_phase,safenest-node-01
120.7550,0.070000,S001,S001_BREATH_PACED_12_01,1,BREATH_PACED_12,,0.9758,,MR60BHA2_breath_phase,safenest-node-01
120.8550,0.090000,S001,S001_BREATH_PACED_12_01,1,BREATH_PACED_12,,0.9758,,MR60BHA2_breath_phase,safenest-node-01
120.9550,0.150000,S001,S001_BREATH_PACED_12_01,1,BREATH_PACED_12,,0.9758,,MR60BHA2_breath_phase,safenest-node-01
121.0550,0.180000,S001,S001_BREATH_PACED_12_01,1,BREATH_PACED_12,,0.9758,,MR60BHA2_breath_phase,safenest-node-01
121.1550,0.260000,S001,S001_BREATH_PACED_12_01,1,BREATH_PACED_12,,0.9758,,MR60BHA2_breath_phase,safenest-node-01
121.2550,0.340000,S001,S001_BREATH_PACED_12_01,1,BREATH_PACED_12,,0.9758,,MR60BHA2_breath_phase,safenest-node-01
121.3550,0.380000,S001,S001_BREATH_PACED_12_01,1,BREATH_PACED_12,,0.9758,,MR60BHA2_breath_phase,safenest-node-01
121.4550,0.460000,S001,S001_BREATH_PACED_12_01,1,BREATH_PACED_12,,0.9758,,MR60BHA2_breath_phase,safenest-node-01
121.5550,0.490000,S001,S001_BREATH_PACED_12_01,1,BREATH_PACED_12,,0.9758,,MR60BHA2_breath_phase,safenest-node-01
121.6550,0.550000,S001,S001_BREATH_PACED_12_01,1,BREATH_PACED_12,,0.9758,,MR60BHA2_breath_phase,safenest-node-01
121.7550,0.590000,S001,S001_BREATH_PACED_12_01,1,BREATH_PACED_12,,0.9758,,MR60BHA2_breath_phase,safenest-node-01
121.8550,0.610000,S001,S001_BREATH_PACED_12_01,1,BREATH_PACED_12,,0.9758,,MR60BHA2_breath_phase,safenest-node-01
121.9550,0.610000,S001,S001_BREATH_PACED_12_01,1,BREATH_PACED_12,1.00,0.9758,,MR60BHA2_breath_phase,safenest-node-01
122.0550,0.600000,S001,S001_BREATH_PACED_12_01,1,BREATH_PACED_12,1.00,0.9758,,MR60BHA2_breath_phase,safenest-node-01
122.1550,0.560000,S001,S001_BREATH_PACED_12_01,1,BREATH_PACED_12,2.00,0.9758,,MR60BHA2_breath_phase,safenest-node-01
122.2550,0.500000,S001,S001_BREATH_PACED_12_01,1,BREATH_PACED_12,3.00,0.9758,,MR60BHA2_breath_phase,safenest-node-01
122.3550,0.420000,S001,S001_BREATH_PACED_12_01,1,BREATH_PACED_12,3.00,0.9758,,MR60BHA2_breath_phase,safenest-node-01
122.4550,0.380000,S001,S001_BREATH_PACED_12_01,1,BREATH_PACED_12,3.00,0.9758,,MR60BHA2_breath_phase,safenest-node-01
122.5550,0.290000,S001,S001_BREATH_PACED_12_01,1,BREATH_PACED_12,4.00,0.9758,,MR60BHA2_breath_phase,safenest-node-01
122.6550,0.250000,S001,S001_BREATH_PACED_12_01,1,BREATH_PACED_12,4.00,0.9758,,MR60BHA2_breath_phase,safenest-node-01
122.7550,0.170000,S001,S001_BREATH_PACED_12_01,1,BREATH_PACED_12,5.00,0.9758,,MR60BHA2_breath_phase,safenest-node-01
122.8550,0.100000,S001,S001_BREATH_PACED_12_01,1,BREATH_PACED_12,5.00,0.9758,,MR60BHA2_breath_phase,safenest-node-01
122.9550,0.070000,S001,S001_BREATH_PACED_12_01,1,BREATH_PACED_12,5.00,0.9758,,MR60BHA2_breath_phase,safenest-node-01
123.0550,0.030000,S001,S001_BREATH_PACED_12_01,1,BREATH_PACED_12,6.00,0.9758,,MR60BHA2_breath_phase,safenest-node-01
123.1550,0.010000,S001,S001_BREATH_PACED_12_01,1,BREATH_PACED_12,6.00,0.9758,,MR60BHA2_breath_phase,safenest-node-01
123.2550,-0.000000,S001,S001_BREATH_PACED_12_01,1,BREATH_PACED_12,6.00,0.9758,,MR60BHA2_breath_phase,safenest-node-01
123.3550,0.000000,S001,S001_BREATH_PACED_12_01,1,BREATH_PACED_12,7.00,0.9758,,MR60BHA2_breath_phase,safenest-node-01
123.4550,0.010000,S001,S001_BREATH_PACED_12_01,1,BREATH_PACED_12,7.00,0.9758,,MR60BHA2_breath_phase,safenest-node-01
123.5550,0.040000,S001,S001_BREATH_PACED_12_01,1,BREATH_PACED_12,7.00,0.9758,,MR60BHA2_breath_phase,safenest-node-01
123.6550,0.050000,S001,S001_BREATH_PACED_12_01,1,BREATH_PACED_12,8.00,0.9758,,MR60BHA2_breath_phase,safenest-node-01
123.7550,0.090000,S001,S001_BREATH_PACED_12_01,1,BREATH_PACED_12,8.00,0.9758,,MR60BHA2_breath_phase,safenest-node-01
123.8550,0.120000,S001,S001_BREATH_PACED_12_01,1,BREATH_PACED_12,8.00,0.9758,,MR60BHA2_breath_phase,safenest-node-01
123.9550,0.140000,S001,S001_BREATH_PACED_12_01,1,BREATH_PACED_12,8.00,0.9758,,MR60BHA2_breath_phase,safenest-node-01
124.0550,0.150000,S001,S001_BREATH_PACED_12_01,1,BREATH_PACED_12,8.00,0.9758,,MR60BHA2_breath_phase,safenest-node-01
124.1550,0.160000,S001,S001_BREATH_PACED_12_01,1,BREATH_PACED_12,7.00,0.9758,,MR60BHA2_breath_phase,safenest-node-01
124.2550,0.160000,S001,S001_BREATH_PACED_12_01,1,BREATH_PACED_12,7.00,0.9758,,MR60BHA2_breath_phase,safenest-node-01
124.3550,0.150000,S001,S001_BREATH_PACED_12_01,1,BREATH_PACED_12,7.00,0.9184,,MR60BHA2_breath_phase,safenest-node-01
124.4550,0.140000,S001,S001_BREATH_PACED_12_01,1,BREATH_PACED_12,6.00,0.9184,,MR60BHA2_breath_phase,safenest-node-01
124.5550,0.120000,S001,S001_BREATH_PACED_12_01,1,BREATH_PACED_12,6.00,0.9184,,MR60BHA2_breath_phase,safenest-node-01
124.6550,0.090000,S001,S001_BREATH_PACED_12_01,1,BREATH_PACED_12,6.00,0.9184,,MR60BHA2_breath_phase,safenest-node-01
124.7550,0.080000,S001,S001_BREATH_PACED_12_01,1,BREATH_PACED_12,6.00,0.9184,,MR60BHA2_breath_phase,safenest-node-01
124.8550,0.040000,S001,S001_BREATH_PACED_12_01,1,BREATH_PACED_12,5.00,0.9184,,MR60BHA2_breath_phase,safenest-node-01
124.9550,0.010000,S001,S001_BREATH_PACED_12_01,1,BREATH_PACED_12,5.00,0.9758,,MR60BHA2_breath_phase,safenest-node-01
125.0550,-0.010000,S001,S001_BREATH_PACED_12_01,1,BREATH_PACED_12,5.00,0.9758,,MR60BHA2_breath_phase,safenest-node-01
125.1550,-0.030000,S001,S001_BREATH_PACED_12_01,1,BREATH_PACED_12,5.00,0.9758,,MR60BHA2_breath_phase,safenest-node-01
125.2550,-0.030000,S001,S001_BREATH_PACED_12_01,1,BREATH_PACED_12,5.00,0.9758,,MR60BHA2_breath_phase,safenest-node-01
125.3550,-0.040000,S001,S001_BREATH_PACED_12_01,1,BREATH_PACED_12,4.00,0.9758,,MR60BHA2_breath_phase,safenest-node-01
125.4550,-0.030000,S001,S001_BREATH_PACED_12_01,1,BREATH_PACED_12,4.00,0.9758,,MR60BHA2_breath_phase,safenest-node-01
125.5550,-0.020000,S001,S001_BREATH_PACED_12_01,1,BREATH_PACED_12,4.00,0.9758,,MR60BHA2_breath_phase,safenest-node-01
125.6550,-0.010000,S001,S001_BREATH_PACED_12_01,1,BREATH_PACED_12,4.00,0.9758,,MR60BHA2_breath_phase,safenest-node-01
125.7550,0.020000,S001,S001_BREATH_PACED_12_01,1,BREATH_PACED_12,4.00,0.9758,,MR60BHA2_breath_phase,safenest-node-01
125.8550,0.030000,S001,S001_BREATH_PACED_12_01,1,BREATH_PACED_12,4.00,0.9758,,MR60BHA2_breath_phase,safenest-node-01
125.9550,0.050000,S001,S001_BREATH_PACED_12_01,1,BREATH_PACED_12,3.00,0.9758,,MR60BHA2_breath_phase,safenest-node-01
126.0550,0.060000,S001,S001_BREATH_PACED_12_01,1,BREATH_PACED_12,3.00,0.9758,,MR60BHA2_breath_phase,safenest-node-01
126.1550,0.060000,S001,S001_BREATH_PACED_12_01,1,BREATH_PACED_12,3.00,0.9758,,MR60BHA2_breath_phase,safenest-node-01
126.2550,0.060000,S001,S001_BREATH_PACED_12_01,1,BREATH_PACED_12,3.00,0.9758,,MR60BHA2_breath_phase,safenest-node-01
126.3550,0.060000,S001,S001_BREATH_PACED_12_01,1,BREATH_PACED_12,3.00,0.9758,,MR60BHA2_breath_phase,safenest-node-01
126.4550,0.050000,S001,S001_BREATH_PACED_12_01,1,BREATH_PACED_12,3.00,0.9758,,MR60BHA2_breath_phase,safenest-node-01
126.5550,0.050000,S001,S001_BREATH_PACED_12_01,1,BREATH_PACED_12,3.00,0.9758,,MR60BHA2_breath_phase,safenest-node-01
126.6550,0.040000,S001,S001_BREATH_PACED_12_01,1,BREATH_PACED_12,3.00,0.9758,,MR60BHA2_breath_phase,safenest-node-01
126.7550,0.030000,S001,S001_BREATH_PACED_12_01,1,BREATH_PACED_12,3.00,0.9758,,MR60BHA2_breath_phase,safenest-node-01
126.8550,0.020000,S001,S001_BREATH_PACED_12_01,1,BREATH_PACED_12,2.00,0.9758,,MR60BHA2_breath_phase,safenest-node-01
126.9550,-0.020000,S001,S001_BREATH_PACED_12_01,1,BREATH_PACED_12,2.00,0.9758,,MR60BHA2_breath_phase,safenest-node-01
127.0550,-0.070000,S001,S001_BREATH_PACED_12_01,1,BREATH_PACED_12,2.00,0.9758,,MR60BHA2_breath_phase,safenest-node-01
127.1560,-0.150000,S001,S001_BREATH_PACED_12_01,1,BREATH_PACED_12,2.00,0.9758,,MR60BHA2_breath_phase,safenest-node-01
127.2560,-0.200000,S001,S001_BREATH_PACED_12_01,1,BREATH_PACED_12,2.00,0.9758,,MR60BHA2_breath_phase,safenest-node-01
127.3560,-0.310000,S001,S001_BREATH_PACED_12_01,1,BREATH_PACED_12,2.00,0.9758,,MR60BHA2_breath_phase,safenest-node-01
127.4560,-0.370000,S001,S001_BREATH_PACED_12_01,1,BREATH_PACED_12,2.00,0.9758,,MR60BHA2_breath_phase,safenest-node-01
127.5560,-0.500000,S001,S001_BREATH_PACED_12_01,1,BREATH_PACED_12,2.00,0.9758,,MR60BHA2_breath_phase,safenest-node-01
127.6560,-0.620000,S001,S001_BREATH_PACED_12_01,1,BREATH_PACED_12,2.00,0.9758,,MR60BHA2_breath_phase,safenest-node-01
127.7560,-0.670000,S001,S001_BREATH_PACED_12_01,1,BREATH_PACED_12,2.00,0.9758,,MR60BHA2_breath_phase,safenest-node-01
127.8560,-0.760000,S001,S001_BREATH_PACED_12_01,1,BREATH_PACED_12,2.00,0.9758,,MR60BHA2_breath_phase,safenest-node-01
127.9560,-0.790000,S001,S001_BREATH_PACED_12_01,1,BREATH_PACED_12,2.00,0.9758,,MR60BHA2_breath_phase,safenest-node-01
128.0560,-0.820000,S001,S001_BREATH_PACED_12_01,1,BREATH_PACED_12,1.00,0.9758,,MR60BHA2_breath_phase,safenest-node-01
128.1560,-0.810000,S001,S001_BREATH_PACED_12_01,1,BREATH_PACED_12,1.00,0.9184,,MR60BHA2_breath_phase,safenest-node-01
128.2560,-0.790000,S001,S001_BREATH_PACED_12_01,1,BREATH_PACED_12,1.00,0.9184,,MR60BHA2_breath_phase,safenest-node-01
128.3560,-0.730000,S001,S001_BREATH_PACED_12_01,1,BREATH_PACED_12,1.00,0.9184,,MR60BHA2_breath_phase,safenest-node-01
128.4560,-0.690000,S001,S001_BREATH_PACED_12_01,1,BREATH_PACED_12,1.00,0.9184,,MR60BHA2_breath_phase,safenest-node-01
128.5560,-0.580000,S001,S001_BREATH_PACED_12_01,1,BREATH_PACED_12,1.00,0.9184,,MR60BHA2_breath_phase,safenest-node-01
128.6560,-0.460000,S001,S001_BREATH_PACED_12_01,1,BREATH_PACED_12,1.00,0.9184,,MR60BHA2_breath_phase,safenest-node-01
128.7560,-0.320000,S001,S001_BREATH_PACED_12_01,1,BREATH_PACED_12,1.00,0.9184,,MR60BHA2_breath_phase,safenest-node-01
128.8560,-0.250000,S001,S001_BREATH_PACED_12_01,1,BREATH_PACED_12,1.00,0.9184,,MR60BHA2_breath_phase,safenest-node-01
128.9560,-0.110000,S001,S001_BREATH_PACED_12_01,1,BREATH_PACED_12,1.00,0.9184,,MR60BHA2_breath_phase,safenest-node-01
129.0560,-0.040000,S001,S001_BREATH_PACED_12_01,1,BREATH_PACED_12,1.00,0.9184,,MR60BHA2_breath_phase,safenest-node-01
129.1560,0.090000,S001,S001_BREATH_PACED_12_01,1,BREATH_PACED_12,1.00,0.9184,,MR60BHA2_breath_phase,safenest-node-01
129.2560,0.200000,S001,S001_BREATH_PACED_12_01,1,BREATH_PACED_12,1.00,0.9184,,MR60BHA2_breath_phase,safenest-node-01
129.3560,0.250000,S001,S001_BREATH_PACED_12_01,1,BREATH_PACED_12,1.00,0.9184,,MR60BHA2_breath_phase,safenest-node-01
129.4560,0.330000,S001,S001_BREATH_PACED_12_01,1,BREATH_PACED_12,1.00,0.9184,,MR60BHA2_breath_phase,safenest-node-01
129.5560,0.350000,S001,S001_BREATH_PACED_12_01,1,BREATH_PACED_12,1.00,0.9184,,MR60BHA2_breath_phase,safenest-node-01
129.6560,0.380000,S001,S001_BREATH_PACED_12_01,1,BREATH_PACED_12,1.00,0.9184,,MR60BHA2_breath_phase,safenest-node-01
129.7560,0.380000,S001,S001_BREATH_PACED_12_01,1,BREATH_PACED_12,1.00,0.9184,,MR60BHA2_breath_phase,safenest-node-01
129.8560,0.360000,S001,S001_BREATH_PACED_12_01,1,BREATH_PACED_12,1.00,0.9184,,MR60BHA2_breath_phase,safenest-node-01
129.9560,0.310000,S001,S001_BREATH_PACED_12_01,1,BREATH_PACED_12,1.00,0.9184,,MR60BHA2_breath_phase,safenest-node-01
130.0560,0.280000,S001,S001_BREATH_PACED_12_01,1,BREATH_PACED_12,1.00,0.9184,,MR60BHA2_breath_phase,safenest-node-01
130.1560,0.200000,S001,S001_BREATH_PACED_12_01,1,BREATH_PACED_12,1.00,0.9184,,MR60BHA2_breath_phase,safenest-node-01
130.2560,0.110000,S001,S001_BREATH_PACED_12_01,1,BREATH_PACED_12,1.00,0.9184,,MR60BHA2_breath_phase,safenest-node-01
130.3570,0.020000,S001,S001_BREATH_PACED_12_01,1,BREATH_PACED_12,1.00,0.9184,,MR60BHA2_breath_phase,safenest-node-01
130.4570,-0.030000,S001,S001_BREATH_PACED_12_01,1,BREATH_PACED_12,1.00,0.9184,,MR60BHA2_breath_phase,safenest-node-01
130.5570,-0.100000,S001,S001_BREATH_PACED_12_01,1,BREATH_PACED_12,1.00,0.9184,,MR60BHA2_breath_phase,safenest-node-01
130.6570,-0.120000,S001,S001_BREATH_PACED_12_01,1,BREATH_PACED_12,2.00,0.9184,,MR60BHA2_breath_phase,safenest-node-01
130.7570,-0.150000,S001,S001_BREATH_PACED_12_01,1,BREATH_PACED_12,2.00,0.9184,,MR60BHA2_breath_phase,safenest-node-01
130.8570,-0.150000,S001,S001_BREATH_PACED_12_01,1,BREATH_PACED_12,3.00,0.9184,,MR60BHA2_breath_phase,safenest-node-01
130.9570,-0.130000,S001,S001_BREATH_PACED_12_01,1,BREATH_PACED_12,3.00,0.9184,,MR60BHA2_breath_phase,safenest-node-01
131.0570,-0.070000,S001,S001_BREATH_PACED_12_01,1,BREATH_PACED_12,4.00,0.9184,,MR60BHA2_breath_phase,safenest-node-01
131.1570,-0.030000,S001,S001_BREATH_PACED_12_01,1,BREATH_PACED_12,4.00,0.9184,,MR60BHA2_breath_phase,safenest-node-01
131.2570,0.070000,S001,S001_BREATH_PACED_12_01,1,BREATH_PACED_12,5.00,0.9184,,MR60BHA2_breath_phase,safenest-node-01
131.3570,0.200000,S001,S001_BREATH_PACED_12_01,1,BREATH_PACED_12,5.00,0.9184,,MR60BHA2_breath_phase,safenest-node-01
131.4570,0.330000,S001,S001_BREATH_PACED_12_01,1,BREATH_PACED_12,6.00,0.9184,,MR60BHA2_breath_phase,safenest-node-01
131.5570,0.400000,S001,S001_BREATH_PACED_12_01,1,BREATH_PACED_12,6.00,0.9184,,MR60BHA2_breath_phase,safenest-node-01
131.6570,0.460000,S001,S001_BREATH_PACED_12_01,1,BREATH_PACED_12,6.00,0.9184,,MR60BHA2_breath_phase,safenest-node-01
131.7570,0.570000,S001,S001_BREATH_PACED_12_01,1,BREATH_PACED_12,6.00,0.9184,,MR60BHA2_breath_phase,safenest-node-01
131.8570,0.660000,S001,S001_BREATH_PACED_12_01,1,BREATH_PACED_12,6.00,0.9184,,MR60BHA2_breath_phase,safenest-node-01
131.9570,0.710000,S001,S001_BREATH_PACED_12_01,1,BREATH_PACED_12,6.00,0.9184,,MR60BHA2_breath_phase,safenest-node-01
132.0570,0.720000,S001,S001_BREATH_PACED_12_01,1,BREATH_PACED_12,6.00,0.9184,,MR60BHA2_breath_phase,safenest-node-01
132.1570,0.720000,S001,S001_BREATH_PACED_12_01,1,BREATH_PACED_12,5.00,0.9184,,MR60BHA2_breath_phase,safenest-node-01
132.2570,0.700000,S001,S001_BREATH_PACED_12_01,1,BREATH_PACED_12,5.00,0.9184,,MR60BHA2_breath_phase,safenest-node-01
132.3570,0.640000,S001,S001_BREATH_PACED_12_01,1,BREATH_PACED_12,5.00,0.9184,,MR60BHA2_breath_phase,safenest-node-01
132.4570,0.560000,S001,S001_BREATH_PACED_12_01,1,BREATH_PACED_12,5.00,0.9184,,MR60BHA2_breath_phase,safenest-node-01
132.5580,0.510000,S001,S001_BREATH_PACED_12_01,1,BREATH_PACED_12,5.00,0.9184,,MR60BHA2_breath_phase,safenest-node-01
132.6580,0.400000,S001,S001_BREATH_PACED_12_01,1,BREATH_PACED_12,4.00,0.9758,,MR60BHA2_breath_phase,safenest-node-01
132.7580,0.350000,S001,S001_BREATH_PACED_12_01,1,BREATH_PACED_12,4.00,0.9758,,MR60BHA2_breath_phase,safenest-node-01
132.8580,0.250000,S001,S001_BREATH_PACED_12_01,1,BREATH_PACED_12,4.00,0.9758,,MR60BHA2_breath_phase,safenest-node-01
132.9580,0.160000,S001,S001_BREATH_PACED_12_01,1,BREATH_PACED_12,4.00,0.9758,,MR60BHA2_breath_phase,safenest-node-01
133.0590,0.080000,S001,S001_BREATH_PACED_12_01,1,BREATH_PACED_12,4.00,0.9758,,MR60BHA2_breath_phase,safenest-node-01
133.1590,0.050000,S001,S001_BREATH_PACED_12_01,1,BREATH_PACED_12,4.00,0.9758,,MR60BHA2_breath_phase,safenest-node-01
133.2590,0.010000,S001,S001_BREATH_PACED_12_01,1,BREATH_PACED_12,3.00,0.9758,,MR60BHA2_breath_phase,safenest-node-01
133.3590,-0.000000,S001,S001_BREATH_PACED_12_01,1,BREATH_PACED_12,3.00,0.9758,,MR60BHA2_breath_phase,safenest-node-01
133.4590,-0.020000,S001,S001_BREATH_PACED_12_01,1,BREATH_PACED_12,3.00,0.9758,,MR60BHA2_breath_phase,safenest-node-01
133.5590,-0.010000,S001,S001_BREATH_PACED_12_01,1,BREATH_PACED_12,3.00,0.9184,,MR60BHA2_breath_phase,safenest-node-01
133.6590,-0.010000,S001,S001_BREATH_PACED_12_01,1,BREATH_PACED_12,3.00,0.9184,,MR60BHA2_breath_phase,safenest-node-01
133.7590,0.010000,S001,S001_BREATH_PACED_12_01,1,BREATH_PACED_12,3.00,0.9184,,MR60BHA2_breath_phase,safenest-node-01
133.8590,0.020000,S001,S001_BREATH_PACED_12_01,1,BREATH_PACED_12,3.00,0.9184,,MR60BHA2_breath_phase,safenest-node-01
133.9590,0.050000,S001,S001_BREATH_PACED_12_01,1,BREATH_PACED_12,3.00,0.9184,,MR60BHA2_breath_phase,safenest-node-01
134.0590,0.070000,S001,S001_BREATH_PACED_12_01,1,BREATH_PACED_12,2.00,0.9184,,MR60BHA2_breath_phase,safenest-node-01
134.1600,0.070000,S001,S001_BREATH_PACED_12_01,1,BREATH_PACED_12,2.00,0.9184,,MR60BHA2_breath_phase,safenest-node-01
134.2600,0.080000,S001,S001_BREATH_PACED_12_01,1,BREATH_PACED_12,2.00,0.9758,,MR60BHA2_breath_phase,safenest-node-01
134.3600,0.080000,S001,S001_BREATH_PACED_12_01,1,BREATH_PACED_12,2.00,0.9758,,MR60BHA2_breath_phase,safenest-node-01
134.4600,0.070000,S001,S001_BREATH_PACED_12_01,1,BREATH_PACED_12,2.00,0.9758,,MR60BHA2_breath_phase,safenest-node-01
134.5600,0.040000,S001,S001_BREATH_PACED_12_01,1,BREATH_PACED_12,2.00,0.9758,,MR60BHA2_breath_phase,safenest-node-01
134.6600,0.010000,S001,S001_BREATH_PACED_12_01,1,BREATH_PACED_12,2.00,0.9758,,MR60BHA2_breath_phase,safenest-node-01
134.7600,-0.000000,S001,S001_BREATH_PACED_12_01,1,BREATH_PACED_12,2.00,0.9758,,MR60BHA2_breath_phase,safenest-node-01
134.8600,-0.050000,S001,S001_BREATH_PACED_12_01,1,BREATH_PACED_12,2.00,0.9758,,MR60BHA2_breath_phase,safenest-node-01
134.9600,-0.070000,S001,S001_BREATH_PACED_12_01,1,BREATH_PACED_12,2.00,0.9758,,MR60BHA2_breath_phase,safenest-node-01
135.0600,-0.110000,S001,S001_BREATH_PACED_12_01,1,BREATH_PACED_12,2.00,0.9758,,MR60BHA2_breath_phase,safenest-node-01
135.1600,-0.160000,S001,S001_BREATH_PACED_12_01,1,BREATH_PACED_12,2.00,0.9758,,MR60BHA2_breath_phase,safenest-node-01
135.2600,-0.180000,S001,S001_BREATH_PACED_12_01,1,BREATH_PACED_12,2.00,0.9758,,MR60BHA2_breath_phase,safenest-node-01
135.3600,-0.210000,S001,S001_BREATH_PACED_12_01,1,BREATH_PACED_12,1.00,0.9758,,MR60BHA2_breath_phase,safenest-node-01
135.4600,-0.220000,S001,S001_BREATH_PACED_12_01,1,BREATH_PACED_12,1.00,0.9758,,MR60BHA2_breath_phase,safenest-node-01
135.5600,-0.240000,S001,S001_BREATH_PACED_12_01,1,BREATH_PACED_12,1.00,0.9758,,MR60BHA2_breath_phase,safenest-node-01
135.6600,-0.260000,S001,S001_BREATH_PACED_12_01,1,BREATH_PACED_12,1.00,0.9758,,MR60BHA2_breath_phase,safenest-node-01
135.7600,-0.260000,S001,S001_BREATH_PACED_12_01,1,BREATH_PACED_12,1.00,0.9758,,MR60BHA2_breath_phase,safenest-node-01
135.8600,-0.270000,S001,S001_BREATH_PACED_12_01,1,BREATH_PACED_12,1.00,0.9758,,MR60BHA2_breath_phase,safenest-node-01
135.9600,-0.270000,S001,S001_BREATH_PACED_12_01,1,BREATH_PACED_12,1.00,0.9758,,MR60BHA2_breath_phase,safenest-node-01
136.0600,-0.280000,S001,S001_BREATH_PACED_12_01,1,BREATH_PACED_12,1.00,0.9758,,MR60BHA2_breath_phase,safenest-node-01
136.1600,-0.280000,S001,S001_BREATH_PACED_12_01,1,BREATH_PACED_12,1.00,0.9758,,MR60BHA2_breath_phase,safenest-node-01
136.2600,-0.280000,S001,S001_BREATH_PACED_12_01,1,BREATH_PACED_12,1.00,0.9758,,MR60BHA2_breath_phase,safenest-node-01
136.3600,-0.280000,S001,S001_BREATH_PACED_12_01,1,BREATH_PACED_12,1.00,0.9758,,MR60BHA2_breath_phase,safenest-node-01
136.4610,-0.270000,S001,S001_BREATH_PACED_12_01,1,BREATH_PACED_12,1.00,0.9758,,MR60BHA2_breath_phase,safenest-node-01
136.5610,-0.270000,S001,S001_BREATH_PACED_12_01,1,BREATH_PACED_12,1.00,0.9758,,MR60BHA2_breath_phase,safenest-node-01
136.6610,-0.260000,S001,S001_BREATH_PACED_12_01,1,BREATH_PACED_12,1.00,0.9758,,MR60BHA2_breath_phase,safenest-node-01
136.7610,-0.260000,S001,S001_BREATH_PACED_12_01,1,BREATH_PACED_12,1.00,0.9758,,MR60BHA2_breath_phase,safenest-node-01
136.8610,-0.250000,S001,S001_BREATH_PACED_12_01,1,BREATH_PACED_12,1.00,0.9758,,MR60BHA2_breath_phase,safenest-node-01
136.9610,-0.230000,S001,S001_BREATH_PACED_12_01,1,BREATH_PACED_12,1.00,0.9758,,MR60BHA2_breath_phase,safenest-node-01
137.0610,-0.230000,S001,S001_BREATH_PACED_12_01,1,BREATH_PACED_12,1.00,0.9758,,MR60BHA2_breath_phase,safenest-node-01
137.1610,-0.210000,S001,S001_BREATH_PACED_12_01,1,BREATH_PACED_12,1.00,0.9758,,MR60BHA2_breath_phase,safenest-node-01
137.2610,-0.200000,S001,S001_BREATH_PACED_12_01,1,BREATH_PACED_12,1.00,0.9758,,MR60BHA2_breath_phase,safenest-node-01
137.3610,-0.190000,S001,S001_BREATH_PACED_12_01,1,BREATH_PACED_12,1.00,0.9758,,MR60BHA2_breath_phase,safenest-node-01
137.4610,-0.190000,S001,S001_BREATH_PACED_12_01,1,BREATH_PACED_12,1.00,0.9758,,MR60BHA2_breath_phase,safenest-node-01
137.5610,-0.200000,S001,S001_BREATH_PACED_12_01,1,BREATH_PACED_12,1.00,0.9758,,MR60BHA2_breath_phase,safenest-node-01
137.6610,-0.220000,S001,S001_BREATH_PACED_12_01,1,BREATH_PACED_12,1.00,0.9758,,MR60BHA2_breath_phase,safenest-node-01
137.7610,-0.240000,S001,S001_BREATH_PACED_12_01,1,BREATH_PACED_12,1.00,0.9758,,MR60BHA2_breath_phase,safenest-node-01
137.8620,-0.270000,S001,S001_BREATH_PACED_12_01,1,BREATH_PACED_12,1.00,0.9758,,MR60BHA2_breath_phase,safenest-node-01
137.9620,-0.290000,S001,S001_BREATH_PACED_12_01,1,BREATH_PACED_12,,0.9758,,MR60BHA2_breath_phase,safenest-node-01
138.0620,-0.320000,S001,S001_BREATH_PACED_12_01,1,BREATH_PACED_12,,0.9758,,MR60BHA2_breath_phase,safenest-node-01
138.1620,-0.330000,S001,S001_BREATH_PACED_12_01,1,BREATH_PACED_12,,0.9758,,MR60BHA2_breath_phase,safenest-node-01
138.2620,-0.350000,S001,S001_BREATH_PACED_12_01,1,BREATH_PACED_12,,0.9758,,MR60BHA2_breath_phase,safenest-node-01
138.3620,-0.360000,S001,S001_BREATH_PACED_12_01,1,BREATH_PACED_12,,0.9758,,MR60BHA2_breath_phase,safenest-node-01
138.4620,-0.350000,S001,S001_BREATH_PACED_12_01,1,BREATH_PACED_12,,0.9758,,MR60BHA2_breath_phase,safenest-node-01
138.5620,-0.340000,S001,S001_BREATH_PACED_12_01,1,BREATH_PACED_12,,0.9758,,MR60BHA2_breath_phase,safenest-node-01
138.6620,-0.330000,S001,S001_BREATH_PACED_12_01,1,BREATH_PACED_12,,0.9758,,MR60BHA2_breath_phase,safenest-node-01
138.7620,-0.300000,S001,S001_BREATH_PACED_12_01,1,BREATH_PACED_12,,0.9758,,MR60BHA2_breath_phase,safenest-node-01
138.8620,-0.260000,S001,S001_BREATH_PACED_12_01,1,BREATH_PACED_12,,0.9758,,MR60BHA2_breath_phase,safenest-node-01
138.9620,-0.230000,S001,S001_BREATH_PACED_12_01,1,BREATH_PACED_12,,0.9758,,MR60BHA2_breath_phase,safenest-node-01
139.0620,-0.180000,S001,S001_BREATH_PACED_12_01,1,BREATH_PACED_12,,0.9758,,MR60BHA2_breath_phase,safenest-node-01
139.1620,-0.150000,S001,S001_BREATH_PACED_12_01,1,BREATH_PACED_12,,0.9758,,MR60BHA2_breath_phase,safenest-node-01
139.2620,-0.090000,S001,S001_BREATH_PACED_12_01,1,BREATH_PACED_12,,0.9758,,MR60BHA2_breath_phase,safenest-node-01
139.3620,-0.050000,S001,S001_BREATH_PACED_12_01,1,BREATH_PACED_12,,0.9758,,MR60BHA2_breath_phase,safenest-node-01
139.4630,-0.020000,S001,S001_BREATH_PACED_12_01,1,BREATH_PACED_12,,0.9758,,MR60BHA2_breath_phase,safenest-node-01
139.5630,-0.020000,S001,S001_BREATH_PACED_12_01,1,BREATH_PACED_12,,0.9758,,MR60BHA2_breath_phase,safenest-node-01
139.6630,-0.010000,S001,S001_BREATH_PACED_12_01,1,BREATH_PACED_12,,0.9758,,MR60BHA2_breath_phase,safenest-node-01
139.7630,-0.030000,S001,S001_BREATH_PACED_12_01,1,BREATH_PACED_12,,0.9758,,MR60BHA2_breath_phase,safenest-node-01
139.8630,-0.060000,S001,S001_BREATH_PACED_12_01,1,BREATH_PACED_12,,0.9758,,MR60BHA2_breath_phase,safenest-node-01
139.9630,-0.100000,S001,S001_BREATH_PACED_12_01,1,BREATH_PACED_12,,0.9758,,MR60BHA2_breath_phase,safenest-node-01
140.0630,-0.120000,S001,S001_BREATH_PACED_12_01,1,BREATH_PACED_12,,0.9758,,MR60BHA2_breath_phase,safenest-node-01
140.1630,-0.160000,S001,S001_BREATH_PACED_12_01,1,BREATH_PACED_12,,0.9758,,MR60BHA2_breath_phase,safenest-node-01
140.2630,-0.180000,S001,S001_BREATH_PACED_12_01,1,BREATH_PACED_12,,0.9758,,MR60BHA2_breath_phase,safenest-node-01
140.3630,-0.200000,S001,S001_BREATH_PACED_12_01,1,BREATH_PACED_12,2.00,0.9758,,MR60BHA2_breath_phase,safenest-node-01
140.4630,-0.190000,S001,S001_BREATH_PACED_12_01,1,BREATH_PACED_12,3.00,0.9758,,MR60BHA2_breath_phase,safenest-node-01
140.5640,-0.170000,S001,S001_BREATH_PACED_12_01,1,BREATH_PACED_12,3.00,0.9758,,MR60BHA2_breath_phase,safenest-node-01
140.6640,-0.110000,S001,S001_BREATH_PACED_12_01,1,BREATH_PACED_12,5.00,0.9758,,MR60BHA2_breath_phase,safenest-node-01
140.7640,-0.060000,S001,S001_BREATH_PACED_12_01,1,BREATH_PACED_12,6.00,0.9758,,MR60BHA2_breath_phase,safenest-node-01
140.8640,0.050000,S001,S001_BREATH_PACED_12_01,1,BREATH_PACED_12,7.00,0.9758,,MR60BHA2_breath_phase,safenest-node-01
140.9640,0.200000,S001,S001_BREATH_PACED_12_01,1,BREATH_PACED_12,8.00,0.9758,,MR60BHA2_breath_phase,safenest-node-01
141.0650,0.380000,S001,S001_BREATH_PACED_12_01,1,BREATH_PACED_12,9.00,0.9758,,MR60BHA2_breath_phase,safenest-node-01
141.1650,0.470000,S001,S001_BREATH_PACED_12_01,1,BREATH_PACED_12,9.00,0.9758,,MR60BHA2_breath_phase,safenest-node-01
141.2650,0.650000,S001,S001_BREATH_PACED_12_01,1,BREATH_PACED_12,10.00,0.9758,,MR60BHA2_breath_phase,safenest-node-01
141.3650,0.740000,S001,S001_BREATH_PACED_12_01,1,BREATH_PACED_12,11.00,0.9758,,MR60BHA2_breath_phase,safenest-node-01
141.4650,0.900000,S001,S001_BREATH_PACED_12_01,1,BREATH_PACED_12,11.00,0.9758,,MR60BHA2_breath_phase,safenest-node-01
141.5650,1.030000,S001,S001_BREATH_PACED_12_01,1,BREATH_PACED_12,10.00,0.9758,,MR60BHA2_breath_phase,safenest-node-01
141.6650,1.080000,S001,S001_BREATH_PACED_12_01,1,BREATH_PACED_12,10.00,0.9758,,MR60BHA2_breath_phase,safenest-node-01
141.7650,1.150000,S001,S001_BREATH_PACED_12_01,1,BREATH_PACED_12,10.00,0.9758,,MR60BHA2_breath_phase,safenest-node-01
141.8650,1.170000,S001,S001_BREATH_PACED_12_01,1,BREATH_PACED_12,9.00,0.9758,,MR60BHA2_breath_phase,safenest-node-01
141.9650,1.170000,S001,S001_BREATH_PACED_12_01,1,BREATH_PACED_12,9.00,0.9758,,MR60BHA2_breath_phase,safenest-node-01
142.0650,1.120000,S001,S001_BREATH_PACED_12_01,1,BREATH_PACED_12,8.00,0.9758,,MR60BHA2_breath_phase,safenest-node-01
142.1660,1.080000,S001,S001_BREATH_PACED_12_01,1,BREATH_PACED_12,8.00,0.9758,,MR60BHA2_breath_phase,safenest-node-01
142.2660,0.980000,S001,S001_BREATH_PACED_12_01,1,BREATH_PACED_12,8.00,0.9758,,MR60BHA2_breath_phase,safenest-node-01
142.3660,0.920000,S001,S001_BREATH_PACED_12_01,1,BREATH_PACED_12,8.00,0.9758,,MR60BHA2_breath_phase,safenest-node-01
142.4660,0.790000,S001,S001_BREATH_PACED_12_01,1,BREATH_PACED_12,7.00,0.9758,,MR60BHA2_breath_phase,safenest-node-01
142.5660,0.640000,S001,S001_BREATH_PACED_12_01,1,BREATH_PACED_12,7.00,0.9758,,MR60BHA2_breath_phase,safenest-node-01
142.6660,0.560000,S001,S001_BREATH_PACED_12_01,1,BREATH_PACED_12,7.00,0.9758,,MR60BHA2_breath_phase,safenest-node-01
142.7660,0.410000,S001,S001_BREATH_PACED_12_01,1,BREATH_PACED_12,7.00,0.9758,,MR60BHA2_breath_phase,safenest-node-01
142.8660,0.260000,S001,S001_BREATH_PACED_12_01,1,BREATH_PACED_12,6.00,0.9758,,MR60BHA2_breath_phase,safenest-node-01
142.9660,0.190000,S001,S001_BREATH_PACED_12_01,1,BREATH_PACED_12,6.00,0.9758,,MR60BHA2_breath_phase,safenest-node-01
143.0660,0.060000,S001,S001_BREATH_PACED_12_01,1,BREATH_PACED_12,6.00,0.9758,,MR60BHA2_breath_phase,safenest-node-01
143.1660,-0.050000,S001,S001_BREATH_PACED_12_01,1,BREATH_PACED_12,5.00,0.9758,,MR60BHA2_breath_phase,safenest-node-01
143.2660,-0.100000,S001,S001_BREATH_PACED_12_01,1,BREATH_PACED_12,5.00,0.9758,,MR60BHA2_breath_phase,safenest-node-01
143.3660,-0.180000,S001,S001_BREATH_PACED_12_01,1,BREATH_PACED_12,5.00,0.9758,,MR60BHA2_breath_phase,safenest-node-01
143.4660,-0.220000,S001,S001_BREATH_PACED_12_01,1,BREATH_PACED_12,5.00,0.9758,,MR60BHA2_breath_phase,safenest-node-01
143.5660,-0.280000,S001,S001_BREATH_PACED_12_01,1,BREATH_PACED_12,5.00,0.9758,,MR60BHA2_breath_phase,safenest-node-01
143.6660,-0.310000,S001,S001_BREATH_PACED_12_01,1,BREATH_PACED_12,4.00,0.9758,,MR60BHA2_breath_phase,safenest-node-01
143.7660,-0.320000,S001,S001_BREATH_PACED_12_01,1,BREATH_PACED_12,4.00,0.9758,,MR60BHA2_breath_phase,safenest-node-01
143.8660,-0.340000,S001,S001_BREATH_PACED_12_01,1,BREATH_PACED_12,4.00,0.9758,,MR60BHA2_breath_phase,safenest-node-01
143.9660,-0.340000,S001,S001_BREATH_PACED_12_01,1,BREATH_PACED_12,4.00,0.9758,,MR60BHA2_breath_phase,safenest-node-01
144.0660,-0.330000,S001,S001_BREATH_PACED_12_01,1,BREATH_PACED_12,4.00,0.9758,,MR60BHA2_breath_phase,safenest-node-01
144.1660,-0.310000,S001,S001_BREATH_PACED_12_01,1,BREATH_PACED_12,4.00,0.9758,,MR60BHA2_breath_phase,safenest-node-01
144.2660,-0.300000,S001,S001_BREATH_PACED_12_01,1,BREATH_PACED_12,4.00,0.9758,,MR60BHA2_breath_phase,safenest-node-01
144.3660,-0.280000,S001,S001_BREATH_PACED_12_01,1,BREATH_PACED_12,3.00,0.9758,,MR60BHA2_breath_phase,safenest-node-01
144.4660,-0.270000,S001,S001_BREATH_PACED_12_01,1,BREATH_PACED_12,3.00,0.9758,,MR60BHA2_breath_phase,safenest-node-01
144.5660,-0.260000,S001,S001_BREATH_PACED_12_01,1,BREATH_PACED_12,3.00,0.9758,,MR60BHA2_breath_phase,safenest-node-01
144.6660,-0.250000,S001,S001_BREATH_PACED_12_01,1,BREATH_PACED_12,3.00,0.9758,,MR60BHA2_breath_phase,safenest-node-01
144.7660,-0.250000,S001,S001_BREATH_PACED_12_01,1,BREATH_PACED_12,3.00,0.9758,,MR60BHA2_breath_phase,safenest-node-01
144.8660,-0.250000,S001,S001_BREATH_PACED_12_01,1,BREATH_PACED_12,3.00,0.9758,,MR60BHA2_breath_phase,safenest-node-01
144.9660,-0.260000,S001,S001_BREATH_PACED_12_01,1,BREATH_PACED_12,3.00,0.9758,,MR60BHA2_breath_phase,safenest-node-01
145.0660,-0.260000,S001,S001_BREATH_PACED_12_01,1,BREATH_PACED_12,2.00,0.9758,,MR60BHA2_breath_phase,safenest-node-01
145.1660,-0.290000,S001,S001_BREATH_PACED_12_01,1,BREATH_PACED_12,2.00,0.9758,,MR60BHA2_breath_phase,safenest-node-01
145.2660,-0.310000,S001,S001_BREATH_PACED_12_01,1,BREATH_PACED_12,2.00,0.9758,,MR60BHA2_breath_phase,safenest-node-01
145.3660,-0.330000,S001,S001_BREATH_PACED_12_01,1,BREATH_PACED_12,2.00,0.9758,,MR60BHA2_breath_phase,safenest-node-01
145.4660,-0.370000,S001,S001_BREATH_PACED_12_01,1,BREATH_PACED_12,2.00,0.9758,,MR60BHA2_breath_phase,safenest-node-01
145.5660,-0.390000,S001,S001_BREATH_PACED_12_01,1,BREATH_PACED_12,2.00,0.9758,,MR60BHA2_breath_phase,safenest-node-01
145.6660,-0.430000,S001,S001_BREATH_PACED_12_01,1,BREATH_PACED_12,2.00,0.9758,,MR60BHA2_breath_phase,safenest-node-01
145.7660,-0.460000,S001,S001_BREATH_PACED_12_01,1,BREATH_PACED_12,2.00,0.9758,,MR60BHA2_breath_phase,safenest-node-01
145.8660,-0.480000,S001,S001_BREATH_PACED_12_01,1,BREATH_PACED_12,2.00,0.9758,,MR60BHA2_breath_phase,safenest-node-01
145.9660,-0.490000,S001,S001_BREATH_PACED_12_01,1,BREATH_PACED_12,2.00,0.9184,,MR60BHA2_breath_phase,safenest-node-01
146.0660,-0.490000,S001,S001_BREATH_PACED_12_01,1,BREATH_PACED_12,2.00,0.9184,,MR60BHA2_breath_phase,safenest-node-01
146.1660,-0.480000,S001,S001_BREATH_PACED_12_01,1,BREATH_PACED_12,2.00,0.9184,,MR60BHA2_breath_phase,safenest-node-01
146.2660,-0.450000,S001,S001_BREATH_PACED_12_01,1,BREATH_PACED_12,1.00,0.9184,,MR60BHA2_breath_phase,safenest-node-01
146.3660,-0.400000,S001,S001_BREATH_PACED_12_01,1,BREATH_PACED_12,1.00,0.9758,,MR60BHA2_breath_phase,safenest-node-01
146.4660,-0.380000,S001,S001_BREATH_PACED_12_01,1,BREATH_PACED_12,1.00,0.9758,,MR60BHA2_breath_phase,safenest-node-01
146.5660,-0.320000,S001,S001_BREATH_PACED_12_01,1,BREATH_PACED_12,1.00,0.9758,,MR60BHA2_breath_phase,safenest-node-01
146.6660,-0.290000,S001,S001_BREATH_PACED_12_01,1,BREATH_PACED_12,1.00,0.9758,,MR60BHA2_breath_phase,safenest-node-01
146.7660,-0.220000,S001,S001_BREATH_PACED_12_01,1,BREATH_PACED_12,1.00,0.9758,,MR60BHA2_breath_phase,safenest-node-01
146.8660,-0.140000,S001,S001_BREATH_PACED_12_01,1,BREATH_PACED_12,1.00,0.9758,,MR60BHA2_breath_phase,safenest-node-01
146.9660,-0.110000,S001,S001_BREATH_PACED_12_01,1,BREATH_PACED_12,1.00,0.9758,,MR60BHA2_breath_phase,safenest-node-01
147.0660,-0.030000,S001,S001_BREATH_PACED_12_01,1,BREATH_PACED_12,1.00,0.9758,,MR60BHA2_breath_phase,safenest-node-01
147.1660,0.000000,S001,S001_BREATH_PACED_12_01,1,BREATH_PACED_12,1.00,0.9758,,MR60BHA2_breath_phase,safenest-node-01
147.2660,0.060000,S001,S001_BREATH_PACED_12_01,1,BREATH_PACED_12,1.00,0.9758,,MR60BHA2_breath_phase,safenest-node-01
147.3660,0.110000,S001,S001_BREATH_PACED_12_01,1,BREATH_PACED_12,1.00,0.9758,,MR60BHA2_breath_phase,safenest-node-01
147.4660,0.120000,S001,S001_BREATH_PACED_12_01,1,BREATH_PACED_12,1.00,0.9758,,MR60BHA2_breath_phase,safenest-node-01
147.5660,0.140000,S001,S001_BREATH_PACED_12_01,1,BREATH_PACED_12,1.00,0.9758,,MR60BHA2_breath_phase,safenest-node-01
147.6660,0.140000,S001,S001_BREATH_PACED_12_01,1,BREATH_PACED_12,1.00,0.9758,,MR60BHA2_breath_phase,safenest-node-01
147.7660,0.130000,S001,S001_BREATH_PACED_12_01,1,BREATH_PACED_12,1.00,0.9758,,MR60BHA2_breath_phase,safenest-node-01
147.8660,0.110000,S001,S001_BREATH_PACED_12_01,1,BREATH_PACED_12,1.00,0.9758,,MR60BHA2_breath_phase,safenest-node-01
147.9660,0.070000,S001,S001_BREATH_PACED_12_01,1,BREATH_PACED_12,1.00,0.9758,,MR60BHA2_breath_phase,safenest-node-01
148.0660,0.050000,S001,S001_BREATH_PACED_12_01,1,BREATH_PACED_12,1.00,0.9758,,MR60BHA2_breath_phase,safenest-node-01
148.1660,-0.000000,S001,S001_BREATH_PACED_12_01,1,BREATH_PACED_12,1.00,0.9758,,MR60BHA2_breath_phase,safenest-node-01
148.2660,-0.030000,S001,S001_BREATH_PACED_12_01,1,BREATH_PACED_12,1.00,0.9758,,MR60BHA2_breath_phase,safenest-node-01
148.3660,-0.080000,S001,S001_BREATH_PACED_12_01,1,BREATH_PACED_12,1.00,0.9758,,MR60BHA2_breath_phase,safenest-node-01
148.4660,-0.120000,S001,S001_BREATH_PACED_12_01,1,BREATH_PACED_12,1.00,0.9758,,MR60BHA2_breath_phase,safenest-node-01
148.5660,-0.140000,S001,S001_BREATH_PACED_12_01,1,BREATH_PACED_12,1.00,0.9758,,MR60BHA2_breath_phase,safenest-node-01
148.6660,-0.170000,S001,S001_BREATH_PACED_12_01,1,BREATH_PACED_12,1.00,0.9758,,MR60BHA2_breath_phase,safenest-node-01
148.7660,-0.180000,S001,S001_BREATH_PACED_12_01,1,BREATH_PACED_12,1.00,0.9758,,MR60BHA2_breath_phase,safenest-node-01
148.8660,-0.200000,S001,S001_BREATH_PACED_12_01,1,BREATH_PACED_12,1.00,0.9758,,MR60BHA2_breath_phase,safenest-node-01
148.9660,-0.210000,S001,S001_BREATH_PACED_12_01,1,BREATH_PACED_12,,0.9758,,MR60BHA2_breath_phase,safenest-node-01
149.0670,-0.210000,S001,S001_BREATH_PACED_12_01,1,BREATH_PACED_12,,0.9758,,MR60BHA2_breath_phase,safenest-node-01
149.1670,-0.200000,S001,S001_BREATH_PACED_12_01,1,BREATH_PACED_12,,0.9758,,MR60BHA2_breath_phase,safenest-node-01
149.2680,-0.190000,S001,S001_BREATH_PACED_12_01,1,BREATH_PACED_12,,0.9758,,MR60BHA2_breath_phase,safenest-node-01
149.3680,-0.170000,S001,S001_BREATH_PACED_12_01,1,BREATH_PACED_12,,0.9758,,MR60BHA2_breath_phase,safenest-node-01
149.4680,-0.140000,S001,S001_BREATH_PACED_12_01,1,BREATH_PACED_12,,0.9758,,MR60BHA2_breath_phase,safenest-node-01
149.5680,-0.110000,S001,S001_BREATH_PACED_12_01,1,BREATH_PACED_12,1.00,0.9758,,MR60BHA2_breath_phase,safenest-node-01
149.6680,-0.090000,S001,S001_BREATH_PACED_12_01,1,BREATH_PACED_12,1.00,0.9758,,MR60BHA2_breath_phase,safenest-node-01
149.7680,-0.050000,S001,S001_BREATH_PACED_12_01,1,BREATH_PACED_12,2.00,0.9758,,MR60BHA2_breath_phase,safenest-node-01
149.8680,-0.040000,S001,S001_BREATH_PACED_12_01,1,BREATH_PACED_12,2.00,0.9758,,MR60BHA2_breath_phase,safenest-node-01
149.9680,-0.010000,S001,S001_BREATH_PACED_12_01,1,BREATH_PACED_12,3.00,0.9758,,MR60BHA2_breath_phase,safenest-node-01
150.0680,0.020000,S001,S001_BREATH_PACED_12_01,1,BREATH_PACED_12,3.00,0.9758,,MR60BHA2_breath_phase,safenest-node-01
150.1680,0.030000,S001,S001_BREATH_PACED_12_01,1,BREATH_PACED_12,3.00,0.9758,,MR60BHA2_breath_phase,safenest-node-01
150.2680,0.060000,S001,S001_BREATH_PACED_12_01,1,BREATH_PACED_12,4.00,0.9758,,MR60BHA2_breath_phase,safenest-node-01
150.3680,0.060000,S001,S001_BREATH_PACED_12_01,1,BREATH_PACED_12,5.00,0.9758,,MR60BHA2_breath_phase,safenest-node-01
150.4680,0.080000,S001,S001_BREATH_PACED_12_01,1,BREATH_PACED_12,6.00,0.9758,,MR60BHA2_breath_phase,safenest-node-01
150.5680,0.080000,S001,S001_BREATH_PACED_12_01,1,BREATH_PACED_12,7.00,0.9758,,MR60BHA2_breath_phase,safenest-node-01
150.6690,0.080000,S001,S001_BREATH_PACED_12_01,1,BREATH_PACED_12,7.00,0.9758,,MR60BHA2_breath_phase,safenest-node-01
150.7690,0.070000,S001,S001_BREATH_PACED_12_01,1,BREATH_PACED_12,8.00,0.9758,,MR60BHA2_breath_phase,safenest-node-01
150.8690,0.060000,S001,S001_BREATH_PACED_12_01,1,BREATH_PACED_12,9.00,0.9758,,MR60BHA2_breath_phase,safenest-node-01
150.9690,0.050000,S001,S001_BREATH_PACED_12_01,1,BREATH_PACED_12,10.00,0.9758,,MR60BHA2_breath_phase,safenest-node-01
151.0690,0.050000,S001,S001_BREATH_PACED_12_01,1,BREATH_PACED_12,11.00,0.9758,,MR60BHA2_breath_phase,safenest-node-01
151.1690,0.060000,S001,S001_BREATH_PACED_12_01,1,BREATH_PACED_12,12.00,0.9758,,MR60BHA2_breath_phase,safenest-node-01
151.2690,0.070000,S001,S001_BREATH_PACED_12_01,1,BREATH_PACED_12,12.00,0.9758,,MR60BHA2_breath_phase,safenest-node-01
151.3690,0.120000,S001,S001_BREATH_PACED_12_01,1,BREATH_PACED_12,12.00,0.9758,,MR60BHA2_breath_phase,safenest-node-01
151.4690,0.150000,S001,S001_BREATH_PACED_12_01,1,BREATH_PACED_12,13.00,0.9758,,MR60BHA2_breath_phase,safenest-node-01
151.5690,0.230000,S001,S001_BREATH_PACED_12_01,1,BREATH_PACED_12,14.00,0.9758,,MR60BHA2_breath_phase,safenest-node-01
151.6690,0.330000,S001,S001_BREATH_PACED_12_01,1,BREATH_PACED_12,14.00,0.9758,,MR60BHA2_breath_phase,safenest-node-01
151.7690,0.380000,S001,S001_BREATH_PACED_12_01,1,BREATH_PACED_12,14.00,0.9758,,MR60BHA2_breath_phase,safenest-node-01
151.8690,0.490000,S001,S001_BREATH_PACED_12_01,1,BREATH_PACED_12,13.00,0.9758,,MR60BHA2_breath_phase,safenest-node-01
151.9690,0.540000,S001,S001_BREATH_PACED_12_01,1,BREATH_PACED_12,12.00,0.9758,,MR60BHA2_breath_phase,safenest-node-01
152.0690,0.640000,S001,S001_BREATH_PACED_12_01,1,BREATH_PACED_12,12.00,0.9758,,MR60BHA2_breath_phase,safenest-node-01
152.1690,0.710000,S001,S001_BREATH_PACED_12_01,1,BREATH_PACED_12,11.00,0.9758,,MR60BHA2_breath_phase,safenest-node-01
152.2690,0.740000,S001,S001_BREATH_PACED_12_01,1,BREATH_PACED_12,11.00,0.9758,,MR60BHA2_breath_phase,safenest-node-01
152.3690,0.770000,S001,S001_BREATH_PACED_12_01,1,BREATH_PACED_12,11.00,0.9758,,MR60BHA2_breath_phase,safenest-node-01
152.4690,0.770000,S001,S001_BREATH_PACED_12_01,1,BREATH_PACED_12,10.00,0.9758,,MR60BHA2_breath_phase,safenest-node-01
152.5690,0.760000,S001,S001_BREATH_PACED_12_01,1,BREATH_PACED_12,10.00,0.9758,,MR60BHA2_breath_phase,safenest-node-01
152.6690,0.720000,S001,S001_BREATH_PACED_12_01,1,BREATH_PACED_12,9.00,0.9758,,MR60BHA2_breath_phase,safenest-node-01
152.7700,0.650000,S001,S001_BREATH_PACED_12_01,1,BREATH_PACED_12,9.00,0.9758,,MR60BHA2_breath_phase,safenest-node-01
152.8700,0.600000,S001,S001_BREATH_PACED_12_01,1,BREATH_PACED_12,9.00,0.9758,,MR60BHA2_breath_phase,safenest-node-01
152.9700,0.500000,S001,S001_BREATH_PACED_12_01,1,BREATH_PACED_12,8.00,0.9758,,MR60BHA2_breath_phase,safenest-node-01
153.0700,0.450000,S001,S001_BREATH_PACED_12_01,1,BREATH_PACED_12,8.00,0.9758,,MR60BHA2_breath_phase,safenest-node-01
153.1700,0.340000,S001,S001_BREATH_PACED_12_01,1,BREATH_PACED_12,7.00,0.9758,,MR60BHA2_breath_phase,safenest-node-01
153.2700,0.220000,S001,S001_BREATH_PACED_12_01,1,BREATH_PACED_12,7.00,0.9758,,MR60BHA2_breath_phase,safenest-node-01
153.3700,0.170000,S001,S001_BREATH_PACED_12_01,1,BREATH_PACED_12,7.00,0.9758,,MR60BHA2_breath_phase,safenest-node-01
153.4700,0.070000,S001,S001_BREATH_PACED_12_01,1,BREATH_PACED_12,7.00,0.9758,,MR60BHA2_breath_phase,safenest-node-01
153.5700,0.030000,S001,S001_BREATH_PACED_12_01,1,BREATH_PACED_12,6.00,0.9758,,MR60BHA2_breath_phase,safenest-node-01
153.6700,-0.040000,S001,S001_BREATH_PACED_12_01,1,BREATH_PACED_12,6.00,0.9758,,MR60BHA2_breath_phase,safenest-node-01
153.7700,-0.090000,S001,S001_BREATH_PACED_12_01,1,BREATH_PACED_12,6.00,0.9758,,MR60BHA2_breath_phase,safenest-node-01
153.8700,-0.110000,S001,S001_BREATH_PACED_12_01,1,BREATH_PACED_12,6.00,0.9758,,MR60BHA2_breath_phase,safenest-node-01
153.9700,-0.120000,S001,S001_BREATH_PACED_12_01,1,BREATH_PACED_12,5.00,0.9758,,MR60BHA2_breath_phase,safenest-node-01
154.0700,-0.120000,S001,S001_BREATH_PACED_12_01,1,BREATH_PACED_12,5.00,0.9758,,MR60BHA2_breath_phase,safenest-node-01
154.1700,-0.110000,S001,S001_BREATH_PACED_12_01,1,BREATH_PACED_12,5.00,0.9758,,MR60BHA2_breath_phase,safenest-node-01
154.2700,-0.100000,S001,S001_BREATH_PACED_12_01,1,BREATH_PACED_12,5.00,0.9758,,MR60BHA2_breath_phase,safenest-node-01
154.3700,-0.090000,S001,S001_BREATH_PACED_12_01,1,BREATH_PACED_12,5.00,0.9758,,MR60BHA2_breath_phase,safenest-node-01
154.4700,-0.070000,S001,S001_BREATH_PACED_12_01,1,BREATH_PACED_12,4.00,0.9758,,MR60BHA2_breath_phase,safenest-node-01
154.5700,-0.060000,S001,S001_BREATH_PACED_12_01,1,BREATH_PACED_12,4.00,0.9758,,MR60BHA2_breath_phase,safenest-node-01
154.6700,-0.050000,S001,S001_BREATH_PACED_12_01,1,BREATH_PACED_12,5.00,0.9758,,MR60BHA2_breath_phase,safenest-node-01
154.7700,-0.050000,S001,S001_BREATH_PACED_12_01,1,BREATH_PACED_12,5.00,0.9758,,MR60BHA2_breath_phase,safenest-node-01
154.8700,-0.050000,S001,S001_BREATH_PACED_12_01,1,BREATH_PACED_12,6.00,0.9758,,MR60BHA2_breath_phase,safenest-node-01
154.9700,-0.060000,S001,S001_BREATH_PACED_12_01,1,BREATH_PACED_12,6.00,0.9758,,MR60BHA2_breath_phase,safenest-node-01
155.0700,-0.090000,S001,S001_BREATH_PACED_12_01,1,BREATH_PACED_12,6.00,0.9758,,MR60BHA2_breath_phase,safenest-node-01
155.1700,-0.100000,S001,S001_BREATH_PACED_12_01,1,BREATH_PACED_12,6.00,0.9758,,MR60BHA2_breath_phase,safenest-node-01
155.2700,-0.150000,S001,S001_BREATH_PACED_12_01,1,BREATH_PACED_12,6.00,0.9758,,MR60BHA2_breath_phase,safenest-node-01
155.3700,-0.200000,S001,S001_BREATH_PACED_12_01,1,BREATH_PACED_12,6.00,0.9758,,MR60BHA2_breath_phase,safenest-node-01
155.4700,-0.220000,S001,S001_BREATH_PACED_12_01,1,BREATH_PACED_12,6.00,0.9758,,MR60BHA2_breath_phase,safenest-node-01
155.5700,-0.270000,S001,S001_BREATH_PACED_12_01,1,BREATH_PACED_12,6.00,0.9758,,MR60BHA2_breath_phase,safenest-node-01
155.6700,-0.290000,S001,S001_BREATH_PACED_12_01,1,BREATH_PACED_12,5.00,0.9758,,MR60BHA2_breath_phase,safenest-node-01
155.7700,-0.320000,S001,S001_BREATH_PACED_12_01,1,BREATH_PACED_12,5.00,0.9758,,MR60BHA2_breath_phase,safenest-node-01
155.8700,-0.340000,S001,S001_BREATH_PACED_12_01,1,BREATH_PACED_12,5.00,0.9758,,MR60BHA2_breath_phase,safenest-node-01
155.9700,-0.350000,S001,S001_BREATH_PACED_12_01,1,BREATH_PACED_12,5.00,0.9758,,MR60BHA2_breath_phase,safenest-node-01
156.0700,-0.350000,S001,S001_BREATH_PACED_12_01,1,BREATH_PACED_12,5.00,0.9758,,MR60BHA2_breath_phase,safenest-node-01
156.1700,-0.340000,S001,S001_BREATH_PACED_12_01,1,BREATH_PACED_12,4.00,0.9758,,MR60BHA2_breath_phase,safenest-node-01
156.2700,-0.330000,S001,S001_BREATH_PACED_12_01,1,BREATH_PACED_12,4.00,0.9758,,MR60BHA2_breath_phase,safenest-node-01
156.3700,-0.300000,S001,S001_BREATH_PACED_12_01,1,BREATH_PACED_12,4.00,0.9758,,MR60BHA2_breath_phase,safenest-node-01
156.4700,-0.260000,S001,S001_BREATH_PACED_12_01,1,BREATH_PACED_12,4.00,0.9758,,MR60BHA2_breath_phase,safenest-node-01
156.5700,-0.240000,S001,S001_BREATH_PACED_12_01,1,BREATH_PACED_12,4.00,0.9758,,MR60BHA2_breath_phase,safenest-node-01
156.6700,-0.210000,S001,S001_BREATH_PACED_12_01,1,BREATH_PACED_12,3.00,0.9758,,MR60BHA2_breath_phase,safenest-node-01
156.7700,-0.190000,S001,S001_BREATH_PACED_12_01,1,BREATH_PACED_12,3.00,0.9184,,MR60BHA2_breath_phase,safenest-node-01
156.8700,-0.150000,S001,S001_BREATH_PACED_12_01,1,BREATH_PACED_12,3.00,0.9184,,MR60BHA2_breath_phase,safenest-node-01
156.9700,-0.130000,S001,S001_BREATH_PACED_12_01,1,BREATH_PACED_12,3.00,0.9184,,MR60BHA2_breath_phase,safenest-node-01
157.0700,-0.120000,S001,S001_BREATH_PACED_12_01,1,BREATH_PACED_12,3.00,0.9184,,MR60BHA2_breath_phase,safenest-node-01
157.1700,-0.110000,S001,S001_BREATH_PACED_12_01,1,BREATH_PACED_12,3.00,0.9184,,MR60BHA2_breath_phase,safenest-node-01
157.2700,-0.120000,S001,S001_BREATH_PACED_12_01,1,BREATH_PACED_12,3.00,0.9184,,MR60BHA2_breath_phase,safenest-node-01
157.3700,-0.130000,S001,S001_BREATH_PACED_12_01,1,BREATH_PACED_12,3.00,0.9184,,MR60BHA2_breath_phase,safenest-node-01
157.4700,-0.150000,S001,S001_BREATH_PACED_12_01,1,BREATH_PACED_12,2.00,0.9184,,MR60BHA2_breath_phase,safenest-node-01
157.5700,-0.170000,S001,S001_BREATH_PACED_12_01,1,BREATH_PACED_12,2.00,0.9184,,MR60BHA2_breath_phase,safenest-node-01
157.6700,-0.200000,S001,S001_BREATH_PACED_12_01,1,BREATH_PACED_12,2.00,0.9758,,MR60BHA2_breath_phase,safenest-node-01
157.7700,-0.220000,S001,S001_BREATH_PACED_12_01,1,BREATH_PACED_12,2.00,0.9758,,MR60BHA2_breath_phase,safenest-node-01
157.8700,-0.260000,S001,S001_BREATH_PACED_12_01,1,BREATH_PACED_12,2.00,0.9758,,MR60BHA2_breath_phase,safenest-node-01
157.9700,-0.290000,S001,S001_BREATH_PACED_12_01,1,BREATH_PACED_12,2.00,0.9758,,MR60BHA2_breath_phase,safenest-node-01
158.0700,-0.320000,S001,S001_BREATH_PACED_12_01,1,BREATH_PACED_12,2.00,0.9758,,MR60BHA2_breath_phase,safenest-node-01
158.1700,-0.330000,S001,S001_BREATH_PACED_12_01,1,BREATH_PACED_12,2.00,0.9758,,MR60BHA2_breath_phase,safenest-node-01
158.2700,-0.350000,S001,S001_BREATH_PACED_12_01,1,BREATH_PACED_12,2.00,0.9758,,MR60BHA2_breath_phase,safenest-node-01
158.3700,-0.350000,S001,S001_BREATH_PACED_12_01,1,BREATH_PACED_12,2.00,0.9758,,MR60BHA2_breath_phase,safenest-node-01
158.4700,-0.340000,S001,S001_BREATH_PACED_12_01,1,BREATH_PACED_12,2.00,0.9758,,MR60BHA2_breath_phase,safenest-node-01
158.5700,-0.310000,S001,S001_BREATH_PACED_12_01,1,BREATH_PACED_12,2.00,0.9758,,MR60BHA2_breath_phase,safenest-node-01
158.6700,-0.290000,S001,S001_BREATH_PACED_12_01,1,BREATH_PACED_12,2.00,0.9758,,MR60BHA2_breath_phase,safenest-node-01
158.7700,-0.250000,S001,S001_BREATH_PACED_12_01,1,BREATH_PACED_12,1.00,0.9758,,MR60BHA2_breath_phase,safenest-node-01
158.8700,-0.220000,S001,S001_BREATH_PACED_12_01,1,BREATH_PACED_12,1.00,0.9758,,MR60BHA2_breath_phase,safenest-node-01
158.9700,-0.160000,S001,S001_BREATH_PACED_12_01,1,BREATH_PACED_12,1.00,0.9758,,MR60BHA2_breath_phase,safenest-node-01
159.0700,-0.100000,S001,S001_BREATH_PACED_12_01,1,BREATH_PACED_12,1.00,0.9758,,MR60BHA2_breath_phase,safenest-node-01
159.1700,-0.050000,S001,S001_BREATH_PACED_12_01,1,BREATH_PACED_12,1.00,0.9758,,MR60BHA2_breath_phase,safenest-node-01
159.2700,-0.030000,S001,S001_BREATH_PACED_12_01,1,BREATH_PACED_12,1.00,0.9758,,MR60BHA2_breath_phase,safenest-node-01
159.3700,-0.010000,S001,S001_BREATH_PACED_12_01,1,BREATH_PACED_12,1.00,0.9758,,MR60BHA2_breath_phase,safenest-node-01
159.4700,0.020000,S001,S001_BREATH_PACED_12_01,1,BREATH_PACED_12,1.00,0.9758,,MR60BHA2_breath_phase,safenest-node-01
159.5700,0.030000,S001,S001_BREATH_PACED_12_01,1,BREATH_PACED_12,1.00,0.9758,,MR60BHA2_breath_phase,safenest-node-01
159.6700,0.030000,S001,S001_BREATH_PACED_12_01,1,BREATH_PACED_12,1.00,0.9758,,MR60BHA2_breath_phase,safenest-node-01
159.7700,0.030000,S001,S001_BREATH_PACED_12_01,1,BREATH_PACED_12,1.00,0.9758,,MR60BHA2_breath_phase,safenest-node-01
159.8700,0.010000,S001,S001_BREATH_PACED_12_01,1,BREATH_PACED_12,1.00,0.9758,,MR60BHA2_breath_phase,safenest-node-01
159.9700,-0.000000,S001,S001_BREATH_PACED_12_01,1,BREATH_PACED_12,1.00,0.9758,,MR60BHA2_breath_phase,safenest-node-01
160.0700,-0.030000,S001,S001_BREATH_PACED_12_01,1,BREATH_PACED_12,1.00,0.9758,,MR60BHA2_breath_phase,safenest-node-01
160.1700,-0.060000,S001,S001_BREATH_PACED_12_01,1,BREATH_PACED_12,1.00,0.9758,,MR60BHA2_breath_phase,safenest-node-01
160.2710,-0.080000,S001,S001_BREATH_PACED_12_01,1,BREATH_PACED_12,1.00,0.9758,,MR60BHA2_breath_phase,safenest-node-01
160.3710,-0.110000,S001,S001_BREATH_PACED_12_01,1,BREATH_PACED_12,1.00,0.9758,,MR60BHA2_breath_phase,safenest-node-01
160.4710,-0.120000,S001,S001_BREATH_PACED_12_01,1,BREATH_PACED_12,1.00,0.9758,,MR60BHA2_breath_phase,safenest-node-01
160.5710,-0.140000,S001,S001_BREATH_PACED_12_01,1,BREATH_PACED_12,1.00,0.9758,,MR60BHA2_breath_phase,safenest-node-01
160.6710,-0.150000,S001,S001_BREATH_PACED_12_01,1,BREATH_PACED_12,2.00,0.9758,,MR60BHA2_breath_phase,safenest-node-01
160.7710,-0.140000,S001,S001_BREATH_PACED_12_01,1,BREATH_PACED_12,2.00,0.9758,,MR60BHA2_breath_phase,safenest-node-01
160.8710,-0.130000,S001,S001_BREATH_PACED_12_01,1,BREATH_PACED_12,4.00,0.9758,,MR60BHA2_breath_phase,safenest-node-01
160.9720,-0.100000,S001,S001_BREATH_PACED_12_01,1,BREATH_PACED_12,5.00,0.9758,,MR60BHA2_breath_phase,safenest-node-01
161.0720,-0.090000,S001,S001_BREATH_PACED_12_01,1,BREATH_PACED_12,7.00,0.9758,,MR60BHA2_breath_phase,safenest-node-01
161.1720,-0.050000,S001,S001_BREATH_PACED_12_01,1,BREATH_PACED_12,8.00,0.9758,,MR60BHA2_breath_phase,safenest-node-01
161.2720,-0.010000,S001,S001_BREATH_PACED_12_01,1,BREATH_PACED_12,9.00,0.9758,,MR60BHA2_breath_phase,safenest-node-01
161.3720,0.020000,S001,S001_BREATH_PACED_12_01,1,BREATH_PACED_12,9.00,0.9758,,MR60BHA2_breath_phase,safenest-node-01
161.4720,0.060000,S001,S001_BREATH_PACED_12_01,1,BREATH_PACED_12,10.00,0.9758,,MR60BHA2_breath_phase,safenest-node-01
161.5720,0.090000,S001,S001_BREATH_PACED_12_01,1,BREATH_PACED_12,11.00,0.9758,,MR60BHA2_breath_phase,safenest-node-01
161.6720,0.130000,S001,S001_BREATH_PACED_12_01,1,BREATH_PACED_12,12.00,0.9758,,MR60BHA2_breath_phase,safenest-node-01
161.7720,0.180000,S001,S001_BREATH_PACED_12_01,1,BREATH_PACED_12,13.00,0.9758,,MR60BHA2_breath_phase,safenest-node-01
161.8720,0.200000,S001,S001_BREATH_PACED_12_01,1,BREATH_PACED_12,13.00,0.9758,,MR60BHA2_breath_phase,safenest-node-01
161.9720,0.250000,S001,S001_BREATH_PACED_12_01,1,BREATH_PACED_12,14.00,0.9758,,MR60BHA2_breath_phase,safenest-node-01
162.0720,0.270000,S001,S001_BREATH_PACED_12_01,1,BREATH_PACED_12,15.00,0.9758,,MR60BHA2_breath_phase,safenest-node-01
162.1720,0.310000,S001,S001_BREATH_PACED_12_01,1,BREATH_PACED_12,16.00,0.9758,,MR60BHA2_breath_phase,safenest-node-01
162.2720,0.340000,S001,S001_BREATH_PACED_12_01,1,BREATH_PACED_12,17.00,0.9758,,MR60BHA2_breath_phase,safenest-node-01
162.3730,0.360000,S001,S001_BREATH_PACED_12_01,1,BREATH_PACED_12,17.00,0.9758,,MR60BHA2_breath_phase,safenest-node-01
162.4730,0.390000,S001,S001_BREATH_PACED_12_01,1,BREATH_PACED_12,16.00,0.9758,,MR60BHA2_breath_phase,safenest-node-01
162.5730,0.400000,S001,S001_BREATH_PACED_12_01,1,BREATH_PACED_12,15.00,0.9758,,MR60BHA2_breath_phase,safenest-node-01
162.6730,0.430000,S001,S001_BREATH_PACED_12_01,1,BREATH_PACED_12,14.00,0.9758,,MR60BHA2_breath_phase,safenest-node-01
162.7730,0.450000,S001,S001_BREATH_PACED_12_01,1,BREATH_PACED_12,14.00,0.9758,,MR60BHA2_breath_phase,safenest-node-01
162.8740,0.470000,S001,S001_BREATH_PACED_12_01,1,BREATH_PACED_12,13.00,0.9758,,MR60BHA2_breath_phase,safenest-node-01
162.9740,0.480000,S001,S001_BREATH_PACED_12_01,1,BREATH_PACED_12,13.00,0.9758,,MR60BHA2_breath_phase,safenest-node-01
163.0740,0.490000,S001,S001_BREATH_PACED_12_01,1,BREATH_PACED_12,12.00,0.9758,,MR60BHA2_breath_phase,safenest-node-01
163.1740,0.490000,S001,S001_BREATH_PACED_12_01,1,BREATH_PACED_12,12.00,0.9758,,MR60BHA2_breath_phase,safenest-node-01
163.2740,0.490000,S001,S001_BREATH_PACED_12_01,1,BREATH_PACED_12,11.00,0.9758,,MR60BHA2_breath_phase,safenest-node-01
163.3740,0.490000,S001,S001_BREATH_PACED_12_01,1,BREATH_PACED_12,11.00,0.9758,,MR60BHA2_breath_phase,safenest-node-01
163.4740,0.490000,S001,S001_BREATH_PACED_12_01,1,BREATH_PACED_12,11.00,0.9758,,MR60BHA2_breath_phase,safenest-node-01
163.5740,0.480000,S001,S001_BREATH_PACED_12_01,1,BREATH_PACED_12,10.00,0.9758,,MR60BHA2_breath_phase,safenest-node-01
163.6740,0.470000,S001,S001_BREATH_PACED_12_01,1,BREATH_PACED_12,10.00,0.9758,,MR60BHA2_breath_phase,safenest-node-01
163.7740,0.450000,S001,S001_BREATH_PACED_12_01,1,BREATH_PACED_12,9.00,0.9758,,MR60BHA2_breath_phase,safenest-node-01
163.8740,0.430000,S001,S001_BREATH_PACED_12_01,1,BREATH_PACED_12,9.00,0.9758,,MR60BHA2_breath_phase,safenest-node-01
163.9740,0.410000,S001,S001_BREATH_PACED_12_01,1,BREATH_PACED_12,9.00,0.9758,,MR60BHA2_breath_phase,safenest-node-01
164.0740,0.390000,S001,S001_BREATH_PACED_12_01,1,BREATH_PACED_12,8.00,0.9758,,MR60BHA2_breath_phase,safenest-node-01
164.1740,0.370000,S001,S001_BREATH_PACED_12_01,1,BREATH_PACED_12,8.00,0.9758,,MR60BHA2_breath_phase,safenest-node-01
164.2740,0.340000,S001,S001_BREATH_PACED_12_01,1,BREATH_PACED_12,7.00,0.9758,,MR60BHA2_breath_phase,safenest-node-01
164.3740,0.310000,S001,S001_BREATH_PACED_12_01,1,BREATH_PACED_12,7.00,0.9758,,MR60BHA2_breath_phase,safenest-node-01
164.4740,0.300000,S001,S001_BREATH_PACED_12_01,1,BREATH_PACED_12,7.00,0.9758,,MR60BHA2_breath_phase,safenest-node-01
164.5740,0.280000,S001,S001_BREATH_PACED_12_01,1,BREATH_PACED_12,7.00,0.9758,,MR60BHA2_breath_phase,safenest-node-01
164.6740,0.270000,S001,S001_BREATH_PACED_12_01,1,BREATH_PACED_12,6.00,0.9758,,MR60BHA2_breath_phase,safenest-node-01
164.7740,0.240000,S001,S001_BREATH_PACED_12_01,1,BREATH_PACED_12,6.00,0.9758,,MR60BHA2_breath_phase,safenest-node-01
164.8740,0.210000,S001,S001_BREATH_PACED_12_01,1,BREATH_PACED_12,6.00,0.9758,,MR60BHA2_breath_phase,safenest-node-01
164.9740,0.180000,S001,S001_BREATH_PACED_12_01,1,BREATH_PACED_12,5.00,0.9758,,MR60BHA2_breath_phase,safenest-node-01
165.0740,0.160000,S001,S001_BREATH_PACED_12_01,1,BREATH_PACED_12,5.00,0.9758,,MR60BHA2_breath_phase,safenest-node-01
165.1740,0.110000,S001,S001_BREATH_PACED_12_01,1,BREATH_PACED_12,5.00,0.9758,,MR60BHA2_breath_phase,safenest-node-01
165.2740,0.080000,S001,S001_BREATH_PACED_12_01,1,BREATH_PACED_12,5.00,0.9758,,MR60BHA2_breath_phase,safenest-node-01
165.3740,0.020000,S001,S001_BREATH_PACED_12_01,1,BREATH_PACED_12,5.00,0.9758,,MR60BHA2_breath_phase,safenest-node-01
165.4740,-0.030000,S001,S001_BREATH_PACED_12_01,1,BREATH_PACED_12,4.00,0.9758,,MR60BHA2_breath_phase,safenest-node-01
165.5740,-0.060000,S001,S001_BREATH_PACED_12_01,1,BREATH_PACED_12,4.00,0.9758,,MR60BHA2_breath_phase,safenest-node-01
165.6740,-0.110000,S001,S001_BREATH_PACED_12_01,1,BREATH_PACED_12,4.00,0.9758,,MR60BHA2_breath_phase,safenest-node-01
165.7740,-0.130000,S001,S001_BREATH_PACED_12_01,1,BREATH_PACED_12,4.00,0.9758,,MR60BHA2_breath_phase,safenest-node-01
165.8740,-0.160000,S001,S001_BREATH_PACED_12_01,1,BREATH_PACED_12,4.00,0.9758,,MR60BHA2_breath_phase,safenest-node-01
165.9740,-0.190000,S001,S001_BREATH_PACED_12_01,1,BREATH_PACED_12,4.00,0.9758,,MR60BHA2_breath_phase,safenest-node-01
166.0740,-0.200000,S001,S001_BREATH_PACED_12_01,1,BREATH_PACED_12,4.00,0.9758,,MR60BHA2_breath_phase,safenest-node-01
166.1740,-0.210000,S001,S001_BREATH_PACED_12_01,1,BREATH_PACED_12,3.00,0.9758,,MR60BHA2_breath_phase,safenest-node-01
166.2740,-0.220000,S001,S001_BREATH_PACED_12_01,1,BREATH_PACED_12,3.00,0.9758,,MR60BHA2_breath_phase,safenest-node-01
166.3740,-0.230000,S001,S001_BREATH_PACED_12_01,1,BREATH_PACED_12,3.00,0.9758,,MR60BHA2_breath_phase,safenest-node-01
166.4740,-0.250000,S001,S001_BREATH_PACED_12_01,1,BREATH_PACED_12,3.00,0.9758,,MR60BHA2_breath_phase,safenest-node-01
166.5750,-0.280000,S001,S001_BREATH_PACED_12_01,1,BREATH_PACED_12,3.00,0.9758,,MR60BHA2_breath_phase,safenest-node-01
166.6750,-0.300000,S001,S001_BREATH_PACED_12_01,1,BREATH_PACED_12,3.00,0.9758,,MR60BHA2_breath_phase,safenest-node-01
166.7760,-0.340000,S001,S001_BREATH_PACED_12_01,1,BREATH_PACED_12,3.00,0.9758,,MR60BHA2_breath_phase,safenest-node-01
166.8760,-0.370000,S001,S001_BREATH_PACED_12_01,1,BREATH_PACED_12,3.00,0.9758,,MR60BHA2_breath_phase,safenest-node-01
166.9760,-0.430000,S001,S001_BREATH_PACED_12_01,1,BREATH_PACED_12,2.00,0.9758,,MR60BHA2_breath_phase,safenest-node-01
167.0760,-0.500000,S001,S001_BREATH_PACED_12_01,1,BREATH_PACED_12,2.00,0.9758,,MR60BHA2_breath_phase,safenest-node-01
167.1760,-0.530000,S001,S001_BREATH_PACED_12_01,1,BREATH_PACED_12,2.00,0.9758,,MR60BHA2_breath_phase,safenest-node-01
167.2760,-0.610000,S001,S001_BREATH_PACED_12_01,1,BREATH_PACED_12,2.00,0.9758,,MR60BHA2_breath_phase,safenest-node-01
167.3760,-0.640000,S001,S001_BREATH_PACED_12_01,1,BREATH_PACED_12,2.00,0.9758,,MR60BHA2_breath_phase,safenest-node-01
167.4760,-0.690000,S001,S001_BREATH_PACED_12_01,1,BREATH_PACED_12,2.00,0.9758,,MR60BHA2_breath_phase,safenest-node-01
167.5760,-0.720000,S001,S001_BREATH_PACED_12_01,1,BREATH_PACED_12,2.00,0.9758,,MR60BHA2_breath_phase,safenest-node-01
167.6760,-0.720000,S001,S001_BREATH_PACED_12_01,1,BREATH_PACED_12,2.00,0.9758,,MR60BHA2_breath_phase,safenest-node-01
167.7760,-0.700000,S001,S001_BREATH_PACED_12_01,1,BREATH_PACED_12,2.00,0.9758,,MR60BHA2_breath_phase,safenest-node-01
167.8760,-0.670000,S001,S001_BREATH_PACED_12_01,1,BREATH_PACED_12,2.00,0.9758,,MR60BHA2_breath_phase,safenest-node-01
167.9760,-0.600000,S001,S001_BREATH_PACED_12_01,1,BREATH_PACED_12,2.00,0.9184,,MR60BHA2_breath_phase,safenest-node-01
168.0760,-0.500000,S001,S001_BREATH_PACED_12_01,1,BREATH_PACED_12,2.00,0.9184,,MR60BHA2_breath_phase,safenest-node-01
168.1760,-0.380000,S001,S001_BREATH_PACED_12_01,1,BREATH_PACED_12,1.00,0.9184,,MR60BHA2_breath_phase,safenest-node-01
168.2760,-0.310000,S001,S001_BREATH_PACED_12_01,1,BREATH_PACED_12,1.00,0.9184,,MR60BHA2_breath_phase,safenest-node-01
168.3760,-0.180000,S001,S001_BREATH_PACED_12_01,1,BREATH_PACED_12,1.00,0.9184,,MR60BHA2_breath_phase,safenest-node-01
168.4760,-0.110000,S001,S001_BREATH_PACED_12_01,1,BREATH_PACED_12,1.00,0.9184,,MR60BHA2_breath_phase,safenest-node-01
168.5760,0.010000,S001,S001_BREATH_PACED_12_01,1,BREATH_PACED_12,1.00,0.9184,,MR60BHA2_breath_phase,safenest-node-01
168.6760,0.110000,S001,S001_BREATH_PACED_12_01,1,BREATH_PACED_12,1.00,0.9184,,MR60BHA2_breath_phase,safenest-node-01
168.7760,0.160000,S001,S001_BREATH_PACED_12_01,1,BREATH_PACED_12,1.00,0.9184,,MR60BHA2_breath_phase,safenest-node-01
168.8760,0.220000,S001,S001_BREATH_PACED_12_01,1,BREATH_PACED_12,1.00,0.9184,,MR60BHA2_breath_phase,safenest-node-01
168.9760,0.240000,S001,S001_BREATH_PACED_12_01,1,BREATH_PACED_12,1.00,0.9184,,MR60BHA2_breath_phase,safenest-node-01
169.0760,0.260000,S001,S001_BREATH_PACED_12_01,1,BREATH_PACED_12,1.00,0.9184,,MR60BHA2_breath_phase,safenest-node-01
169.1760,0.240000,S001,S001_BREATH_PACED_12_01,1,BREATH_PACED_12,1.00,0.9184,,MR60BHA2_breath_phase,safenest-node-01
169.2760,0.230000,S001,S001_BREATH_PACED_12_01,1,BREATH_PACED_12,1.00,0.9184,,MR60BHA2_breath_phase,safenest-node-01
169.3760,0.180000,S001,S001_BREATH_PACED_12_01,1,BREATH_PACED_12,1.00,0.9184,,MR60BHA2_breath_phase,safenest-node-01
169.4760,0.150000,S001,S001_BREATH_PACED_12_01,1,BREATH_PACED_12,1.00,0.9184,,MR60BHA2_breath_phase,safenest-node-01
169.5760,0.080000,S001,S001_BREATH_PACED_12_01,1,BREATH_PACED_12,1.00,0.9184,,MR60BHA2_breath_phase,safenest-node-01
169.6760,0.000000,S001,S001_BREATH_PACED_12_01,1,BREATH_PACED_12,1.00,0.9184,,MR60BHA2_breath_phase,safenest-node-01
169.7760,-0.040000,S001,S001_BREATH_PACED_12_01,1,BREATH_PACED_12,1.00,0.9184,,MR60BHA2_breath_phase,safenest-node-01
169.8760,-0.110000,S001,S001_BREATH_PACED_12_01,1,BREATH_PACED_12,1.00,0.9184,,MR60BHA2_breath_phase,safenest-node-01
169.9760,-0.190000,S001,S001_BREATH_PACED_12_01,1,BREATH_PACED_12,1.00,0.9184,,MR60BHA2_breath_phase,safenest-node-01
170.0760,-0.220000,S001,S001_BREATH_PACED_12_01,1,BREATH_PACED_12,1.00,0.9184,,MR60BHA2_breath_phase,safenest-node-01
170.1760,-0.270000,S001,S001_BREATH_PACED_12_01,1,BREATH_PACED_12,1.00,0.9184,,MR60BHA2_breath_phase,safenest-node-01
170.2760,-0.300000,S001,S001_BREATH_PACED_12_01,1,BREATH_PACED_12,1.00,0.9184,,MR60BHA2_breath_phase,safenest-node-01
170.3760,-0.310000,S001,S001_BREATH_PACED_12_01,1,BREATH_PACED_12,1.00,0.9184,,MR60BHA2_breath_phase,safenest-node-01
170.4760,-0.310000,S001,S001_BREATH_PACED_12_01,1,BREATH_PACED_12,1.00,0.9184,,MR60BHA2_breath_phase,safenest-node-01
170.5760,-0.300000,S001,S001_BREATH_PACED_12_01,1,BREATH_PACED_12,1.00,0.9184,,MR60BHA2_breath_phase,safenest-node-01
170.6760,-0.270000,S001,S001_BREATH_PACED_12_01,1,BREATH_PACED_12,1.00,0.9184,,MR60BHA2_breath_phase,safenest-node-01
170.7760,-0.210000,S001,S001_BREATH_PACED_12_01,1,BREATH_PACED_12,,0.9184,,MR60BHA2_breath_phase,safenest-node-01
170.8760,-0.170000,S001,S001_BREATH_PACED_12_01,1,BREATH_PACED_12,,0.9184,,MR60BHA2_breath_phase,safenest-node-01
170.9760,-0.070000,S001,S001_BREATH_PACED_12_01,1,BREATH_PACED_12,,0.9184,,MR60BHA2_breath_phase,safenest-node-01
171.0760,-0.010000,S001,S001_BREATH_PACED_12_01,1,BREATH_PACED_12,,0.9758,,MR60BHA2_breath_phase,safenest-node-01
171.1760,0.110000,S001,S001_BREATH_PACED_12_01,1,BREATH_PACED_12,,0.9758,,MR60BHA2_breath_phase,safenest-node-01
171.2760,0.230000,S001,S001_BREATH_PACED_12_01,1,BREATH_PACED_12,,0.9758,,MR60BHA2_breath_phase,safenest-node-01
171.3760,0.340000,S001,S001_BREATH_PACED_12_01,1,BREATH_PACED_12,,0.9758,,MR60BHA2_breath_phase,safenest-node-01
171.4760,0.390000,S001,S001_BREATH_PACED_12_01,1,BREATH_PACED_12,,0.9758,,MR60BHA2_breath_phase,safenest-node-01
171.5760,0.430000,S001,S001_BREATH_PACED_12_01,1,BREATH_PACED_12,,0.9758,,MR60BHA2_breath_phase,safenest-node-01
171.6760,0.500000,S001,S001_BREATH_PACED_12_01,1,BREATH_PACED_12,,0.9758,,MR60BHA2_breath_phase,safenest-node-01
171.7760,0.530000,S001,S001_BREATH_PACED_12_01,1,BREATH_PACED_12,,0.9758,,MR60BHA2_breath_phase,safenest-node-01
171.8760,0.530000,S001,S001_BREATH_PACED_12_01,1,BREATH_PACED_12,,0.9758,,MR60BHA2_breath_phase,safenest-node-01
171.9760,0.510000,S001,S001_BREATH_PACED_12_01,1,BREATH_PACED_12,,0.9758,,MR60BHA2_breath_phase,safenest-node-01
172.0760,0.440000,S001,S001_BREATH_PACED_12_01,1,BREATH_PACED_12,,0.9758,,MR60BHA2_breath_phase,safenest-node-01
172.1760,0.390000,S001,S001_BREATH_PACED_12_01,1,BREATH_PACED_12,,0.9758,,MR60BHA2_breath_phase,safenest-node-01
172.2760,0.280000,S001,S001_BREATH_PACED_12_01,1,BREATH_PACED_12,,0.9758,,MR60BHA2_breath_phase,safenest-node-01
172.3760,0.150000,S001,S001_BREATH_PACED_12_01,1,BREATH_PACED_12,,0.9758,,MR60BHA2_breath_phase,safenest-node-01
172.4770,0.080000,S001,S001_BREATH_PACED_12_01,1,BREATH_PACED_12,,0.9758,,MR60BHA2_breath_phase,safenest-node-01
172.5770,-0.050000,S001,S001_BREATH_PACED_12_01,1,BREATH_PACED_12,1.00,0.9758,,MR60BHA2_breath_phase,safenest-node-01
172.6770,-0.110000,S001,S001_BREATH_PACED_12_01,1,BREATH_PACED_12,3.00,0.9758,,MR60BHA2_breath_phase,safenest-node-01
172.7770,-0.210000,S001,S001_BREATH_PACED_12_01,1,BREATH_PACED_12,4.00,0.9758,,MR60BHA2_breath_phase,safenest-node-01
172.8770,-0.270000,S001,S001_BREATH_PACED_12_01,1,BREATH_PACED_12,5.00,0.9758,,MR60BHA2_breath_phase,safenest-node-01
172.9780,-0.300000,S001,S001_BREATH_PACED_12_01,1,BREATH_PACED_12,5.00,0.9758,,MR60BHA2_breath_phase,safenest-node-01
173.0780,-0.290000,S001,S001_BREATH_PACED_12_01,1,BREATH_PACED_12,5.00,0.9758,,MR60BHA2_breath_phase,safenest-node-01
173.1780,-0.260000,S001,S001_BREATH_PACED_12_01,1,BREATH_PACED_12,6.00,0.9758,,MR60BHA2_breath_phase,safenest-node-01
173.2780,-0.230000,S001,S001_BREATH_PACED_12_01,1,BREATH_PACED_12,7.00,0.9758,,MR60BHA2_breath_phase,safenest-node-01
173.3780,-0.150000,S001,S001_BREATH_PACED_12_01,1,BREATH_PACED_12,9.00,0.9758,,MR60BHA2_breath_phase,safenest-node-01
173.4780,-0.050000,S001,S001_BREATH_PACED_12_01,1,BREATH_PACED_12,9.00,0.9758,,MR60BHA2_breath_phase,safenest-node-01
173.5780,0.000000,S001,S001_BREATH_PACED_12_01,1,BREATH_PACED_12,9.00,0.9758,,MR60BHA2_breath_phase,safenest-node-01
173.6780,0.120000,S001,S001_BREATH_PACED_12_01,1,BREATH_PACED_12,10.00,0.9758,,MR60BHA2_breath_phase,safenest-node-01
173.7780,0.180000,S001,S001_BREATH_PACED_12_01,1,BREATH_PACED_12,11.00,0.9758,,MR60BHA2_breath_phase,safenest-node-01
173.8780,0.290000,S001,S001_BREATH_PACED_12_01,1,BREATH_PACED_12,12.00,0.9758,,MR60BHA2_breath_phase,safenest-node-01
173.9780,0.400000,S001,S001_BREATH_PACED_12_01,1,BREATH_PACED_12,13.00,0.9758,,MR60BHA2_breath_phase,safenest-node-01
174.0780,0.440000,S001,S001_BREATH_PACED_12_01,1,BREATH_PACED_12,13.00,0.9758,,MR60BHA2_breath_phase,safenest-node-01
174.1780,0.520000,S001,S001_BREATH_PACED_12_01,1,BREATH_PACED_12,13.00,0.9758,,MR60BHA2_breath_phase,safenest-node-01
174.2780,0.540000,S001,S001_BREATH_PACED_12_01,1,BREATH_PACED_12,14.00,0.9758,,MR60BHA2_breath_phase,safenest-node-01
174.3780,0.580000,S001,S001_BREATH_PACED_12_01,1,BREATH_PACED_12,15.00,0.9758,,MR60BHA2_breath_phase,safenest-node-01
174.4780,0.590000,S001,S001_BREATH_PACED_12_01,1,BREATH_PACED_12,15.00,1.0332,,MR60BHA2_breath_phase,safenest-node-01
174.5780,0.580000,S001,S001_BREATH_PACED_12_01,1,BREATH_PACED_12,15.00,1.0332,,MR60BHA2_breath_phase,safenest-node-01
174.6780,0.570000,S001,S001_BREATH_PACED_12_01,1,BREATH_PACED_12,16.00,1.0332,,MR60BHA2_breath_phase,safenest-node-01
174.7780,0.550000,S001,S001_BREATH_PACED_12_01,1,BREATH_PACED_12,17.00,1.0332,,MR60BHA2_breath_phase,safenest-node-01
174.8780,0.500000,S001,S001_BREATH_PACED_12_01,1,BREATH_PACED_12,17.00,1.0332,,MR60BHA2_breath_phase,safenest-node-01
174.9780,0.440000,S001,S001_BREATH_PACED_12_01,1,BREATH_PACED_12,18.00,1.0332,,MR60BHA2_breath_phase,safenest-node-01
175.0780,0.370000,S001,S001_BREATH_PACED_12_01,1,BREATH_PACED_12,18.00,1.0332,,MR60BHA2_breath_phase,safenest-node-01
175.1780,0.330000,S001,S001_BREATH_PACED_12_01,1,BREATH_PACED_12,18.00,1.0332,,MR60BHA2_breath_phase,safenest-node-01
175.2780,0.250000,S001,S001_BREATH_PACED_12_01,1,BREATH_PACED_12,19.00,0.9758,,MR60BHA2_breath_phase,safenest-node-01
175.3780,0.210000,S001,S001_BREATH_PACED_12_01,1,BREATH_PACED_12,19.00,0.9758,,MR60BHA2_breath_phase,safenest-node-01
175.4780,0.140000,S001,S001_BREATH_PACED_12_01,1,BREATH_PACED_12,20.00,0.9758,,MR60BHA2_breath_phase,safenest-node-01
175.5780,0.080000,S001,S001_BREATH_PACED_12_01,1,BREATH_PACED_12,20.00,0.9758,,MR60BHA2_breath_phase,safenest-node-01
175.6780,0.050000,S001,S001_BREATH_PACED_12_01,1,BREATH_PACED_12,20.00,0.9758,,MR60BHA2_breath_phase,safenest-node-01
175.7780,0.010000,S001,S001_BREATH_PACED_12_01,1,BREATH_PACED_12,21.00,0.9758,,MR60BHA2_breath_phase,safenest-node-01
175.8780,-0.000000,S001,S001_BREATH_PACED_12_01,1,BREATH_PACED_12,21.00,0.9758,,MR60BHA2_breath_phase,safenest-node-01
175.9780,-0.030000,S001,S001_BREATH_PACED_12_01,1,BREATH_PACED_12,21.00,0.9758,,MR60BHA2_breath_phase,safenest-node-01
176.0780,-0.050000,S001,S001_BREATH_PACED_12_01,1,BREATH_PACED_12,22.00,0.9758,,MR60BHA2_breath_phase,safenest-node-01
176.1790,-0.060000,S001,S001_BREATH_PACED_12_01,1,BREATH_PACED_12,22.00,0.9758,,MR60BHA2_breath_phase,safenest-node-01
176.2790,-0.070000,S001,S001_BREATH_PACED_12_01,1,BREATH_PACED_12,22.00,0.9758,,MR60BHA2_breath_phase,safenest-node-01
176.3790,-0.070000,S001,S001_BREATH_PACED_12_01,1,BREATH_PACED_12,22.00,0.9758,,MR60BHA2_breath_phase,safenest-node-01
176.4790,-0.080000,S001,S001_BREATH_PACED_12_01,1,BREATH_PACED_12,23.00,0.9758,,MR60BHA2_breath_phase,safenest-node-01
176.5790,-0.100000,S001,S001_BREATH_PACED_12_01,1,BREATH_PACED_12,23.00,0.9758,,MR60BHA2_breath_phase,safenest-node-01
176.6790,-0.100000,S001,S001_BREATH_PACED_12_01,1,BREATH_PACED_12,23.00,0.9758,,MR60BHA2_breath_phase,safenest-node-01
176.7790,-0.130000,S001,S001_BREATH_PACED_12_01,1,BREATH_PACED_12,23.00,0.9758,,MR60BHA2_breath_phase,safenest-node-01
176.8790,-0.150000,S001,S001_BREATH_PACED_12_01,1,BREATH_PACED_12,23.00,0.9758,,MR60BHA2_breath_phase,safenest-node-01
176.9790,-0.190000,S001,S001_BREATH_PACED_12_01,1,BREATH_PACED_12,23.00,0.9758,,MR60BHA2_breath_phase,safenest-node-01
177.0790,-0.250000,S001,S001_BREATH_PACED_12_01,1,BREATH_PACED_12,23.00,0.9758,,MR60BHA2_breath_phase,safenest-node-01
177.1790,-0.310000,S001,S001_BREATH_PACED_12_01,1,BREATH_PACED_12,23.00,0.9758,,MR60BHA2_breath_phase,safenest-node-01
177.2790,-0.350000,S001,S001_BREATH_PACED_12_01,1,BREATH_PACED_12,23.00,0.9758,,MR60BHA2_breath_phase,safenest-node-01
177.3790,-0.430000,S001,S001_BREATH_PACED_12_01,1,BREATH_PACED_12,23.00,0.9758,,MR60BHA2_breath_phase,safenest-node-01
177.4790,-0.460000,S001,S001_BREATH_PACED_12_01,1,BREATH_PACED_12,23.00,0.9758,,MR60BHA2_breath_phase,safenest-node-01
177.5790,-0.530000,S001,S001_BREATH_PACED_12_01,1,BREATH_PACED_12,23.00,0.9758,,MR60BHA2_breath_phase,safenest-node-01
177.6790,-0.590000,S001,S001_BREATH_PACED_12_01,1,BREATH_PACED_12,23.00,0.9758,,MR60BHA2_breath_phase,safenest-node-01
177.7790,-0.610000,S001,S001_BREATH_PACED_12_01,1,BREATH_PACED_12,23.00,0.9758,,MR60BHA2_breath_phase,safenest-node-01
177.8790,-0.640000,S001,S001_BREATH_PACED_12_01,1,BREATH_PACED_12,23.00,0.9758,,MR60BHA2_breath_phase,safenest-node-01
177.9790,-0.650000,S001,S001_BREATH_PACED_12_01,1,BREATH_PACED_12,22.00,0.9758,,MR60BHA2_breath_phase,safenest-node-01
178.0790,-0.640000,S001,S001_BREATH_PACED_12_01,1,BREATH_PACED_12,21.00,0.9758,,MR60BHA2_breath_phase,safenest-node-01
178.1790,-0.610000,S001,S001_BREATH_PACED_12_01,1,BREATH_PACED_12,20.00,0.9758,,MR60BHA2_breath_phase,safenest-node-01
178.2790,-0.590000,S001,S001_BREATH_PACED_12_01,1,BREATH_PACED_12,20.00,0.9758,,MR60BHA2_breath_phase,safenest-node-01
178.3790,-0.530000,S001,S001_BREATH_PACED_12_01,1,BREATH_PACED_12,19.00,0.9758,,MR60BHA2_breath_phase,safenest-node-01
178.4790,-0.500000,S001,S001_BREATH_PACED_12_01,1,BREATH_PACED_12,18.00,0.9758,,MR60BHA2_breath_phase,safenest-node-01
178.5790,-0.420000,S001,S001_BREATH_PACED_12_01,1,BREATH_PACED_12,17.00,0.9758,,MR60BHA2_breath_phase,safenest-node-01
178.6790,-0.330000,S001,S001_BREATH_PACED_12_01,1,BREATH_PACED_12,16.00,0.9758,,MR60BHA2_breath_phase,safenest-node-01
178.7790,-0.240000,S001,S001_BREATH_PACED_12_01,1,BREATH_PACED_12,15.00,0.9758,,MR60BHA2_breath_phase,safenest-node-01
178.8790,-0.190000,S001,S001_BREATH_PACED_12_01,1,BREATH_PACED_12,15.00,0.9758,,MR60BHA2_breath_phase,safenest-node-01
178.9790,-0.110000,S001,S001_BREATH_PACED_12_01,1,BREATH_PACED_12,15.00,0.9758,,MR60BHA2_breath_phase,safenest-node-01
179.0790,-0.070000,S001,S001_BREATH_PACED_12_01,1,BREATH_PACED_12,14.00,0.9758,,MR60BHA2_breath_phase,safenest-node-01
179.1790,0.000000,S001,S001_BREATH_PACED_12_01,1,BREATH_PACED_12,13.00,0.9758,,MR60BHA2_breath_phase,safenest-node-01
179.2790,0.060000,S001,S001_BREATH_PACED_12_01,1,BREATH_PACED_12,13.00,0.9758,,MR60BHA2_breath_phase,safenest-node-01
179.3790,0.080000,S001,S001_BREATH_PACED_12_01,1,BREATH_PACED_12,13.00,0.9758,,MR60BHA2_breath_phase,safenest-node-01
179.4790,0.110000,S001,S001_BREATH_PACED_12_01,1,BREATH_PACED_12,12.00,0.9758,,MR60BHA2_breath_phase,safenest-node-01
179.5790,0.120000,S001,S001_BREATH_PACED_12_01,1,BREATH_PACED_12,11.00,0.9758,,MR60BHA2_breath_phase,safenest-node-01
179.6790,0.140000,S001,S001_BREATH_PACED_12_01,1,BREATH_PACED_12,11.00,0.9758,,MR60BHA2_breath_phase,safenest-node-01
179.7790,0.140000,S001,S001_BREATH_PACED_12_01,1,BREATH_PACED_12,10.00,0.9758,,MR60BHA2_breath_phase,safenest-node-01
179.8800,0.140000,S001,S001_BREATH_PACED_12_01,1,BREATH_PACED_12,10.00,0.9758,,MR60BHA2_breath_phase,safenest-node-01
179.9800,0.120000,S001,S001_BREATH_PACED_12_01,1,BREATH_PACED_12,10.00,0.9758,,MR60BHA2_breath_phase,safenest-node-01
180.0800,0.110000,S001,S001_BREATH_PACED_12_01,1,BREATH_PACED_12,10.00,0.9758,,MR60BHA2_breath_phase,safenest-node-01
180.1800,0.080000,S001,S001_BREATH_PACED_12_01,1,BREATH_PACED_12,10.00,0.9758,,MR60BHA2_breath_phase,safenest-node-01
180.2800,0.050000,S001,S001_BREATH_PACED_12_01,1,BREATH_PACED_12,10.00,0.9758,,MR60BHA2_breath_phase,safenest-node-01
180.3800,0.020000,S001,S001_BREATH_PACED_12_01,1,BREATH_PACED_12,10.00,0.9758,,MR60BHA2_breath_phase,safenest-node-01
180.4800,-0.020000,S001,S001_BREATH_PACED_12_01,1,BREATH_PACED_12,10.00,0.9758,,MR60BHA2_breath_phase,safenest-node-01
180.5800,-0.050000,S001,S001_BREATH_PACED_12_01,1,BREATH_PACED_12,11.00,0.9758,,MR60BHA2_breath_phase,safenest-node-01
180.6800,-0.090000,S001,S001_BREATH_PACED_12_01,1,BREATH_PACED_12,11.00,0.9758,,MR60BHA2_breath_phase,safenest-node-01
180.7800,-0.120000,S001,S001_BREATH_PACED_12_01,1,BREATH_PACED_12,11.00,0.9758,,MR60BHA2_breath_phase,safenest-node-01
180.8810,-0.140000,S001,S001_BREATH_PACED_12_01,1,BREATH_PACED_12,11.00,0.9758,,MR60BHA2_breath_phase,safenest-node-01
180.9810,-0.150000,S001,S001_BREATH_PACED_12_01,1,BREATH_PACED_12,11.00,0.9758,,MR60BHA2_breath_phase,safenest-node-01
181.0810,-0.150000,S001,S001_BREATH_PACED_12_01,1,BREATH_PACED_12,11.00,0.9758,,MR60BHA2_breath_phase,safenest-node-01
181.1810,-0.150000,S001,S001_BREATH_PACED_12_01,1,BREATH_PACED_12,10.00,0.9758,,MR60BHA2_breath_phase,safenest-node-01
181.2810,-0.130000,S001,S001_BREATH_PACED_12_01,1,BREATH_PACED_12,10.00,0.9758,,MR60BHA2_breath_phase,safenest-node-01
181.3810,-0.090000,S001,S001_BREATH_PACED_12_01,1,BREATH_PACED_12,9.00,0.9758,,MR60BHA2_breath_phase,safenest-node-01
181.4810,-0.080000,S001,S001_BREATH_PACED_12_01,1,BREATH_PACED_12,9.00,0.9758,,MR60BHA2_breath_phase,safenest-node-01
181.5810,-0.040000,S001,S001_BREATH_PACED_12_01,1,BREATH_PACED_12,9.00,0.9758,,MR60BHA2_breath_phase,safenest-node-01
181.6810,-0.010000,S001,S001_BREATH_PACED_12_01,1,BREATH_PACED_12,8.00,0.9758,,MR60BHA2_breath_phase,safenest-node-01
181.7810,0.030000,S001,S001_BREATH_PACED_12_01,1,BREATH_PACED_12,8.00,0.9758,,MR60BHA2_breath_phase,safenest-node-01
181.8810,0.070000,S001,S001_BREATH_PACED_12_01,1,BREATH_PACED_12,9.00,0.9758,,MR60BHA2_breath_phase,safenest-node-01
181.9820,0.090000,S001,S001_BREATH_PACED_12_01,1,BREATH_PACED_12,9.00,0.9758,,MR60BHA2_breath_phase,safenest-node-01
182.0820,0.130000,S001,S001_BREATH_PACED_12_01,1,BREATH_PACED_12,9.00,0.9758,,MR60BHA2_breath_phase,safenest-node-01
182.1820,0.150000,S001,S001_BREATH_PACED_12_01,1,BREATH_PACED_12,9.00,0.9758,,MR60BHA2_breath_phase,safenest-node-01
182.2820,0.190000,S001,S001_BREATH_PACED_12_01,1,BREATH_PACED_12,10.00,0.9758,,MR60BHA2_breath_phase,safenest-node-01
182.3820,0.230000,S001,S001_BREATH_PACED_12_01,1,BREATH_PACED_12,9.00,0.9758,,MR60BHA2_breath_phase,safenest-node-01
182.4830,0.280000,S001,S001_BREATH_PACED_12_01,1,BREATH_PACED_12,9.00,0.9758,,MR60BHA2_breath_phase,safenest-node-01
182.5830,0.310000,S001,S001_BREATH_PACED_12_01,1,BREATH_PACED_12,9.00,0.9758,,MR60BHA2_breath_phase,safenest-node-01
182.6830,0.360000,S001,S001_BREATH_PACED_12_01,1,BREATH_PACED_12,8.00,0.9758,,MR60BHA2_breath_phase,safenest-node-01
182.7830,0.390000,S001,S001_BREATH_PACED_12_01,1,BREATH_PACED_12,8.00,0.9758,,MR60BHA2_breath_phase,safenest-node-01
182.8830,0.440000,S001,S001_BREATH_PACED_12_01,1,BREATH_PACED_12,7.00,0.9758,,MR60BHA2_breath_phase,safenest-node-01
182.9830,0.500000,S001,S001_BREATH_PACED_12_01,1,BREATH_PACED_12,7.00,0.9758,,MR60BHA2_breath_phase,safenest-node-01
183.0830,0.520000,S001,S001_BREATH_PACED_12_01,1,BREATH_PACED_12,7.00,0.9758,,MR60BHA2_breath_phase,safenest-node-01
183.1830,0.570000,S001,S001_BREATH_PACED_12_01,1,BREATH_PACED_12,7.00,0.9758,,MR60BHA2_breath_phase,safenest-node-01
183.2830,0.590000,S001,S001_BREATH_PACED_12_01,1,BREATH_PACED_12,6.00,0.9758,,MR60BHA2_breath_phase,safenest-node-01
183.3830,0.620000,S001,S001_BREATH_PACED_12_01,1,BREATH_PACED_12,6.00,0.9758,,MR60BHA2_breath_phase,safenest-node-01
183.4830,0.630000,S001,S001_BREATH_PACED_12_01,1,BREATH_PACED_12,6.00,0.9758,,MR60BHA2_breath_phase,safenest-node-01
183.5830,0.640000,S001,S001_BREATH_PACED_12_01,1,BREATH_PACED_12,6.00,0.9758,,MR60BHA2_breath_phase,safenest-node-01
183.6830,0.630000,S001,S001_BREATH_PACED_12_01,1,BREATH_PACED_12,5.00,0.9758,,MR60BHA2_breath_phase,safenest-node-01
183.7830,0.610000,S001,S001_BREATH_PACED_12_01,1,BREATH_PACED_12,5.00,0.9758,,MR60BHA2_breath_phase,safenest-node-01
183.8830,0.580000,S001,S001_BREATH_PACED_12_01,1,BREATH_PACED_12,5.00,0.9758,,MR60BHA2_breath_phase,safenest-node-01
183.9830,0.540000,S001,S001_BREATH_PACED_12_01,1,BREATH_PACED_12,5.00,0.9758,,MR60BHA2_breath_phase,safenest-node-01
184.0830,0.500000,S001,S001_BREATH_PACED_12_01,1,BREATH_PACED_12,4.00,0.9758,,MR60BHA2_breath_phase,safenest-node-01
184.1830,0.480000,S001,S001_BREATH_PACED_12_01,1,BREATH_PACED_12,4.00,0.9758,,MR60BHA2_breath_phase,safenest-node-01
184.2830,0.440000,S001,S001_BREATH_PACED_12_01,1,BREATH_PACED_12,4.00,0.9758,,MR60BHA2_breath_phase,safenest-node-01
184.3830,0.420000,S001,S001_BREATH_PACED_12_01,1,BREATH_PACED_12,4.00,0.9758,,MR60BHA2_breath_phase,safenest-node-01
184.4830,0.380000,S001,S001_BREATH_PACED_12_01,1,BREATH_PACED_12,4.00,0.9758,,MR60BHA2_breath_phase,safenest-node-01
184.5830,0.340000,S001,S001_BREATH_PACED_12_01,1,BREATH_PACED_12,4.00,0.9758,,MR60BHA2_breath_phase,safenest-node-01
184.6830,0.310000,S001,S001_BREATH_PACED_12_01,1,BREATH_PACED_12,4.00,0.9758,,MR60BHA2_breath_phase,safenest-node-01
184.7830,0.250000,S001,S001_BREATH_PACED_12_01,1,BREATH_PACED_12,3.00,0.9758,,MR60BHA2_breath_phase,safenest-node-01
184.8830,0.210000,S001,S001_BREATH_PACED_12_01,1,BREATH_PACED_12,3.00,0.9758,,MR60BHA2_breath_phase,safenest-node-01
184.9830,0.120000,S001,S001_BREATH_PACED_12_01,1,BREATH_PACED_12,3.00,0.9758,,MR60BHA2_breath_phase,safenest-node-01
185.0830,0.010000,S001,S001_BREATH_PACED_12_01,1,BREATH_PACED_12,3.00,0.9758,,MR60BHA2_breath_phase,safenest-node-01
185.1830,-0.050000,S001,S001_BREATH_PACED_12_01,1,BREATH_PACED_12,3.00,0.9758,,MR60BHA2_breath_phase,safenest-node-01
185.2830,-0.160000,S001,S001_BREATH_PACED_12_01,1,BREATH_PACED_12,3.00,0.9758,,MR60BHA2_breath_phase,safenest-node-01
185.3830,-0.220000,S001,S001_BREATH_PACED_12_01,1,BREATH_PACED_12,3.00,0.9758,,MR60BHA2_breath_phase,safenest-node-01
185.4830,-0.320000,S001,S001_BREATH_PACED_12_01,1,BREATH_PACED_12,3.00,0.9758,,MR60BHA2_breath_phase,safenest-node-01
185.5830,-0.400000,S001,S001_BREATH_PACED_12_01,1,BREATH_PACED_12,2.00,0.9758,,MR60BHA2_breath_phase,safenest-node-01
185.6840,-0.450000,S001,S001_BREATH_PACED_12_01,1,BREATH_PACED_12,2.00,0.9758,,MR60BHA2_breath_phase,safenest-node-01
185.7840,-0.470000,S001,S001_BREATH_PACED_12_01,1,BREATH_PACED_12,2.00,0.9758,,MR60BHA2_breath_phase,safenest-node-01
185.8840,-0.470000,S001,S001_BREATH_PACED_12_01,1,BREATH_PACED_12,2.00,0.9758,,MR60BHA2_breath_phase,safenest-node-01
185.9840,-0.460000,S001,S001_BREATH_PACED_12_01,1,BREATH_PACED_12,2.00,0.9758,,MR60BHA2_breath_phase,safenest-node-01
186.0840,-0.430000,S001,S001_BREATH_PACED_12_01,1,BREATH_PACED_12,2.00,0.9758,,MR60BHA2_breath_phase,safenest-node-01
186.1840,-0.380000,S001,S001_BREATH_PACED_12_01,1,BREATH_PACED_12,2.00,0.9758,,MR60BHA2_breath_phase,safenest-node-01
186.2840,-0.350000,S001,S001_BREATH_PACED_12_01,1,BREATH_PACED_12,2.00,0.9758,,MR60BHA2_breath_phase,safenest-node-01
186.3840,-0.300000,S001,S001_BREATH_PACED_12_01,1,BREATH_PACED_12,2.00,0.9758,,MR60BHA2_breath_phase,safenest-node-01
186.4840,-0.280000,S001,S001_BREATH_PACED_12_01,1,BREATH_PACED_12,2.00,0.9758,,MR60BHA2_breath_phase,safenest-node-01
186.5840,-0.240000,S001,S001_BREATH_PACED_12_01,1,BREATH_PACED_12,2.00,0.9758,,MR60BHA2_breath_phase,safenest-node-01
186.6840,-0.230000,S001,S001_BREATH_PACED_12_01,1,BREATH_PACED_12,2.00,0.9758,,MR60BHA2_breath_phase,safenest-node-01
186.7840,-0.220000,S001,S001_BREATH_PACED_12_01,1,BREATH_PACED_12,2.00,0.9758,,MR60BHA2_breath_phase,safenest-node-01
186.8840,-0.230000,S001,S001_BREATH_PACED_12_01,1,BREATH_PACED_12,3.00,0.9758,,MR60BHA2_breath_phase,safenest-node-01
186.9840,-0.230000,S001,S001_BREATH_PACED_12_01,1,BREATH_PACED_12,3.00,0.9758,,MR60BHA2_breath_phase,safenest-node-01
187.0840,-0.250000,S001,S001_BREATH_PACED_12_01,1,BREATH_PACED_12,4.00,0.9758,,MR60BHA2_breath_phase,safenest-node-01
187.1840,-0.290000,S001,S001_BREATH_PACED_12_01,1,BREATH_PACED_12,4.00,0.9758,,MR60BHA2_breath_phase,safenest-node-01
187.2840,-0.310000,S001,S001_BREATH_PACED_12_01,1,BREATH_PACED_12,4.00,0.9758,,MR60BHA2_breath_phase,safenest-node-01
187.3840,-0.370000,S001,S001_BREATH_PACED_12_01,1,BREATH_PACED_12,4.00,0.9758,,MR60BHA2_breath_phase,safenest-node-01
187.4840,-0.400000,S001,S001_BREATH_PACED_12_01,1,BREATH_PACED_12,4.00,0.9758,,MR60BHA2_breath_phase,safenest-node-01
187.5840,-0.450000,S001,S001_BREATH_PACED_12_01,1,BREATH_PACED_12,4.00,0.9758,,MR60BHA2_breath_phase,safenest-node-01
187.6840,-0.500000,S001,S001_BREATH_PACED_12_01,1,BREATH_PACED_12,4.00,0.9758,,MR60BHA2_breath_phase,safenest-node-01
187.7850,-0.530000,S001,S001_BREATH_PACED_12_01,1,BREATH_PACED_12,3.00,0.9758,,MR60BHA2_breath_phase,safenest-node-01
187.8850,-0.530000,S001,S001_BREATH_PACED_12_01,1,BREATH_PACED_12,3.00,0.9758,,MR60BHA2_breath_phase,safenest-node-01
187.9850,-0.520000,S001,S001_BREATH_PACED_12_01,1,BREATH_PACED_12,3.00,0.9758,,MR60BHA2_breath_phase,safenest-node-01
188.0850,-0.510000,S001,S001_BREATH_PACED_12_01,1,BREATH_PACED_12,3.00,0.9758,,MR60BHA2_breath_phase,safenest-node-01
188.1850,-0.460000,S001,S001_BREATH_PACED_12_01,1,BREATH_PACED_12,3.00,0.9758,,MR60BHA2_breath_phase,safenest-node-01
188.2850,-0.390000,S001,S001_BREATH_PACED_12_01,1,BREATH_PACED_12,3.00,0.9758,,MR60BHA2_breath_phase,safenest-node-01
188.3850,-0.350000,S001,S001_BREATH_PACED_12_01,1,BREATH_PACED_12,3.00,0.9758,,MR60BHA2_breath_phase,safenest-node-01
188.4850,-0.250000,S001,S001_BREATH_PACED_12_01,1,BREATH_PACED_12,3.00,0.9758,,MR60BHA2_breath_phase,safenest-node-01
188.5850,-0.200000,S001,S001_BREATH_PACED_12_01,1,BREATH_PACED_12,3.00,0.9758,,MR60BHA2_breath_phase,safenest-node-01
188.6850,-0.100000,S001,S001_BREATH_PACED_12_01,1,BREATH_PACED_12,2.00,0.9758,,MR60BHA2_breath_phase,safenest-node-01
188.7850,-0.000000,S001,S001_BREATH_PACED_12_01,1,BREATH_PACED_12,2.00,0.9758,,MR60BHA2_breath_phase,safenest-node-01
188.8850,0.040000,S001,S001_BREATH_PACED_12_01,1,BREATH_PACED_12,2.00,0.9758,,MR60BHA2_breath_phase,safenest-node-01
188.9850,0.110000,S001,S001_BREATH_PACED_12_01,1,BREATH_PACED_12,2.00,0.9758,,MR60BHA2_breath_phase,safenest-node-01
189.0850,0.140000,S001,S001_BREATH_PACED_12_01,1,BREATH_PACED_12,2.00,0.9758,,MR60BHA2_breath_phase,safenest-node-01
189.1850,0.180000,S001,S001_BREATH_PACED_12_01,1,BREATH_PACED_12,2.00,0.9758,,MR60BHA2_breath_phase,safenest-node-01
189.2850,0.190000,S001,S001_BREATH_PACED_12_01,1,BREATH_PACED_12,2.00,0.9758,,MR60BHA2_breath_phase,safenest-node-01
189.3860,0.180000,S001,S001_BREATH_PACED_12_01,1,BREATH_PACED_12,2.00,0.9758,,MR60BHA2_breath_phase,safenest-node-01
189.4860,0.160000,S001,S001_BREATH_PACED_12_01,1,BREATH_PACED_12,2.00,0.9758,,MR60BHA2_breath_phase,safenest-node-01
189.5860,0.120000,S001,S001_BREATH_PACED_12_01,1,BREATH_PACED_12,2.00,0.9758,,MR60BHA2_breath_phase,safenest-node-01
189.6860,0.090000,S001,S001_BREATH_PACED_12_01,1,BREATH_PACED_12,2.00,0.9758,,MR60BHA2_breath_phase,safenest-node-01
189.7860,0.020000,S001,S001_BREATH_PACED_12_01,1,BREATH_PACED_12,2.00,0.9758,,MR60BHA2_breath_phase,safenest-node-01
189.8860,-0.060000,S001,S001_BREATH_PACED_12_01,1,BREATH_PACED_12,1.00,0.9758,,MR60BHA2_breath_phase,safenest-node-01
189.9860,-0.100000,S001,S001_BREATH_PACED_12_01,1,BREATH_PACED_12,1.00,0.9758,,MR60BHA2_breath_phase,safenest-node-01
190.0860,-0.190000,S001,S001_BREATH_PACED_12_01,1,BREATH_PACED_12,1.00,0.9758,,MR60BHA2_breath_phase,safenest-node-01
190.1860,-0.240000,S001,S001_BREATH_PACED_12_01,1,BREATH_PACED_12,1.00,0.9758,,MR60BHA2_breath_phase,safenest-node-01
190.2860,-0.330000,S001,S001_BREATH_PACED_12_01,1,BREATH_PACED_12,1.00,0.9758,,MR60BHA2_breath_phase,safenest-node-01
190.3860,-0.410000,S001,S001_BREATH_PACED_12_01,1,BREATH_PACED_12,1.00,0.9758,,MR60BHA2_breath_phase,safenest-node-01
190.4860,-0.450000,S001,S001_BREATH_PACED_12_01,1,BREATH_PACED_12,1.00,0.9758,,MR60BHA2_breath_phase,safenest-node-01
190.5860,-0.500000,S001,S001_BREATH_PACED_12_01,1,BREATH_PACED_12,1.00,0.9758,,MR60BHA2_breath_phase,safenest-node-01
190.6860,-0.520000,S001,S001_BREATH_PACED_12_01,1,BREATH_PACED_12,1.00,0.9758,,MR60BHA2_breath_phase,safenest-node-01
190.7860,-0.530000,S001,S001_BREATH_PACED_12_01,1,BREATH_PACED_12,1.00,0.9758,,MR60BHA2_breath_phase,safenest-node-01
190.8860,-0.510000,S001,S001_BREATH_PACED_12_01,1,BREATH_PACED_12,2.00,0.9758,,MR60BHA2_breath_phase,safenest-node-01
190.9870,-0.480000,S001,S001_BREATH_PACED_12_01,1,BREATH_PACED_12,2.00,0.9758,,MR60BHA2_breath_phase,safenest-node-01
191.0870,-0.410000,S001,S001_BREATH_PACED_12_01,1,BREATH_PACED_12,2.00,0.9758,,MR60BHA2_breath_phase,safenest-node-01
191.1870,-0.360000,S001,S001_BREATH_PACED_12_01,1,BREATH_PACED_12,3.00,0.9758,,MR60BHA2_breath_phase,safenest-node-01
191.2870,-0.250000,S001,S001_BREATH_PACED_12_01,1,BREATH_PACED_12,4.00,0.9758,,MR60BHA2_breath_phase,safenest-node-01
191.3870,-0.110000,S001,S001_BREATH_PACED_12_01,1,BREATH_PACED_12,5.00,0.9758,,MR60BHA2_breath_phase,safenest-node-01
191.4870,0.050000,S001,S001_BREATH_PACED_12_01,1,BREATH_PACED_12,6.00,0.9758,,MR60BHA2_breath_phase,safenest-node-01
191.5870,0.130000,S001,S001_BREATH_PACED_12_01,1,BREATH_PACED_12,6.00,0.9758,,MR60BHA2_breath_phase,safenest-node-01
191.6870,0.300000,S001,S001_BREATH_PACED_12_01,1,BREATH_PACED_12,8.00,0.9758,,MR60BHA2_breath_phase,safenest-node-01
191.7870,0.380000,S001,S001_BREATH_PACED_12_01,1,BREATH_PACED_12,9.00,0.9758,,MR60BHA2_breath_phase,safenest-node-01
191.8870,0.540000,S001,S001_BREATH_PACED_12_01,1,BREATH_PACED_12,10.00,0.9758,,MR60BHA2_breath_phase,safenest-node-01
191.9870,0.680000,S001,S001_BREATH_PACED_12_01,1,BREATH_PACED_12,10.00,0.9758,,MR60BHA2_breath_phase,safenest-node-01
192.0870,0.740000,S001,S001_BREATH_PACED_12_01,1,BREATH_PACED_12,10.00,0.9758,,MR60BHA2_breath_phase,safenest-node-01
192.1870,0.850000,S001,S001_BREATH_PACED_12_01,1,BREATH_PACED_12,11.00,0.9758,,MR60BHA2_breath_phase,safenest-node-01
192.2870,0.890000,S001,S001_BREATH_PACED_12_01,1,BREATH_PACED_12,12.00,0.9758,,MR60BHA2_breath_phase,safenest-node-01
192.3870,0.940000,S001,S001_BREATH_PACED_12_01,1,BREATH_PACED_12,13.00,0.9758,,MR60BHA2_breath_phase,safenest-node-01
192.4870,0.970000,S001,S001_BREATH_PACED_12_01,1,BREATH_PACED_12,14.00,0.9758,,MR60BHA2_breath_phase,safenest-node-01
192.5870,0.970000,S001,S001_BREATH_PACED_12_01,1,BREATH_PACED_12,14.00,0.9758,,MR60BHA2_breath_phase,safenest-node-01
192.6870,0.950000,S001,S001_BREATH_PACED_12_01,1,BREATH_PACED_12,14.00,0.9758,,MR60BHA2_breath_phase,safenest-node-01
192.7870,0.930000,S001,S001_BREATH_PACED_12_01,1,BREATH_PACED_12,15.00,0.9758,,MR60BHA2_breath_phase,safenest-node-01
192.8870,0.880000,S001,S001_BREATH_PACED_12_01,1,BREATH_PACED_12,16.00,0.9758,,MR60BHA2_breath_phase,safenest-node-01
192.9870,0.820000,S001,S001_BREATH_PACED_12_01,1,BREATH_PACED_12,15.00,0.9758,,MR60BHA2_breath_phase,safenest-node-01
193.0880,0.740000,S001,S001_BREATH_PACED_12_01,1,BREATH_PACED_12,14.00,0.9758,,MR60BHA2_breath_phase,safenest-node-01
193.1880,0.700000,S001,S001_BREATH_PACED_12_01,1,BREATH_PACED_12,14.00,0.9758,,MR60BHA2_breath_phase,safenest-node-01
193.2890,0.610000,S001,S001_BREATH_PACED_12_01,1,BREATH_PACED_12,14.00,0.9758,,MR60BHA2_breath_phase,safenest-node-01
193.3890,0.570000,S001,S001_BREATH_PACED_12_01,1,BREATH_PACED_12,13.00,0.9758,,MR60BHA2_breath_phase,safenest-node-01
193.4890,0.480000,S001,S001_BREATH_PACED_12_01,1,BREATH_PACED_12,12.00,0.9758,,MR60BHA2_breath_phase,safenest-node-01
193.5890,0.380000,S001,S001_BREATH_PACED_12_01,1,BREATH_PACED_12,12.00,0.9758,,MR60BHA2_breath_phase,safenest-node-01
193.6890,0.340000,S001,S001_BREATH_PACED_12_01,1,BREATH_PACED_12,12.00,0.9758,,MR60BHA2_breath_phase,safenest-node-01
193.7890,0.250000,S001,S001_BREATH_PACED_12_01,1,BREATH_PACED_12,11.00,0.9758,,MR60BHA2_breath_phase,safenest-node-01
193.8890,0.210000,S001,S001_BREATH_PACED_12_01,1,BREATH_PACED_12,10.00,0.9758,,MR60BHA2_breath_phase,safenest-node-01
193.9890,0.130000,S001,S001_BREATH_PACED_12_01,1,BREATH_PACED_12,10.00,0.9758,,MR60BHA2_breath_phase,safenest-node-01
194.0890,0.050000,S001,S001_BREATH_PACED_12_01,1,BREATH_PACED_12,9.00,0.9758,,MR60BHA2_breath_phase,safenest-node-01
194.1890,0.010000,S001,S001_BREATH_PACED_12_01,1,BREATH_PACED_12,9.00,0.9758,,MR60BHA2_breath_phase,safenest-node-01
194.2890,-0.060000,S001,S001_BREATH_PACED_12_01,1,BREATH_PACED_12,9.00,1.0332,,MR60BHA2_breath_phase,safenest-node-01
194.3890,-0.100000,S001,S001_BREATH_PACED_12_01,1,BREATH_PACED_12,9.00,1.0332,,MR60BHA2_breath_phase,safenest-node-01
194.4890,-0.170000,S001,S001_BREATH_PACED_12_01,1,BREATH_PACED_12,8.00,1.0332,,MR60BHA2_breath_phase,safenest-node-01
194.5890,-0.230000,S001,S001_BREATH_PACED_12_01,1,BREATH_PACED_12,8.00,1.0332,,MR60BHA2_breath_phase,safenest-node-01
194.6900,-0.280000,S001,S001_BREATH_PACED_12_01,1,BREATH_PACED_12,8.00,1.0332,,MR60BHA2_breath_phase,safenest-node-01
194.7900,-0.300000,S001,S001_BREATH_PACED_12_01,1,BREATH_PACED_12,8.00,1.0332,,MR60BHA2_breath_phase,safenest-node-01
194.8900,-0.330000,S001,S001_BREATH_PACED_12_01,1,BREATH_PACED_12,9.00,1.0332,,MR60BHA2_breath_phase,safenest-node-01
194.9900,-0.340000,S001,S001_BREATH_PACED_12_01,1,BREATH_PACED_12,9.00,1.0332,,MR60BHA2_breath_phase,safenest-node-01
195.0900,-0.350000,S001,S001_BREATH_PACED_12_01,1,BREATH_PACED_12,10.00,1.0332,,MR60BHA2_breath_phase,safenest-node-01
195.1900,-0.330000,S001,S001_BREATH_PACED_12_01,1,BREATH_PACED_12,10.00,1.0332,,MR60BHA2_breath_phase,safenest-node-01
195.2900,-0.320000,S001,S001_BREATH_PACED_12_01,1,BREATH_PACED_12,10.00,1.0332,,MR60BHA2_breath_phase,safenest-node-01
195.3900,-0.290000,S001,S001_BREATH_PACED_12_01,1,BREATH_PACED_12,11.00,1.0332,,MR60BHA2_breath_phase,safenest-node-01
195.4900,-0.270000,S001,S001_BREATH_PACED_12_01,1,BREATH_PACED_12,11.00,1.0332,,MR60BHA2_breath_phase,safenest-node-01
195.5900,-0.230000,S001,S001_BREATH_PACED_12_01,1,BREATH_PACED_12,11.00,1.0332,,MR60BHA2_breath_phase,safenest-node-01
195.6900,-0.190000,S001,S001_BREATH_PACED_12_01,1,BREATH_PACED_12,12.00,1.0332,,MR60BHA2_breath_phase,safenest-node-01
195.7910,-0.180000,S001,S001_BREATH_PACED_12_01,1,BREATH_PACED_12,12.00,1.0332,,MR60BHA2_breath_phase,safenest-node-01
195.8910,-0.150000,S001,S001_BREATH_PACED_12_01,1,BREATH_PACED_12,12.00,1.0332,,MR60BHA2_breath_phase,safenest-node-01
195.9910,-0.140000,S001,S001_BREATH_PACED_12_01,1,BREATH_PACED_12,12.00,1.0332,,MR60BHA2_breath_phase,safenest-node-01
196.0910,-0.120000,S001,S001_BREATH_PACED_12_01,1,BREATH_PACED_12,13.00,1.0332,,MR60BHA2_breath_phase,safenest-node-01
196.1910,-0.100000,S001,S001_BREATH_PACED_12_01,1,BREATH_PACED_12,13.00,1.0332,,MR60BHA2_breath_phase,safenest-node-01
196.2910,-0.100000,S001,S001_BREATH_PACED_12_01,1,BREATH_PACED_12,13.00,1.0332,,MR60BHA2_breath_phase,safenest-node-01
196.3910,-0.080000,S001,S001_BREATH_PACED_12_01,1,BREATH_PACED_12,13.00,1.0332,,MR60BHA2_breath_phase,safenest-node-01
196.4910,-0.070000,S001,S001_BREATH_PACED_12_01,1,BREATH_PACED_12,13.00,1.0332,,MR60BHA2_breath_phase,safenest-node-01
196.5910,-0.060000,S001,S001_BREATH_PACED_12_01,1,BREATH_PACED_12,13.00,1.0332,,MR60BHA2_breath_phase,safenest-node-01
196.6910,-0.040000,S001,S001_BREATH_PACED_12_01,1,BREATH_PACED_12,13.00,1.0332,,MR60BHA2_breath_phase,safenest-node-01
196.7910,-0.030000,S001,S001_BREATH_PACED_12_01,1,BREATH_PACED_12,13.00,1.0332,,MR60BHA2_breath_phase,safenest-node-01
196.8910,-0.020000,S001,S001_BREATH_PACED_12_01,1,BREATH_PACED_12,13.00,1.0332,,MR60BHA2_breath_phase,safenest-node-01
196.9910,-0.020000,S001,S001_BREATH_PACED_12_01,1,BREATH_PACED_12,13.00,1.0332,,MR60BHA2_breath_phase,safenest-node-01
197.0910,-0.010000,S001,S001_BREATH_PACED_12_01,1,BREATH_PACED_12,13.00,1.0332,,MR60BHA2_breath_phase,safenest-node-01
197.1910,-0.010000,S001,S001_BREATH_PACED_12_01,1,BREATH_PACED_12,13.00,1.0332,,MR60BHA2_breath_phase,safenest-node-01
197.2910,-0.010000,S001,S001_BREATH_PACED_12_01,1,BREATH_PACED_12,13.00,1.0332,,MR60BHA2_breath_phase,safenest-node-01
197.3920,-0.010000,S001,S001_BREATH_PACED_12_01,1,BREATH_PACED_12,13.00,1.0332,,MR60BHA2_breath_phase,safenest-node-01
197.4920,-0.020000,S001,S001_BREATH_PACED_12_01,1,BREATH_PACED_12,13.00,1.0332,,MR60BHA2_breath_phase,safenest-node-01
197.5920,-0.020000,S001,S001_BREATH_PACED_12_01,1,BREATH_PACED_12,13.00,1.0332,,MR60BHA2_breath_phase,safenest-node-01
197.6920,-0.030000,S001,S001_BREATH_PACED_12_01,1,BREATH_PACED_12,13.00,1.0332,,MR60BHA2_breath_phase,safenest-node-01
197.7920,-0.040000,S001,S001_BREATH_PACED_12_01,1,BREATH_PACED_12,13.00,1.0332,,MR60BHA2_breath_phase,safenest-node-01
197.8920,-0.040000,S001,S001_BREATH_PACED_12_01,1,BREATH_PACED_12,13.00,1.0332,,MR60BHA2_breath_phase,safenest-node-01
197.9920,-0.060000,S001,S001_BREATH_PACED_12_01,1,BREATH_PACED_12,13.00,1.0332,,MR60BHA2_breath_phase,safenest-node-01
198.0920,-0.080000,S001,S001_BREATH_PACED_12_01,1,BREATH_PACED_12,13.00,1.0332,,MR60BHA2_breath_phase,safenest-node-01
198.1920,-0.110000,S001,S001_BREATH_PACED_12_01,1,BREATH_PACED_12,13.00,1.0332,,MR60BHA2_breath_phase,safenest-node-01
198.2920,-0.150000,S001,S001_BREATH_PACED_12_01,1,BREATH_PACED_12,13.00,1.0332,,MR60BHA2_breath_phase,safenest-node-01
198.3920,-0.190000,S001,S001_BREATH_PACED_12_01,1,BREATH_PACED_12,13.00,1.0332,,MR60BHA2_breath_phase,safenest-node-01
198.4920,-0.220000,S001,S001_BREATH_PACED_12_01,1,BREATH_PACED_12,13.00,1.0332,,MR60BHA2_breath_phase,safenest-node-01
198.5920,-0.280000,S001,S001_BREATH_PACED_12_01,1,BREATH_PACED_12,14.00,1.0332,,MR60BHA2_breath_phase,safenest-node-01
198.6920,-0.310000,S001,S001_BREATH_PACED_12_01,1,BREATH_PACED_12,13.00,1.0332,,MR60BHA2_breath_phase,safenest-node-01
198.7920,-0.380000,S001,S001_BREATH_PACED_12_01,1,BREATH_PACED_12,12.00,1.0332,,MR60BHA2_breath_phase,safenest-node-01
198.8920,-0.440000,S001,S001_BREATH_PACED_12_01,1,BREATH_PACED_12,12.00,1.0332,,MR60BHA2_breath_phase,safenest-node-01
198.9920,-0.470000,S001,S001_BREATH_PACED_12_01,1,BREATH_PACED_12,12.00,1.0332,,MR60BHA2_breath_phase,safenest-node-01
199.0920,-0.530000,S001,S001_BREATH_PACED_12_01,1,BREATH_PACED_12,11.00,1.0332,,MR60BHA2_breath_phase,safenest-node-01
199.1920,-0.550000,S001,S001_BREATH_PACED_12_01,1,BREATH_PACED_12,10.00,1.0332,,MR60BHA2_breath_phase,safenest-node-01
199.2920,-0.590000,S001,S001_BREATH_PACED_12_01,1,BREATH_PACED_12,10.00,1.0332,,MR60BHA2_breath_phase,safenest-node-01
199.3920,-0.620000,S001,S001_BREATH_PACED_12_01,1,BREATH_PACED_12,9.00,1.0332,,MR60BHA2_breath_phase,safenest-node-01
199.4930,-0.630000,S001,S001_BREATH_PACED_12_01,1,BREATH_PACED_12,9.00,1.0332,,MR60BHA2_breath_phase,safenest-node-01
199.5930,-0.630000,S001,S001_BREATH_PACED_12_01,1,BREATH_PACED_12,9.00,1.0332,,MR60BHA2_breath_phase,safenest-node-01
199.6930,-0.630000,S001,S001_BREATH_PACED_12_01,1,BREATH_PACED_12,9.00,1.0332,,MR60BHA2_breath_phase,safenest-node-01
199.7930,-0.610000,S001,S001_BREATH_PACED_12_01,1,BREATH_PACED_12,8.00,1.0332,,MR60BHA2_breath_phase,safenest-node-01
199.8930,-0.580000,S001,S001_BREATH_PACED_12_01,1,BREATH_PACED_12,8.00,1.0332,,MR60BHA2_breath_phase,safenest-node-01
199.9930,-0.530000,S001,S001_BREATH_PACED_12_01,1,BREATH_PACED_12,7.00,1.0332,,MR60BHA2_breath_phase,safenest-node-01
200.0930,-0.510000,S001,S001_BREATH_PACED_12_01,1,BREATH_PACED_12,7.00,1.0332,,MR60BHA2_breath_phase,safenest-node-01
200.1930,-0.440000,S001,S001_BREATH_PACED_12_01,1,BREATH_PACED_12,7.00,1.0332,,MR60BHA2_breath_phase,safenest-node-01
200.2930,-0.400000,S001,S001_BREATH_PACED_12_01,1,BREATH_PACED_12,7.00,1.0332,,MR60BHA2_breath_phase,safenest-node-01
200.3930,-0.320000,S001,S001_BREATH_PACED_12_01,1,BREATH_PACED_12,7.00,1.0332,,MR60BHA2_breath_phase,safenest-node-01
200.4930,-0.230000,S001,S001_BREATH_PACED_12_01,1,BREATH_PACED_12,8.00,1.0332,,MR60BHA2_breath_phase,safenest-node-01
200.5930,-0.180000,S001,S001_BREATH_PACED_12_01,1,BREATH_PACED_12,8.00,1.0332,,MR60BHA2_breath_phase,safenest-node-01
200.6930,-0.090000,S001,S001_BREATH_PACED_12_01,1,BREATH_PACED_12,8.00,1.0332,,MR60BHA2_breath_phase,safenest-node-01
200.7930,-0.040000,S001,S001_BREATH_PACED_12_01,1,BREATH_PACED_12,9.00,1.0332,,MR60BHA2_breath_phase,safenest-node-01
200.8930,0.040000,S001,S001_BREATH_PACED_12_01,1,BREATH_PACED_12,9.00,1.0332,,MR60BHA2_breath_phase,safenest-node-01
200.9930,0.120000,S001,S001_BREATH_PACED_12_01,1,BREATH_PACED_12,10.00,1.0332,,MR60BHA2_breath_phase,safenest-node-01
201.0930,0.160000,S001,S001_BREATH_PACED_12_01,1,BREATH_PACED_12,10.00,1.0332,,MR60BHA2_breath_phase,safenest-node-01
201.1930,0.230000,S001,S001_BREATH_PACED_12_01,1,BREATH_PACED_12,10.00,1.0332,,MR60BHA2_breath_phase,safenest-node-01
201.2930,0.260000,S001,S001_BREATH_PACED_12_01,1,BREATH_PACED_12,11.00,1.0332,,MR60BHA2_breath_phase,safenest-node-01
201.3930,0.320000,S001,S001_BREATH_PACED_12_01,1,BREATH_PACED_12,11.00,1.0332,,MR60BHA2_breath_phase,safenest-node-01
201.4930,0.370000,S001,S001_BREATH_PACED_12_01,1,BREATH_PACED_12,11.00,1.0332,,MR60BHA2_breath_phase,safenest-node-01
201.5930,0.410000,S001,S001_BREATH_PACED_12_01,1,BREATH_PACED_12,12.00,1.0332,,MR60BHA2_breath_phase,safenest-node-01
201.6930,0.430000,S001,S001_BREATH_PACED_12_01,1,BREATH_PACED_12,12.00,1.0332,,MR60BHA2_breath_phase,safenest-node-01
201.7930,0.450000,S001,S001_BREATH_PACED_12_01,1,BREATH_PACED_12,12.00,1.0332,,MR60BHA2_breath_phase,safenest-node-01
201.8930,0.470000,S001,S001_BREATH_PACED_12_01,1,BREATH_PACED_12,12.00,1.0332,,MR60BHA2_breath_phase,safenest-node-01
201.9930,0.500000,S001,S001_BREATH_PACED_12_01,1,BREATH_PACED_12,12.00,1.0332,,MR60BHA2_breath_phase,safenest-node-01
202.0930,0.520000,S001,S001_BREATH_PACED_12_01,1,BREATH_PACED_12,12.00,1.0332,,MR60BHA2_breath_phase,safenest-node-01
202.1930,0.530000,S001,S001_BREATH_PACED_12_01,1,BREATH_PACED_12,12.00,1.0332,,MR60BHA2_breath_phase,safenest-node-01
202.2930,0.560000,S001,S001_BREATH_PACED_12_01,1,BREATH_PACED_12,13.00,1.0332,,MR60BHA2_breath_phase,safenest-node-01
202.3930,0.570000,S001,S001_BREATH_PACED_12_01,1,BREATH_PACED_12,13.00,1.0332,,MR60BHA2_breath_phase,safenest-node-01
202.4930,0.590000,S001,S001_BREATH_PACED_12_01,1,BREATH_PACED_12,13.00,1.0332,,MR60BHA2_breath_phase,safenest-node-01
202.5930,0.610000,S001,S001_BREATH_PACED_12_01,1,BREATH_PACED_12,13.00,1.0332,,MR60BHA2_breath_phase,safenest-node-01
202.6930,0.610000,S001,S001_BREATH_PACED_12_01,1,BREATH_PACED_12,13.00,1.0332,,MR60BHA2_breath_phase,safenest-node-01
202.7930,0.620000,S001,S001_BREATH_PACED_12_01,1,BREATH_PACED_12,13.00,1.0332,,MR60BHA2_breath_phase,safenest-node-01
202.8930,0.620000,S001,S001_BREATH_PACED_12_01,1,BREATH_PACED_12,13.00,0.9758,,MR60BHA2_breath_phase,safenest-node-01
202.9930,0.610000,S001,S001_BREATH_PACED_12_01,1,BREATH_PACED_12,13.00,0.9758,,MR60BHA2_breath_phase,safenest-node-01
203.0930,0.600000,S001,S001_BREATH_PACED_12_01,1,BREATH_PACED_12,13.00,0.9758,,MR60BHA2_breath_phase,safenest-node-01
203.1950,0.590000,S001,S001_BREATH_PACED_12_01,1,BREATH_PACED_12,13.00,0.9758,,MR60BHA2_breath_phase,safenest-node-01
203.2950,0.570000,S001,S001_BREATH_PACED_12_01,1,BREATH_PACED_12,13.00,0.9758,,MR60BHA2_breath_phase,safenest-node-01
203.3950,0.560000,S001,S001_BREATH_PACED_12_01,1,BREATH_PACED_12,13.00,0.9758,,MR60BHA2_breath_phase,safenest-node-01
203.4950,0.530000,S001,S001_BREATH_PACED_12_01,1,BREATH_PACED_12,12.00,0.9758,,MR60BHA2_breath_phase,safenest-node-01
203.5950,0.510000,S001,S001_BREATH_PACED_12_01,1,BREATH_PACED_12,12.00,0.9758,,MR60BHA2_breath_phase,safenest-node-01
203.6960,0.480000,S001,S001_BREATH_PACED_12_01,1,BREATH_PACED_12,11.00,0.9758,,MR60BHA2_breath_phase,safenest-node-01
203.7960,0.460000,S001,S001_BREATH_PACED_12_01,1,BREATH_PACED_12,11.00,0.9758,,MR60BHA2_breath_phase,safenest-node-01
203.8960,0.420000,S001,S001_BREATH_PACED_12_01,1,BREATH_PACED_12,11.00,0.9758,,MR60BHA2_breath_phase,safenest-node-01
203.9960,0.400000,S001,S001_BREATH_PACED_12_01,1,BREATH_PACED_12,10.00,0.9758,,MR60BHA2_breath_phase,safenest-node-01
204.0960,0.360000,S001,S001_BREATH_PACED_12_01,1,BREATH_PACED_12,10.00,0.9758,,MR60BHA2_breath_phase,safenest-node-01
204.1960,0.310000,S001,S001_BREATH_PACED_12_01,1,BREATH_PACED_12,9.00,0.9758,,MR60BHA2_breath_phase,safenest-node-01
204.2960,0.280000,S001,S001_BREATH_PACED_12_01,1,BREATH_PACED_12,9.00,0.9758,,MR60BHA2_breath_phase,safenest-node-01
204.3960,0.230000,S001,S001_BREATH_PACED_12_01,1,BREATH_PACED_12,9.00,0.9758,,MR60BHA2_breath_phase,safenest-node-01
204.4960,0.200000,S001,S001_BREATH_PACED_12_01,1,BREATH_PACED_12,8.00,0.9758,,MR60BHA2_breath_phase,safenest-node-01
204.5960,0.140000,S001,S001_BREATH_PACED_12_01,1,BREATH_PACED_12,8.00,0.9758,,MR60BHA2_breath_phase,safenest-node-01
204.6960,0.080000,S001,S001_BREATH_PACED_12_01,1,BREATH_PACED_12,7.00,0.9758,,MR60BHA2_breath_phase,safenest-node-01
204.7960,0.050000,S001,S001_BREATH_PACED_12_01,1,BREATH_PACED_12,7.00,0.9758,,MR60BHA2_breath_phase,safenest-node-01
204.8960,-0.010000,S001,S001_BREATH_PACED_12_01,1,BREATH_PACED_12,7.00,0.9758,,MR60BHA2_breath_phase,safenest-node-01
204.9960,-0.040000,S001,S001_BREATH_PACED_12_01,1,BREATH_PACED_12,7.00,0.9758,,MR60BHA2_breath_phase,safenest-node-01
205.0960,-0.100000,S001,S001_BREATH_PACED_12_01,1,BREATH_PACED_12,6.00,0.9758,,MR60BHA2_breath_phase,safenest-node-01
205.1960,-0.150000,S001,S001_BREATH_PACED_12_01,1,BREATH_PACED_12,6.00,0.9758,,MR60BHA2_breath_phase,safenest-node-01
205.2960,-0.200000,S001,S001_BREATH_PACED_12_01,1,BREATH_PACED_12,6.00,0.9758,,MR60BHA2_breath_phase,safenest-node-01
205.3960,-0.230000,S001,S001_BREATH_PACED_12_01,1,BREATH_PACED_12,6.00,0.9758,,MR60BHA2_breath_phase,safenest-node-01
205.4970,-0.260000,S001,S001_BREATH_PACED_12_01,1,BREATH_PACED_12,5.00,0.9758,,MR60BHA2_breath_phase,safenest-node-01
205.5970,-0.270000,S001,S001_BREATH_PACED_12_01,1,BREATH_PACED_12,5.00,0.9758,,MR60BHA2_breath_phase,safenest-node-01
205.6970,-0.280000,S001,S001_BREATH_PACED_12_01,1,BREATH_PACED_12,5.00,0.9758,,MR60BHA2_breath_phase,safenest-node-01
205.7970,-0.270000,S001,S001_BREATH_PACED_12_01,1,BREATH_PACED_12,5.00,0.9758,,MR60BHA2_breath_phase,safenest-node-01
205.8970,-0.270000,S001,S001_BREATH_PACED_12_01,1,BREATH_PACED_12,5.00,0.9758,,MR60BHA2_breath_phase,safenest-node-01
205.9970,-0.240000,S001,S001_BREATH_PACED_12_01,1,BREATH_PACED_12,4.00,0.9758,,MR60BHA2_breath_phase,safenest-node-01
206.0970,-0.230000,S001,S001_BREATH_PACED_12_01,1,BREATH_PACED_12,4.00,0.9758,,MR60BHA2_breath_phase,safenest-node-01
206.1970,-0.210000,S001,S001_BREATH_PACED_12_01,1,BREATH_PACED_12,4.00,0.9758,,MR60BHA2_breath_phase,safenest-node-01
206.2970,-0.200000,S001,S001_BREATH_PACED_12_01,1,BREATH_PACED_12,4.00,0.9758,,MR60BHA2_breath_phase,safenest-node-01
206.3970,-0.190000,S001,S001_BREATH_PACED_12_01,1,BREATH_PACED_12,4.00,0.9758,,MR60BHA2_breath_phase,safenest-node-01
206.4970,-0.200000,S001,S001_BREATH_PACED_12_01,1,BREATH_PACED_12,4.00,0.9758,,MR60BHA2_breath_phase,safenest-node-01
206.5970,-0.200000,S001,S001_BREATH_PACED_12_01,1,BREATH_PACED_12,3.00,0.9758,,MR60BHA2_breath_phase,safenest-node-01
206.6970,-0.210000,S001,S001_BREATH_PACED_12_01,1,BREATH_PACED_12,3.00,0.9758,,MR60BHA2_breath_phase,safenest-node-01
206.7970,-0.220000,S001,S001_BREATH_PACED_12_01,1,BREATH_PACED_12,3.00,0.9758,,MR60BHA2_breath_phase,safenest-node-01
206.8970,-0.230000,S001,S001_BREATH_PACED_12_01,1,BREATH_PACED_12,3.00,0.9758,,MR60BHA2_breath_phase,safenest-node-01
206.9970,-0.250000,S001,S001_BREATH_PACED_12_01,1,BREATH_PACED_12,3.00,0.9758,,MR60BHA2_breath_phase,safenest-node-01
207.0970,-0.260000,S001,S001_BREATH_PACED_12_01,1,BREATH_PACED_12,3.00,0.9758,,MR60BHA2_breath_phase,safenest-node-01
207.1970,-0.270000,S001,S001_BREATH_PACED_12_01,1,BREATH_PACED_12,3.00,0.9758,,MR60BHA2_breath_phase,safenest-node-01
207.2970,-0.280000,S001,S001_BREATH_PACED_12_01,1,BREATH_PACED_12,3.00,0.9758,,MR60BHA2_breath_phase,safenest-node-01
207.3970,-0.290000,S001,S001_BREATH_PACED_12_01,1,BREATH_PACED_12,2.00,0.9758,,MR60BHA2_breath_phase,safenest-node-01
207.4970,-0.290000,S001,S001_BREATH_PACED_12_01,1,BREATH_PACED_12,2.00,0.9758,,MR60BHA2_breath_phase,safenest-node-01
207.5970,-0.310000,S001,S001_BREATH_PACED_12_01,1,BREATH_PACED_12,2.00,0.9758,,MR60BHA2_breath_phase,safenest-node-01
207.6970,-0.310000,S001,S001_BREATH_PACED_12_01,1,BREATH_PACED_12,2.00,0.9758,,MR60BHA2_breath_phase,safenest-node-01
207.7970,-0.330000,S001,S001_BREATH_PACED_12_01,1,BREATH_PACED_12,2.00,0.9758,,MR60BHA2_breath_phase,safenest-node-01
207.8970,-0.340000,S001,S001_BREATH_PACED_12_01,1,BREATH_PACED_12,2.00,0.9758,,MR60BHA2_breath_phase,safenest-node-01
207.9970,-0.340000,S001,S001_BREATH_PACED_12_01,1,BREATH_PACED_12,2.00,0.9758,,MR60BHA2_breath_phase,safenest-node-01
208.0970,-0.350000,S001,S001_BREATH_PACED_12_01,1,BREATH_PACED_12,2.00,0.9758,,MR60BHA2_breath_phase,safenest-node-01
208.1970,-0.350000,S001,S001_BREATH_PACED_12_01,1,BREATH_PACED_12,2.00,0.9758,,MR60BHA2_breath_phase,safenest-node-01
208.2970,-0.350000,S001,S001_BREATH_PACED_12_01,1,BREATH_PACED_12,2.00,0.9758,,MR60BHA2_breath_phase,safenest-node-01
208.3970,-0.340000,S001,S001_BREATH_PACED_12_01,1,BREATH_PACED_12,2.00,0.9758,,MR60BHA2_breath_phase,safenest-node-01
208.4980,-0.340000,S001,S001_BREATH_PACED_12_01,1,BREATH_PACED_12,2.00,0.9758,,MR60BHA2_breath_phase,safenest-node-01
208.5980,-0.340000,S001,S001_BREATH_PACED_12_01,1,BREATH_PACED_12,2.00,0.9758,,MR60BHA2_breath_phase,safenest-node-01
208.6980,-0.340000,S001,S001_BREATH_PACED_12_01,1,BREATH_PACED_12,1.00,0.9758,,MR60BHA2_breath_phase,safenest-node-01
