timestamp_s,resp_phase,subject_id,session_id,presence,label,breath_rpm,range_m,quality,signal_source,device_id
0.0000,0.230000,S001,S001_BREATH_PACED_15_03,1,BREATH_PACED_15,14.00,0.8610,,MR60BHA2_breath_phase,safenest-node-01
0.1000,0.230000,S001,S001_BREATH_PACED_15_03,1,BREATH_PACED_15,14.00,0.8610,,MR60BHA2_breath_phase,safenest-node-01
0.2000,0.240000,S001,S001_BREATH_PACED_15_03,1,BREATH_PACED_15,14.00,0.8610,,MR60BHA2_breath_phase,safenest-node-01
0.3000,0.250000,S001,S001_BREATH_PACED_15_03,1,BREATH_PACED_15,14.00,0.8610,,MR60BHA2_breath_phase,safenest-node-01
0.4000,0.250000,S001,S001_BREATH_PACED_15_03,1,BREATH_PACED_15,14.00,0.8610,,MR60BHA2_breath_phase,safenest-node-01
0.5000,0.250000,S001,S001_BREATH_PACED_15_03,1,BREATH_PACED_15,14.00,0.8610,,MR60BHA2_breath_phase,safenest-node-01
0.6000,0.240000,S001,S001_BREATH_PACED_15_03,1,BREATH_PACED_15,14.00,0.8610,,MR60BHA2_breath_phase,safenest-node-01
0.7000,0.230000,S001,S001_BREATH_PACED_15_03,1,BREATH_PACED_15,14.00,0.8610,,MR60BHA2_breath_phase,safenest-node-01
0.8000,0.210000,S001,S001_BREATH_PACED_15_03,1,BREATH_PACED_15,14.00,0.8610,,MR60BHA2_breath_phase,safenest-node-01
0.9000,0.180000,S001,S001_BREATH_PACED_15_03,1,BREATH_PACED_15,14.00,0.8610,,MR60BHA2_breath_phase,safenest-node-01
1.0000,0.140000,S001,S001_BREATH_PACED_15_03,1,BREATH_PACED_15,14.00,0.8610,,MR60BHA2_breath_phase,safenest-node-01
1.1000,0.120000,S001,S001_BREATH_PACED_15_03,1,BREATH_PACED_15,14.00,0.8610,,MR60BHA2_breath_phase,safenest-node-01
1.2000,0.080000,S001,S001_BREATH_PACED_15_03,1,BREATH_PACED_15,14.00,0.8610,,MR60BHA2_breath_phase,safenest-node-01
1.3000,0.060000,S001,S001_BREATH_PACED_15_03,1,BREATH_PACED_15,14.00,0.8610,,MR60BHA2_breath_phase,safenest-node-01
1.4000,0.020000,S001,S001_BREATH_PACED_15_03,1,BREATH_PACED_15,14.00,0.8610,,MR60BHA2_breath_phase,safenest-node-01
1.5000,-0.010000,S001,S001_BREATH_PACED_15_03,1,BREATH_PACED_15,14.00,0.8610,,MR60BHA2_breath_phase,safenest-node-01
1.6000,-0.050000,S001,S001_BREATH_PACED_15_03,1,BREATH_PACED_15,14.00,0.8610,,MR60BHA2_breath_phase,safenest-node-01
1.7000,-0.070000,S001,S001_BREATH_PACED_15_03,1,BREATH_PACED_15,14.00,0.8610,,MR60BHA2_breath_phase,safenest-node-01
1.8000,-0.100000,S001,S001_BREATH_PACED_15_03,1,BREATH_PACED_15,14.00,0.8610,,MR60BHA2_breath_phase,safenest-node-01
1.9000,-0.110000,S001,S001_BREATH_PACED_15_03,1,BREATH_PACED_15,14.00,0.8610,,MR60BHA2_breath_phase,safenest-node-01
2.0000,-0.130000,S001,S001_BREATH_PACED_15_03,1,BREATH_PACED_15,14.00,0.8610,,MR60BHA2_breath_phase,safenest-node-01
2.1000,-0.150000,S001,S001_BREATH_PACED_15_03,1,BREATH_PACED_15,14.00,0.8610,,MR60BHA2_breath_phase,safenest-node-01
2.2000,-0.150000,S001,S001_BREATH_PACED_15_03,1,BREATH_PACED_15,14.00,0.8610,,MR60BHA2_breath_phase,safenest-node-01
2.3000,-0.150000,S001,S001_BREATH_PACED_15_03,1,BREATH_PACED_15,14.00,0.8610,,MR60BHA2_breath_phase,safenest-node-01
2.4010,-0.150000,S001,S001_BREATH_PACED_15_03,1,BREATH_PACED_15,14.00,0.8610,,MR60BHA2_breath_phase,safenest-node-01
2.5010,-0.150000,S001,S001_BREATH_PACED_15_03,1,BREATH_PACED_15,13.00,0.8610,,MR60BHA2_breath_phase,safenest-node-01
2.6010,-0.150000,S001,S001_BREATH_PACED_15_03,1,BREATH_PACED_15,13.00,0.8610,,MR60BHA2_breath_phase,safenest-node-01
2.7010,-0.160000,S001,S001_BREATH_PACED_15_03,1,BREATH_PACED_15,12.00,0.8610,,MR60BHA2_breath_phase,safenest-node-01
2.8020,-0.160000,S001,S001_BREATH_PACED_15_03,1,BREATH_PACED_15,12.00,0.8610,,MR60BHA2_breath_phase,safenest-node-01
2.9020,-0.190000,S001,S001_BREATH_PACED_15_03,1,BREATH_PACED_15,11.00,0.8610,,MR60BHA2_breath_phase,safenest-node-01
3.0020,-0.200000,S001,S001_BREATH_PACED_15_03,1,BREATH_PACED_15,11.00,0.8610,,MR60BHA2_breath_phase,safenest-node-01
3.1020,-0.250000,S001,S001_BREATH_PACED_15_03,1,BREATH_PACED_15,10.00,0.8610,,MR60BHA2_breath_phase,safenest-node-01
3.2020,-0.300000,S001,S001_BREATH_PACED_15_03,1,BREATH_PACED_15,10.00,0.8610,,MR60BHA2_breath_phase,safenest-node-01
3.3020,-0.370000,S001,S001_BREATH_PACED_15_03,1,BREATH_PACED_15,9.00,0.8610,,MR60BHA2_breath_phase,safenest-node-01
3.4020,-0.400000,S001,S001_BREATH_PACED_15_03,1,BREATH_PACED_15,9.00,0.8610,,MR60BHA2_breath_phase,safenest-node-01
3.5020,-0.470000,S001,S001_BREATH_PACED_15_03,1,BREATH_PACED_15,9.00,0.8610,,MR60BHA2_breath_phase,safenest-node-01
3.6020,-0.500000,S001,S001_BREATH_PACED_15_03,1,BREATH_PACED_15,8.00,0.8610,,MR60BHA2_breath_phase,safenest-node-01
3.7020,-0.560000,S001,S001_BREATH_PACED_15_03,1,BREATH_PACED_15,8.00,0.8610,,MR60BHA2_breath_phase,safenest-node-01
3.8020,-0.610000,S001,S001_BREATH_PACED_15_03,1,BREATH_PACED_15,8.00,0.8610,,MR60BHA2_breath_phase,safenest-node-01
3.9020,-0.640000,S001,S001_BREATH_PACED_15_03,1,BREATH_PACED_15,7.00,0.8610,,MR60BHA2_breath_phase,safenest-node-01
4.0020,-0.640000,S001,S001_BREATH_PACED_15_03,1,BREATH_PACED_15,7.00,0.8610,,MR60BHA2_breath_phase,safenest-node-01
4.1020,-0.630000,S001,S001_BREATH_PACED_15_03,1,BREATH_PACED_15,7.00,0.8610,,MR60BHA2_breath_phase,safenest-node-01
4.2020,-0.610000,S001,S001_BREATH_PACED_15_03,1,BREATH_PACED_15,6.00,0.8610,,MR60BHA2_breath_phase,safenest-node-01
4.3020,-0.550000,S001,S001_BREATH_PACED_15_03,1,BREATH_PACED_15,6.00,0.8610,,MR60BHA2_breath_phase,safenest-node-01
4.4020,-0.460000,S001,S001_BREATH_PACED_15_03,1,BREATH_PACED_15,6.00,0.8610,,MR60BHA2_breath_phase,safenest-node-01
4.5030,-0.350000,S001,S001_BREATH_PACED_15_03,1,BREATH_PACED_15,6.00,0.8610,,MR60BHA2_breath_phase,safenest-node-01
4.6030,-0.280000,S001,S001_BREATH_PACED_15_03,1,BREATH_PACED_15,6.00,0.8610,,MR60BHA2_breath_phase,safenest-node-01
4.7030,-0.150000,S001,S001_BREATH_PACED_15_03,1,BREATH_PACED_15,5.00,0.8610,,MR60BHA2_breath_phase,safenest-node-01
4.8030,-0.080000,S001,S001_BREATH_PACED_15_03,1,BREATH_PACED_15,5.00,0.8610,,MR60BHA2_breath_phase,safenest-node-01
4.9030,0.060000,S001,S001_BREATH_PACED_15_03,1,BREATH_PACED_15,5.00,0.8610,,MR60BHA2_breath_phase,safenest-node-01
5.0030,0.180000,S001,S001_BREATH_PACED_15_03,1,BREATH_PACED_15,5.00,0.8610,,MR60BHA2_breath_phase,safenest-node-01
5.1030,0.240000,S001,S001_BREATH_PACED_15_03,1,BREATH_PACED_15,5.00,0.8610,,MR60BHA2_breath_phase,safenest-node-01
5.2030,0.340000,S001,S001_BREATH_PACED_15_03,1,BREATH_PACED_15,4.00,0.8610,,MR60BHA2_breath_phase,safenest-node-01
5.3030,0.420000,S001,S001_BREATH_PACED_15_03,1,BREATH_PACED_15,4.00,0.8610,,MR60BHA2_breath_phase,safenest-node-01
5.4030,0.450000,S001,S001_BREATH_PACED_15_03,1,BREATH_PACED_15,4.00,0.8610,,MR60BHA2_breath_phase,safenest-node-01
5.5030,0.500000,S001,S001_BREATH_PACED_15_03,1,BREATH_PACED_15,4.00,0.8610,,MR60BHA2_breath_phase,safenest-node-01
5.6030,0.530000,S001,S001_BREATH_PACED_15_03,1,BREATH_PACED_15,4.00,0.8610,,MR60BHA2_breath_phase,safenest-node-01
5.7030,0.530000,S001,S001_BREATH_PACED_15_03,1,BREATH_PACED_15,4.00,0.8610,,MR60BHA2_breath_phase,safenest-node-01
5.8030,0.520000,S001,S001_BREATH_PACED_15_03,1,BREATH_PACED_15,3.00,0.8610,,MR60BHA2_breath_phase,safenest-node-01
5.9030,0.490000,S001,S001_BREATH_PACED_15_03,1,BREATH_PACED_15,3.00,0.8610,,MR60BHA2_breath_phase,safenest-node-01
6.0030,0.470000,S001,S001_BREATH_PACED_15_03,1,BREATH_PACED_15,3.00,0.8610,,MR60BHA2_breath_phase,safenest-node-01
6.1030,0.420000,S001,S001_BREATH_PACED_15_03,1,BREATH_PACED_15,3.00,0.8610,,MR60BHA2_breath_phase,safenest-node-01
6.2030,0.370000,S001,S001_BREATH_PACED_15_03,1,BREATH_PACED_15,3.00,0.8610,,MR60BHA2_breath_phase,safenest-node-01
6.3030,0.340000,S001,S001_BREATH_PACED_15_03,1,BREATH_PACED_15,3.00,0.8610,,MR60BHA2_breath_phase,safenest-node-01
6.4030,0.280000,S001,S001_BREATH_PACED_15_03,1,BREATH_PACED_15,3.00,0.8610,,MR60BHA2_breath_phase,safenest-node-01
6.5030,0.250000,S001,S001_BREATH_PACED_15_03,1,BREATH_PACED_15,2.00,0.8610,,MR60BHA2_breath_phase,safenest-node-01
6.6030,0.210000,S001,S001_BREATH_PACED_15_03,1,BREATH_PACED_15,3.00,0.8610,,MR60BHA2_breath_phase,safenest-node-01
6.7030,0.170000,S001,S001_BREATH_PACED_15_03,1,BREATH_PACED_15,4.00,0.8610,,MR60BHA2_breath_phase,safenest-node-01
6.8030,0.150000,S001,S001_BREATH_PACED_15_03,1,BREATH_PACED_15,4.00,0.8610,,MR60BHA2_breath_phase,safenest-node-01
6.9030,0.150000,S001,S001_BREATH_PACED_15_03,1,BREATH_PACED_15,4.00,0.8610,,MR60BHA2_breath_phase,safenest-node-01
7.0030,0.140000,S001,S001_BREATH_PACED_15_03,1,BREATH_PACED_15,5.00,0.8610,,MR60BHA2_breath_phase,safenest-node-01
7.1030,0.130000,S001,S001_BREATH_PACED_15_03,1,BREATH_PACED_15,5.00,0.8610,,MR60BHA2_breath_phase,safenest-node-01
7.2030,0.120000,S001,S001_BREATH_PACED_15_03,1,BREATH_PACED_15,6.00,0.8610,,MR60BHA2_breath_phase,safenest-node-01
7.3030,0.100000,S001,S001_BREATH_PACED_15_03,1,BREATH_PACED_15,6.00,0.8610,,MR60BHA2_breath_phase,safenest-node-01
7.4030,0.080000,S001,S001_BREATH_PACED_15_03,1,BREATH_PACED_15,6.00,0.8610,,MR60BHA2_breath_phase,safenest-node-01
7.5030,0.060000,S001,S001_BREATH_PACED_15_03,1,BREATH_PACED_15,6.00,0.8610,,MR60BHA2_breath_phase,safenest-node-01
7.6030,0.020000,S001,S001_BREATH_PACED_15_03,1,BREATH_PACED_15,7.00,0.8610,,MR60BHA2_breath_phase,safenest-node-01
7.7030,-0.010000,S001,S001_BREATH_PACED_15_03,1,BREATH_PACED_15,7.00,0.8610,,MR60BHA2_breath_phase,safenest-node-01
7.8030,-0.060000,S001,S001_BREATH_PACED_15_03,1,BREATH_PACED_15,7.00,0.8610,,MR60BHA2_breath_phase,safenest-node-01
7.9030,-0.120000,S001,S001_BREATH_PACED_15_03,1,BREATH_PACED_15,8.00,0.8610,,MR60BHA2_breath_phase,safenest-node-01
8.0030,-0.150000,S001,S001_BREATH_PACED_15_03,1,BREATH_PACED_15,8.00,0.8610,,MR60BHA2_breath_phase,safenest-node-01
8.1030,-0.200000,S001,S001_BREATH_PACED_15_03,1,BREATH_PACED_15,8.00,0.8610,,MR60BHA2_breath_phase,safenest-node-01
8.2030,-0.250000,S001,S001_BREATH_PACED_15_03,1,BREATH_PACED_15,8.00,0.8610,,MR60BHA2_breath_phase,safenest-node-01
8.3030,-0.260000,S001,S001_BREATH_PACED_15_03,1,BREATH_PACED_15,9.00,0.8610,,MR60BHA2_breath_phase,safenest-node-01
8.4030,-0.280000,S001,S001_BREATH_PACED_15_03,1,BREATH_PACED_15,9.00,0.8610,,MR60BHA2_breath_phase,safenest-node-01
8.5030,-0.270000,S001,S001_BREATH_PACED_15_03,1,BREATH_PACED_15,9.00,0.8610,,MR60BHA2_breath_phase,safenest-node-01
8.6040,-0.260000,S001,S001_BREATH_PACED_15_03,1,BREATH_PACED_15,9.00,0.8610,,MR60BHA2_breath_phase,safenest-node-01
8.7040,-0.210000,S001,S001_BREATH_PACED_15_03,1,BREATH_PACED_15,9.00,0.8610,,MR60BHA2_breath_phase,safenest-node-01
8.8040,-0.150000,S001,S001_BREATH_PACED_15_03,1,BREATH_PACED_15,10.00,0.8610,,MR60BHA2_breath_phase,safenest-node-01
8.9040,-0.110000,S001,S001_BREATH_PACED_15_03,1,BREATH_PACED_15,10.00,0.8610,,MR60BHA2_breath_phase,safenest-node-01
9.0040,-0.030000,S001,S001_BREATH_PACED_15_03,1,BREATH_PACED_15,10.00,0.8610,,MR60BHA2_breath_phase,safenest-node-01
9.1040,0.060000,S001,S001_BREATH_PACED_15_03,1,BREATH_PACED_15,10.00,0.8610,,MR60BHA2_breath_phase,safenest-node-01
9.2040,0.110000,S001,S001_BREATH_PACED_15_03,1,BREATH_PACED_15,10.00,0.8610,,MR60BHA2_breath_phase,safenest-node-01
9.3040,0.190000,S001,S001_BREATH_PACED_15_03,1,BREATH_PACED_15,10.00,0.8610,,MR60BHA2_breath_phase,safenest-node-01
9.4040,0.220000,S001,S001_BREATH_PACED_15_03,1,BREATH_PACED_15,11.00,0.8610,,MR60BHA2_breath_phase,safenest-node-01
9.5040,0.280000,S001,S001_BREATH_PACED_15_03,1,BREATH_PACED_15,11.00,0.8610,,MR60BHA2_breath_phase,safenest-node-01
9.6040,0.320000,S001,S001_BREATH_PACED_15_03,1,BREATH_PACED_15,11.00,0.8610,,MR60BHA2_breath_phase,safenest-node-01
9.7040,0.340000,S001,S001_BREATH_PACED_15_03,1,BREATH_PACED_15,11.00,0.8610,,MR60BHA2_breath_phase,safenest-node-01
9.8040,0.340000,S001,S001_BREATH_PACED_15_03,1,BREATH_PACED_15,11.00,0.8610,,MR60BHA2_breath_phase,safenest-node-01
9.9040,0.330000,S001,S001_BREATH_PACED_15_03,1,BREATH_PACED_15,11.00,0.8610,,MR60BHA2_breath_phase,safenest-node-01
10.0040,0.320000,S001,S001_BREATH_PACED_15_03,1,BREATH_PACED_15,11.00,0.8610,,MR60BHA2_breath_phase,safenest-node-01
10.1040,0.290000,S001,S001_BREATH_PACED_15_03,1,BREATH_PACED_15,12.00,0.8610,,MR60BHA2_breath_phase,safenest-node-01
10.2040,0.250000,S001,S001_BREATH_PACED_15_03,1,BREATH_PACED_15,12.00,0.8610,,MR60BHA2_breath_phase,safenest-node-01
10.3040,0.200000,S001,S001_BREATH_PACED_15_03,1,BREATH_PACED_15,12.00,0.8610,,MR60BHA2_breath_phase,safenest-node-01
10.4040,0.180000,S001,S001_BREATH_PACED_15_03,1,BREATH_PACED_15,12.00,0.8610,,MR60BHA2_breath_phase,safenest-node-01
10.5040,0.140000,S001,S001_BREATH_PACED_15_03,1,BREATH_PACED_15,13.00,0.8610,,MR60BHA2_breath_phase,safenest-node-01
10.6040,0.120000,S001,S001_BREATH_PACED_15_03,1,BREATH_PACED_15,13.00,0.8610,,MR60BHA2_breath_phase,safenest-node-01
10.7040,0.090000,S001,S001_BREATH_PACED_15_03,1,BREATH_PACED_15,13.00,0.8610,,MR60BHA2_breath_phase,safenest-node-01
10.8040,0.060000,S001,S001_BREATH_PACED_15_03,1,BREATH_PACED_15,14.00,0.8610,,MR60BHA2_breath_phase,safenest-node-01
10.9050,0.040000,S001,S001_BREATH_PACED_15_03,1,BREATH_PACED_15,14.00,0.8610,,MR60BHA2_breath_phase,safenest-node-01
11.0050,0.020000,S001,S001_BREATH_PACED_15_03,1,BREATH_PACED_15,14.00,0.8610,,MR60BHA2_breath_phase,safenest-node-01
11.1050,-0.000000,S001,S001_BREATH_PACED_15_03,1,BREATH_PACED_15,14.00,0.8610,,MR60BHA2_breath_phase,safenest-node-01
11.2050,-0.020000,S001,S001_BREATH_PACED_15_03,1,BREATH_PACED_15,14.00,0.8610,,MR60BHA2_breath_phase,safenest-node-01
11.3050,-0.060000,S001,S001_BREATH_PACED_15_03,1,BREATH_PACED_15,15.00,0.8610,,MR60BHA2_breath_phase,safenest-node-01
11.4050,-0.120000,S001,S001_BREATH_PACED_15_03,1,BREATH_PACED_15,15.00,0.8610,,MR60BHA2_breath_phase,safenest-node-01
11.5050,-0.150000,S001,S001_BREATH_PACED_15_03,1,BREATH_PACED_15,15.00,0.8610,,MR60BHA2_breath_phase,safenest-node-01
11.6050,-0.220000,S001,S001_BREATH_PACED_15_03,1,BREATH_PACED_15,15.00,0.8610,,MR60BHA2_breath_phase,safenest-node-01
11.7050,-0.290000,S001,S001_BREATH_PACED_15_03,1,BREATH_PACED_15,15.00,0.8610,,MR60BHA2_breath_phase,safenest-node-01
11.8050,-0.330000,S001,S001_BREATH_PACED_15_03,1,BREATH_PACED_15,15.00,0.8610,,MR60BHA2_breath_phase,safenest-node-01
11.9050,-0.400000,S001,S001_BREATH_PACED_15_03,1,BREATH_PACED_15,16.00,0.8610,,MR60BHA2_breath_phase,safenest-node-01
12.0050,-0.450000,S001,S001_BREATH_PACED_15_03,1,BREATH_PACED_15,16.00,0.8610,,MR60BHA2_breath_phase,safenest-node-01
12.1060,-0.460000,S001,S001_BREATH_PACED_15_03,1,BREATH_PACED_15,16.00,0.8610,,MR60BHA2_breath_phase,safenest-node-01
12.2060,-0.480000,S001,S001_BREATH_PACED_15_03,1,BREATH_PACED_15,16.00,0.8610,,MR60BHA2_breath_phase,safenest-node-01
12.3060,-0.480000,S001,S001_BREATH_PACED_15_03,1,BREATH_PACED_15,16.00,0.8610,,MR60BHA2_breath_phase,safenest-node-01
12.4060,-0.470000,S001,S001_BREATH_PACED_15_03,1,BREATH_PACED_15,16.00,0.8610,,MR60BHA2_breath_phase,safenest-node-01
12.5060,-0.430000,S001,S001_BREATH_PACED_15_03,1,BREATH_PACED_15,16.00,0.8610,,MR60BHA2_breath_phase,safenest-node-01
12.6060,-0.380000,S001,S001_BREATH_PACED_15_03,1,BREATH_PACED_15,16.00,0.8610,,MR60BHA2_breath_phase,safenest-node-01
12.7070,-0.350000,S001,S001_BREATH_PACED_15_03,1,BREATH_PACED_15,16.00,0.8610,,MR60BHA2_breath_phase,safenest-node-01
12.8070,-0.270000,S001,S001_BREATH_PACED_15_03,1,BREATH_PACED_15,17.00,0.8610,,MR60BHA2_breath_phase,safenest-node-01
12.9080,-0.190000,S001,S001_BREATH_PACED_15_03,1,BREATH_PACED_15,17.00,0.8610,,MR60BHA2_breath_phase,safenest-node-01
13.0080,-0.150000,S001,S001_BREATH_PACED_15_03,1,BREATH_PACED_15,17.00,0.8610,,MR60BHA2_breath_phase,safenest-node-01
13.1080,-0.070000,S001,S001_BREATH_PACED_15_03,1,BREATH_PACED_15,17.00,0.8610,,MR60BHA2_breath_phase,safenest-node-01
13.2080,0.000000,S001,S001_BREATH_PACED_15_03,1,BREATH_PACED_15,17.00,0.8610,,MR60BHA2_breath_phase,safenest-node-01
13.3080,0.040000,S001,S001_BREATH_PACED_15_03,1,BREATH_PACED_15,17.00,0.8610,,MR60BHA2_breath_phase,safenest-node-01
13.4080,0.100000,S001,S001_BREATH_PACED_15_03,1,BREATH_PACED_15,17.00,0.8610,,MR60BHA2_breath_phase,safenest-node-01
13.5080,0.130000,S001,S001_BREATH_PACED_15_03,1,BREATH_PACED_15,17.00,0.8610,,MR60BHA2_breath_phase,safenest-node-01
13.6080,0.170000,S001,S001_BREATH_PACED_15_03,1,BREATH_PACED_15,17.00,0.8610,,MR60BHA2_breath_phase,safenest-node-01
13.7080,0.200000,S001,S001_BREATH_PACED_15_03,1,BREATH_PACED_15,17.00,0.8610,,MR60BHA2_breath_phase,safenest-node-01
13.8080,0.210000,S001,S001_BREATH_PACED_15_03,1,BREATH_PACED_15,17.00,0.8610,,MR60BHA2_breath_phase,safenest-node-01
13.9080,0.210000,S001,S001_BREATH_PACED_15_03,1,BREATH_PACED_15,17.00,0.8610,,MR60BHA2_breath_phase,safenest-node-01
14.0080,0.210000,S001,S001_BREATH_PACED_15_03,1,BREATH_PACED_15,17.00,0.8610,,MR60BHA2_breath_phase,safenest-node-01
14.1080,0.210000,S001,S001_BREATH_PACED_15_03,1,BREATH_PACED_15,17.00,0.8610,,MR60BHA2_breath_phase,safenest-node-01
14.2080,0.200000,S001,S001_BREATH_PACED_15_03,1,BREATH_PACED_15,18.00,0.8610,,MR60BHA2_breath_phase,safenest-node-01
14.3080,0.190000,S001,S001_BREATH_PACED_15_03,1,BREATH_PACED_15,18.00,0.8610,,MR60BHA2_breath_phase,safenest-node-01
14.4080,0.180000,S001,S001_BREATH_PACED_15_03,1,BREATH_PACED_15,18.00,0.8610,,MR60BHA2_breath_phase,safenest-node-01
14.5080,0.170000,S001,S001_BREATH_PACED_15_03,1,BREATH_PACED_15,18.00,0.8610,,MR60BHA2_breath_phase,safenest-node-01
14.6080,0.160000,S001,S001_BREATH_PACED_15_03,1,BREATH_PACED_15,18.00,0.8610,,MR60BHA2_breath_phase,safenest-node-01
14.7080,0.160000,S001,S001_BREATH_PACED_15_03,1,BREATH_PACED_15,18.00,0.8610,,MR60BHA2_breath_phase,safenest-node-01
14.8080,0.140000,S001,S001_BREATH_PACED_15_03,1,BREATH_PACED_15,18.00,0.8610,,MR60BHA2_breath_phase,safenest-node-01
14.9080,0.120000,S001,S001_BREATH_PACED_15_03,1,BREATH_PACED_15,18.00,0.8610,,MR60BHA2_breath_phase,safenest-node-01
15.0080,0.110000,S001,S001_BREATH_PACED_15_03,1,BREATH_PACED_15,18.00,0.8610,,MR60BHA2_breath_phase,safenest-node-01
15.1080,0.070000,S001,S001_BREATH_PACED_15_03,1,BREATH_PACED_15,18.00,0.8610,,MR60BHA2_breath_phase,safenest-node-01
15.2080,0.020000,S001,S001_BREATH_PACED_15_03,1,BREATH_PACED_15,18.00,0.8610,,MR60BHA2_breath_phase,safenest-node-01
15.3080,-0.000000,S001,S001_BREATH_PACED_15_03,1,BREATH_PACED_15,18.00,0.8610,,MR60BHA2_breath_phase,safenest-node-01
15.4080,-0.060000,S001,S001_BREATH_PACED_15_03,1,BREATH_PACED_15,18.00,0.8610,,MR60BHA2_breath_phase,safenest-node-01
15.5080,-0.120000,S001,S001_BREATH_PACED_15_03,1,BREATH_PACED_15,18.00,0.8610,,MR60BHA2_breath_phase,safenest-node-01
15.6080,-0.150000,S001,S001_BREATH_PACED_15_03,1,BREATH_PACED_15,18.00,0.8610,,MR60BHA2_breath_phase,safenest-node-01
15.7080,-0.200000,S001,S001_BREATH_PACED_15_03,1,BREATH_PACED_15,18.00,0.8610,,MR60BHA2_breath_phase,safenest-node-01
15.8080,-0.220000,S001,S001_BREATH_PACED_15_03,1,BREATH_PACED_15,18.00,0.8610,,MR60BHA2_breath_phase,safenest-node-01
15.9080,-0.250000,S001,S001_BREATH_PACED_15_03,1,BREATH_PACED_15,18.00,0.8610,,MR60BHA2_breath_phase,safenest-node-01
16.0080,-0.260000,S001,S001_BREATH_PACED_15_03,1,BREATH_PACED_15,18.00,0.8610,,MR60BHA2_breath_phase,safenest-node-01
16.1080,-0.250000,S001,S001_BREATH_PACED_15_03,1,BREATH_PACED_15,18.00,0.8610,,MR60BHA2_breath_phase,safenest-node-01
16.2080,-0.250000,S001,S001_BREATH_PACED_15_03,1,BREATH_PACED_15,18.00,0.8610,,MR60BHA2_breath_phase,safenest-node-01
16.3080,-0.220000,S001,S001_BREATH_PACED_15_03,1,BREATH_PACED_15,18.00,0.8610,,MR60BHA2_breath_phase,safenest-node-01
16.4080,-0.200000,S001,S001_BREATH_PACED_15_03,1,BREATH_PACED_15,18.00,0.8610,,MR60BHA2_breath_phase,safenest-node-01
16.5080,-0.150000,S001,S001_BREATH_PACED_15_03,1,BREATH_PACED_15,18.00,0.8610,,MR60BHA2_breath_phase,safenest-node-01
16.6080,-0.100000,S001,S001_BREATH_PACED_15_03,1,BREATH_PACED_15,18.00,0.8610,,MR60BHA2_breath_phase,safenest-node-01
16.7080,-0.050000,S001,S001_BREATH_PACED_15_03,1,BREATH_PACED_15,18.00,0.8610,,MR60BHA2_breath_phase,safenest-node-01
16.8080,-0.010000,S001,S001_BREATH_PACED_15_03,1,BREATH_PACED_15,18.00,0.8610,,MR60BHA2_breath_phase,safenest-node-01
16.9080,0.050000,S001,S001_BREATH_PACED_15_03,1,BREATH_PACED_15,18.00,0.8610,,MR60BHA2_breath_phase,safenest-node-01
17.0080,0.080000,S001,S001_BREATH_PACED_15_03,1,BREATH_PACED_15,18.00,0.8610,,MR60BHA2_breath_phase,safenest-node-01
17.1080,0.150000,S001,S001_BREATH_PACED_15_03,1,BREATH_PACED_15,18.00,0.8610,,MR60BHA2_breath_phase,safenest-node-01
17.2080,0.200000,S001,S001_BREATH_PACED_15_03,1,BREATH_PACED_15,18.00,0.8610,,MR60BHA2_breath_phase,safenest-node-01
17.3080,0.230000,S001,S001_BREATH_PACED_15_03,1,BREATH_PACED_15,18.00,0.8610,,MR60BHA2_breath_phase,safenest-node-01
17.4080,0.270000,S001,S001_BREATH_PACED_15_03,1,BREATH_PACED_15,18.00,0.8610,,MR60BHA2_breath_phase,safenest-node-01
17.5080,0.280000,S001,S001_BREATH_PACED_15_03,1,BREATH_PACED_15,18.00,0.8610,,MR60BHA2_breath_phase,safenest-node-01
17.6080,0.300000,S001,S001_BREATH_PACED_15_03,1,BREATH_PACED_15,18.00,0.8610,,MR60BHA2_breath_phase,safenest-node-01
17.7080,0.310000,S001,S001_BREATH_PACED_15_03,1,BREATH_PACED_15,18.00,0.8610,,MR60BHA2_breath_phase,safenest-node-01
17.8080,0.320000,S001,S001_BREATH_PACED_15_03,1,BREATH_PACED_15,18.00,0.8610,,MR60BHA2_breath_phase,safenest-node-01
17.9080,0.320000,S001,S001_BREATH_PACED_15_03,1,BREATH_PACED_15,18.00,0.8610,,MR60BHA2_breath_phase,safenest-node-01
18.0080,0.310000,S001,S001_BREATH_PACED_15_03,1,BREATH_PACED_15,19.00,0.8610,,MR60BHA2_breath_phase,safenest-node-01
18.1080,0.310000,S001,S001_BREATH_PACED_15_03,1,BREATH_PACED_15,19.00,0.8610,,MR60BHA2_breath_phase,safenest-node-01
18.2080,0.290000,S001,S001_BREATH_PACED_15_03,1,BREATH_PACED_15,19.00,0.8610,,MR60BHA2_breath_phase,safenest-node-01
18.3080,0.260000,S001,S001_BREATH_PACED_15_03,1,BREATH_PACED_15,19.00,0.8610,,MR60BHA2_breath_phase,safenest-node-01
18.4080,0.230000,S001,S001_BREATH_PACED_15_03,1,BREATH_PACED_15,19.00,0.8610,,MR60BHA2_breath_phase,safenest-node-01
18.5080,0.210000,S001,S001_BREATH_PACED_15_03,1,BREATH_PACED_15,19.00,0.8610,,MR60BHA2_breath_phase,safenest-node-01
18.6080,0.160000,S001,S001_BREATH_PACED_15_03,1,BREATH_PACED_15,19.00,0.8610,,MR60BHA2_breath_phase,safenest-node-01
18.7080,0.140000,S001,S001_BREATH_PACED_15_03,1,BREATH_PACED_15,19.00,0.8610,,MR60BHA2_breath_phase,safenest-node-01
18.8080,0.090000,S001,S001_BREATH_PACED_15_03,1,BREATH_PACED_15,19.00,0.8610,,MR60BHA2_breath_phase,safenest-node-01
18.9080,0.040000,S001,S001_BREATH_PACED_15_03,1,BREATH_PACED_15,19.00,0.8610,,MR60BHA2_breath_phase,safenest-node-01
19.0080,-0.020000,S001,S001_BREATH_PACED_15_03,1,BREATH_PACED_15,19.00,0.8610,,MR60BHA2_breath_phase,safenest-node-01
19.1080,-0.040000,S001,S001_BREATH_PACED_15_03,1,BREATH_PACED_15,19.00,0.8610,,MR60BHA2_breath_phase,safenest-node-01
19.2080,-0.100000,S001,S001_BREATH_PACED_15_03,1,BREATH_PACED_15,19.00,0.8610,,MR60BHA2_breath_phase,safenest-node-01
19.3080,-0.130000,S001,S001_BREATH_PACED_15_03,1,BREATH_PACED_15,19.00,0.8610,,MR60BHA2_breath_phase,safenest-node-01
19.4080,-0.190000,S001,S001_BREATH_PACED_15_03,1,BREATH_PACED_15,19.00,0.8610,,MR60BHA2_breath_phase,safenest-node-01
19.5080,-0.250000,S001,S001_BREATH_PACED_15_03,1,BREATH_PACED_15,19.00,0.8610,,MR60BHA2_breath_phase,safenest-node-01
19.6080,-0.280000,S001,S001_BREATH_PACED_15_03,1,BREATH_PACED_15,19.00,0.8610,,MR60BHA2_breath_phase,safenest-node-01
19.7080,-0.320000,S001,S001_BREATH_PACED_15_03,1,BREATH_PACED_15,19.00,0.8610,,MR60BHA2_breath_phase,safenest-node-01
19.8080,-0.360000,S001,S001_BREATH_PACED_15_03,1,BREATH_PACED_15,19.00,0.8610,,MR60BHA2_breath_phase,safenest-node-01
19.9080,-0.370000,S001,S001_BREATH_PACED_15_03,1,BREATH_PACED_15,19.00,0.8610,,MR60BHA2_breath_phase,safenest-node-01
20.0080,-0.370000,S001,S001_BREATH_PACED_15_03,1,BREATH_PACED_15,19.00,0.8610,,MR60BHA2_breath_phase,safenest-node-01
20.1080,-0.370000,S001,S001_BREATH_PACED_15_03,1,BREATH_PACED_15,19.00,0.8610,,MR60BHA2_breath_phase,safenest-node-01
20.2080,-0.360000,S001,S001_BREATH_PACED_15_03,1,BREATH_PACED_15,19.00,0.8610,,MR60BHA2_breath_phase,safenest-node-01
20.3080,-0.340000,S001,S001_BREATH_PACED_15_03,1,BREATH_PACED_15,19.00,0.8610,,MR60BHA2_breath_phase,safenest-node-01
20.4080,-0.320000,S001,S001_BREATH_PACED_15_03,1,BREATH_PACED_15,19.00,0.8610,,MR60BHA2_breath_phase,safenest-node-01
20.5080,-0.290000,S001,S001_BREATH_PACED_15_03,1,BREATH_PACED_15,19.00,0.8610,,MR60BHA2_breath_phase,safenest-node-01
20.6080,-0.250000,S001,S001_BREATH_PACED_15_03,1,BREATH_PACED_15,19.00,0.8610,,MR60BHA2_breath_phase,safenest-node-01
20.7080,-0.210000,S001,S001_BREATH_PACED_15_03,1,BREATH_PACED_15,19.00,0.8610,,MR60BHA2_breath_phase,safenest-node-01
20.8080,-0.190000,S001,S001_BREATH_PACED_15_03,1,BREATH_PACED_15,19.00,0.8610,,MR60BHA2_breath_phase,safenest-node-01
20.9080,-0.140000,S001,S001_BREATH_PACED_15_03,1,BREATH_PACED_15,19.00,0.8610,,MR60BHA2_breath_phase,safenest-node-01
21.0080,-0.120000,S001,S001_BREATH_PACED_15_03,1,BREATH_PACED_15,19.00,0.8610,,MR60BHA2_breath_phase,safenest-node-01
21.1080,-0.080000,S001,S001_BREATH_PACED_15_03,1,BREATH_PACED_15,19.00,0.8610,,MR60BHA2_breath_phase,safenest-node-01
21.2080,-0.030000,S001,S001_BREATH_PACED_15_03,1,BREATH_PACED_15,19.00,0.8610,,MR60BHA2_breath_phase,safenest-node-01
21.3080,0.030000,S001,S001_BREATH_PACED_15_03,1,BREATH_PACED_15,19.00,0.8610,,MR60BHA2_breath_phase,safenest-node-01
21.4080,0.060000,S001,S001_BREATH_PACED_15_03,1,BREATH_PACED_15,19.00,0.8610,,MR60BHA2_breath_phase,safenest-node-01
21.5080,0.130000,S001,S001_BREATH_PACED_15_03,1,BREATH_PACED_15,19.00,0.8610,,MR60BHA2_breath_phase,safenest-node-01
21.6080,0.160000,S001,S001_BREATH_PACED_15_03,1,BREATH_PACED_15,19.00,0.8610,,MR60BHA2_breath_phase,safenest-node-01
21.7080,0.230000,S001,S001_BREATH_PACED_15_03,1,BREATH_PACED_15,19.00,0.8610,,MR60BHA2_breath_phase,safenest-node-01
21.8080,0.290000,S001,S001_BREATH_PACED_15_03,1,BREATH_PACED_15,19.00,0.8610,,MR60BHA2_breath_phase,safenest-node-01
21.9080,0.320000,S001,S001_BREATH_PACED_15_03,1,BREATH_PACED_15,19.00,0.8610,,MR60BHA2_breath_phase,safenest-node-01
22.0080,0.370000,S001,S001_BREATH_PACED_15_03,1,BREATH_PACED_15,19.00,0.8610,,MR60BHA2_breath_phase,safenest-node-01
22.1080,0.400000,S001,S001_BREATH_PACED_15_03,1,BREATH_PACED_15,19.00,0.8610,,MR60BHA2_breath_phase,safenest-node-01
22.2080,0.410000,S001,S001_BREATH_PACED_15_03,1,BREATH_PACED_15,19.00,0.8610,,MR60BHA2_breath_phase,safenest-node-01
22.3080,0.430000,S001,S001_BREATH_PACED_15_03,1,BREATH_PACED_15,19.00,0.8610,,MR60BHA2_breath_phase,safenest-node-01
22.4080,0.430000,S001,S001_BREATH_PACED_15_03,1,BREATH_PACED_15,19.00,0.8610,,MR60BHA2_breath_phase,safenest-node-01
22.5090,0.430000,S001,S001_BREATH_PACED_15_03,1,BREATH_PACED_15,19.00,0.8610,,MR60BHA2_breath_phase,safenest-node-01
22.6090,0.410000,S001,S001_BREATH_PACED_15_03,1,BREATH_PACED_15,19.00,0.8610,,MR60BHA2_breath_phase,safenest-node-01
22.7090,0.390000,S001,S001_BREATH_PACED_15_03,1,BREATH_PACED_15,19.00,0.8610,,MR60BHA2_breath_phase,safenest-node-01
22.8090,0.370000,S001,S001_BREATH_PACED_15_03,1,BREATH_PACED_15,18.00,0.8610,,MR60BHA2_breath_phase,safenest-node-01
22.9090,0.330000,S001,S001_BREATH_PACED_15_03,1,BREATH_PACED_15,18.00,0.8610,,MR60BHA2_breath_phase,safenest-node-01
23.0090,0.270000,S001,S001_BREATH_PACED_15_03,1,BREATH_PACED_15,18.00,0.8610,,MR60BHA2_breath_phase,safenest-node-01
23.1090,0.240000,S001,S001_BREATH_PACED_15_03,1,BREATH_PACED_15,18.00,0.8610,,MR60BHA2_breath_phase,safenest-node-01
23.2090,0.170000,S001,S001_BREATH_PACED_15_03,1,BREATH_PACED_15,18.00,0.8610,,MR60BHA2_breath_phase,safenest-node-01
23.3090,0.130000,S001,S001_BREATH_PACED_15_03,1,BREATH_PACED_15,18.00,0.8610,,MR60BHA2_breath_phase,safenest-node-01
23.4090,0.060000,S001,S001_BREATH_PACED_15_03,1,BREATH_PACED_15,17.00,0.8610,,MR60BHA2_breath_phase,safenest-node-01
23.5090,-0.020000,S001,S001_BREATH_PACED_15_03,1,BREATH_PACED_15,17.00,0.8610,,MR60BHA2_breath_phase,safenest-node-01
23.6090,-0.100000,S001,S001_BREATH_PACED_15_03,1,BREATH_PACED_15,17.00,0.8610,,MR60BHA2_breath_phase,safenest-node-01
23.7090,-0.140000,S001,S001_BREATH_PACED_15_03,1,BREATH_PACED_15,17.00,0.8610,,MR60BHA2_breath_phase,safenest-node-01
23.8090,-0.210000,S001,S001_BREATH_PACED_15_03,1,BREATH_PACED_15,17.00,0.8610,,MR60BHA2_breath_phase,safenest-node-01
23.9090,-0.250000,S001,S001_BREATH_PACED_15_03,1,BREATH_PACED_15,17.00,0.8610,,MR60BHA2_breath_phase,safenest-node-01
24.0090,-0.320000,S001,S001_BREATH_PACED_15_03,1,BREATH_PACED_15,17.00,0.8610,,MR60BHA2_breath_phase,safenest-node-01
24.1090,-0.380000,S001,S001_BREATH_PACED_15_03,1,BREATH_PACED_15,17.00,0.8610,,MR60BHA2_breath_phase,safenest-node-01
24.2090,-0.440000,S001,S001_BREATH_PACED_15_03,1,BREATH_PACED_15,16.00,0.8610,,MR60BHA2_breath_phase,safenest-node-01
24.3090,-0.460000,S001,S001_BREATH_PACED_15_03,1,BREATH_PACED_15,16.00,0.8610,,MR60BHA2_breath_phase,safenest-node-01
24.4090,-0.500000,S001,S001_BREATH_PACED_15_03,1,BREATH_PACED_15,17.00,0.8610,,MR60BHA2_breath_phase,safenest-node-01
24.5090,-0.510000,S001,S001_BREATH_PACED_15_03,1,BREATH_PACED_15,17.00,0.8610,,MR60BHA2_breath_phase,safenest-node-01
24.6090,-0.520000,S001,S001_BREATH_PACED_15_03,1,BREATH_PACED_15,17.00,0.8610,,MR60BHA2_breath_phase,safenest-node-01
24.7090,-0.520000,S001,S001_BREATH_PACED_15_03,1,BREATH_PACED_15,17.00,0.8610,,MR60BHA2_breath_phase,safenest-node-01
24.8100,-0.490000,S001,S001_BREATH_PACED_15_03,1,BREATH_PACED_15,17.00,0.8610,,MR60BHA2_breath_phase,safenest-node-01
24.9100,-0.460000,S001,S001_BREATH_PACED_15_03,1,BREATH_PACED_15,17.00,0.8610,,MR60BHA2_breath_phase,safenest-node-01
25.0100,-0.400000,S001,S001_BREATH_PACED_15_03,1,BREATH_PACED_15,17.00,0.8610,,MR60BHA2_breath_phase,safenest-node-01
25.1100,-0.360000,S001,S001_BREATH_PACED_15_03,1,BREATH_PACED_15,17.00,0.8610,,MR60BHA2_breath_phase,safenest-node-01
25.2100,-0.270000,S001,S001_BREATH_PACED_15_03,1,BREATH_PACED_15,17.00,0.8610,,MR60BHA2_breath_phase,safenest-node-01
25.3100,-0.160000,S001,S001_BREATH_PACED_15_03,1,BREATH_PACED_15,17.00,0.8610,,MR60BHA2_breath_phase,safenest-node-01
25.4100,-0.100000,S001,S001_BREATH_PACED_15_03,1,BREATH_PACED_15,17.00,0.8610,,MR60BHA2_breath_phase,safenest-node-01
25.5100,0.020000,S001,S001_BREATH_PACED_15_03,1,BREATH_PACED_15,17.00,0.8610,,MR60BHA2_breath_phase,safenest-node-01
25.6100,0.150000,S001,S001_BREATH_PACED_15_03,1,BREATH_PACED_15,17.00,0.8610,,MR60BHA2_breath_phase,safenest-node-01
25.7100,0.220000,S001,S001_BREATH_PACED_15_03,1,BREATH_PACED_15,18.00,0.8610,,MR60BHA2_breath_phase,safenest-node-01
25.8100,0.340000,S001,S001_BREATH_PACED_15_03,1,BREATH_PACED_15,18.00,0.8610,,MR60BHA2_breath_phase,safenest-node-01
25.9100,0.460000,S001,S001_BREATH_PACED_15_03,1,BREATH_PACED_15,18.00,0.8610,,MR60BHA2_breath_phase,safenest-node-01
26.0110,0.510000,S001,S001_BREATH_PACED_15_03,1,BREATH_PACED_15,18.00,0.8610,,MR60BHA2_breath_phase,safenest-node-01
26.1110,0.580000,S001,S001_BREATH_PACED_15_03,1,BREATH_PACED_15,18.00,0.8610,,MR60BHA2_breath_phase,safenest-node-01
26.2110,0.620000,S001,S001_BREATH_PACED_15_03,1,BREATH_PACED_15,18.00,0.8610,,MR60BHA2_breath_phase,safenest-node-01
26.3110,0.630000,S001,S001_BREATH_PACED_15_03,1,BREATH_PACED_15,18.00,0.8610,,MR60BHA2_breath_phase,safenest-node-01
26.4110,0.610000,S001,S001_BREATH_PACED_15_03,1,BREATH_PACED_15,18.00,0.8610,,MR60BHA2_breath_phase,safenest-node-01
26.5110,0.570000,S001,S001_BREATH_PACED_15_03,1,BREATH_PACED_15,18.00,0.8610,,MR60BHA2_breath_phase,safenest-node-01
26.6120,0.540000,S001,S001_BREATH_PACED_15_03,1,BREATH_PACED_15,18.00,0.8610,,MR60BHA2_breath_phase,safenest-node-01
26.7120,0.460000,S001,S001_BREATH_PACED_15_03,1,BREATH_PACED_15,18.00,0.8610,,MR60BHA2_breath_phase,safenest-node-01
26.8120,0.360000,S001,S001_BREATH_PACED_15_03,1,BREATH_PACED_15,18.00,0.8610,,MR60BHA2_breath_phase,safenest-node-01
26.9120,0.310000,S001,S001_BREATH_PACED_15_03,1,BREATH_PACED_15,18.00,0.8610,,MR60BHA2_breath_phase,safenest-node-01
27.0120,0.190000,S001,S001_BREATH_PACED_15_03,1,BREATH_PACED_15,18.00,0.8610,,MR60BHA2_breath_phase,safenest-node-01
27.1120,0.070000,S001,S001_BREATH_PACED_15_03,1,BREATH_PACED_15,18.00,0.8610,,MR60BHA2_breath_phase,safenest-node-01
27.2120,0.010000,S001,S001_BREATH_PACED_15_03,1,BREATH_PACED_15,18.00,0.8610,,MR60BHA2_breath_phase,safenest-node-01
27.3120,-0.110000,S001,S001_BREATH_PACED_15_03,1,BREATH_PACED_15,18.00,0.8610,,MR60BHA2_breath_phase,safenest-node-01
27.4120,-0.180000,S001,S001_BREATH_PACED_15_03,1,BREATH_PACED_15,18.00,0.8610,,MR60BHA2_breath_phase,safenest-node-01
27.5120,-0.290000,S001,S001_BREATH_PACED_15_03,1,BREATH_PACED_15,18.00,0.8610,,MR60BHA2_breath_phase,safenest-node-01
27.6120,-0.400000,S001,S001_BREATH_PACED_15_03,1,BREATH_PACED_15,18.00,0.8610,,MR60BHA2_breath_phase,safenest-node-01
27.7120,-0.490000,S001,S001_BREATH_PACED_15_03,1,BREATH_PACED_15,18.00,0.8610,,MR60BHA2_breath_phase,safenest-node-01
27.8120,-0.530000,S001,S001_BREATH_PACED_15_03,1,BREATH_PACED_15,18.00,0.8610,,MR60BHA2_breath_phase,safenest-node-01
27.9120,-0.590000,S001,S001_BREATH_PACED_15_03,1,BREATH_PACED_15,18.00,0.8610,,MR60BHA2_breath_phase,safenest-node-01
28.0120,-0.610000,S001,S001_BREATH_PACED_15_03,1,BREATH_PACED_15,18.00,0.8610,,MR60BHA2_breath_phase,safenest-node-01
28.1120,-0.630000,S001,S001_BREATH_PACED_15_03,1,BREATH_PACED_15,18.00,0.8610,,MR60BHA2_breath_phase,safenest-node-01
28.2120,-0.620000,S001,S001_BREATH_PACED_15_03,1,BREATH_PACED_15,18.00,0.8610,,MR60BHA2_breath_phase,safenest-node-01
28.3120,-0.570000,S001,S001_BREATH_PACED_15_03,1,BREATH_PACED_15,18.00,0.8610,,MR60BHA2_breath_phase,safenest-node-01
28.4120,-0.530000,S001,S001_BREATH_PACED_15_03,1,BREATH_PACED_15,18.00,0.8610,,MR60BHA2_breath_phase,safenest-node-01
28.5120,-0.440000,S001,S001_BREATH_PACED_15_03,1,BREATH_PACED_15,18.00,0.8610,,MR60BHA2_breath_phase,safenest-node-01
28.6120,-0.380000,S001,S001_BREATH_PACED_15_03,1,BREATH_PACED_15,18.00,0.8610,,MR60BHA2_breath_phase,safenest-node-01
28.7120,-0.260000,S001,S001_BREATH_PACED_15_03,1,BREATH_PACED_15,18.00,0.8610,,MR60BHA2_breath_phase,safenest-node-01
28.8120,-0.130000,S001,S001_BREATH_PACED_15_03,1,BREATH_PACED_15,18.00,0.8610,,MR60BHA2_breath_phase,safenest-node-01
28.9120,-0.070000,S001,S001_BREATH_PACED_15_03,1,BREATH_PACED_15,18.00,0.8610,,MR60BHA2_breath_phase,safenest-node-01
29.0120,0.060000,S001,S001_BREATH_PACED_15_03,1,BREATH_PACED_15,18.00,0.8610,,MR60BHA2_breath_phase,safenest-node-01
29.1120,0.170000,S001,S001_BREATH_PACED_15_03,1,BREATH_PACED_15,18.00,0.8610,,MR60BHA2_breath_phase,safenest-node-01
29.2120,0.220000,S001,S001_BREATH_PACED_15_03,1,BREATH_PACED_15,18.00,0.8610,,MR60BHA2_breath_phase,safenest-node-01
29.3120,0.300000,S001,S001_BREATH_PACED_15_03,1,BREATH_PACED_15,18.00,0.8610,,MR60BHA2_breath_phase,safenest-node-01
29.4120,0.360000,S001,S001_BREATH_PACED_15_03,1,BREATH_PACED_15,18.00,0.8610,,MR60BHA2_breath_phase,safenest-node-01
29.5120,0.400000,S001,S001_BREATH_PACED_15_03,1,BREATH_PACED_15,18.00,0.8610,,MR60BHA2_breath_phase,safenest-node-01
29.6120,0.420000,S001,S001_BREATH_PACED_15_03,1,BREATH_PACED_15,19.00,0.8610,,MR60BHA2_breath_phase,safenest-node-01
29.7130,0.440000,S001,S001_BREATH_PACED_15_03,1,BREATH_PACED_15,19.00,0.8610,,MR60BHA2_breath_phase,safenest-node-01
29.8130,0.440000,S001,S001_BREATH_PACED_15_03,1,BREATH_PACED_15,19.00,0.8610,,MR60BHA2_breath_phase,safenest-node-01
29.9130,0.440000,S001,S001_BREATH_PACED_15_03,1,BREATH_PACED_15,19.00,0.8610,,MR60BHA2_breath_phase,safenest-node-01
30.0130,0.430000,S001,S001_BREATH_PACED_15_03,1,BREATH_PACED_15,19.00,0.8610,,MR60BHA2_breath_phase,safenest-node-01
30.1140,0.400000,S001,S001_BREATH_PACED_15_03,1,BREATH_PACED_15,19.00,0.8610,,MR60BHA2_breath_phase,safenest-node-01
30.2140,0.390000,S001,S001_BREATH_PACED_15_03,1,BREATH_PACED_15,19.00,0.8610,,MR60BHA2_breath_phase,safenest-node-01
30.3140,0.370000,S001,S001_BREATH_PACED_15_03,1,BREATH_PACED_15,19.00,0.8610,,MR60BHA2_breath_phase,safenest-node-01
30.4140,0.340000,S001,S001_BREATH_PACED_15_03,1,BREATH_PACED_15,19.00,0.8610,,MR60BHA2_breath_phase,safenest-node-01
30.5140,0.300000,S001,S001_BREATH_PACED_15_03,1,BREATH_PACED_15,19.00,0.8610,,MR60BHA2_breath_phase,safenest-node-01
30.6140,0.250000,S001,S001_BREATH_PACED_15_03,1,BREATH_PACED_15,19.00,0.8610,,MR60BHA2_breath_phase,safenest-node-01
30.7140,0.230000,S001,S001_BREATH_PACED_15_03,1,BREATH_PACED_15,19.00,0.8610,,MR60BHA2_breath_phase,safenest-node-01
30.8140,0.170000,S001,S001_BREATH_PACED_15_03,1,BREATH_PACED_15,19.00,0.8610,,MR60BHA2_breath_phase,safenest-node-01
30.9140,0.140000,S001,S001_BREATH_PACED_15_03,1,BREATH_PACED_15,19.00,0.8610,,MR60BHA2_breath_phase,safenest-node-01
31.0140,0.070000,S001,S001_BREATH_PACED_15_03,1,BREATH_PACED_15,19.00,0.8610,,MR60BHA2_breath_phase,safenest-node-01
31.1140,0.000000,S001,S001_BREATH_PACED_15_03,1,BREATH_PACED_15,19.00,0.8610,,MR60BHA2_breath_phase,safenest-node-01
31.2140,-0.070000,S001,S001_BREATH_PACED_15_03,1,BREATH_PACED_15,19.00,0.8610,,MR60BHA2_breath_phase,safenest-node-01
31.3140,-0.100000,S001,S001_BREATH_PACED_15_03,1,BREATH_PACED_15,19.00,0.8610,,MR60BHA2_breath_phase,safenest-node-01
31.4140,-0.170000,S001,S001_BREATH_PACED_15_03,1,BREATH_PACED_15,19.00,0.8610,,MR60BHA2_breath_phase,safenest-node-01
31.5140,-0.210000,S001,S001_BREATH_PACED_15_03,1,BREATH_PACED_15,19.00,0.8610,,MR60BHA2_breath_phase,safenest-node-01
31.6140,-0.270000,S001,S001_BREATH_PACED_15_03,1,BREATH_PACED_15,19.00,0.8610,,MR60BHA2_breath_phase,safenest-node-01
31.7140,-0.340000,S001,S001_BREATH_PACED_15_03,1,BREATH_PACED_15,19.00,0.8610,,MR60BHA2_breath_phase,safenest-node-01
31.8150,-0.400000,S001,S001_BREATH_PACED_15_03,1,BREATH_PACED_15,19.00,0.8610,,MR60BHA2_breath_phase,safenest-node-01
31.9150,-0.420000,S001,S001_BREATH_PACED_15_03,1,BREATH_PACED_15,19.00,0.8610,,MR60BHA2_breath_phase,safenest-node-01
32.0150,-0.460000,S001,S001_BREATH_PACED_15_03,1,BREATH_PACED_15,19.00,0.8610,,MR60BHA2_breath_phase,safenest-node-01
32.1150,-0.480000,S001,S001_BREATH_PACED_15_03,1,BREATH_PACED_15,19.00,0.8610,,MR60BHA2_breath_phase,safenest-node-01
32.2150,-0.500000,S001,S001_BREATH_PACED_15_03,1,BREATH_PACED_15,19.00,0.8610,,MR60BHA2_breath_phase,safenest-node-01
32.3150,-0.490000,S001,S001_BREATH_PACED_15_03,1,BREATH_PACED_15,19.00,0.8610,,MR60BHA2_breath_phase,safenest-node-01
32.4150,-0.490000,S001,S001_BREATH_PACED_15_03,1,BREATH_PACED_15,19.00,0.8610,,MR60BHA2_breath_phase,safenest-node-01
32.5150,-0.450000,S001,S001_BREATH_PACED_15_03,1,BREATH_PACED_15,19.00,0.8610,,MR60BHA2_breath_phase,safenest-node-01
32.6150,-0.390000,S001,S001_BREATH_PACED_15_03,1,BREATH_PACED_15,19.00,0.8610,,MR60BHA2_breath_phase,safenest-node-01
32.7150,-0.360000,S001,S001_BREATH_PACED_15_03,1,BREATH_PACED_15,19.00,0.8610,,MR60BHA2_breath_phase,safenest-node-01
32.8150,-0.280000,S001,S001_BREATH_PACED_15_03,1,BREATH_PACED_15,19.00,0.8610,,MR60BHA2_breath_phase,safenest-node-01
32.9150,-0.190000,S001,S001_BREATH_PACED_15_03,1,BREATH_PACED_15,19.00,0.8610,,MR60BHA2_breath_phase,safenest-node-01
33.0160,-0.150000,S001,S001_BREATH_PACED_15_03,1,BREATH_PACED_15,19.00,0.8610,,MR60BHA2_breath_phase,safenest-node-01
33.1160,-0.060000,S001,S001_BREATH_PACED_15_03,1,BREATH_PACED_15,19.00,0.8610,,MR60BHA2_breath_phase,safenest-node-01
33.2160,-0.020000,S001,S001_BREATH_PACED_15_03,1,BREATH_PACED_15,19.00,0.8610,,MR60BHA2_breath_phase,safenest-node-01
33.3160,0.060000,S001,S001_BREATH_PACED_15_03,1,BREATH_PACED_15,19.00,0.8610,,MR60BHA2_breath_phase,safenest-node-01
33.4160,0.130000,S001,S001_BREATH_PACED_15_03,1,BREATH_PACED_15,19.00,0.8610,,MR60BHA2_breath_phase,safenest-node-01
33.5160,0.190000,S001,S001_BREATH_PACED_15_03,1,BREATH_PACED_15,19.00,0.8610,,MR60BHA2_breath_phase,safenest-node-01
33.6160,0.220000,S001,S001_BREATH_PACED_15_03,1,BREATH_PACED_15,19.00,0.8610,,MR60BHA2_breath_phase,safenest-node-01
33.7160,0.270000,S001,S001_BREATH_PACED_15_03,1,BREATH_PACED_15,19.00,0.8610,,MR60BHA2_breath_phase,safenest-node-01
33.8160,0.290000,S001,S001_BREATH_PACED_15_03,1,BREATH_PACED_15,19.00,0.8610,,MR60BHA2_breath_phase,safenest-node-01
33.9160,0.340000,S001,S001_BREATH_PACED_15_03,1,BREATH_PACED_15,19.00,0.8610,,MR60BHA2_breath_phase,safenest-node-01
34.0160,0.370000,S001,S001_BREATH_PACED_15_03,1,BREATH_PACED_15,19.00,0.8610,,MR60BHA2_breath_phase,safenest-node-01
34.1160,0.400000,S001,S001_BREATH_PACED_15_03,1,BREATH_PACED_15,19.00,0.8610,,MR60BHA2_breath_phase,safenest-node-01
34.2160,0.410000,S001,S001_BREATH_PACED_15_03,1,BREATH_PACED_15,19.00,0.8610,,MR60BHA2_breath_phase,safenest-node-01
34.3160,0.430000,S001,S001_BREATH_PACED_15_03,1,BREATH_PACED_15,19.00,0.8610,,MR60BHA2_breath_phase,safenest-node-01
34.4160,0.430000,S001,S001_BREATH_PACED_15_03,1,BREATH_PACED_15,19.00,0.8610,,MR60BHA2_breath_phase,safenest-node-01
34.5160,0.430000,S001,S001_BREATH_PACED_15_03,1,BREATH_PACED_15,19.00,0.8610,,MR60BHA2_breath_phase,safenest-node-01
34.6160,0.410000,S001,S001_BREATH_PACED_15_03,1,BREATH_PACED_15,19.00,0.8610,,MR60BHA2_breath_phase,safenest-node-01
34.7160,0.370000,S001,S001_BREATH_PACED_15_03,1,BREATH_PACED_15,19.00,0.8610,,MR60BHA2_breath_phase,safenest-node-01
34.8160,0.350000,S001,S001_BREATH_PACED_15_03,1,BREATH_PACED_15,19.00,0.8610,,MR60BHA2_breath_phase,safenest-node-01
34.9160,0.290000,S001,S001_BREATH_PACED_15_03,1,BREATH_PACED_15,19.00,0.8610,,MR60BHA2_breath_phase,safenest-node-01
35.0160,0.250000,S001,S001_BREATH_PACED_15_03,1,BREATH_PACED_15,19.00,0.8610,,MR60BHA2_breath_phase,safenest-node-01
35.1160,0.160000,S001,S001_BREATH_PACED_15_03,1,BREATH_PACED_15,19.00,0.8610,,MR60BHA2_breath_phase,safenest-node-01
35.2160,0.070000,S001,S001_BREATH_PACED_15_03,1,BREATH_PACED_15,19.00,0.8610,,MR60BHA2_breath_phase,safenest-node-01
35.3170,0.020000,S001,S001_BREATH_PACED_15_03,1,BREATH_PACED_15,19.00,0.8610,,MR60BHA2_breath_phase,safenest-node-01
35.4170,-0.090000,S001,S001_BREATH_PACED_15_03,1,BREATH_PACED_15,19.00,0.8610,,MR60BHA2_breath_phase,safenest-node-01
35.5170,-0.190000,S001,S001_BREATH_PACED_15_03,1,BREATH_PACED_15,19.00,0.8610,,MR60BHA2_breath_phase,safenest-node-01
35.6170,-0.240000,S001,S001_BREATH_PACED_15_03,1,BREATH_PACED_15,19.00,0.8610,,MR60BHA2_breath_phase,safenest-node-01
35.7170,-0.330000,S001,S001_BREATH_PACED_15_03,1,BREATH_PACED_15,19.00,0.8610,,MR60BHA2_breath_phase,safenest-node-01
35.8170,-0.400000,S001,S001_BREATH_PACED_15_03,1,BREATH_PACED_15,19.00,0.8610,,MR60BHA2_breath_phase,safenest-node-01
35.9170,-0.440000,S001,S001_BREATH_PACED_15_03,1,BREATH_PACED_15,19.00,0.8610,,MR60BHA2_breath_phase,safenest-node-01
36.0170,-0.480000,S001,S001_BREATH_PACED_15_03,1,BREATH_PACED_15,19.00,0.8610,,MR60BHA2_breath_phase,safenest-node-01
36.1170,-0.500000,S001,S001_BREATH_PACED_15_03,1,BREATH_PACED_15,19.00,0.8610,,MR60BHA2_breath_phase,safenest-node-01
36.2170,-0.510000,S001,S001_BREATH_PACED_15_03,1,BREATH_PACED_15,19.00,0.8610,,MR60BHA2_breath_phase,safenest-node-01
36.3170,-0.490000,S001,S001_BREATH_PACED_15_03,1,BREATH_PACED_15,19.00,0.8610,,MR60BHA2_breath_phase,safenest-node-01
36.4170,-0.440000,S001,S001_BREATH_PACED_15_03,1,BREATH_PACED_15,19.00,0.8610,,MR60BHA2_breath_phase,safenest-node-01
36.5170,-0.410000,S001,S001_BREATH_PACED_15_03,1,BREATH_PACED_15,19.00,0.8610,,MR60BHA2_breath_phase,safenest-node-01
36.6170,-0.330000,S001,S001_BREATH_PACED_15_03,1,BREATH_PACED_15,19.00,0.8610,,MR60BHA2_breath_phase,safenest-node-01
36.7170,-0.280000,S001,S001_BREATH_PACED_15_03,1,BREATH_PACED_15,19.00,0.8610,,MR60BHA2_breath_phase,safenest-node-01
36.8170,-0.180000,S001,S001_BREATH_PACED_15_03,1,BREATH_PACED_15,19.00,0.8610,,MR60BHA2_breath_phase,safenest-node-01
36.9170,-0.080000,S001,S001_BREATH_PACED_15_03,1,BREATH_PACED_15,19.00,0.8610,,MR60BHA2_breath_phase,safenest-node-01
37.0170,0.030000,S001,S001_BREATH_PACED_15_03,1,BREATH_PACED_15,19.00,0.8610,,MR60BHA2_breath_phase,safenest-node-01
37.1170,0.070000,S001,S001_BREATH_PACED_15_03,1,BREATH_PACED_15,19.00,0.8610,,MR60BHA2_breath_phase,safenest-node-01
37.2170,0.160000,S001,S001_BREATH_PACED_15_03,1,BREATH_PACED_15,19.00,0.8610,,MR60BHA2_breath_phase,safenest-node-01
37.3170,0.200000,S001,S001_BREATH_PACED_15_03,1,BREATH_PACED_15,19.00,0.8610,,MR60BHA2_breath_phase,safenest-node-01
37.4170,0.260000,S001,S001_BREATH_PACED_15_03,1,BREATH_PACED_15,19.00,0.8610,,MR60BHA2_breath_phase,safenest-node-01
37.5170,0.300000,S001,S001_BREATH_PACED_15_03,1,BREATH_PACED_15,19.00,0.8610,,MR60BHA2_breath_phase,safenest-node-01
37.6170,0.320000,S001,S001_BREATH_PACED_15_03,1,BREATH_PACED_15,19.00,0.8610,,MR60BHA2_breath_phase,safenest-node-01
37.7170,0.340000,S001,S001_BREATH_PACED_15_03,1,BREATH_PACED_15,19.00,0.8610,,MR60BHA2_breath_phase,safenest-node-01
37.8170,0.340000,S001,S001_BREATH_PACED_15_03,1,BREATH_PACED_15,19.00,0.8610,,MR60BHA2_breath_phase,safenest-node-01
37.9170,0.340000,S001,S001_BREATH_PACED_15_03,1,BREATH_PACED_15,19.00,0.8610,,MR60BHA2_breath_phase,safenest-node-01
38.0170,0.340000,S001,S001_BREATH_PACED_15_03,1,BREATH_PACED_15,19.00,0.8610,,MR60BHA2_breath_phase,safenest-node-01
38.1170,0.330000,S001,S001_BREATH_PACED_15_03,1,BREATH_PACED_15,19.00,0.8610,,MR60BHA2_breath_phase,safenest-node-01
38.2180,0.320000,S001,S001_BREATH_PACED_15_03,1,BREATH_PACED_15,19.00,0.8610,,MR60BHA2_breath_phase,safenest-node-01
38.3180,0.310000,S001,S001_BREATH_PACED_15_03,1,BREATH_PACED_15,19.00,0.8610,,MR60BHA2_breath_phase,safenest-node-01
38.4180,0.300000,S001,S001_BREATH_PACED_15_03,1,BREATH_PACED_15,19.00,0.8610,,MR60BHA2_breath_phase,safenest-node-01
38.5180,0.300000,S001,S001_BREATH_PACED_15_03,1,BREATH_PACED_15,19.00,0.8610,,MR60BHA2_breath_phase,safenest-node-01
38.6180,0.280000,S001,S001_BREATH_PACED_15_03,1,BREATH_PACED_15,19.00,0.8610,,MR60BHA2_breath_phase,safenest-node-01
38.7180,0.270000,S001,S001_BREATH_PACED_15_03,1,BREATH_PACED_15,19.00,0.8610,,MR60BHA2_breath_phase,safenest-node-01
38.8180,0.260000,S001,S001_BREATH_PACED_15_03,1,BREATH_PACED_15,19.00,0.8610,,MR60BHA2_breath_phase,safenest-node-01
38.9180,0.250000,S001,S001_BREATH_PACED_15_03,1,BREATH_PACED_15,19.00,0.8610,,MR60BHA2_breath_phase,safenest-node-01
39.0180,0.230000,S001,S001_BREATH_PACED_15_03,1,BREATH_PACED_15,19.00,0.8610,,MR60BHA2_breath_phase,safenest-node-01
39.1180,0.200000,S001,S001_BREATH_PACED_15_03,1,BREATH_PACED_15,19.00,0.8610,,MR60BHA2_breath_phase,safenest-node-01
39.2180,0.140000,S001,S001_BREATH_PACED_15_03,1,BREATH_PACED_15,19.00,0.8610,,MR60BHA2_breath_phase,safenest-node-01
39.3180,0.070000,S001,S001_BREATH_PACED_15_03,1,BREATH_PACED_15,19.00,0.8610,,MR60BHA2_breath_phase,safenest-node-01
39.4180,0.030000,S001,S001_BREATH_PACED_15_03,1,BREATH_PACED_15,19.00,0.8610,,MR60BHA2_breath_phase,safenest-node-01
39.5180,-0.060000,S001,S001_BREATH_PACED_15_03,1,BREATH_PACED_15,19.00,0.8610,,MR60BHA2_breath_phase,safenest-node-01
39.6180,-0.110000,S001,S001_BREATH_PACED_15_03,1,BREATH_PACED_15,19.00,0.8610,,MR60BHA2_breath_phase,safenest-node-01
39.7180,-0.210000,S001,S001_BREATH_PACED_15_03,1,BREATH_PACED_15,19.00,0.8610,,MR60BHA2_breath_phase,safenest-node-01
39.8180,-0.300000,S001,S001_BREATH_PACED_15_03,1,BREATH_PACED_15,19.00,0.8610,,MR60BHA2_breath_phase,safenest-node-01
39.9200,-0.380000,S001,S001_BREATH_PACED_15_03,1,BREATH_PACED_15,19.00,0.8610,,MR60BHA2_breath_phase,safenest-node-01
40.0200,-0.410000,S001,S001_BREATH_PACED_15_03,1,BREATH_PACED_15,19.00,0.8610,,MR60BHA2_breath_phase,safenest-node-01
40.1200,-0.460000,S001,S001_BREATH_PACED_15_03,1,BREATH_PACED_15,19.00,0.8610,,MR60BHA2_breath_phase,safenest-node-01
40.2200,-0.470000,S001,S001_BREATH_PACED_15_03,1,BREATH_PACED_15,19.00,0.8610,,MR60BHA2_breath_phase,safenest-node-01
40.3200,-0.470000,S001,S001_BREATH_PACED_15_03,1,BREATH_PACED_15,19.00,0.8610,,MR60BHA2_breath_phase,safenest-node-01
40.4200,-0.450000,S001,S001_BREATH_PACED_15_03,1,BREATH_PACED_15,19.00,0.8610,,MR60BHA2_breath_phase,safenest-node-01
40.5200,-0.440000,S001,S001_BREATH_PACED_15_03,1,BREATH_PACED_15,19.00,0.8610,,MR60BHA2_breath_phase,safenest-node-01
40.6200,-0.380000,S001,S001_BREATH_PACED_15_03,1,BREATH_PACED_15,19.00,0.8610,,MR60BHA2_breath_phase,safenest-node-01
40.7200,-0.310000,S001,S001_BREATH_PACED_15_03,1,BREATH_PACED_15,19.00,0.8610,,MR60BHA2_breath_phase,safenest-node-01
40.8200,-0.270000,S001,S001_BREATH_PACED_15_03,1,BREATH_PACED_15,19.00,0.8610,,MR60BHA2_breath_phase,safenest-node-01
40.9200,-0.190000,S001,S001_BREATH_PACED_15_03,1,BREATH_PACED_15,19.00,0.8610,,MR60BHA2_breath_phase,safenest-node-01
41.0200,-0.090000,S001,S001_BREATH_PACED_15_03,1,BREATH_PACED_15,19.00,0.8610,,MR60BHA2_breath_phase,safenest-node-01
41.1210,-0.050000,S001,S001_BREATH_PACED_15_03,1,BREATH_PACED_15,19.00,0.8610,,MR60BHA2_breath_phase,safenest-node-01
41.2210,0.050000,S001,S001_BREATH_PACED_15_03,1,BREATH_PACED_15,19.00,0.8610,,MR60BHA2_breath_phase,safenest-node-01
41.3210,0.140000,S001,S001_BREATH_PACED_15_03,1,BREATH_PACED_15,19.00,0.8610,,MR60BHA2_breath_phase,safenest-node-01
41.4210,0.180000,S001,S001_BREATH_PACED_15_03,1,BREATH_PACED_15,19.00,0.8610,,MR60BHA2_breath_phase,safenest-node-01
41.5210,0.260000,S001,S001_BREATH_PACED_15_03,1,BREATH_PACED_15,19.00,0.8610,,MR60BHA2_breath_phase,safenest-node-01
41.6210,0.320000,S001,S001_BREATH_PACED_15_03,1,BREATH_PACED_15,19.00,0.8610,,MR60BHA2_breath_phase,safenest-node-01
41.7210,0.350000,S001,S001_BREATH_PACED_15_03,1,BREATH_PACED_15,19.00,0.8610,,MR60BHA2_breath_phase,safenest-node-01
41.8210,0.390000,S001,S001_BREATH_PACED_15_03,1,BREATH_PACED_15,19.00,0.8610,,MR60BHA2_breath_phase,safenest-node-01
41.9210,0.400000,S001,S001_BREATH_PACED_15_03,1,BREATH_PACED_15,19.00,0.8610,,MR60BHA2_breath_phase,safenest-node-01
42.0210,0.420000,S001,S001_BREATH_PACED_15_03,1,BREATH_PACED_15,19.00,0.8610,,MR60BHA2_breath_phase,safenest-node-01
42.1210,0.410000,S001,S001_BREATH_PACED_15_03,1,BREATH_PACED_15,19.00,0.8610,,MR60BHA2_breath_phase,safenest-node-01
42.2210,0.380000,S001,S001_BREATH_PACED_15_03,1,BREATH_PACED_15,19.00,0.8610,,MR60BHA2_breath_phase,safenest-node-01
42.3210,0.350000,S001,S001_BREATH_PACED_15_03,1,BREATH_PACED_15,19.00,0.8610,,MR60BHA2_breath_phase,safenest-node-01
42.4210,0.300000,S001,S001_BREATH_PACED_15_03,1,BREATH_PACED_15,19.00,0.8610,,MR60BHA2_breath_phase,safenest-node-01
42.5210,0.260000,S001,S001_BREATH_PACED_15_03,1,BREATH_PACED_15,19.00,0.8610,,MR60BHA2_breath_phase,safenest-node-01
42.6210,0.180000,S001,S001_BREATH_PACED_15_03,1,BREATH_PACED_15,19.00,0.8610,,MR60BHA2_breath_phase,safenest-node-01
42.7210,0.100000,S001,S001_BREATH_PACED_15_03,1,BREATH_PACED_15,19.00,0.8610,,MR60BHA2_breath_phase,safenest-node-01
42.8220,0.010000,S001,S001_BREATH_PACED_15_03,1,BREATH_PACED_15,19.00,0.8610,,MR60BHA2_breath_phase,safenest-node-01
42.9220,-0.040000,S001,S001_BREATH_PACED_15_03,1,BREATH_PACED_15,19.00,0.8610,,MR60BHA2_breath_phase,safenest-node-01
43.0220,-0.130000,S001,S001_BREATH_PACED_15_03,1,BREATH_PACED_15,19.00,0.8610,,MR60BHA2_breath_phase,safenest-node-01
43.1220,-0.180000,S001,S001_BREATH_PACED_15_03,1,BREATH_PACED_15,19.00,0.8610,,MR60BHA2_breath_phase,safenest-node-01
43.2220,-0.270000,S001,S001_BREATH_PACED_15_03,1,BREATH_PACED_15,19.00,0.8610,,MR60BHA2_breath_phase,safenest-node-01
43.3220,-0.350000,S001,S001_BREATH_PACED_15_03,1,BREATH_PACED_15,19.00,0.8610,,MR60BHA2_breath_phase,safenest-node-01
43.4240,-0.420000,S001,S001_BREATH_PACED_15_03,1,BREATH_PACED_15,19.00,0.8610,,MR60BHA2_breath_phase,safenest-node-01
43.5240,-0.450000,S001,S001_BREATH_PACED_15_03,1,BREATH_PACED_15,19.00,0.8610,,MR60BHA2_breath_phase,safenest-node-01
43.6240,-0.500000,S001,S001_BREATH_PACED_15_03,1,BREATH_PACED_15,19.00,0.8610,,MR60BHA2_breath_phase,safenest-node-01
43.7240,-0.510000,S001,S001_BREATH_PACED_15_03,1,BREATH_PACED_15,19.00,0.8610,,MR60BHA2_breath_phase,safenest-node-01
43.8240,-0.530000,S001,S001_BREATH_PACED_15_03,1,BREATH_PACED_15,19.00,0.8610,,MR60BHA2_breath_phase,safenest-node-01
43.9240,-0.520000,S001,S001_BREATH_PACED_15_03,1,BREATH_PACED_15,19.00,0.8610,,MR60BHA2_breath_phase,safenest-node-01
44.0240,-0.510000,S001,S001_BREATH_PACED_15_03,1,BREATH_PACED_15,19.00,0.8610,,MR60BHA2_breath_phase,safenest-node-01
44.1240,-0.460000,S001,S001_BREATH_PACED_15_03,1,BREATH_PACED_15,19.00,0.8610,,MR60BHA2_breath_phase,safenest-node-01
44.2240,-0.400000,S001,S001_BREATH_PACED_15_03,1,BREATH_PACED_15,19.00,0.8610,,MR60BHA2_breath_phase,safenest-node-01
44.3240,-0.370000,S001,S001_BREATH_PACED_15_03,1,BREATH_PACED_15,19.00,0.8610,,MR60BHA2_breath_phase,safenest-node-01
44.4240,-0.280000,S001,S001_BREATH_PACED_15_03,1,BREATH_PACED_15,19.00,0.8610,,MR60BHA2_breath_phase,safenest-node-01
44.5240,-0.190000,S001,S001_BREATH_PACED_15_03,1,BREATH_PACED_15,19.00,0.8610,,MR60BHA2_breath_phase,safenest-node-01
44.6240,-0.140000,S001,S001_BREATH_PACED_15_03,1,BREATH_PACED_15,19.00,0.8610,,MR60BHA2_breath_phase,safenest-node-01
44.7240,-0.050000,S001,S001_BREATH_PACED_15_03,1,BREATH_PACED_15,19.00,0.8610,,MR60BHA2_breath_phase,safenest-node-01
44.8240,0.030000,S001,S001_BREATH_PACED_15_03,1,BREATH_PACED_15,19.00,0.8610,,MR60BHA2_breath_phase,safenest-node-01
44.9240,0.070000,S001,S001_BREATH_PACED_15_03,1,BREATH_PACED_15,19.00,0.8610,,MR60BHA2_breath_phase,safenest-node-01
45.0240,0.140000,S001,S001_BREATH_PACED_15_03,1,BREATH_PACED_15,19.00,0.8610,,MR60BHA2_breath_phase,safenest-node-01
45.1240,0.190000,S001,S001_BREATH_PACED_15_03,1,BREATH_PACED_15,19.00,0.8610,,MR60BHA2_breath_phase,safenest-node-01
45.2240,0.210000,S001,S001_BREATH_PACED_15_03,1,BREATH_PACED_15,19.00,0.8610,,MR60BHA2_breath_phase,safenest-node-01
45.3240,0.240000,S001,S001_BREATH_PACED_15_03,1,BREATH_PACED_15,19.00,0.8610,,MR60BHA2_breath_phase,safenest-node-01
45.4250,0.260000,S001,S001_BREATH_PACED_15_03,1,BREATH_PACED_15,19.00,0.8610,,MR60BHA2_breath_phase,safenest-node-01
45.5250,0.260000,S001,S001_BREATH_PACED_15_03,1,BREATH_PACED_15,19.00,0.8610,,MR60BHA2_breath_phase,safenest-node-01
45.6250,0.260000,S001,S001_BREATH_PACED_15_03,1,BREATH_PACED_15,19.00,0.8610,,MR60BHA2_breath_phase,safenest-node-01
45.7250,0.250000,S001,S001_BREATH_PACED_15_03,1,BREATH_PACED_15,19.00,0.8610,,MR60BHA2_breath_phase,safenest-node-01
45.8260,0.250000,S001,S001_BREATH_PACED_15_03,1,BREATH_PACED_15,19.00,0.8610,,MR60BHA2_breath_phase,safenest-node-01
45.9260,0.240000,S001,S001_BREATH_PACED_15_03,1,BREATH_PACED_15,19.00,0.8610,,MR60BHA2_breath_phase,safenest-node-01
46.0260,0.230000,S001,S001_BREATH_PACED_15_03,1,BREATH_PACED_15,19.00,0.8610,,MR60BHA2_breath_phase,safenest-node-01
46.1260,0.230000,S001,S001_BREATH_PACED_15_03,1,BREATH_PACED_15,19.00,0.8610,,MR60BHA2_breath_phase,safenest-node-01
46.2260,0.240000,S001,S001_BREATH_PACED_15_03,1,BREATH_PACED_15,19.00,0.8610,,MR60BHA2_breath_phase,safenest-node-01
46.3260,0.260000,S001,S001_BREATH_PACED_15_03,1,BREATH_PACED_15,19.00,0.8610,,MR60BHA2_breath_phase,safenest-node-01
46.4260,0.270000,S001,S001_BREATH_PACED_15_03,1,BREATH_PACED_15,19.00,0.8610,,MR60BHA2_breath_phase,safenest-node-01
46.5260,0.280000,S001,S001_BREATH_PACED_15_03,1,BREATH_PACED_15,19.00,0.8610,,MR60BHA2_breath_phase,safenest-node-01
46.6260,0.290000,S001,S001_BREATH_PACED_15_03,1,BREATH_PACED_15,19.00,0.8610,,MR60BHA2_breath_phase,safenest-node-01
46.7260,0.300000,S001,S001_BREATH_PACED_15_03,1,BREATH_PACED_15,19.00,0.8610,,MR60BHA2_breath_phase,safenest-node-01
46.8260,0.290000,S001,S001_BREATH_PACED_15_03,1,BREATH_PACED_15,19.00,0.8610,,MR60BHA2_breath_phase,safenest-node-01
46.9260,0.270000,S001,S001_BREATH_PACED_15_03,1,BREATH_PACED_15,19.00,0.8610,,MR60BHA2_breath_phase,safenest-node-01
47.0260,0.250000,S001,S001_BREATH_PACED_15_03,1,BREATH_PACED_15,19.00,0.8610,,MR60BHA2_breath_phase,safenest-node-01
47.1260,0.200000,S001,S001_BREATH_PACED_15_03,1,BREATH_PACED_15,19.00,0.8610,,MR60BHA2_breath_phase,safenest-node-01
47.2260,0.170000,S001,S001_BREATH_PACED_15_03,1,BREATH_PACED_15,19.00,0.8610,,MR60BHA2_breath_phase,safenest-node-01
47.3260,0.100000,S001,S001_BREATH_PACED_15_03,1,BREATH_PACED_15,19.00,0.8610,,MR60BHA2_breath_phase,safenest-node-01
47.4260,0.010000,S001,S001_BREATH_PACED_15_03,1,BREATH_PACED_15,19.00,0.8610,,MR60BHA2_breath_phase,safenest-node-01
47.5260,-0.030000,S001,S001_BREATH_PACED_15_03,1,BREATH_PACED_15,19.00,0.8610,,MR60BHA2_breath_phase,safenest-node-01
47.6260,-0.130000,S001,S001_BREATH_PACED_15_03,1,BREATH_PACED_15,19.00,0.8610,,MR60BHA2_breath_phase,safenest-node-01
47.7270,-0.220000,S001,S001_BREATH_PACED_15_03,1,BREATH_PACED_15,19.00,0.8610,,MR60BHA2_breath_phase,safenest-node-01
47.8270,-0.260000,S001,S001_BREATH_PACED_15_03,1,BREATH_PACED_15,19.00,0.8610,,MR60BHA2_breath_phase,safenest-node-01
47.9270,-0.340000,S001,S001_BREATH_PACED_15_03,1,BREATH_PACED_15,19.00,0.8610,,MR60BHA2_breath_phase,safenest-node-01
48.0270,-0.390000,S001,S001_BREATH_PACED_15_03,1,BREATH_PACED_15,19.00,0.8610,,MR60BHA2_breath_phase,safenest-node-01
48.1270,-0.400000,S001,S001_BREATH_PACED_15_03,1,BREATH_PACED_15,19.00,0.8610,,MR60BHA2_breath_phase,safenest-node-01
48.2270,-0.410000,S001,S001_BREATH_PACED_15_03,1,BREATH_PACED_15,19.00,0.8610,,MR60BHA2_breath_phase,safenest-node-01
48.3270,-0.410000,S001,S001_BREATH_PACED_15_03,1,BREATH_PACED_15,19.00,0.8610,,MR60BHA2_breath_phase,safenest-node-01
48.4270,-0.370000,S001,S001_BREATH_PACED_15_03,1,BREATH_PACED_15,19.00,0.8610,,MR60BHA2_breath_phase,safenest-node-01
48.5270,-0.310000,S001,S001_BREATH_PACED_15_03,1,BREATH_PACED_15,19.00,0.8610,,MR60BHA2_breath_phase,safenest-node-01
48.6270,-0.230000,S001,S001_BREATH_PACED_15_03,1,BREATH_PACED_15,19.00,0.8610,,MR60BHA2_breath_phase,safenest-node-01
48.7270,-0.180000,S001,S001_BREATH_PACED_15_03,1,BREATH_PACED_15,19.00,0.8610,,MR60BHA2_breath_phase,safenest-node-01
48.8270,-0.080000,S001,S001_BREATH_PACED_15_03,1,BREATH_PACED_15,19.00,0.8610,,MR60BHA2_breath_phase,safenest-node-01
48.9270,-0.030000,S001,S001_BREATH_PACED_15_03,1,BREATH_PACED_15,19.00,0.8610,,MR60BHA2_breath_phase,safenest-node-01
49.0270,0.070000,S001,S001_BREATH_PACED_15_03,1,BREATH_PACED_15,19.00,0.8610,,MR60BHA2_breath_phase,safenest-node-01
49.1270,0.170000,S001,S001_BREATH_PACED_15_03,1,BREATH_PACED_15,19.00,0.8610,,MR60BHA2_breath_phase,safenest-node-01
49.2270,0.250000,S001,S001_BREATH_PACED_15_03,1,BREATH_PACED_15,19.00,0.8610,,MR60BHA2_breath_phase,safenest-node-01
49.3270,0.290000,S001,S001_BREATH_PACED_15_03,1,BREATH_PACED_15,19.00,0.8610,,MR60BHA2_breath_phase,safenest-node-01
49.4270,0.340000,S001,S001_BREATH_PACED_15_03,1,BREATH_PACED_15,19.00,0.8610,,MR60BHA2_breath_phase,safenest-node-01
49.5270,0.370000,S001,S001_BREATH_PACED_15_03,1,BREATH_PACED_15,19.00,0.8610,,MR60BHA2_breath_phase,safenest-node-01
49.6270,0.390000,S001,S001_BREATH_PACED_15_03,1,BREATH_PACED_15,19.00,0.8610,,MR60BHA2_breath_phase,safenest-node-01
49.7270,0.400000,S001,S001_BREATH_PACED_15_03,1,BREATH_PACED_15,19.00,0.8610,,MR60BHA2_breath_phase,safenest-node-01
49.8270,0.400000,S001,S001_BREATH_PACED_15_03,1,BREATH_PACED_15,19.00,0.8610,,MR60BHA2_breath_phase,safenest-node-01
49.9270,0.390000,S001,S001_BREATH_PACED_15_03,1,BREATH_PACED_15,19.00,0.8610,,MR60BHA2_breath_phase,safenest-node-01
50.0270,0.370000,S001,S001_BREATH_PACED_15_03,1,BREATH_PACED_15,19.00,0.8610,,MR60BHA2_breath_phase,safenest-node-01
50.1270,0.350000,S001,S001_BREATH_PACED_15_03,1,BREATH_PACED_15,19.00,0.8610,,MR60BHA2_breath_phase,safenest-node-01
50.2270,0.320000,S001,S001_BREATH_PACED_15_03,1,BREATH_PACED_15,19.00,0.8610,,MR60BHA2_breath_phase,safenest-node-01
50.3270,0.280000,S001,S001_BREATH_PACED_15_03,1,BREATH_PACED_15,19.00,0.8610,,MR60BHA2_breath_phase,safenest-node-01
50.4270,0.260000,S001,S001_BREATH_PACED_15_03,1,BREATH_PACED_15,19.00,0.8610,,MR60BHA2_breath_phase,safenest-node-01
50.5270,0.210000,S001,S001_BREATH_PACED_15_03,1,BREATH_PACED_15,19.00,0.8610,,MR60BHA2_breath_phase,safenest-node-01
50.6270,0.150000,S001,S001_BREATH_PACED_15_03,1,BREATH_PACED_15,19.00,0.8610,,MR60BHA2_breath_phase,safenest-node-01
50.7270,0.120000,S001,S001_BREATH_PACED_15_03,1,BREATH_PACED_15,19.00,0.8610,,MR60BHA2_breath_phase,safenest-node-01
50.8270,0.050000,S001,S001_BREATH_PACED_15_03,1,BREATH_PACED_15,19.00,0.8610,,MR60BHA2_breath_phase,safenest-node-01
50.9270,-0.020000,S001,S001_BREATH_PACED_15_03,1,BREATH_PACED_15,19.00,0.8610,,MR60BHA2_breath_phase,safenest-node-01
51.0280,-0.050000,S001,S001_BREATH_PACED_15_03,1,BREATH_PACED_15,19.00,0.8610,,MR60BHA2_breath_phase,safenest-node-01
51.1280,-0.130000,S001,S001_BREATH_PACED_15_03,1,BREATH_PACED_15,19.00,0.8610,,MR60BHA2_breath_phase,safenest-node-01
51.2280,-0.200000,S001,S001_BREATH_PACED_15_03,1,BREATH_PACED_15,19.00,0.8610,,MR60BHA2_breath_phase,safenest-node-01
51.3280,-0.240000,S001,S001_BREATH_PACED_15_03,1,BREATH_PACED_15,19.00,0.8610,,MR60BHA2_breath_phase,safenest-node-01
51.4280,-0.300000,S001,S001_BREATH_PACED_15_03,1,BREATH_PACED_15,19.00,0.8610,,MR60BHA2_breath_phase,safenest-node-01
51.5280,-0.370000,S001,S001_BREATH_PACED_15_03,1,BREATH_PACED_15,19.00,0.8610,,MR60BHA2_breath_phase,safenest-node-01
51.6280,-0.390000,S001,S001_BREATH_PACED_15_03,1,BREATH_PACED_15,19.00,0.8610,,MR60BHA2_breath_phase,safenest-node-01
51.7280,-0.440000,S001,S001_BREATH_PACED_15_03,1,BREATH_PACED_15,19.00,0.8610,,MR60BHA2_breath_phase,safenest-node-01
51.8280,-0.470000,S001,S001_BREATH_PACED_15_03,1,BREATH_PACED_15,19.00,0.8610,,MR60BHA2_breath_phase,safenest-node-01
51.9280,-0.480000,S001,S001_BREATH_PACED_15_03,1,BREATH_PACED_15,19.00,0.8610,,MR60BHA2_breath_phase,safenest-node-01
52.0280,-0.480000,S001,S001_BREATH_PACED_15_03,1,BREATH_PACED_15,19.00,0.8610,,MR60BHA2_breath_phase,safenest-node-01
52.1280,-0.460000,S001,S001_BREATH_PACED_15_03,1,BREATH_PACED_15,19.00,0.8610,,MR60BHA2_breath_phase,safenest-node-01
52.2280,-0.440000,S001,S001_BREATH_PACED_15_03,1,BREATH_PACED_15,19.00,0.8610,,MR60BHA2_breath_phase,safenest-node-01
52.3280,-0.390000,S001,S001_BREATH_PACED_15_03,1,BREATH_PACED_15,19.00,0.8610,,MR60BHA2_breath_phase,safenest-node-01
52.4280,-0.350000,S001,S001_BREATH_PACED_15_03,1,BREATH_PACED_15,19.00,0.8610,,MR60BHA2_breath_phase,safenest-node-01
52.5280,-0.280000,S001,S001_BREATH_PACED_15_03,1,BREATH_PACED_15,19.00,0.8610,,MR60BHA2_breath_phase,safenest-node-01
52.6280,-0.190000,S001,S001_BREATH_PACED_15_03,1,BREATH_PACED_15,19.00,0.8610,,MR60BHA2_breath_phase,safenest-node-01
52.7280,-0.110000,S001,S001_BREATH_PACED_15_03,1,BREATH_PACED_15,19.00,0.8610,,MR60BHA2_breath_phase,safenest-node-01
52.8280,-0.060000,S001,S001_BREATH_PACED_15_03,1,BREATH_PACED_15,19.00,0.8610,,MR60BHA2_breath_phase,safenest-node-01
52.9280,0.020000,S001,S001_BREATH_PACED_15_03,1,BREATH_PACED_15,19.00,0.8610,,MR60BHA2_breath_phase,safenest-node-01
53.0280,0.060000,S001,S001_BREATH_PACED_15_03,1,BREATH_PACED_15,19.00,0.8610,,MR60BHA2_breath_phase,safenest-node-01
53.1280,0.140000,S001,S001_BREATH_PACED_15_03,1,BREATH_PACED_15,19.00,0.8610,,MR60BHA2_breath_phase,safenest-node-01
53.2280,0.210000,S001,S001_BREATH_PACED_15_03,1,BREATH_PACED_15,19.00,0.8610,,MR60BHA2_breath_phase,safenest-node-01
53.3280,0.280000,S001,S001_BREATH_PACED_15_03,1,BREATH_PACED_15,19.00,0.8610,,MR60BHA2_breath_phase,safenest-node-01
53.4280,0.310000,S001,S001_BREATH_PACED_15_03,1,BREATH_PACED_15,19.00,0.8610,,MR60BHA2_breath_phase,safenest-node-01
53.5280,0.360000,S001,S001_BREATH_PACED_15_03,1,BREATH_PACED_15,19.00,0.8610,,MR60BHA2_breath_phase,safenest-node-01
53.6280,0.380000,S001,S001_BREATH_PACED_15_03,1,BREATH_PACED_15,19.00,0.8610,,MR60BHA2_breath_phase,safenest-node-01
53.7280,0.420000,S001,S001_BREATH_PACED_15_03,1,BREATH_PACED_15,19.00,0.8610,,MR60BHA2_breath_phase,safenest-node-01
53.8280,0.440000,S001,S001_BREATH_PACED_15_03,1,BREATH_PACED_15,19.00,0.8610,,MR60BHA2_breath_phase,safenest-node-01
53.9280,0.440000,S001,S001_BREATH_PACED_15_03,1,BREATH_PACED_15,19.00,0.8610,,MR60BHA2_breath_phase,safenest-node-01
54.0280,0.430000,S001,S001_BREATH_PACED_15_03,1,BREATH_PACED_15,19.00,0.8610,,MR60BHA2_breath_phase,safenest-node-01
54.1280,0.400000,S001,S001_BREATH_PACED_15_03,1,BREATH_PACED_15,19.00,0.8610,,MR60BHA2_breath_phase,safenest-node-01
54.2280,0.380000,S001,S001_BREATH_PACED_15_03,1,BREATH_PACED_15,19.00,0.8610,,MR60BHA2_breath_phase,safenest-node-01
54.3280,0.320000,S001,S001_BREATH_PACED_15_03,1,BREATH_PACED_15,19.00,0.8610,,MR60BHA2_breath_phase,safenest-node-01
54.4280,0.250000,S001,S001_BREATH_PACED_15_03,1,BREATH_PACED_15,19.00,0.8610,,MR60BHA2_breath_phase,safenest-node-01
54.5290,0.210000,S001,S001_BREATH_PACED_15_03,1,BREATH_PACED_15,19.00,0.8610,,MR60BHA2_breath_phase,safenest-node-01
54.6290,0.110000,S001,S001_BREATH_PACED_15_03,1,BREATH_PACED_15,19.00,0.8610,,MR60BHA2_breath_phase,safenest-node-01
54.7300,0.000000,S001,S001_BREATH_PACED_15_03,1,BREATH_PACED_15,19.00,0.8610,,MR60BHA2_breath_phase,safenest-node-01
54.8300,-0.060000,S001,S001_BREATH_PACED_15_03,1,BREATH_PACED_15,19.00,0.8610,,MR60BHA2_breath_phase,safenest-node-01
54.9300,-0.180000,S001,S001_BREATH_PACED_15_03,1,BREATH_PACED_15,19.00,0.8610,,MR60BHA2_breath_phase,safenest-node-01
55.0300,-0.310000,S001,S001_BREATH_PACED_15_03,1,BREATH_PACED_15,19.00,0.8610,,MR60BHA2_breath_phase,safenest-node-01
55.1300,-0.370000,S001,S001_BREATH_PACED_15_03,1,BREATH_PACED_15,19.00,0.8610,,MR60BHA2_breath_phase,safenest-node-01
55.2300,-0.490000,S001,S001_BREATH_PACED_15_03,1,BREATH_PACED_15,19.00,0.8610,,MR60BHA2_breath_phase,safenest-node-01
55.3300,-0.540000,S001,S001_BREATH_PACED_15_03,1,BREATH_PACED_15,19.00,0.8610,,MR60BHA2_breath_phase,safenest-node-01
55.4300,-0.620000,S001,S001_BREATH_PACED_15_03,1,BREATH_PACED_15,19.00,0.8610,,MR60BHA2_breath_phase,safenest-node-01
55.5300,-0.680000,S001,S001_BREATH_PACED_15_03,1,BREATH_PACED_15,19.00,0.8610,,MR60BHA2_breath_phase,safenest-node-01
55.6300,-0.700000,S001,S001_BREATH_PACED_15_03,1,BREATH_PACED_15,19.00,0.8610,,MR60BHA2_breath_phase,safenest-node-01
55.7300,-0.690000,S001,S001_BREATH_PACED_15_03,1,BREATH_PACED_15,19.00,0.8610,,MR60BHA2_breath_phase,safenest-node-01
55.8300,-0.660000,S001,S001_BREATH_PACED_15_03,1,BREATH_PACED_15,19.00,0.8610,,MR60BHA2_breath_phase,safenest-node-01
55.9300,-0.620000,S001,S001_BREATH_PACED_15_03,1,BREATH_PACED_15,19.00,0.8610,,MR60BHA2_breath_phase,safenest-node-01
56.0300,-0.540000,S001,S001_BREATH_PACED_15_03,1,BREATH_PACED_15,19.00,0.8610,,MR60BHA2_breath_phase,safenest-node-01
56.1300,-0.430000,S001,S001_BREATH_PACED_15_03,1,BREATH_PACED_15,19.00,0.8610,,MR60BHA2_breath_phase,safenest-node-01
56.2300,-0.360000,S001,S001_BREATH_PACED_15_03,1,BREATH_PACED_15,19.00,0.8610,,MR60BHA2_breath_phase,safenest-node-01
56.3300,-0.230000,S001,S001_BREATH_PACED_15_03,1,BREATH_PACED_15,19.00,0.8610,,MR60BHA2_breath_phase,safenest-node-01
56.4300,-0.090000,S001,S001_BREATH_PACED_15_03,1,BREATH_PACED_15,19.00,0.8610,,MR60BHA2_breath_phase,safenest-node-01
56.5300,-0.030000,S001,S001_BREATH_PACED_15_03,1,BREATH_PACED_15,19.00,0.8610,,MR60BHA2_breath_phase,safenest-node-01
56.6300,0.100000,S001,S001_BREATH_PACED_15_03,1,BREATH_PACED_15,19.00,0.8610,,MR60BHA2_breath_phase,safenest-node-01
56.7300,0.210000,S001,S001_BREATH_PACED_15_03,1,BREATH_PACED_15,19.00,0.8610,,MR60BHA2_breath_phase,safenest-node-01
56.8300,0.250000,S001,S001_BREATH_PACED_15_03,1,BREATH_PACED_15,19.00,0.8610,,MR60BHA2_breath_phase,safenest-node-01
56.9300,0.330000,S001,S001_BREATH_PACED_15_03,1,BREATH_PACED_15,19.00,0.8610,,MR60BHA2_breath_phase,safenest-node-01
57.0300,0.380000,S001,S001_BREATH_PACED_15_03,1,BREATH_PACED_15,19.00,0.8610,,MR60BHA2_breath_phase,safenest-node-01
57.1300,0.400000,S001,S001_BREATH_PACED_15_03,1,BREATH_PACED_15,19.00,0.8610,,MR60BHA2_breath_phase,safenest-node-01
57.2300,0.420000,S001,S001_BREATH_PACED_15_03,1,BREATH_PACED_15,19.00,0.8610,,MR60BHA2_breath_phase,safenest-node-01
57.3300,0.420000,S001,S001_BREATH_PACED_15_03,1,BREATH_PACED_15,19.00,0.8610,,MR60BHA2_breath_phase,safenest-node-01
57.4310,0.410000,S001,S001_BREATH_PACED_15_03,1,BREATH_PACED_15,19.00,0.8610,,MR60BHA2_breath_phase,safenest-node-01
57.5310,0.390000,S001,S001_BREATH_PACED_15_03,1,BREATH_PACED_15,19.00,0.8610,,MR60BHA2_breath_phase,safenest-node-01
57.6310,0.350000,S001,S001_BREATH_PACED_15_03,1,BREATH_PACED_15,19.00,0.8610,,MR60BHA2_breath_phase,safenest-node-01
57.7310,0.330000,S001,S001_BREATH_PACED_15_03,1,BREATH_PACED_15,19.00,0.8610,,MR60BHA2_breath_phase,safenest-node-01
57.8310,0.290000,S001,S001_BREATH_PACED_15_03,1,BREATH_PACED_15,19.00,0.8610,,MR60BHA2_breath_phase,safenest-node-01
57.9310,0.250000,S001,S001_BREATH_PACED_15_03,1,BREATH_PACED_15,19.00,0.8610,,MR60BHA2_breath_phase,safenest-node-01
58.0310,0.240000,S001,S001_BREATH_PACED_15_03,1,BREATH_PACED_15,19.00,0.8610,,MR60BHA2_breath_phase,safenest-node-01
58.1310,0.210000,S001,S001_BREATH_PACED_15_03,1,BREATH_PACED_15,19.00,0.8610,,MR60BHA2_breath_phase,safenest-node-01
58.2310,0.200000,S001,S001_BREATH_PACED_15_03,1,BREATH_PACED_15,19.00,0.8610,,MR60BHA2_breath_phase,safenest-node-01
58.3310,0.190000,S001,S001_BREATH_PACED_15_03,1,BREATH_PACED_15,19.00,0.8610,,MR60BHA2_breath_phase,safenest-node-01
58.4310,0.190000,S001,S001_BREATH_PACED_15_03,1,BREATH_PACED_15,19.00,0.8610,,MR60BHA2_breath_phase,safenest-node-01
58.5310,0.200000,S001,S001_BREATH_PACED_15_03,1,BREATH_PACED_15,19.00,0.8610,,MR60BHA2_breath_phase,safenest-node-01
58.6310,0.210000,S001,S001_BREATH_PACED_15_03,1,BREATH_PACED_15,19.00,0.8610,,MR60BHA2_breath_phase,safenest-node-01
58.7310,0.220000,S001,S001_BREATH_PACED_15_03,1,BREATH_PACED_15,19.00,0.8610,,MR60BHA2_breath_phase,safenest-node-01
58.8310,0.230000,S001,S001_BREATH_PACED_15_03,1,BREATH_PACED_15,19.00,0.8610,,MR60BHA2_breath_phase,safenest-node-01
58.9310,0.240000,S001,S001_BREATH_PACED_15_03,1,BREATH_PACED_15,19.00,0.8610,,MR60BHA2_breath_phase,safenest-node-01
59.0310,0.240000,S001,S001_BREATH_PACED_15_03,1,BREATH_PACED_15,19.00,0.8610,,MR60BHA2_breath_phase,safenest-node-01
59.1330,0.230000,S001,S001_BREATH_PACED_15_03,1,BREATH_PACED_15,19.00,0.8610,,MR60BHA2_breath_phase,safenest-node-01
59.2330,0.210000,S001,S001_BREATH_PACED_15_03,1,BREATH_PACED_15,19.00,0.8610,,MR60BHA2_breath_phase,safenest-node-01
59.3330,0.160000,S001,S001_BREATH_PACED_15_03,1,BREATH_PACED_15,19.00,0.8610,,MR60BHA2_breath_phase,safenest-node-01
59.4330,0.130000,S001,S001_BREATH_PACED_15_03,1,BREATH_PACED_15,19.00,0.8610,,MR60BHA2_breath_phase,safenest-node-01
59.5330,0.060000,S001,S001_BREATH_PACED_15_03,1,BREATH_PACED_15,19.00,0.8610,,MR60BHA2_breath_phase,safenest-node-01
59.6330,-0.020000,S001,S001_BREATH_PACED_15_03,1,BREATH_PACED_15,19.00,0.8610,,MR60BHA2_breath_phase,safenest-node-01
59.7360,-0.100000,S001,S001_BREATH_PACED_15_03,1,BREATH_PACED_15,19.00,0.8610,,MR60BHA2_breath_phase,safenest-node-01
59.8360,-0.140000,S001,S001_BREATH_PACED_15_03,1,BREATH_PACED_15,19.00,0.8610,,MR60BHA2_breath_phase,safenest-node-01
59.9360,-0.210000,S001,S001_BREATH_PACED_15_03,1,BREATH_PACED_15,19.00,0.8610,,MR60BHA2_breath_phase,safenest-node-01
60.0360,-0.240000,S001,S001_BREATH_PACED_15_03,1,BREATH_PACED_15,19.00,0.8610,,MR60BHA2_breath_phase,safenest-node-01
60.1360,-0.290000,S001,S001_BREATH_PACED_15_03,1,BREATH_PACED_15,19.00,0.8610,,MR60BHA2_breath_phase,safenest-node-01
60.2360,-0.320000,S001,S001_BREATH_PACED_15_03,1,BREATH_PACED_15,19.00,0.8610,,MR60BHA2_breath_phase,safenest-node-01
60.3390,-0.340000,S001,S001_BREATH_PACED_15_03,1,BREATH_PACED_15,19.00,0.8610,,MR60BHA2_breath_phase,safenest-node-01
60.4390,-0.340000,S001,S001_BREATH_PACED_15_03,1,BREATH_PACED_15,19.00,0.8610,,MR60BHA2_breath_phase,safenest-node-01
60.5390,-0.340000,S001,S001_BREATH_PACED_15_03,1,BREATH_PACED_15,19.00,0.8610,,MR60BHA2_breath_phase,safenest-node-01
60.6390,-0.330000,S001,S001_BREATH_PACED_15_03,1,BREATH_PACED_15,19.00,0.8610,,MR60BHA2_breath_phase,safenest-node-01
60.7390,-0.310000,S001,S001_BREATH_PACED_15_03,1,BREATH_PACED_15,18.00,0.8610,,MR60BHA2_breath_phase,safenest-node-01
60.8390,-0.300000,S001,S001_BREATH_PACED_15_03,1,BREATH_PACED_15,18.00,0.8610,,MR60BHA2_breath_phase,safenest-node-01
60.9420,-0.280000,S001,S001_BREATH_PACED_15_03,1,BREATH_PACED_15,18.00,0.8610,,MR60BHA2_breath_phase,safenest-node-01
61.0420,-0.260000,S001,S001_BREATH_PACED_15_03,1,BREATH_PACED_15,18.00,0.8610,,MR60BHA2_breath_phase,safenest-node-01
61.1420,-0.240000,S001,S001_BREATH_PACED_15_03,1,BREATH_PACED_15,18.00,0.8610,,MR60BHA2_breath_phase,safenest-node-01
61.2420,-0.230000,S001,S001_BREATH_PACED_15_03,1,BREATH_PACED_15,18.00,0.8610,,MR60BHA2_breath_phase,safenest-node-01
61.3420,-0.200000,S001,S001_BREATH_PACED_15_03,1,BREATH_PACED_15,17.00,0.8610,,MR60BHA2_breath_phase,safenest-node-01
61.4420,-0.150000,S001,S001_BREATH_PACED_15_03,1,BREATH_PACED_15,17.00,0.8610,,MR60BHA2_breath_phase,safenest-node-01
61.5440,-0.100000,S001,S001_BREATH_PACED_15_03,1,BREATH_PACED_15,17.00,0.8610,,MR60BHA2_breath_phase,safenest-node-01
61.6440,-0.070000,S001,S001_BREATH_PACED_15_03,1,BREATH_PACED_15,17.00,0.8610,,MR60BHA2_breath_phase,safenest-node-01
61.7440,-0.000000,S001,S001_BREATH_PACED_15_03,1,BREATH_PACED_15,17.00,0.8610,,MR60BHA2_breath_phase,safenest-node-01
61.8440,0.040000,S001,S001_BREATH_PACED_15_03,1,BREATH_PACED_15,17.00,0.8610,,MR60BHA2_breath_phase,safenest-node-01
61.9440,0.120000,S001,S001_BREATH_PACED_15_03,1,BREATH_PACED_15,17.00,0.8610,,MR60BHA2_breath_phase,safenest-node-01
62.0440,0.210000,S001,S001_BREATH_PACED_15_03,1,BREATH_PACED_15,16.00,0.8610,,MR60BHA2_breath_phase,safenest-node-01
62.1440,0.290000,S001,S001_BREATH_PACED_15_03,1,BREATH_PACED_15,16.00,0.8610,,MR60BHA2_breath_phase,safenest-node-01
62.2440,0.320000,S001,S001_BREATH_PACED_15_03,1,BREATH_PACED_15,16.00,0.8610,,MR60BHA2_breath_phase,safenest-node-01
62.3440,0.380000,S001,S001_BREATH_PACED_15_03,1,BREATH_PACED_15,16.00,0.8610,,MR60BHA2_breath_phase,safenest-node-01
62.4440,0.410000,S001,S001_BREATH_PACED_15_03,1,BREATH_PACED_15,16.00,0.8610,,MR60BHA2_breath_phase,safenest-node-01
62.5440,0.430000,S001,S001_BREATH_PACED_15_03,1,BREATH_PACED_15,16.00,0.8610,,MR60BHA2_breath_phase,safenest-node-01
62.6440,0.430000,S001,S001_BREATH_PACED_15_03,1,BREATH_PACED_15,16.00,0.8610,,MR60BHA2_breath_phase,safenest-node-01
62.7440,0.390000,S001,S001_BREATH_PACED_15_03,1,BREATH_PACED_15,16.00,0.8610,,MR60BHA2_breath_phase,safenest-node-01
62.8440,0.360000,S001,S001_BREATH_PACED_15_03,1,BREATH_PACED_15,16.00,0.8610,,MR60BHA2_breath_phase,safenest-node-01
62.9450,0.270000,S001,S001_BREATH_PACED_15_03,1,BREATH_PACED_15,16.00,0.8610,,MR60BHA2_breath_phase,safenest-node-01
63.0450,0.220000,S001,S001_BREATH_PACED_15_03,1,BREATH_PACED_15,16.00,0.8610,,MR60BHA2_breath_phase,safenest-node-01
63.1450,0.110000,S001,S001_BREATH_PACED_15_03,1,BREATH_PACED_15,16.00,0.8610,,MR60BHA2_breath_phase,safenest-node-01
63.2450,-0.010000,S001,S001_BREATH_PACED_15_03,1,BREATH_PACED_15,16.00,0.8610,,MR60BHA2_breath_phase,safenest-node-01
63.3460,-0.070000,S001,S001_BREATH_PACED_15_03,1,BREATH_PACED_15,16.00,0.8610,,MR60BHA2_breath_phase,safenest-node-01
63.4460,-0.190000,S001,S001_BREATH_PACED_15_03,1,BREATH_PACED_15,15.00,0.8610,,MR60BHA2_breath_phase,safenest-node-01
63.5460,-0.240000,S001,S001_BREATH_PACED_15_03,1,BREATH_PACED_15,15.00,0.8610,,MR60BHA2_breath_phase,safenest-node-01
63.6460,-0.330000,S001,S001_BREATH_PACED_15_03,1,BREATH_PACED_15,15.00,0.8610,,MR60BHA2_breath_phase,safenest-node-01
63.7460,-0.390000,S001,S001_BREATH_PACED_15_03,1,BREATH_PACED_15,15.00,0.8610,,MR60BHA2_breath_phase,safenest-node-01
63.8460,-0.420000,S001,S001_BREATH_PACED_15_03,1,BREATH_PACED_15,15.00,0.8610,,MR60BHA2_breath_phase,safenest-node-01
63.9460,-0.430000,S001,S001_BREATH_PACED_15_03,1,BREATH_PACED_15,15.00,0.8610,,MR60BHA2_breath_phase,safenest-node-01
64.0460,-0.410000,S001,S001_BREATH_PACED_15_03,1,BREATH_PACED_15,15.00,0.8610,,MR60BHA2_breath_phase,safenest-node-01
64.1460,-0.390000,S001,S001_BREATH_PACED_15_03,1,BREATH_PACED_15,15.00,0.8610,,MR60BHA2_breath_phase,safenest-node-01
64.2460,-0.330000,S001,S001_BREATH_PACED_15_03,1,BREATH_PACED_15,15.00,0.8610,,MR60BHA2_breath_phase,safenest-node-01
64.3460,-0.240000,S001,S001_BREATH_PACED_15_03,1,BREATH_PACED_15,15.00,0.8610,,MR60BHA2_breath_phase,safenest-node-01
64.4460,-0.150000,S001,S001_BREATH_PACED_15_03,1,BREATH_PACED_15,15.00,0.8610,,MR60BHA2_breath_phase,safenest-node-01
64.5460,-0.100000,S001,S001_BREATH_PACED_15_03,1,BREATH_PACED_15,15.00,0.8610,,MR60BHA2_breath_phase,safenest-node-01
64.6460,0.010000,S001,S001_BREATH_PACED_15_03,1,BREATH_PACED_15,15.00,0.8610,,MR60BHA2_breath_phase,safenest-node-01
64.7460,0.050000,S001,S001_BREATH_PACED_15_03,1,BREATH_PACED_15,16.00,0.8610,,MR60BHA2_breath_phase,safenest-node-01
64.8460,0.140000,S001,S001_BREATH_PACED_15_03,1,BREATH_PACED_15,16.00,0.8610,,MR60BHA2_breath_phase,safenest-node-01
64.9460,0.210000,S001,S001_BREATH_PACED_15_03,1,BREATH_PACED_15,16.00,0.8610,,MR60BHA2_breath_phase,safenest-node-01
65.0470,0.240000,S001,S001_BREATH_PACED_15_03,1,BREATH_PACED_15,16.00,0.8610,,MR60BHA2_breath_phase,safenest-node-01
65.1470,0.270000,S001,S001_BREATH_PACED_15_03,1,BREATH_PACED_15,16.00,0.8610,,MR60BHA2_breath_phase,safenest-node-01
65.2470,0.280000,S001,S001_BREATH_PACED_15_03,1,BREATH_PACED_15,16.00,0.8610,,MR60BHA2_breath_phase,safenest-node-01
65.3470,0.270000,S001,S001_BREATH_PACED_15_03,1,BREATH_PACED_15,16.00,0.8610,,MR60BHA2_breath_phase,safenest-node-01
65.4470,0.250000,S001,S001_BREATH_PACED_15_03,1,BREATH_PACED_15,16.00,0.8610,,MR60BHA2_breath_phase,safenest-node-01
65.5470,0.230000,S001,S001_BREATH_PACED_15_03,1,BREATH_PACED_15,16.00,0.8610,,MR60BHA2_breath_phase,safenest-node-01
65.6470,0.210000,S001,S001_BREATH_PACED_15_03,1,BREATH_PACED_15,16.00,0.8610,,MR60BHA2_breath_phase,safenest-node-01
65.7470,0.170000,S001,S001_BREATH_PACED_15_03,1,BREATH_PACED_15,17.00,0.8610,,MR60BHA2_breath_phase,safenest-node-01
65.8470,0.160000,S001,S001_BREATH_PACED_15_03,1,BREATH_PACED_15,17.00,0.8610,,MR60BHA2_breath_phase,safenest-node-01
65.9470,0.130000,S001,S001_BREATH_PACED_15_03,1,BREATH_PACED_15,17.00,0.8610,,MR60BHA2_breath_phase,safenest-node-01
66.0470,0.120000,S001,S001_BREATH_PACED_15_03,1,BREATH_PACED_15,18.00,0.8610,,MR60BHA2_breath_phase,safenest-node-01
66.1470,0.110000,S001,S001_BREATH_PACED_15_03,1,BREATH_PACED_15,18.00,0.8610,,MR60BHA2_breath_phase,safenest-node-01
66.2470,0.120000,S001,S001_BREATH_PACED_15_03,1,BREATH_PACED_15,18.00,0.8610,,MR60BHA2_breath_phase,safenest-node-01
66.3470,0.150000,S001,S001_BREATH_PACED_15_03,1,BREATH_PACED_15,18.00,0.8610,,MR60BHA2_breath_phase,safenest-node-01
66.4470,0.160000,S001,S001_BREATH_PACED_15_03,1,BREATH_PACED_15,19.00,0.8610,,MR60BHA2_breath_phase,safenest-node-01
66.5470,0.200000,S001,S001_BREATH_PACED_15_03,1,BREATH_PACED_15,19.00,0.8610,,MR60BHA2_breath_phase,safenest-node-01
66.6470,0.240000,S001,S001_BREATH_PACED_15_03,1,BREATH_PACED_15,19.00,0.8610,,MR60BHA2_breath_phase,safenest-node-01
66.7470,0.260000,S001,S001_BREATH_PACED_15_03,1,BREATH_PACED_15,19.00,0.8610,,MR60BHA2_breath_phase,safenest-node-01
66.8470,0.290000,S001,S001_BREATH_PACED_15_03,1,BREATH_PACED_15,19.00,0.8610,,MR60BHA2_breath_phase,safenest-node-01
66.9470,0.290000,S001,S001_BREATH_PACED_15_03,1,BREATH_PACED_15,19.00,0.8610,,MR60BHA2_breath_phase,safenest-node-01
67.0470,0.280000,S001,S001_BREATH_PACED_15_03,1,BREATH_PACED_15,19.00,0.8610,,MR60BHA2_breath_phase,safenest-node-01
67.1470,0.220000,S001,S001_BREATH_PACED_15_03,1,BREATH_PACED_15,19.00,0.8610,,MR60BHA2_breath_phase,safenest-node-01
67.2470,0.140000,S001,S001_BREATH_PACED_15_03,1,BREATH_PACED_15,19.00,0.8610,,MR60BHA2_breath_phase,safenest-node-01
67.3470,0.080000,S001,S001_BREATH_PACED_15_03,1,BREATH_PACED_15,19.00,0.8610,,MR60BHA2_breath_phase,safenest-node-01
67.4470,-0.050000,S001,S001_BREATH_PACED_15_03,1,BREATH_PACED_15,19.00,0.8610,,MR60BHA2_breath_phase,safenest-node-01
67.5470,-0.130000,S001,S001_BREATH_PACED_15_03,1,BREATH_PACED_15,19.00,0.8610,,MR60BHA2_breath_phase,safenest-node-01
67.6470,-0.290000,S001,S001_BREATH_PACED_15_03,1,BREATH_PACED_15,19.00,0.8610,,MR60BHA2_breath_phase,safenest-node-01
67.7470,-0.450000,S001,S001_BREATH_PACED_15_03,1,BREATH_PACED_15,19.00,0.8610,,MR60BHA2_breath_phase,safenest-node-01
67.8470,-0.610000,S001,S001_BREATH_PACED_15_03,1,BREATH_PACED_15,19.00,0.8610,,MR60BHA2_breath_phase,safenest-node-01
67.9470,-0.680000,S001,S001_BREATH_PACED_15_03,1,BREATH_PACED_15,19.00,0.8610,,MR60BHA2_breath_phase,safenest-node-01
68.0470,-0.800000,S001,S001_BREATH_PACED_15_03,1,BREATH_PACED_15,19.00,0.8610,,MR60BHA2_breath_phase,safenest-node-01
68.1470,-0.840000,S001,S001_BREATH_PACED_15_03,1,BREATH_PACED_15,19.00,0.8610,,MR60BHA2_breath_phase,safenest-node-01
68.2470,-0.900000,S001,S001_BREATH_PACED_15_03,1,BREATH_PACED_15,19.00,0.8610,,MR60BHA2_breath_phase,safenest-node-01
68.3470,-0.910000,S001,S001_BREATH_PACED_15_03,1,BREATH_PACED_15,19.00,0.8610,,MR60BHA2_breath_phase,safenest-node-01
68.4480,-0.880000,S001,S001_BREATH_PACED_15_03,1,BREATH_PACED_15,19.00,0.8610,,MR60BHA2_breath_phase,safenest-node-01
68.5480,-0.840000,S001,S001_BREATH_PACED_15_03,1,BREATH_PACED_15,19.00,0.8610,,MR60BHA2_breath_phase,safenest-node-01
68.6480,-0.740000,S001,S001_BREATH_PACED_15_03,1,BREATH_PACED_15,19.00,0.8610,,MR60BHA2_breath_phase,safenest-node-01
68.7480,-0.670000,S001,S001_BREATH_PACED_15_03,1,BREATH_PACED_15,19.00,0.8610,,MR60BHA2_breath_phase,safenest-node-01
68.8480,-0.520000,S001,S001_BREATH_PACED_15_03,1,BREATH_PACED_15,19.00,0.8610,,MR60BHA2_breath_phase,safenest-node-01
68.9480,-0.350000,S001,S001_BREATH_PACED_15_03,1,BREATH_PACED_15,19.00,0.8610,,MR60BHA2_breath_phase,safenest-node-01
69.0480,-0.260000,S001,S001_BREATH_PACED_15_03,1,BREATH_PACED_15,19.00,0.8610,,MR60BHA2_breath_phase,safenest-node-01
69.1480,-0.080000,S001,S001_BREATH_PACED_15_03,1,BREATH_PACED_15,19.00,0.8610,,MR60BHA2_breath_phase,safenest-node-01
69.2480,0.090000,S001,S001_BREATH_PACED_15_03,1,BREATH_PACED_15,19.00,0.8610,,MR60BHA2_breath_phase,safenest-node-01
69.3480,0.170000,S001,S001_BREATH_PACED_15_03,1,BREATH_PACED_15,19.00,0.8610,,MR60BHA2_breath_phase,safenest-node-01
69.4480,0.330000,S001,S001_BREATH_PACED_15_03,1,BREATH_PACED_15,19.00,0.8610,,MR60BHA2_breath_phase,safenest-node-01
69.5480,0.470000,S001,S001_BREATH_PACED_15_03,1,BREATH_PACED_15,19.00,0.8610,,MR60BHA2_breath_phase,safenest-node-01
69.6480,0.530000,S001,S001_BREATH_PACED_15_03,1,BREATH_PACED_15,19.00,0.8610,,MR60BHA2_breath_phase,safenest-node-01
69.7480,0.640000,S001,S001_BREATH_PACED_15_03,1,BREATH_PACED_15,19.00,0.8610,,MR60BHA2_breath_phase,safenest-node-01
69.8480,0.720000,S001,S001_BREATH_PACED_15_03,1,BREATH_PACED_15,19.00,0.8610,,MR60BHA2_breath_phase,safenest-node-01
69.9480,0.750000,S001,S001_BREATH_PACED_15_03,1,BREATH_PACED_15,19.00,0.8610,,MR60BHA2_breath_phase,safenest-node-01
70.0480,0.790000,S001,S001_BREATH_PACED_15_03,1,BREATH_PACED_15,19.00,0.8610,,MR60BHA2_breath_phase,safenest-node-01
70.1480,0.810000,S001,S001_BREATH_PACED_15_03,1,BREATH_PACED_15,19.00,0.8610,,MR60BHA2_breath_phase,safenest-node-01
70.2480,0.810000,S001,S001_BREATH_PACED_15_03,1,BREATH_PACED_15,19.00,0.8610,,MR60BHA2_breath_phase,safenest-node-01
70.3480,0.790000,S001,S001_BREATH_PACED_15_03,1,BREATH_PACED_15,19.00,0.8610,,MR60BHA2_breath_phase,safenest-node-01
70.4480,0.770000,S001,S001_BREATH_PACED_15_03,1,BREATH_PACED_15,19.00,0.8610,,MR60BHA2_breath_phase,safenest-node-01
70.5480,0.720000,S001,S001_BREATH_PACED_15_03,1,BREATH_PACED_15,19.00,0.8610,,MR60BHA2_breath_phase,safenest-node-01
70.6480,0.640000,S001,S001_BREATH_PACED_15_03,1,BREATH_PACED_15,19.00,0.8610,,MR60BHA2_breath_phase,safenest-node-01
70.7480,0.540000,S001,S001_BREATH_PACED_15_03,1,BREATH_PACED_15,19.00,0.8610,,MR60BHA2_breath_phase,safenest-node-01
70.8480,0.490000,S001,S001_BREATH_PACED_15_03,1,BREATH_PACED_15,19.00,0.8610,,MR60BHA2_breath_phase,safenest-node-01
70.9480,0.360000,S001,S001_BREATH_PACED_15_03,1,BREATH_PACED_15,19.00,0.8610,,MR60BHA2_breath_phase,safenest-node-01
71.0480,0.300000,S001,S001_BREATH_PACED_15_03,1,BREATH_PACED_15,18.00,0.8610,,MR60BHA2_breath_phase,safenest-node-01
71.1480,0.160000,S001,S001_BREATH_PACED_15_03,1,BREATH_PACED_15,18.00,0.8610,,MR60BHA2_breath_phase,safenest-node-01
71.2480,0.010000,S001,S001_BREATH_PACED_15_03,1,BREATH_PACED_15,18.00,0.8610,,MR60BHA2_breath_phase,safenest-node-01
71.3480,-0.130000,S001,S001_BREATH_PACED_15_03,1,BREATH_PACED_15,18.00,0.8610,,MR60BHA2_breath_phase,safenest-node-01
71.4480,-0.190000,S001,S001_BREATH_PACED_15_03,1,BREATH_PACED_15,18.00,0.8610,,MR60BHA2_breath_phase,safenest-node-01
71.5480,-0.310000,S001,S001_BREATH_PACED_15_03,1,BREATH_PACED_15,18.00,0.8610,,MR60BHA2_breath_phase,safenest-node-01
71.6480,-0.370000,S001,S001_BREATH_PACED_15_03,1,BREATH_PACED_15,18.00,0.8610,,MR60BHA2_breath_phase,safenest-node-01
71.7480,-0.470000,S001,S001_BREATH_PACED_15_03,1,BREATH_PACED_15,18.00,0.8610,,MR60BHA2_breath_phase,safenest-node-01
71.8480,-0.560000,S001,S001_BREATH_PACED_15_03,1,BREATH_PACED_15,18.00,0.8610,,MR60BHA2_breath_phase,safenest-node-01
71.9500,-0.630000,S001,S001_BREATH_PACED_15_03,1,BREATH_PACED_15,18.00,0.8610,,MR60BHA2_breath_phase,safenest-node-01
72.0500,-0.660000,S001,S001_BREATH_PACED_15_03,1,BREATH_PACED_15,18.00,0.8610,,MR60BHA2_breath_phase,safenest-node-01
72.1500,-0.690000,S001,S001_BREATH_PACED_15_03,1,BREATH_PACED_15,18.00,0.8610,,MR60BHA2_breath_phase,safenest-node-01
72.2500,-0.700000,S001,S001_BREATH_PACED_15_03,1,BREATH_PACED_15,18.00,0.8610,,MR60BHA2_breath_phase,safenest-node-01
72.3500,-0.700000,S001,S001_BREATH_PACED_15_03,1,BREATH_PACED_15,18.00,0.8610,,MR60BHA2_breath_phase,safenest-node-01
72.4500,-0.670000,S001,S001_BREATH_PACED_15_03,1,BREATH_PACED_15,18.00,0.8610,,MR60BHA2_breath_phase,safenest-node-01
72.5500,-0.650000,S001,S001_BREATH_PACED_15_03,1,BREATH_PACED_15,18.00,0.8610,,MR60BHA2_breath_phase,safenest-node-01
72.6500,-0.580000,S001,S001_BREATH_PACED_15_03,1,BREATH_PACED_15,18.00,0.8610,,MR60BHA2_breath_phase,safenest-node-01
72.7500,-0.490000,S001,S001_BREATH_PACED_15_03,1,BREATH_PACED_15,18.00,0.8610,,MR60BHA2_breath_phase,safenest-node-01
72.8500,-0.440000,S001,S001_BREATH_PACED_15_03,1,BREATH_PACED_15,18.00,0.8610,,MR60BHA2_breath_phase,safenest-node-01
72.9500,-0.310000,S001,S001_BREATH_PACED_15_03,1,BREATH_PACED_15,18.00,0.8610,,MR60BHA2_breath_phase,safenest-node-01
73.0500,-0.180000,S001,S001_BREATH_PACED_15_03,1,BREATH_PACED_15,18.00,0.8610,,MR60BHA2_breath_phase,safenest-node-01
73.1500,-0.100000,S001,S001_BREATH_PACED_15_03,1,BREATH_PACED_15,18.00,0.8610,,MR60BHA2_breath_phase,safenest-node-01
73.2500,0.040000,S001,S001_BREATH_PACED_15_03,1,BREATH_PACED_15,18.00,0.8610,,MR60BHA2_breath_phase,safenest-node-01
73.3500,0.110000,S001,S001_BREATH_PACED_15_03,1,BREATH_PACED_15,18.00,0.8610,,MR60BHA2_breath_phase,safenest-node-01
73.4500,0.230000,S001,S001_BREATH_PACED_15_03,1,BREATH_PACED_15,18.00,0.8610,,MR60BHA2_breath_phase,safenest-node-01
73.5500,0.340000,S001,S001_BREATH_PACED_15_03,1,BREATH_PACED_15,18.00,0.8610,,MR60BHA2_breath_phase,safenest-node-01
73.6500,0.430000,S001,S001_BREATH_PACED_15_03,1,BREATH_PACED_15,18.00,0.8610,,MR60BHA2_breath_phase,safenest-node-01
73.7500,0.470000,S001,S001_BREATH_PACED_15_03,1,BREATH_PACED_15,18.00,0.8610,,MR60BHA2_breath_phase,safenest-node-01
73.8500,0.530000,S001,S001_BREATH_PACED_15_03,1,BREATH_PACED_15,18.00,0.8610,,MR60BHA2_breath_phase,safenest-node-01
73.9500,0.550000,S001,S001_BREATH_PACED_15_03,1,BREATH_PACED_15,18.00,0.8610,,MR60BHA2_breath_phase,safenest-node-01
74.0500,0.580000,S001,S001_BREATH_PACED_15_03,1,BREATH_PACED_15,19.00,0.8610,,MR60BHA2_breath_phase,safenest-node-01
74.1500,0.590000,S001,S001_BREATH_PACED_15_03,1,BREATH_PACED_15,19.00,0.8610,,MR60BHA2_breath_phase,safenest-node-01
74.2520,0.590000,S001,S001_BREATH_PACED_15_03,1,BREATH_PACED_15,19.00,0.8610,,MR60BHA2_breath_phase,safenest-node-01
74.3520,0.580000,S001,S001_BREATH_PACED_15_03,1,BREATH_PACED_15,19.00,0.8610,,MR60BHA2_breath_phase,safenest-node-01
74.4520,0.550000,S001,S001_BREATH_PACED_15_03,1,BREATH_PACED_15,19.00,0.8610,,MR60BHA2_breath_phase,safenest-node-01
74.5520,0.530000,S001,S001_BREATH_PACED_15_03,1,BREATH_PACED_15,19.00,0.8610,,MR60BHA2_breath_phase,safenest-node-01
74.6520,0.480000,S001,S001_BREATH_PACED_15_03,1,BREATH_PACED_15,19.00,0.8610,,MR60BHA2_breath_phase,safenest-node-01
74.7520,0.410000,S001,S001_BREATH_PACED_15_03,1,BREATH_PACED_15,19.00,0.8610,,MR60BHA2_breath_phase,safenest-node-01
74.8520,0.370000,S001,S001_BREATH_PACED_15_03,1,BREATH_PACED_15,19.00,0.8610,,MR60BHA2_breath_phase,safenest-node-01
74.9520,0.290000,S001,S001_BREATH_PACED_15_03,1,BREATH_PACED_15,19.00,0.8610,,MR60BHA2_breath_phase,safenest-node-01
75.0520,0.200000,S001,S001_BREATH_PACED_15_03,1,BREATH_PACED_15,19.00,0.8610,,MR60BHA2_breath_phase,safenest-node-01
75.1520,0.160000,S001,S001_BREATH_PACED_15_03,1,BREATH_PACED_15,19.00,0.8610,,MR60BHA2_breath_phase,safenest-node-01
75.2520,0.070000,S001,S001_BREATH_PACED_15_03,1,BREATH_PACED_15,19.00,0.8610,,MR60BHA2_breath_phase,safenest-node-01
75.3520,-0.020000,S001,S001_BREATH_PACED_15_03,1,BREATH_PACED_15,19.00,0.8610,,MR60BHA2_breath_phase,safenest-node-01
75.4520,-0.100000,S001,S001_BREATH_PACED_15_03,1,BREATH_PACED_15,19.00,0.8610,,MR60BHA2_breath_phase,safenest-node-01
75.5520,-0.140000,S001,S001_BREATH_PACED_15_03,1,BREATH_PACED_15,19.00,0.8610,,MR60BHA2_breath_phase,safenest-node-01
75.6520,-0.210000,S001,S001_BREATH_PACED_15_03,1,BREATH_PACED_15,19.00,0.8610,,MR60BHA2_breath_phase,safenest-node-01
75.7520,-0.240000,S001,S001_BREATH_PACED_15_03,1,BREATH_PACED_15,19.00,0.8610,,MR60BHA2_breath_phase,safenest-node-01
75.8520,-0.290000,S001,S001_BREATH_PACED_15_03,1,BREATH_PACED_15,19.00,0.8610,,MR60BHA2_breath_phase,safenest-node-01
75.9520,-0.320000,S001,S001_BREATH_PACED_15_03,1,BREATH_PACED_15,19.00,0.8610,,MR60BHA2_breath_phase,safenest-node-01
76.0530,-0.340000,S001,S001_BREATH_PACED_15_03,1,BREATH_PACED_15,19.00,0.8610,,MR60BHA2_breath_phase,safenest-node-01
76.1530,-0.340000,S001,S001_BREATH_PACED_15_03,1,BREATH_PACED_15,19.00,0.8610,,MR60BHA2_breath_phase,safenest-node-01
76.2530,-0.340000,S001,S001_BREATH_PACED_15_03,1,BREATH_PACED_15,19.00,0.8610,,MR60BHA2_breath_phase,safenest-node-01
76.3530,-0.340000,S001,S001_BREATH_PACED_15_03,1,BREATH_PACED_15,19.00,0.8610,,MR60BHA2_breath_phase,safenest-node-01
76.4530,-0.320000,S001,S001_BREATH_PACED_15_03,1,BREATH_PACED_15,19.00,0.8610,,MR60BHA2_breath_phase,safenest-node-01
76.5530,-0.300000,S001,S001_BREATH_PACED_15_03,1,BREATH_PACED_15,19.00,0.8610,,MR60BHA2_breath_phase,safenest-node-01
76.6540,-0.280000,S001,S001_BREATH_PACED_15_03,1,BREATH_PACED_15,19.00,0.8610,,MR60BHA2_breath_phase,safenest-node-01
76.7540,-0.260000,S001,S001_BREATH_PACED_15_03,1,BREATH_PACED_15,19.00,0.8610,,MR60BHA2_breath_phase,safenest-node-01
76.8540,-0.240000,S001,S001_BREATH_PACED_15_03,1,BREATH_PACED_15,19.00,0.8610,,MR60BHA2_breath_phase,safenest-node-01
76.9540,-0.220000,S001,S001_BREATH_PACED_15_03,1,BREATH_PACED_15,19.00,0.8610,,MR60BHA2_breath_phase,safenest-node-01
77.0540,-0.200000,S001,S001_BREATH_PACED_15_03,1,BREATH_PACED_15,19.00,0.8610,,MR60BHA2_breath_phase,safenest-node-01
77.1540,-0.180000,S001,S001_BREATH_PACED_15_03,1,BREATH_PACED_15,19.00,0.8610,,MR60BHA2_breath_phase,safenest-node-01
77.2540,-0.170000,S001,S001_BREATH_PACED_15_03,1,BREATH_PACED_15,19.00,0.8610,,MR60BHA2_breath_phase,safenest-node-01
77.3540,-0.150000,S001,S001_BREATH_PACED_15_03,1,BREATH_PACED_15,19.00,0.8610,,MR60BHA2_breath_phase,safenest-node-01
77.4540,-0.130000,S001,S001_BREATH_PACED_15_03,1,BREATH_PACED_15,19.00,0.8610,,MR60BHA2_breath_phase,safenest-node-01
77.5540,-0.100000,S001,S001_BREATH_PACED_15_03,1,BREATH_PACED_15,19.00,0.8610,,MR60BHA2_breath_phase,safenest-node-01
77.6540,-0.070000,S001,S001_BREATH_PACED_15_03,1,BREATH_PACED_15,19.00,0.8610,,MR60BHA2_breath_phase,safenest-node-01
77.7540,-0.030000,S001,S001_BREATH_PACED_15_03,1,BREATH_PACED_15,19.00,0.8610,,MR60BHA2_breath_phase,safenest-node-01
77.8540,-0.010000,S001,S001_BREATH_PACED_15_03,1,BREATH_PACED_15,19.00,0.8610,,MR60BHA2_breath_phase,safenest-node-01
77.9540,0.040000,S001,S001_BREATH_PACED_15_03,1,BREATH_PACED_15,19.00,0.8610,,MR60BHA2_breath_phase,safenest-node-01
78.0540,0.060000,S001,S001_BREATH_PACED_15_03,1,BREATH_PACED_15,19.00,0.8610,,MR60BHA2_breath_phase,safenest-node-01
78.1540,0.100000,S001,S001_BREATH_PACED_15_03,1,BREATH_PACED_15,19.00,0.8610,,MR60BHA2_breath_phase,safenest-node-01
78.2540,0.140000,S001,S001_BREATH_PACED_15_03,1,BREATH_PACED_15,19.00,0.8610,,MR60BHA2_breath_phase,safenest-node-01
78.3550,0.170000,S001,S001_BREATH_PACED_15_03,1,BREATH_PACED_15,19.00,0.8610,,MR60BHA2_breath_phase,safenest-node-01
78.4550,0.190000,S001,S001_BREATH_PACED_15_03,1,BREATH_PACED_15,19.00,0.8610,,MR60BHA2_breath_phase,safenest-node-01
78.5550,0.230000,S001,S001_BREATH_PACED_15_03,1,BREATH_PACED_15,19.00,0.8610,,MR60BHA2_breath_phase,safenest-node-01
78.6550,0.250000,S001,S001_BREATH_PACED_15_03,1,BREATH_PACED_15,19.00,0.8610,,MR60BHA2_breath_phase,safenest-node-01
78.7550,0.280000,S001,S001_BREATH_PACED_15_03,1,BREATH_PACED_15,19.00,0.8610,,MR60BHA2_breath_phase,safenest-node-01
78.8550,0.310000,S001,S001_BREATH_PACED_15_03,1,BREATH_PACED_15,18.00,0.8610,,MR60BHA2_breath_phase,safenest-node-01
78.9550,0.320000,S001,S001_BREATH_PACED_15_03,1,BREATH_PACED_15,18.00,0.8610,,MR60BHA2_breath_phase,safenest-node-01
79.0550,0.340000,S001,S001_BREATH_PACED_15_03,1,BREATH_PACED_15,18.00,0.8610,,MR60BHA2_breath_phase,safenest-node-01
79.1550,0.350000,S001,S001_BREATH_PACED_15_03,1,BREATH_PACED_15,18.00,0.8610,,MR60BHA2_breath_phase,safenest-node-01
79.2550,0.340000,S001,S001_BREATH_PACED_15_03,1,BREATH_PACED_15,18.00,0.8610,,MR60BHA2_breath_phase,safenest-node-01
79.3550,0.310000,S001,S001_BREATH_PACED_15_03,1,BREATH_PACED_15,18.00,0.8610,,MR60BHA2_breath_phase,safenest-node-01
79.4550,0.260000,S001,S001_BREATH_PACED_15_03,1,BREATH_PACED_15,17.00,0.8610,,MR60BHA2_breath_phase,safenest-node-01
79.5560,0.220000,S001,S001_BREATH_PACED_15_03,1,BREATH_PACED_15,17.00,0.8610,,MR60BHA2_breath_phase,safenest-node-01
79.6560,0.140000,S001,S001_BREATH_PACED_15_03,1,BREATH_PACED_15,17.00,0.8610,,MR60BHA2_breath_phase,safenest-node-01
79.7560,0.090000,S001,S001_BREATH_PACED_15_03,1,BREATH_PACED_15,17.00,0.8610,,MR60BHA2_breath_phase,safenest-node-01
79.8560,-0.020000,S001,S001_BREATH_PACED_15_03,1,BREATH_PACED_15,17.00,0.8610,,MR60BHA2_breath_phase,safenest-node-01
79.9560,-0.130000,S001,S001_BREATH_PACED_15_03,1,BREATH_PACED_15,17.00,0.8610,,MR60BHA2_breath_phase,safenest-node-01
80.0560,-0.230000,S001,S001_BREATH_PACED_15_03,1,BREATH_PACED_15,17.00,0.8610,,MR60BHA2_breath_phase,safenest-node-01
80.1560,-0.280000,S001,S001_BREATH_PACED_15_03,1,BREATH_PACED_15,17.00,0.8610,,MR60BHA2_breath_phase,safenest-node-01
80.2560,-0.370000,S001,S001_BREATH_PACED_15_03,1,BREATH_PACED_15,17.00,0.8610,,MR60BHA2_breath_phase,safenest-node-01
80.3560,-0.410000,S001,S001_BREATH_PACED_15_03,1,BREATH_PACED_15,16.00,0.8610,,MR60BHA2_breath_phase,safenest-node-01
80.4560,-0.460000,S001,S001_BREATH_PACED_15_03,1,BREATH_PACED_15,16.00,0.8610,,MR60BHA2_breath_phase,safenest-node-01
80.5560,-0.480000,S001,S001_BREATH_PACED_15_03,1,BREATH_PACED_15,16.00,0.8610,,MR60BHA2_breath_phase,safenest-node-01
80.6560,-0.480000,S001,S001_BREATH_PACED_15_03,1,BREATH_PACED_15,16.00,0.8610,,MR60BHA2_breath_phase,safenest-node-01
80.7560,-0.460000,S001,S001_BREATH_PACED_15_03,1,BREATH_PACED_15,16.00,0.8610,,MR60BHA2_breath_phase,safenest-node-01
80.8560,-0.420000,S001,S001_BREATH_PACED_15_03,1,BREATH_PACED_15,16.00,0.8610,,MR60BHA2_breath_phase,safenest-node-01
80.9560,-0.390000,S001,S001_BREATH_PACED_15_03,1,BREATH_PACED_15,16.00,0.8610,,MR60BHA2_breath_phase,safenest-node-01
81.0560,-0.300000,S001,S001_BREATH_PACED_15_03,1,BREATH_PACED_15,16.00,0.8610,,MR60BHA2_breath_phase,safenest-node-01
81.1560,-0.200000,S001,S001_BREATH_PACED_15_03,1,BREATH_PACED_15,16.00,0.8610,,MR60BHA2_breath_phase,safenest-node-01
81.2560,-0.080000,S001,S001_BREATH_PACED_15_03,1,BREATH_PACED_15,16.00,0.8610,,MR60BHA2_breath_phase,safenest-node-01
81.3560,-0.020000,S001,S001_BREATH_PACED_15_03,1,BREATH_PACED_15,16.00,0.8610,,MR60BHA2_breath_phase,safenest-node-01
81.4560,0.100000,S001,S001_BREATH_PACED_15_03,1,BREATH_PACED_15,16.00,0.8610,,MR60BHA2_breath_phase,safenest-node-01
81.5560,0.160000,S001,S001_BREATH_PACED_15_03,1,BREATH_PACED_15,16.00,0.8610,,MR60BHA2_breath_phase,safenest-node-01
81.6560,0.260000,S001,S001_BREATH_PACED_15_03,1,BREATH_PACED_15,16.00,0.8610,,MR60BHA2_breath_phase,safenest-node-01
81.7560,0.340000,S001,S001_BREATH_PACED_15_03,1,BREATH_PACED_15,17.00,0.8610,,MR60BHA2_breath_phase,safenest-node-01
81.8560,0.400000,S001,S001_BREATH_PACED_15_03,1,BREATH_PACED_15,17.00,0.8610,,MR60BHA2_breath_phase,safenest-node-01
81.9560,0.410000,S001,S001_BREATH_PACED_15_03,1,BREATH_PACED_15,17.00,0.8610,,MR60BHA2_breath_phase,safenest-node-01
82.0560,0.410000,S001,S001_BREATH_PACED_15_03,1,BREATH_PACED_15,17.00,0.8610,,MR60BHA2_breath_phase,safenest-node-01
82.1560,0.400000,S001,S001_BREATH_PACED_15_03,1,BREATH_PACED_15,17.00,0.8610,,MR60BHA2_breath_phase,safenest-node-01
82.2560,0.350000,S001,S001_BREATH_PACED_15_03,1,BREATH_PACED_15,17.00,0.8610,,MR60BHA2_breath_phase,safenest-node-01
82.3560,0.280000,S001,S001_BREATH_PACED_15_03,1,BREATH_PACED_15,17.00,0.8610,,MR60BHA2_breath_phase,safenest-node-01
82.4560,0.230000,S001,S001_BREATH_PACED_15_03,1,BREATH_PACED_15,17.00,0.8610,,MR60BHA2_breath_phase,safenest-node-01
82.5560,0.120000,S001,S001_BREATH_PACED_15_03,1,BREATH_PACED_15,17.00,0.8610,,MR60BHA2_breath_phase,safenest-node-01
82.6560,0.010000,S001,S001_BREATH_PACED_15_03,1,BREATH_PACED_15,17.00,0.8610,,MR60BHA2_breath_phase,safenest-node-01
82.7560,-0.050000,S001,S001_BREATH_PACED_15_03,1,BREATH_PACED_15,17.00,0.8610,,MR60BHA2_breath_phase,safenest-node-01
82.8560,-0.170000,S001,S001_BREATH_PACED_15_03,1,BREATH_PACED_15,17.00,0.8610,,MR60BHA2_breath_phase,safenest-node-01
82.9560,-0.280000,S001,S001_BREATH_PACED_15_03,1,BREATH_PACED_15,17.00,0.8610,,MR60BHA2_breath_phase,safenest-node-01
83.0570,-0.330000,S001,S001_BREATH_PACED_15_03,1,BREATH_PACED_15,17.00,0.8610,,MR60BHA2_breath_phase,safenest-node-01
83.1570,-0.410000,S001,S001_BREATH_PACED_15_03,1,BREATH_PACED_15,18.00,0.8610,,MR60BHA2_breath_phase,safenest-node-01
83.2570,-0.460000,S001,S001_BREATH_PACED_15_03,1,BREATH_PACED_15,18.00,0.8610,,MR60BHA2_breath_phase,safenest-node-01
83.3570,-0.480000,S001,S001_BREATH_PACED_15_03,1,BREATH_PACED_15,18.00,0.8610,,MR60BHA2_breath_phase,safenest-node-01
83.4570,-0.490000,S001,S001_BREATH_PACED_15_03,1,BREATH_PACED_15,18.00,0.8610,,MR60BHA2_breath_phase,safenest-node-01
83.5570,-0.460000,S001,S001_BREATH_PACED_15_03,1,BREATH_PACED_15,18.00,0.8610,,MR60BHA2_breath_phase,safenest-node-01
83.6570,-0.440000,S001,S001_BREATH_PACED_15_03,1,BREATH_PACED_15,18.00,0.8610,,MR60BHA2_breath_phase,safenest-node-01
83.7570,-0.370000,S001,S001_BREATH_PACED_15_03,1,BREATH_PACED_15,18.00,0.8610,,MR60BHA2_breath_phase,safenest-node-01
83.8570,-0.330000,S001,S001_BREATH_PACED_15_03,1,BREATH_PACED_15,18.00,0.8610,,MR60BHA2_breath_phase,safenest-node-01
83.9570,-0.240000,S001,S001_BREATH_PACED_15_03,1,BREATH_PACED_15,19.00,0.8610,,MR60BHA2_breath_phase,safenest-node-01
84.0570,-0.140000,S001,S001_BREATH_PACED_15_03,1,BREATH_PACED_15,19.00,0.8610,,MR60BHA2_breath_phase,safenest-node-01
84.1570,-0.040000,S001,S001_BREATH_PACED_15_03,1,BREATH_PACED_15,19.00,0.8610,,MR60BHA2_breath_phase,safenest-node-01
84.2570,0.000000,S001,S001_BREATH_PACED_15_03,1,BREATH_PACED_15,19.00,0.8610,,MR60BHA2_breath_phase,safenest-node-01
84.3570,0.090000,S001,S001_BREATH_PACED_15_03,1,BREATH_PACED_15,19.00,0.8610,,MR60BHA2_breath_phase,safenest-node-01
84.4570,0.120000,S001,S001_BREATH_PACED_15_03,1,BREATH_PACED_15,19.00,0.8610,,MR60BHA2_breath_phase,safenest-node-01
84.5570,0.180000,S001,S001_BREATH_PACED_15_03,1,BREATH_PACED_15,20.00,0.8610,,MR60BHA2_breath_phase,safenest-node-01
84.6570,0.220000,S001,S001_BREATH_PACED_15_03,1,BREATH_PACED_15,20.00,0.8610,,MR60BHA2_breath_phase,safenest-node-01
84.7570,0.250000,S001,S001_BREATH_PACED_15_03,1,BREATH_PACED_15,20.00,0.8610,,MR60BHA2_breath_phase,safenest-node-01
84.8570,0.260000,S001,S001_BREATH_PACED_15_03,1,BREATH_PACED_15,20.00,0.8610,,MR60BHA2_breath_phase,safenest-node-01
84.9570,0.260000,S001,S001_BREATH_PACED_15_03,1,BREATH_PACED_15,20.00,0.8610,,MR60BHA2_breath_phase,safenest-node-01
85.0570,0.270000,S001,S001_BREATH_PACED_15_03,1,BREATH_PACED_15,20.00,0.8610,,MR60BHA2_breath_phase,safenest-node-01
85.1570,0.270000,S001,S001_BREATH_PACED_15_03,1,BREATH_PACED_15,21.00,0.8610,,MR60BHA2_breath_phase,safenest-node-01
85.2570,0.280000,S001,S001_BREATH_PACED_15_03,1,BREATH_PACED_15,21.00,0.8610,,MR60BHA2_breath_phase,safenest-node-01
85.3570,0.290000,S001,S001_BREATH_PACED_15_03,1,BREATH_PACED_15,21.00,0.8610,,MR60BHA2_breath_phase,safenest-node-01
85.4570,0.300000,S001,S001_BREATH_PACED_15_03,1,BREATH_PACED_15,21.00,0.8610,,MR60BHA2_breath_phase,safenest-node-01
85.5570,0.320000,S001,S001_BREATH_PACED_15_03,1,BREATH_PACED_15,21.00,0.8610,,MR60BHA2_breath_phase,safenest-node-01
85.6570,0.330000,S001,S001_BREATH_PACED_15_03,1,BREATH_PACED_15,21.00,0.8610,,MR60BHA2_breath_phase,safenest-node-01
85.7570,0.350000,S001,S001_BREATH_PACED_15_03,1,BREATH_PACED_15,21.00,0.8610,,MR60BHA2_breath_phase,safenest-node-01
85.8570,0.360000,S001,S001_BREATH_PACED_15_03,1,BREATH_PACED_15,21.00,0.8610,,MR60BHA2_breath_phase,safenest-node-01
85.9590,0.350000,S001,S001_BREATH_PACED_15_03,1,BREATH_PACED_15,21.00,0.8610,,MR60BHA2_breath_phase,safenest-node-01
86.0590,0.350000,S001,S001_BREATH_PACED_15_03,1,BREATH_PACED_15,21.00,0.8610,,MR60BHA2_breath_phase,safenest-node-01
86.1590,0.320000,S001,S001_BREATH_PACED_15_03,1,BREATH_PACED_15,22.00,0.8610,,MR60BHA2_breath_phase,safenest-node-01
86.2590,0.290000,S001,S001_BREATH_PACED_15_03,1,BREATH_PACED_15,22.00,0.8610,,MR60BHA2_breath_phase,safenest-node-01
86.3590,0.240000,S001,S001_BREATH_PACED_15_03,1,BREATH_PACED_15,22.00,0.8610,,MR60BHA2_breath_phase,safenest-node-01
86.4590,0.160000,S001,S001_BREATH_PACED_15_03,1,BREATH_PACED_15,22.00,0.8610,,MR60BHA2_breath_phase,safenest-node-01
86.5590,0.120000,S001,S001_BREATH_PACED_15_03,1,BREATH_PACED_15,22.00,0.8610,,MR60BHA2_breath_phase,safenest-node-01
86.6590,0.030000,S001,S001_BREATH_PACED_15_03,1,BREATH_PACED_15,22.00,0.8610,,MR60BHA2_breath_phase,safenest-node-01
86.7590,-0.070000,S001,S001_BREATH_PACED_15_03,1,BREATH_PACED_15,22.00,0.8610,,MR60BHA2_breath_phase,safenest-node-01
86.8590,-0.110000,S001,S001_BREATH_PACED_15_03,1,BREATH_PACED_15,22.00,0.8610,,MR60BHA2_breath_phase,safenest-node-01
86.9590,-0.200000,S001,S001_BREATH_PACED_15_03,1,BREATH_PACED_15,22.00,0.8610,,MR60BHA2_breath_phase,safenest-node-01
87.0590,-0.270000,S001,S001_BREATH_PACED_15_03,1,BREATH_PACED_15,22.00,0.8610,,MR60BHA2_breath_phase,safenest-node-01
87.1590,-0.300000,S001,S001_BREATH_PACED_15_03,1,BREATH_PACED_15,22.00,0.8610,,MR60BHA2_breath_phase,safenest-node-01
87.2590,-0.350000,S001,S001_BREATH_PACED_15_03,1,BREATH_PACED_15,22.00,0.8610,,MR60BHA2_breath_phase,safenest-node-01
87.3590,-0.370000,S001,S001_BREATH_PACED_15_03,1,BREATH_PACED_15,22.00,0.8610,,MR60BHA2_breath_phase,safenest-node-01
87.4590,-0.380000,S001,S001_BREATH_PACED_15_03,1,BREATH_PACED_15,22.00,0.8610,,MR60BHA2_breath_phase,safenest-node-01
87.5590,-0.370000,S001,S001_BREATH_PACED_15_03,1,BREATH_PACED_15,22.00,0.8610,,MR60BHA2_breath_phase,safenest-node-01
87.6590,-0.340000,S001,S001_BREATH_PACED_15_03,1,BREATH_PACED_15,22.00,0.8610,,MR60BHA2_breath_phase,safenest-node-01
87.7600,-0.320000,S001,S001_BREATH_PACED_15_03,1,BREATH_PACED_15,22.00,0.8610,,MR60BHA2_breath_phase,safenest-node-01
87.8600,-0.280000,S001,S001_BREATH_PACED_15_03,1,BREATH_PACED_15,21.00,0.8610,,MR60BHA2_breath_phase,safenest-node-01
87.9610,-0.240000,S001,S001_BREATH_PACED_15_03,1,BREATH_PACED_15,21.00,0.8610,,MR60BHA2_breath_phase,safenest-node-01
88.0610,-0.220000,S001,S001_BREATH_PACED_15_03,1,BREATH_PACED_15,21.00,0.8610,,MR60BHA2_breath_phase,safenest-node-01
88.1610,-0.170000,S001,S001_BREATH_PACED_15_03,1,BREATH_PACED_15,21.00,0.8610,,MR60BHA2_breath_phase,safenest-node-01
88.2610,-0.130000,S001,S001_BREATH_PACED_15_03,1,BREATH_PACED_15,21.00,0.8610,,MR60BHA2_breath_phase,safenest-node-01
88.3610,-0.110000,S001,S001_BREATH_PACED_15_03,1,BREATH_PACED_15,21.00,0.8610,,MR60BHA2_breath_phase,safenest-node-01
88.4610,-0.060000,S001,S001_BREATH_PACED_15_03,1,BREATH_PACED_15,21.00,0.8610,,MR60BHA2_breath_phase,safenest-node-01
88.5610,-0.040000,S001,S001_BREATH_PACED_15_03,1,BREATH_PACED_15,21.00,0.8610,,MR60BHA2_breath_phase,safenest-node-01
88.6610,0.000000,S001,S001_BREATH_PACED_15_03,1,BREATH_PACED_15,21.00,0.8610,,MR60BHA2_breath_phase,safenest-node-01
88.7610,0.040000,S001,S001_BREATH_PACED_15_03,1,BREATH_PACED_15,21.00,0.8610,,MR60BHA2_breath_phase,safenest-node-01
88.8610,0.080000,S001,S001_BREATH_PACED_15_03,1,BREATH_PACED_15,20.00,0.8610,,MR60BHA2_breath_phase,safenest-node-01
88.9610,0.110000,S001,S001_BREATH_PACED_15_03,1,BREATH_PACED_15,20.00,0.8610,,MR60BHA2_breath_phase,safenest-node-01
89.0610,0.150000,S001,S001_BREATH_PACED_15_03,1,BREATH_PACED_15,20.00,0.8610,,MR60BHA2_breath_phase,safenest-node-01
89.1610,0.170000,S001,S001_BREATH_PACED_15_03,1,BREATH_PACED_15,20.00,0.8610,,MR60BHA2_breath_phase,safenest-node-01
89.2610,0.220000,S001,S001_BREATH_PACED_15_03,1,BREATH_PACED_15,20.00,0.8610,,MR60BHA2_breath_phase,safenest-node-01
89.3610,0.270000,S001,S001_BREATH_PACED_15_03,1,BREATH_PACED_15,20.00,0.8610,,MR60BHA2_breath_phase,safenest-node-01
89.4610,0.320000,S001,S001_BREATH_PACED_15_03,1,BREATH_PACED_15,20.00,0.8610,,MR60BHA2_breath_phase,safenest-node-01
89.5610,0.340000,S001,S001_BREATH_PACED_15_03,1,BREATH_PACED_15,20.00,0.8610,,MR60BHA2_breath_phase,safenest-node-01
89.6610,0.390000,S001,S001_BREATH_PACED_15_03,1,BREATH_PACED_15,20.00,0.8610,,MR60BHA2_breath_phase,safenest-node-01
89.7610,0.410000,S001,S001_BREATH_PACED_15_03,1,BREATH_PACED_15,20.00,0.8610,,MR60BHA2_breath_phase,safenest-node-01
89.8610,0.440000,S001,S001_BREATH_PACED_15_03,1,BREATH_PACED_15,20.00,0.8610,,MR60BHA2_breath_phase,safenest-node-01
89.9610,0.450000,S001,S001_BREATH_PACED_15_03,1,BREATH_PACED_15,20.00,0.8610,,MR60BHA2_breath_phase,safenest-node-01
90.0610,0.450000,S001,S001_BREATH_PACED_15_03,1,BREATH_PACED_15,20.00,0.8610,,MR60BHA2_breath_phase,safenest-node-01
90.1610,0.440000,S001,S001_BREATH_PACED_15_03,1,BREATH_PACED_15,20.00,0.8610,,MR60BHA2_breath_phase,safenest-node-01
90.2610,0.400000,S001,S001_BREATH_PACED_15_03,1,BREATH_PACED_15,20.00,0.8610,,MR60BHA2_breath_phase,safenest-node-01
90.3610,0.380000,S001,S001_BREATH_PACED_15_03,1,BREATH_PACED_15,19.00,0.8610,,MR60BHA2_breath_phase,safenest-node-01
90.4610,0.310000,S001,S001_BREATH_PACED_15_03,1,BREATH_PACED_15,19.00,0.8610,,MR60BHA2_breath_phase,safenest-node-01
90.5610,0.220000,S001,S001_BREATH_PACED_15_03,1,BREATH_PACED_15,19.00,0.8610,,MR60BHA2_breath_phase,safenest-node-01
90.6620,0.170000,S001,S001_BREATH_PACED_15_03,1,BREATH_PACED_15,19.00,0.8610,,MR60BHA2_breath_phase,safenest-node-01
90.7620,0.060000,S001,S001_BREATH_PACED_15_03,1,BREATH_PACED_15,19.00,0.8610,,MR60BHA2_breath_phase,safenest-node-01
90.8620,-0.060000,S001,S001_BREATH_PACED_15_03,1,BREATH_PACED_15,18.00,0.8610,,MR60BHA2_breath_phase,safenest-node-01
90.9620,-0.130000,S001,S001_BREATH_PACED_15_03,1,BREATH_PACED_15,18.00,0.8610,,MR60BHA2_breath_phase,safenest-node-01
91.0620,-0.250000,S001,S001_BREATH_PACED_15_03,1,BREATH_PACED_15,18.00,0.8610,,MR60BHA2_breath_phase,safenest-node-01
91.1620,-0.360000,S001,S001_BREATH_PACED_15_03,1,BREATH_PACED_15,18.00,0.8610,,MR60BHA2_breath_phase,safenest-node-01
91.2620,-0.410000,S001,S001_BREATH_PACED_15_03,1,BREATH_PACED_15,18.00,0.8610,,MR60BHA2_breath_phase,safenest-node-01
91.3620,-0.500000,S001,S001_BREATH_PACED_15_03,1,BREATH_PACED_15,18.00,0.8610,,MR60BHA2_breath_phase,safenest-node-01
91.4620,-0.530000,S001,S001_BREATH_PACED_15_03,1,BREATH_PACED_15,18.00,0.8610,,MR60BHA2_breath_phase,safenest-node-01
91.5620,-0.580000,S001,S001_BREATH_PACED_15_03,1,BREATH_PACED_15,18.00,0.8610,,MR60BHA2_breath_phase,safenest-node-01
91.6620,-0.600000,S001,S001_BREATH_PACED_15_03,1,BREATH_PACED_15,18.00,0.8610,,MR60BHA2_breath_phase,safenest-node-01
91.7620,-0.580000,S001,S001_BREATH_PACED_15_03,1,BREATH_PACED_15,18.00,0.8610,,MR60BHA2_breath_phase,safenest-node-01
91.8620,-0.560000,S001,S001_BREATH_PACED_15_03,1,BREATH_PACED_15,18.00,0.8610,,MR60BHA2_breath_phase,safenest-node-01
91.9620,-0.510000,S001,S001_BREATH_PACED_15_03,1,BREATH_PACED_15,18.00,0.8610,,MR60BHA2_breath_phase,safenest-node-01
92.0620,-0.470000,S001,S001_BREATH_PACED_15_03,1,BREATH_PACED_15,18.00,0.8610,,MR60BHA2_breath_phase,safenest-node-01
92.1620,-0.380000,S001,S001_BREATH_PACED_15_03,1,BREATH_PACED_15,18.00,0.8610,,MR60BHA2_breath_phase,safenest-node-01
92.2620,-0.290000,S001,S001_BREATH_PACED_15_03,1,BREATH_PACED_15,18.00,0.8610,,MR60BHA2_breath_phase,safenest-node-01
92.3640,-0.180000,S001,S001_BREATH_PACED_15_03,1,BREATH_PACED_15,18.00,0.8610,,MR60BHA2_breath_phase,safenest-node-01
92.4640,-0.130000,S001,S001_BREATH_PACED_15_03,1,BREATH_PACED_15,18.00,0.8610,,MR60BHA2_breath_phase,safenest-node-01
92.5640,-0.030000,S001,S001_BREATH_PACED_15_03,1,BREATH_PACED_15,18.00,0.8610,,MR60BHA2_breath_phase,safenest-node-01
92.6640,0.020000,S001,S001_BREATH_PACED_15_03,1,BREATH_PACED_15,18.00,0.8610,,MR60BHA2_breath_phase,safenest-node-01
92.7640,0.100000,S001,S001_BREATH_PACED_15_03,1,BREATH_PACED_15,19.00,0.8610,,MR60BHA2_breath_phase,safenest-node-01
92.8640,0.160000,S001,S001_BREATH_PACED_15_03,1,BREATH_PACED_15,19.00,0.8610,,MR60BHA2_breath_phase,safenest-node-01
92.9640,0.190000,S001,S001_BREATH_PACED_15_03,1,BREATH_PACED_15,19.00,0.8610,,MR60BHA2_breath_phase,safenest-node-01
93.0640,0.230000,S001,S001_BREATH_PACED_15_03,1,BREATH_PACED_15,19.00,0.8610,,MR60BHA2_breath_phase,safenest-node-01
93.1640,0.260000,S001,S001_BREATH_PACED_15_03,1,BREATH_PACED_15,19.00,0.8610,,MR60BHA2_breath_phase,safenest-node-01
93.2640,0.270000,S001,S001_BREATH_PACED_15_03,1,BREATH_PACED_15,19.00,0.8610,,MR60BHA2_breath_phase,safenest-node-01
93.3640,0.290000,S001,S001_BREATH_PACED_15_03,1,BREATH_PACED_15,19.00,0.8610,,MR60BHA2_breath_phase,safenest-node-01
93.4640,0.300000,S001,S001_BREATH_PACED_15_03,1,BREATH_PACED_15,19.00,0.8610,,MR60BHA2_breath_phase,safenest-node-01
93.5640,0.310000,S001,S001_BREATH_PACED_15_03,1,BREATH_PACED_15,19.00,0.8610,,MR60BHA2_breath_phase,safenest-node-01
93.6640,0.310000,S001,S001_BREATH_PACED_15_03,1,BREATH_PACED_15,19.00,0.8610,,MR60BHA2_breath_phase,safenest-node-01
93.7640,0.310000,S001,S001_BREATH_PACED_15_03,1,BREATH_PACED_15,19.00,0.8610,,MR60BHA2_breath_phase,safenest-node-01
93.8640,0.310000,S001,S001_BREATH_PACED_15_03,1,BREATH_PACED_15,19.00,0.8610,,MR60BHA2_breath_phase,safenest-node-01
93.9640,0.300000,S001,S001_BREATH_PACED_15_03,1,BREATH_PACED_15,19.00,0.8610,,MR60BHA2_breath_phase,safenest-node-01
94.0640,0.290000,S001,S001_BREATH_PACED_15_03,1,BREATH_PACED_15,19.00,0.8610,,MR60BHA2_breath_phase,safenest-node-01
94.1640,0.280000,S001,S001_BREATH_PACED_15_03,1,BREATH_PACED_15,19.00,0.8610,,MR60BHA2_breath_phase,safenest-node-01
94.2640,0.260000,S001,S001_BREATH_PACED_15_03,1,BREATH_PACED_15,19.00,0.8610,,MR60BHA2_breath_phase,safenest-node-01
94.3640,0.240000,S001,S001_BREATH_PACED_15_03,1,BREATH_PACED_15,19.00,0.8610,,MR60BHA2_breath_phase,safenest-node-01
94.4640,0.200000,S001,S001_BREATH_PACED_15_03,1,BREATH_PACED_15,19.00,0.8610,,MR60BHA2_breath_phase,safenest-node-01
94.5640,0.140000,S001,S001_BREATH_PACED_15_03,1,BREATH_PACED_15,19.00,0.8610,,MR60BHA2_breath_phase,safenest-node-01
94.6640,0.070000,S001,S001_BREATH_PACED_15_03,1,BREATH_PACED_15,19.00,0.8610,,MR60BHA2_breath_phase,safenest-node-01
94.7640,0.030000,S001,S001_BREATH_PACED_15_03,1,BREATH_PACED_15,19.00,0.8610,,MR60BHA2_breath_phase,safenest-node-01
94.8640,-0.060000,S001,S001_BREATH_PACED_15_03,1,BREATH_PACED_15,19.00,0.8610,,MR60BHA2_breath_phase,safenest-node-01
94.9640,-0.110000,S001,S001_BREATH_PACED_15_03,1,BREATH_PACED_15,19.00,0.8610,,MR60BHA2_breath_phase,safenest-node-01
95.0640,-0.200000,S001,S001_BREATH_PACED_15_03,1,BREATH_PACED_15,19.00,0.8610,,MR60BHA2_breath_phase,safenest-node-01
95.1640,-0.290000,S001,S001_BREATH_PACED_15_03,1,BREATH_PACED_15,19.00,0.8610,,MR60BHA2_breath_phase,safenest-node-01
95.2640,-0.370000,S001,S001_BREATH_PACED_15_03,1,BREATH_PACED_15,19.00,0.8610,,MR60BHA2_breath_phase,safenest-node-01
95.3640,-0.410000,S001,S001_BREATH_PACED_15_03,1,BREATH_PACED_15,19.00,0.8610,,MR60BHA2_breath_phase,safenest-node-01
95.4640,-0.470000,S001,S001_BREATH_PACED_15_03,1,BREATH_PACED_15,19.00,0.8610,,MR60BHA2_breath_phase,safenest-node-01
95.5640,-0.490000,S001,S001_BREATH_PACED_15_03,1,BREATH_PACED_15,19.00,0.8610,,MR60BHA2_breath_phase,safenest-node-01
95.6640,-0.510000,S001,S001_BREATH_PACED_15_03,1,BREATH_PACED_15,19.00,0.8610,,MR60BHA2_breath_phase,safenest-node-01
95.7640,-0.500000,S001,S001_BREATH_PACED_15_03,1,BREATH_PACED_15,19.00,0.8610,,MR60BHA2_breath_phase,safenest-node-01
95.8650,-0.470000,S001,S001_BREATH_PACED_15_03,1,BREATH_PACED_15,19.00,0.8610,,MR60BHA2_breath_phase,safenest-node-01
95.9650,-0.450000,S001,S001_BREATH_PACED_15_03,1,BREATH_PACED_15,19.00,0.8610,,MR60BHA2_breath_phase,safenest-node-01
96.0650,-0.380000,S001,S001_BREATH_PACED_15_03,1,BREATH_PACED_15,19.00,0.8610,,MR60BHA2_breath_phase,safenest-node-01
96.1650,-0.340000,S001,S001_BREATH_PACED_15_03,1,BREATH_PACED_15,19.00,0.8610,,MR60BHA2_breath_phase,safenest-node-01
96.2650,-0.250000,S001,S001_BREATH_PACED_15_03,1,BREATH_PACED_15,19.00,0.8610,,MR60BHA2_breath_phase,safenest-node-01
96.3650,-0.160000,S001,S001_BREATH_PACED_15_03,1,BREATH_PACED_15,19.00,0.8610,,MR60BHA2_breath_phase,safenest-node-01
96.4650,-0.120000,S001,S001_BREATH_PACED_15_03,1,BREATH_PACED_15,19.00,0.8610,,MR60BHA2_breath_phase,safenest-node-01
96.5650,-0.030000,S001,S001_BREATH_PACED_15_03,1,BREATH_PACED_15,19.00,0.8610,,MR60BHA2_breath_phase,safenest-node-01
96.6650,0.040000,S001,S001_BREATH_PACED_15_03,1,BREATH_PACED_15,19.00,0.8610,,MR60BHA2_breath_phase,safenest-node-01
96.7650,0.070000,S001,S001_BREATH_PACED_15_03,1,BREATH_PACED_15,19.00,0.8610,,MR60BHA2_breath_phase,safenest-node-01
96.8650,0.130000,S001,S001_BREATH_PACED_15_03,1,BREATH_PACED_15,19.00,0.8610,,MR60BHA2_breath_phase,safenest-node-01
96.9650,0.170000,S001,S001_BREATH_PACED_15_03,1,BREATH_PACED_15,19.00,0.8610,,MR60BHA2_breath_phase,safenest-node-01
97.0650,0.180000,S001,S001_BREATH_PACED_15_03,1,BREATH_PACED_15,19.00,0.8610,,MR60BHA2_breath_phase,safenest-node-01
97.1650,0.200000,S001,S001_BREATH_PACED_15_03,1,BREATH_PACED_15,19.00,0.8610,,MR60BHA2_breath_phase,safenest-node-01
97.2650,0.200000,S001,S001_BREATH_PACED_15_03,1,BREATH_PACED_15,19.00,0.8610,,MR60BHA2_breath_phase,safenest-node-01
97.3650,0.200000,S001,S001_BREATH_PACED_15_03,1,BREATH_PACED_15,19.00,0.8610,,MR60BHA2_breath_phase,safenest-node-01
97.4650,0.190000,S001,S001_BREATH_PACED_15_03,1,BREATH_PACED_15,19.00,0.8610,,MR60BHA2_breath_phase,safenest-node-01
97.5650,0.180000,S001,S001_BREATH_PACED_15_03,1,BREATH_PACED_15,19.00,0.8610,,MR60BHA2_breath_phase,safenest-node-01
97.6650,0.160000,S001,S001_BREATH_PACED_15_03,1,BREATH_PACED_15,19.00,0.8610,,MR60BHA2_breath_phase,safenest-node-01
97.7650,0.150000,S001,S001_BREATH_PACED_15_03,1,BREATH_PACED_15,19.00,0.8610,,MR60BHA2_breath_phase,safenest-node-01
97.8650,0.140000,S001,S001_BREATH_PACED_15_03,1,BREATH_PACED_15,19.00,0.8610,,MR60BHA2_breath_phase,safenest-node-01
97.9650,0.130000,S001,S001_BREATH_PACED_15_03,1,BREATH_PACED_15,19.00,0.8610,,MR60BHA2_breath_phase,safenest-node-01
98.0660,0.130000,S001,S001_BREATH_PACED_15_03,1,BREATH_PACED_15,19.00,0.8610,,MR60BHA2_breath_phase,safenest-node-01
98.1660,0.140000,S001,S001_BREATH_PACED_15_03,1,BREATH_PACED_15,19.00,0.8610,,MR60BHA2_breath_phase,safenest-node-01
98.2660,0.170000,S001,S001_BREATH_PACED_15_03,1,BREATH_PACED_15,19.00,0.8610,,MR60BHA2_breath_phase,safenest-node-01
98.3660,0.180000,S001,S001_BREATH_PACED_15_03,1,BREATH_PACED_15,19.00,0.8610,,MR60BHA2_breath_phase,safenest-node-01
98.4660,0.230000,S001,S001_BREATH_PACED_15_03,1,BREATH_PACED_15,19.00,0.8610,,MR60BHA2_breath_phase,safenest-node-01
98.5660,0.270000,S001,S001_BREATH_PACED_15_03,1,BREATH_PACED_15,19.00,0.8610,,MR60BHA2_breath_phase,safenest-node-01
98.6670,0.290000,S001,S001_BREATH_PACED_15_03,1,BREATH_PACED_15,19.00,0.8610,,MR60BHA2_breath_phase,safenest-node-01
98.7670,0.330000,S001,S001_BREATH_PACED_15_03,1,BREATH_PACED_15,19.00,0.8610,,MR60BHA2_breath_phase,safenest-node-01
98.8670,0.360000,S001,S001_BREATH_PACED_15_03,1,BREATH_PACED_15,19.00,0.8610,,MR60BHA2_breath_phase,safenest-node-01
98.9670,0.360000,S001,S001_BREATH_PACED_15_03,1,BREATH_PACED_15,19.00,0.8610,,MR60BHA2_breath_phase,safenest-node-01
99.0670,0.350000,S001,S001_BREATH_PACED_15_03,1,BREATH_PACED_15,19.00,0.8610,,MR60BHA2_breath_phase,safenest-node-01
99.1670,0.310000,S001,S001_BREATH_PACED_15_03,1,BREATH_PACED_15,18.00,0.8610,,MR60BHA2_breath_phase,safenest-node-01
99.2670,0.280000,S001,S001_BREATH_PACED_15_03,1,BREATH_PACED_15,18.00,0.8610,,MR60BHA2_breath_phase,safenest-node-01
99.3670,0.200000,S001,S001_BREATH_PACED_15_03,1,BREATH_PACED_15,18.00,0.8610,,MR60BHA2_breath_phase,safenest-node-01
99.4670,0.100000,S001,S001_BREATH_PACED_15_03,1,BREATH_PACED_15,18.00,0.8610,,MR60BHA2_breath_phase,safenest-node-01
99.5670,0.040000,S001,S001_BREATH_PACED_15_03,1,BREATH_PACED_15,18.00,0.8610,,MR60BHA2_breath_phase,safenest-node-01
99.6670,-0.090000,S001,S001_BREATH_PACED_15_03,1,BREATH_PACED_15,18.00,0.8610,,MR60BHA2_breath_phase,safenest-node-01
99.7670,-0.230000,S001,S001_BREATH_PACED_15_03,1,BREATH_PACED_15,17.00,0.8610,,MR60BHA2_breath_phase,safenest-node-01
99.8670,-0.290000,S001,S001_BREATH_PACED_15_03,1,BREATH_PACED_15,17.00,0.8610,,MR60BHA2_breath_phase,safenest-node-01
99.9670,-0.400000,S001,S001_BREATH_PACED_15_03,1,BREATH_PACED_15,17.00,0.8610,,MR60BHA2_breath_phase,safenest-node-01
100.0670,-0.450000,S001,S001_BREATH_PACED_15_03,1,BREATH_PACED_15,17.00,0.8610,,MR60BHA2_breath_phase,safenest-node-01
100.1670,-0.520000,S001,S001_BREATH_PACED_15_03,1,BREATH_PACED_15,17.00,0.8610,,MR60BHA2_breath_phase,safenest-node-01
100.2670,-0.550000,S001,S001_BREATH_PACED_15_03,1,BREATH_PACED_15,17.00,0.8610,,MR60BHA2_breath_phase,safenest-node-01
100.3670,-0.540000,S001,S001_BREATH_PACED_15_03,1,BREATH_PACED_15,17.00,0.8610,,MR60BHA2_breath_phase,safenest-node-01
100.4670,-0.520000,S001,S001_BREATH_PACED_15_03,1,BREATH_PACED_15,17.00,0.8610,,MR60BHA2_breath_phase,safenest-node-01
100.5670,-0.460000,S001,S001_BREATH_PACED_15_03,1,BREATH_PACED_15,17.00,0.8610,,MR60BHA2_breath_phase,safenest-node-01
100.6670,-0.420000,S001,S001_BREATH_PACED_15_03,1,BREATH_PACED_15,16.00,0.8610,,MR60BHA2_breath_phase,safenest-node-01
100.7670,-0.320000,S001,S001_BREATH_PACED_15_03,1,BREATH_PACED_15,16.00,0.8610,,MR60BHA2_breath_phase,safenest-node-01
100.8670,-0.210000,S001,S001_BREATH_PACED_15_03,1,BREATH_PACED_15,16.00,0.8610,,MR60BHA2_breath_phase,safenest-node-01
100.9670,-0.150000,S001,S001_BREATH_PACED_15_03,1,BREATH_PACED_15,16.00,0.8610,,MR60BHA2_breath_phase,safenest-node-01
101.0670,-0.030000,S001,S001_BREATH_PACED_15_03,1,BREATH_PACED_15,16.00,0.8610,,MR60BHA2_breath_phase,safenest-node-01
101.1670,0.080000,S001,S001_BREATH_PACED_15_03,1,BREATH_PACED_15,16.00,0.8610,,MR60BHA2_breath_phase,safenest-node-01
101.2670,0.130000,S001,S001_BREATH_PACED_15_03,1,BREATH_PACED_15,16.00,0.8610,,MR60BHA2_breath_phase,safenest-node-01
101.3670,0.220000,S001,S001_BREATH_PACED_15_03,1,BREATH_PACED_15,16.00,0.8610,,MR60BHA2_breath_phase,safenest-node-01
101.4670,0.280000,S001,S001_BREATH_PACED_15_03,1,BREATH_PACED_15,16.00,0.8610,,MR60BHA2_breath_phase,safenest-node-01
101.5670,0.310000,S001,S001_BREATH_PACED_15_03,1,BREATH_PACED_15,16.00,0.8610,,MR60BHA2_breath_phase,safenest-node-01
101.6670,0.350000,S001,S001_BREATH_PACED_15_03,1,BREATH_PACED_15,16.00,0.8610,,MR60BHA2_breath_phase,safenest-node-01
101.7670,0.370000,S001,S001_BREATH_PACED_15_03,1,BREATH_PACED_15,16.00,0.8610,,MR60BHA2_breath_phase,safenest-node-01
101.8670,0.380000,S001,S001_BREATH_PACED_15_03,1,BREATH_PACED_15,16.00,0.8610,,MR60BHA2_breath_phase,safenest-node-01
101.9670,0.390000,S001,S001_BREATH_PACED_15_03,1,BREATH_PACED_15,16.00,0.8610,,MR60BHA2_breath_phase,safenest-node-01
102.0670,0.390000,S001,S001_BREATH_PACED_15_03,1,BREATH_PACED_15,17.00,0.8610,,MR60BHA2_breath_phase,safenest-node-01
102.1670,0.380000,S001,S001_BREATH_PACED_15_03,1,BREATH_PACED_15,17.00,0.8610,,MR60BHA2_breath_phase,safenest-node-01
102.2670,0.360000,S001,S001_BREATH_PACED_15_03,1,BREATH_PACED_15,17.00,0.8610,,MR60BHA2_breath_phase,safenest-node-01
102.3670,0.350000,S001,S001_BREATH_PACED_15_03,1,BREATH_PACED_15,17.00,0.8610,,MR60BHA2_breath_phase,safenest-node-01
102.4670,0.310000,S001,S001_BREATH_PACED_15_03,1,BREATH_PACED_15,16.00,0.8610,,MR60BHA2_breath_phase,safenest-node-01
102.5670,0.260000,S001,S001_BREATH_PACED_15_03,1,BREATH_PACED_15,16.00,0.8610,,MR60BHA2_breath_phase,safenest-node-01
102.6670,0.200000,S001,S001_BREATH_PACED_15_03,1,BREATH_PACED_15,16.00,0.8610,,MR60BHA2_breath_phase,safenest-node-01
102.7670,0.160000,S001,S001_BREATH_PACED_15_03,1,BREATH_PACED_15,16.00,0.8610,,MR60BHA2_breath_phase,safenest-node-01
102.8670,0.080000,S001,S001_BREATH_PACED_15_03,1,BREATH_PACED_15,16.00,0.8610,,MR60BHA2_breath_phase,safenest-node-01
102.9670,0.040000,S001,S001_BREATH_PACED_15_03,1,BREATH_PACED_15,16.00,0.8610,,MR60BHA2_breath_phase,safenest-node-01
103.0670,-0.060000,S001,S001_BREATH_PACED_15_03,1,BREATH_PACED_15,16.00,0.8610,,MR60BHA2_breath_phase,safenest-node-01
103.1670,-0.150000,S001,S001_BREATH_PACED_15_03,1,BREATH_PACED_15,16.00,0.8610,,MR60BHA2_breath_phase,safenest-node-01
103.2670,-0.200000,S001,S001_BREATH_PACED_15_03,1,BREATH_PACED_15,16.00,0.8610,,MR60BHA2_breath_phase,safenest-node-01
103.3670,-0.280000,S001,S001_BREATH_PACED_15_03,1,BREATH_PACED_15,16.00,0.8610,,MR60BHA2_breath_phase,safenest-node-01
103.4670,-0.350000,S001,S001_BREATH_PACED_15_03,1,BREATH_PACED_15,17.00,0.8610,,MR60BHA2_breath_phase,safenest-node-01
103.5670,-0.370000,S001,S001_BREATH_PACED_15_03,1,BREATH_PACED_15,17.00,0.8610,,MR60BHA2_breath_phase,safenest-node-01
103.6670,-0.400000,S001,S001_BREATH_PACED_15_03,1,BREATH_PACED_15,17.00,0.8610,,MR60BHA2_breath_phase,safenest-node-01
103.7670,-0.400000,S001,S001_BREATH_PACED_15_03,1,BREATH_PACED_15,17.00,0.8610,,MR60BHA2_breath_phase,safenest-node-01
103.8670,-0.370000,S001,S001_BREATH_PACED_15_03,1,BREATH_PACED_15,17.00,0.8610,,MR60BHA2_breath_phase,safenest-node-01
103.9670,-0.350000,S001,S001_BREATH_PACED_15_03,1,BREATH_PACED_15,17.00,0.8610,,MR60BHA2_breath_phase,safenest-node-01
104.0680,-0.280000,S001,S001_BREATH_PACED_15_03,1,BREATH_PACED_15,17.00,0.8610,,MR60BHA2_breath_phase,safenest-node-01
104.1680,-0.240000,S001,S001_BREATH_PACED_15_03,1,BREATH_PACED_15,17.00,0.8610,,MR60BHA2_breath_phase,safenest-node-01
104.2680,-0.150000,S001,S001_BREATH_PACED_15_03,1,BREATH_PACED_15,17.00,0.8610,,MR60BHA2_breath_phase,safenest-node-01
104.3680,-0.060000,S001,S001_BREATH_PACED_15_03,1,BREATH_PACED_15,17.00,0.8610,,MR60BHA2_breath_phase,safenest-node-01
104.4680,-0.010000,S001,S001_BREATH_PACED_15_03,1,BREATH_PACED_15,17.00,0.8610,,MR60BHA2_breath_phase,safenest-node-01
104.5680,0.080000,S001,S001_BREATH_PACED_15_03,1,BREATH_PACED_15,17.00,0.8610,,MR60BHA2_breath_phase,safenest-node-01
104.6680,0.120000,S001,S001_BREATH_PACED_15_03,1,BREATH_PACED_15,17.00,0.8610,,MR60BHA2_breath_phase,safenest-node-01
104.7680,0.180000,S001,S001_BREATH_PACED_15_03,1,BREATH_PACED_15,17.00,0.8610,,MR60BHA2_breath_phase,safenest-node-01
104.8680,0.230000,S001,S001_BREATH_PACED_15_03,1,BREATH_PACED_15,18.00,0.8610,,MR60BHA2_breath_phase,safenest-node-01
104.9680,0.250000,S001,S001_BREATH_PACED_15_03,1,BREATH_PACED_15,18.00,0.8610,,MR60BHA2_breath_phase,safenest-node-01
105.0680,0.260000,S001,S001_BREATH_PACED_15_03,1,BREATH_PACED_15,18.00,0.8610,,MR60BHA2_breath_phase,safenest-node-01
105.1680,0.270000,S001,S001_BREATH_PACED_15_03,1,BREATH_PACED_15,18.00,0.8610,,MR60BHA2_breath_phase,safenest-node-01
105.2680,0.270000,S001,S001_BREATH_PACED_15_03,1,BREATH_PACED_15,18.00,0.8610,,MR60BHA2_breath_phase,safenest-node-01
105.3680,0.260000,S001,S001_BREATH_PACED_15_03,1,BREATH_PACED_15,18.00,0.8610,,MR60BHA2_breath_phase,safenest-node-01
105.4680,0.250000,S001,S001_BREATH_PACED_15_03,1,BREATH_PACED_15,19.00,0.8610,,MR60BHA2_breath_phase,safenest-node-01
105.5680,0.240000,S001,S001_BREATH_PACED_15_03,1,BREATH_PACED_15,19.00,0.8610,,MR60BHA2_breath_phase,safenest-node-01
105.6680,0.240000,S001,S001_BREATH_PACED_15_03,1,BREATH_PACED_15,19.00,0.8610,,MR60BHA2_breath_phase,safenest-node-01
105.7680,0.220000,S001,S001_BREATH_PACED_15_03,1,BREATH_PACED_15,19.00,0.8610,,MR60BHA2_breath_phase,safenest-node-01
105.8680,0.220000,S001,S001_BREATH_PACED_15_03,1,BREATH_PACED_15,19.00,0.8610,,MR60BHA2_breath_phase,safenest-node-01
105.9680,0.210000,S001,S001_BREATH_PACED_15_03,1,BREATH_PACED_15,20.00,0.8610,,MR60BHA2_breath_phase,safenest-node-01
106.0680,0.200000,S001,S001_BREATH_PACED_15_03,1,BREATH_PACED_15,20.00,0.8610,,MR60BHA2_breath_phase,safenest-node-01
106.1680,0.190000,S001,S001_BREATH_PACED_15_03,1,BREATH_PACED_15,20.00,0.8610,,MR60BHA2_breath_phase,safenest-node-01
106.2680,0.170000,S001,S001_BREATH_PACED_15_03,1,BREATH_PACED_15,20.00,0.8610,,MR60BHA2_breath_phase,safenest-node-01
106.3690,0.130000,S001,S001_BREATH_PACED_15_03,1,BREATH_PACED_15,20.00,0.8610,,MR60BHA2_breath_phase,safenest-node-01
106.4690,0.110000,S001,S001_BREATH_PACED_15_03,1,BREATH_PACED_15,20.00,0.8610,,MR60BHA2_breath_phase,safenest-node-01
106.5690,0.050000,S001,S001_BREATH_PACED_15_03,1,BREATH_PACED_15,20.00,0.8610,,MR60BHA2_breath_phase,safenest-node-01
106.6690,-0.020000,S001,S001_BREATH_PACED_15_03,1,BREATH_PACED_15,21.00,0.8610,,MR60BHA2_breath_phase,safenest-node-01
106.7700,-0.060000,S001,S001_BREATH_PACED_15_03,1,BREATH_PACED_15,21.00,0.8610,,MR60BHA2_breath_phase,safenest-node-01
106.8700,-0.140000,S001,S001_BREATH_PACED_15_03,1,BREATH_PACED_15,21.00,0.8610,,MR60BHA2_breath_phase,safenest-node-01
106.9700,-0.220000,S001,S001_BREATH_PACED_15_03,1,BREATH_PACED_15,20.00,0.8610,,MR60BHA2_breath_phase,safenest-node-01
107.0700,-0.260000,S001,S001_BREATH_PACED_15_03,1,BREATH_PACED_15,20.00,0.8610,,MR60BHA2_breath_phase,safenest-node-01
107.1700,-0.340000,S001,S001_BREATH_PACED_15_03,1,BREATH_PACED_15,20.00,0.8610,,MR60BHA2_breath_phase,safenest-node-01
107.2700,-0.410000,S001,S001_BREATH_PACED_15_03,1,BREATH_PACED_15,20.00,0.8610,,MR60BHA2_breath_phase,safenest-node-01
107.3710,-0.440000,S001,S001_BREATH_PACED_15_03,1,BREATH_PACED_15,20.00,0.8610,,MR60BHA2_breath_phase,safenest-node-01
107.4710,-0.500000,S001,S001_BREATH_PACED_15_03,1,BREATH_PACED_15,20.00,0.8610,,MR60BHA2_breath_phase,safenest-node-01
107.5710,-0.530000,S001,S001_BREATH_PACED_15_03,1,BREATH_PACED_15,20.00,0.8610,,MR60BHA2_breath_phase,safenest-node-01
107.6710,-0.560000,S001,S001_BREATH_PACED_15_03,1,BREATH_PACED_15,20.00,0.8610,,MR60BHA2_breath_phase,safenest-node-01
107.7710,-0.590000,S001,S001_BREATH_PACED_15_03,1,BREATH_PACED_15,20.00,0.8610,,MR60BHA2_breath_phase,safenest-node-01
107.8710,-0.590000,S001,S001_BREATH_PACED_15_03,1,BREATH_PACED_15,20.00,0.8610,,MR60BHA2_breath_phase,safenest-node-01
107.9710,-0.580000,S001,S001_BREATH_PACED_15_03,1,BREATH_PACED_15,20.00,0.8610,,MR60BHA2_breath_phase,safenest-node-01
108.0710,-0.540000,S001,S001_BREATH_PACED_15_03,1,BREATH_PACED_15,20.00,0.8610,,MR60BHA2_breath_phase,safenest-node-01
108.1710,-0.510000,S001,S001_BREATH_PACED_15_03,1,BREATH_PACED_15,20.00,0.8610,,MR60BHA2_breath_phase,safenest-node-01
108.2710,-0.440000,S001,S001_BREATH_PACED_15_03,1,BREATH_PACED_15,20.00,0.8610,,MR60BHA2_breath_phase,safenest-node-01
108.3710,-0.340000,S001,S001_BREATH_PACED_15_03,1,BREATH_PACED_15,20.00,0.8610,,MR60BHA2_breath_phase,safenest-node-01
108.4710,-0.230000,S001,S001_BREATH_PACED_15_03,1,BREATH_PACED_15,20.00,0.8610,,MR60BHA2_breath_phase,safenest-node-01
108.5710,-0.180000,S001,S001_BREATH_PACED_15_03,1,BREATH_PACED_15,20.00,0.8610,,MR60BHA2_breath_phase,safenest-node-01
108.6710,-0.060000,S001,S001_BREATH_PACED_15_03,1,BREATH_PACED_15,20.00,0.8610,,MR60BHA2_breath_phase,safenest-node-01
108.7710,-0.010000,S001,S001_BREATH_PACED_15_03,1,BREATH_PACED_15,20.00,0.8610,,MR60BHA2_breath_phase,safenest-node-01
108.8710,0.100000,S001,S001_BREATH_PACED_15_03,1,BREATH_PACED_15,19.00,0.8610,,MR60BHA2_breath_phase,safenest-node-01
108.9710,0.190000,S001,S001_BREATH_PACED_15_03,1,BREATH_PACED_15,19.00,0.8610,,MR60BHA2_breath_phase,safenest-node-01
109.0730,0.260000,S001,S001_BREATH_PACED_15_03,1,BREATH_PACED_15,19.00,0.8610,,MR60BHA2_breath_phase,safenest-node-01
109.1730,0.300000,S001,S001_BREATH_PACED_15_03,1,BREATH_PACED_15,19.00,0.8610,,MR60BHA2_breath_phase,safenest-node-01
109.2730,0.350000,S001,S001_BREATH_PACED_15_03,1,BREATH_PACED_15,19.00,0.8610,,MR60BHA2_breath_phase,safenest-node-01
109.3730,0.360000,S001,S001_BREATH_PACED_15_03,1,BREATH_PACED_15,19.00,0.8610,,MR60BHA2_breath_phase,safenest-node-01
109.4730,0.390000,S001,S001_BREATH_PACED_15_03,1,BREATH_PACED_15,19.00,0.8610,,MR60BHA2_breath_phase,safenest-node-01
109.5730,0.390000,S001,S001_BREATH_PACED_15_03,1,BREATH_PACED_15,19.00,0.8610,,MR60BHA2_breath_phase,safenest-node-01
109.6730,0.390000,S001,S001_BREATH_PACED_15_03,1,BREATH_PACED_15,19.00,0.8610,,MR60BHA2_breath_phase,safenest-node-01
109.7730,0.380000,S001,S001_BREATH_PACED_15_03,1,BREATH_PACED_15,19.00,0.8610,,MR60BHA2_breath_phase,safenest-node-01
109.8730,0.360000,S001,S001_BREATH_PACED_15_03,1,BREATH_PACED_15,19.00,0.8610,,MR60BHA2_breath_phase,safenest-node-01
109.9730,0.350000,S001,S001_BREATH_PACED_15_03,1,BREATH_PACED_15,19.00,0.8610,,MR60BHA2_breath_phase,safenest-node-01
110.0730,0.330000,S001,S001_BREATH_PACED_15_03,1,BREATH_PACED_15,19.00,0.8610,,MR60BHA2_breath_phase,safenest-node-01
110.1730,0.310000,S001,S001_BREATH_PACED_15_03,1,BREATH_PACED_15,19.00,0.8610,,MR60BHA2_breath_phase,safenest-node-01
110.2730,0.300000,S001,S001_BREATH_PACED_15_03,1,BREATH_PACED_15,19.00,0.8610,,MR60BHA2_breath_phase,safenest-node-01
110.3730,0.290000,S001,S001_BREATH_PACED_15_03,1,BREATH_PACED_15,19.00,0.8610,,MR60BHA2_breath_phase,safenest-node-01
110.4730,0.280000,S001,S001_BREATH_PACED_15_03,1,BREATH_PACED_15,19.00,0.8610,,MR60BHA2_breath_phase,safenest-node-01
110.5730,0.260000,S001,S001_BREATH_PACED_15_03,1,BREATH_PACED_15,19.00,0.8610,,MR60BHA2_breath_phase,safenest-node-01
110.6730,0.240000,S001,S001_BREATH_PACED_15_03,1,BREATH_PACED_15,19.00,0.8610,,MR60BHA2_breath_phase,safenest-node-01
110.7730,0.220000,S001,S001_BREATH_PACED_15_03,1,BREATH_PACED_15,19.00,0.8610,,MR60BHA2_breath_phase,safenest-node-01
110.8730,0.200000,S001,S001_BREATH_PACED_15_03,1,BREATH_PACED_15,19.00,0.8610,,MR60BHA2_breath_phase,safenest-node-01
110.9730,0.160000,S001,S001_BREATH_PACED_15_03,1,BREATH_PACED_15,19.00,0.8610,,MR60BHA2_breath_phase,safenest-node-01
111.0730,0.140000,S001,S001_BREATH_PACED_15_03,1,BREATH_PACED_15,19.00,0.8610,,MR60BHA2_breath_phase,safenest-node-01
111.1730,0.080000,S001,S001_BREATH_PACED_15_03,1,BREATH_PACED_15,19.00,0.8610,,MR60BHA2_breath_phase,safenest-node-01
111.2730,0.020000,S001,S001_BREATH_PACED_15_03,1,BREATH_PACED_15,18.00,0.8610,,MR60BHA2_breath_phase,safenest-node-01
111.3730,-0.060000,S001,S001_BREATH_PACED_15_03,1,BREATH_PACED_15,18.00,0.8610,,MR60BHA2_breath_phase,safenest-node-01
111.4730,-0.090000,S001,S001_BREATH_PACED_15_03,1,BREATH_PACED_15,18.00,0.8610,,MR60BHA2_breath_phase,safenest-node-01
111.5730,-0.170000,S001,S001_BREATH_PACED_15_03,1,BREATH_PACED_15,18.00,0.8610,,MR60BHA2_breath_phase,safenest-node-01
111.6730,-0.200000,S001,S001_BREATH_PACED_15_03,1,BREATH_PACED_15,18.00,0.8610,,MR60BHA2_breath_phase,safenest-node-01
111.7730,-0.260000,S001,S001_BREATH_PACED_15_03,1,BREATH_PACED_15,18.00,0.8610,,MR60BHA2_breath_phase,safenest-node-01
111.8730,-0.310000,S001,S001_BREATH_PACED_15_03,1,BREATH_PACED_15,17.00,0.8610,,MR60BHA2_breath_phase,safenest-node-01
111.9730,-0.320000,S001,S001_BREATH_PACED_15_03,1,BREATH_PACED_15,17.00,0.8610,,MR60BHA2_breath_phase,safenest-node-01
112.0730,-0.330000,S001,S001_BREATH_PACED_15_03,1,BREATH_PACED_15,17.00,0.8610,,MR60BHA2_breath_phase,safenest-node-01
112.1730,-0.320000,S001,S001_BREATH_PACED_15_03,1,BREATH_PACED_15,17.00,0.8610,,MR60BHA2_breath_phase,safenest-node-01
112.2730,-0.300000,S001,S001_BREATH_PACED_15_03,1,BREATH_PACED_15,17.00,0.8610,,MR60BHA2_breath_phase,safenest-node-01
112.3730,-0.250000,S001,S001_BREATH_PACED_15_03,1,BREATH_PACED_15,17.00,0.8610,,MR60BHA2_breath_phase,safenest-node-01
112.4730,-0.190000,S001,S001_BREATH_PACED_15_03,1,BREATH_PACED_15,17.00,0.8610,,MR60BHA2_breath_phase,safenest-node-01
112.5730,-0.150000,S001,S001_BREATH_PACED_15_03,1,BREATH_PACED_15,17.00,0.8610,,MR60BHA2_breath_phase,safenest-node-01
112.6730,-0.080000,S001,S001_BREATH_PACED_15_03,1,BREATH_PACED_15,17.00,0.8610,,MR60BHA2_breath_phase,safenest-node-01
112.7740,-0.010000,S001,S001_BREATH_PACED_15_03,1,BREATH_PACED_15,17.00,0.8610,,MR60BHA2_breath_phase,safenest-node-01
112.8740,0.030000,S001,S001_BREATH_PACED_15_03,1,BREATH_PACED_15,17.00,0.8610,,MR60BHA2_breath_phase,safenest-node-01
112.9740,0.100000,S001,S001_BREATH_PACED_15_03,1,BREATH_PACED_15,17.00,0.8610,,MR60BHA2_breath_phase,safenest-node-01
113.0740,0.150000,S001,S001_BREATH_PACED_15_03,1,BREATH_PACED_15,17.00,0.8610,,MR60BHA2_breath_phase,safenest-node-01
113.1740,0.180000,S001,S001_BREATH_PACED_15_03,1,BREATH_PACED_15,17.00,0.8610,,MR60BHA2_breath_phase,safenest-node-01
113.2740,0.220000,S001,S001_BREATH_PACED_15_03,1,BREATH_PACED_15,17.00,0.8610,,MR60BHA2_breath_phase,safenest-node-01
113.3740,0.230000,S001,S001_BREATH_PACED_15_03,1,BREATH_PACED_15,17.00,0.8610,,MR60BHA2_breath_phase,safenest-node-01
113.4740,0.250000,S001,S001_BREATH_PACED_15_03,1,BREATH_PACED_15,17.00,0.8610,,MR60BHA2_breath_phase,safenest-node-01
113.5740,0.260000,S001,S001_BREATH_PACED_15_03,1,BREATH_PACED_15,17.00,0.8610,,MR60BHA2_breath_phase,safenest-node-01
113.6740,0.260000,S001,S001_BREATH_PACED_15_03,1,BREATH_PACED_15,17.00,0.8610,,MR60BHA2_breath_phase,safenest-node-01
113.7740,0.250000,S001,S001_BREATH_PACED_15_03,1,BREATH_PACED_15,17.00,0.8610,,MR60BHA2_breath_phase,safenest-node-01
113.8740,0.230000,S001,S001_BREATH_PACED_15_03,1,BREATH_PACED_15,18.00,0.8610,,MR60BHA2_breath_phase,safenest-node-01
113.9740,0.220000,S001,S001_BREATH_PACED_15_03,1,BREATH_PACED_15,18.00,0.8610,,MR60BHA2_breath_phase,safenest-node-01
114.0740,0.190000,S001,S001_BREATH_PACED_15_03,1,BREATH_PACED_15,18.00,0.8610,,MR60BHA2_breath_phase,safenest-node-01
114.1740,0.150000,S001,S001_BREATH_PACED_15_03,1,BREATH_PACED_15,18.00,0.8610,,MR60BHA2_breath_phase,safenest-node-01
114.2740,0.140000,S001,S001_BREATH_PACED_15_03,1,BREATH_PACED_15,18.00,0.8610,,MR60BHA2_breath_phase,safenest-node-01
114.3740,0.110000,S001,S001_BREATH_PACED_15_03,1,BREATH_PACED_15,18.00,0.8610,,MR60BHA2_breath_phase,safenest-node-01
114.4740,0.080000,S001,S001_BREATH_PACED_15_03,1,BREATH_PACED_15,18.00,0.8610,,MR60BHA2_breath_phase,safenest-node-01
114.5740,0.070000,S001,S001_BREATH_PACED_15_03,1,BREATH_PACED_15,18.00,0.8610,,MR60BHA2_breath_phase,safenest-node-01
114.6740,0.050000,S001,S001_BREATH_PACED_15_03,1,BREATH_PACED_15,18.00,0.8610,,MR60BHA2_breath_phase,safenest-node-01
114.7740,0.020000,S001,S001_BREATH_PACED_15_03,1,BREATH_PACED_15,18.00,0.8610,,MR60BHA2_breath_phase,safenest-node-01
114.8740,0.010000,S001,S001_BREATH_PACED_15_03,1,BREATH_PACED_15,18.00,0.8610,,MR60BHA2_breath_phase,safenest-node-01
114.9740,-0.010000,S001,S001_BREATH_PACED_15_03,1,BREATH_PACED_15,18.00,0.8610,,MR60BHA2_breath_phase,safenest-node-01
115.0750,-0.020000,S001,S001_BREATH_PACED_15_03,1,BREATH_PACED_15,18.00,0.8610,,MR60BHA2_breath_phase,safenest-node-01
115.1750,-0.030000,S001,S001_BREATH_PACED_15_03,1,BREATH_PACED_15,18.00,0.8610,,MR60BHA2_breath_phase,safenest-node-01
115.2750,-0.050000,S001,S001_BREATH_PACED_15_03,1,BREATH_PACED_15,18.00,0.8610,,MR60BHA2_breath_phase,safenest-node-01
115.3750,-0.060000,S001,S001_BREATH_PACED_15_03,1,BREATH_PACED_15,18.00,0.8610,,MR60BHA2_breath_phase,safenest-node-01
115.4750,-0.070000,S001,S001_BREATH_PACED_15_03,1,BREATH_PACED_15,18.00,0.8610,,MR60BHA2_breath_phase,safenest-node-01
115.5750,-0.080000,S001,S001_BREATH_PACED_15_03,1,BREATH_PACED_15,18.00,0.8610,,MR60BHA2_breath_phase,safenest-node-01
115.6750,-0.090000,S001,S001_BREATH_PACED_15_03,1,BREATH_PACED_15,18.00,0.8610,,MR60BHA2_breath_phase,safenest-node-01
115.7750,-0.120000,S001,S001_BREATH_PACED_15_03,1,BREATH_PACED_15,18.00,0.8610,,MR60BHA2_breath_phase,safenest-node-01
115.8750,-0.150000,S001,S001_BREATH_PACED_15_03,1,BREATH_PACED_15,18.00,0.8610,,MR60BHA2_breath_phase,safenest-node-01
115.9750,-0.180000,S001,S001_BREATH_PACED_15_03,1,BREATH_PACED_15,18.00,0.8610,,MR60BHA2_breath_phase,safenest-node-01
116.0750,-0.200000,S001,S001_BREATH_PACED_15_03,1,BREATH_PACED_15,18.00,0.8610,,MR60BHA2_breath_phase,safenest-node-01
116.1750,-0.230000,S001,S001_BREATH_PACED_15_03,1,BREATH_PACED_15,18.00,0.8610,,MR60BHA2_breath_phase,safenest-node-01
116.2750,-0.250000,S001,S001_BREATH_PACED_15_03,1,BREATH_PACED_15,18.00,0.8610,,MR60BHA2_breath_phase,safenest-node-01
116.3750,-0.280000,S001,S001_BREATH_PACED_15_03,1,BREATH_PACED_15,18.00,0.8610,,MR60BHA2_breath_phase,safenest-node-01
116.4750,-0.300000,S001,S001_BREATH_PACED_15_03,1,BREATH_PACED_15,18.00,0.8610,,MR60BHA2_breath_phase,safenest-node-01
116.5760,-0.310000,S001,S001_BREATH_PACED_15_03,1,BREATH_PACED_15,18.00,0.8610,,MR60BHA2_breath_phase,safenest-node-01
116.6760,-0.310000,S001,S001_BREATH_PACED_15_03,1,BREATH_PACED_15,18.00,0.8610,,MR60BHA2_breath_phase,safenest-node-01
116.7760,-0.300000,S001,S001_BREATH_PACED_15_03,1,BREATH_PACED_15,18.00,0.8610,,MR60BHA2_breath_phase,safenest-node-01
116.8760,-0.290000,S001,S001_BREATH_PACED_15_03,1,BREATH_PACED_15,18.00,0.8610,,MR60BHA2_breath_phase,safenest-node-01
116.9760,-0.260000,S001,S001_BREATH_PACED_15_03,1,BREATH_PACED_15,18.00,0.8610,,MR60BHA2_breath_phase,safenest-node-01
117.0760,-0.220000,S001,S001_BREATH_PACED_15_03,1,BREATH_PACED_15,18.00,0.8610,,MR60BHA2_breath_phase,safenest-node-01
117.1760,-0.200000,S001,S001_BREATH_PACED_15_03,1,BREATH_PACED_15,18.00,0.8610,,MR60BHA2_breath_phase,safenest-node-01
117.2760,-0.150000,S001,S001_BREATH_PACED_15_03,1,BREATH_PACED_15,18.00,0.8610,,MR60BHA2_breath_phase,safenest-node-01
117.3760,-0.090000,S001,S001_BREATH_PACED_15_03,1,BREATH_PACED_15,18.00,0.8610,,MR60BHA2_breath_phase,safenest-node-01
117.4760,-0.060000,S001,S001_BREATH_PACED_15_03,1,BREATH_PACED_15,18.00,0.8610,,MR60BHA2_breath_phase,safenest-node-01
117.5760,-0.000000,S001,S001_BREATH_PACED_15_03,1,BREATH_PACED_15,19.00,0.8610,,MR60BHA2_breath_phase,safenest-node-01
117.6760,0.070000,S001,S001_BREATH_PACED_15_03,1,BREATH_PACED_15,19.00,0.8610,,MR60BHA2_breath_phase,safenest-node-01
117.7770,0.100000,S001,S001_BREATH_PACED_15_03,1,BREATH_PACED_15,19.00,0.8610,,MR60BHA2_breath_phase,safenest-node-01
117.8770,0.180000,S001,S001_BREATH_PACED_15_03,1,BREATH_PACED_15,19.00,0.8610,,MR60BHA2_breath_phase,safenest-node-01
117.9770,0.220000,S001,S001_BREATH_PACED_15_03,1,BREATH_PACED_15,19.00,0.8610,,MR60BHA2_breath_phase,safenest-node-01
118.0770,0.280000,S001,S001_BREATH_PACED_15_03,1,BREATH_PACED_15,19.00,0.8610,,MR60BHA2_breath_phase,safenest-node-01
118.1770,0.340000,S001,S001_BREATH_PACED_15_03,1,BREATH_PACED_15,19.00,0.8610,,MR60BHA2_breath_phase,safenest-node-01
118.2770,0.380000,S001,S001_BREATH_PACED_15_03,1,BREATH_PACED_15,19.00,0.8610,,MR60BHA2_breath_phase,safenest-node-01
118.3780,0.390000,S001,S001_BREATH_PACED_15_03,1,BREATH_PACED_15,19.00,0.8610,,MR60BHA2_breath_phase,safenest-node-01
118.4780,0.380000,S001,S001_BREATH_PACED_15_03,1,BREATH_PACED_15,19.00,0.8610,,MR60BHA2_breath_phase,safenest-node-01
118.5780,0.370000,S001,S001_BREATH_PACED_15_03,1,BREATH_PACED_15,19.00,0.8610,,MR60BHA2_breath_phase,safenest-node-01
118.6780,0.320000,S001,S001_BREATH_PACED_15_03,1,BREATH_PACED_15,18.00,0.8610,,MR60BHA2_breath_phase,safenest-node-01
118.7780,0.240000,S001,S001_BREATH_PACED_15_03,1,BREATH_PACED_15,18.00,0.8610,,MR60BHA2_breath_phase,safenest-node-01
118.8780,0.150000,S001,S001_BREATH_PACED_15_03,1,BREATH_PACED_15,18.00,0.8610,,MR60BHA2_breath_phase,safenest-node-01
118.9780,0.100000,S001,S001_BREATH_PACED_15_03,1,BREATH_PACED_15,18.00,0.8610,,MR60BHA2_breath_phase,safenest-node-01
119.0780,-0.010000,S001,S001_BREATH_PACED_15_03,1,BREATH_PACED_15,18.00,0.8610,,MR60BHA2_breath_phase,safenest-node-01
119.1780,-0.070000,S001,S001_BREATH_PACED_15_03,1,BREATH_PACED_15,18.00,0.8610,,MR60BHA2_breath_phase,safenest-node-01
119.2780,-0.190000,S001,S001_BREATH_PACED_15_03,1,BREATH_PACED_15,17.00,0.8610,,MR60BHA2_breath_phase,safenest-node-01
119.3780,-0.310000,S001,S001_BREATH_PACED_15_03,1,BREATH_PACED_15,17.00,0.8610,,MR60BHA2_breath_phase,safenest-node-01
119.4780,-0.410000,S001,S001_BREATH_PACED_15_03,1,BREATH_PACED_15,17.00,0.8610,,MR60BHA2_breath_phase,safenest-node-01
119.5780,-0.460000,S001,S001_BREATH_PACED_15_03,1,BREATH_PACED_15,17.00,0.8610,,MR60BHA2_breath_phase,safenest-node-01
119.6780,-0.530000,S001,S001_BREATH_PACED_15_03,1,BREATH_PACED_15,17.00,0.8610,,MR60BHA2_breath_phase,safenest-node-01
119.7780,-0.550000,S001,S001_BREATH_PACED_15_03,1,BREATH_PACED_15,17.00,0.8610,,MR60BHA2_breath_phase,safenest-node-01
119.8780,-0.580000,S001,S001_BREATH_PACED_15_03,1,BREATH_PACED_15,18.00,0.8610,,MR60BHA2_breath_phase,safenest-node-01
119.9780,-0.580000,S001,S001_BREATH_PACED_15_03,1,BREATH_PACED_15,18.00,0.8610,,MR60BHA2_breath_phase,safenest-node-01
120.0780,-0.560000,S001,S001_BREATH_PACED_15_03,1,BREATH_PACED_15,18.00,0.8610,,MR60BHA2_breath_phase,safenest-node-01
120.1780,-0.530000,S001,S001_BREATH_PACED_15_03,1,BREATH_PACED_15,18.00,0.8610,,MR60BHA2_breath_phase,safenest-node-01
120.2780,-0.460000,S001,S001_BREATH_PACED_15_03,1,BREATH_PACED_15,18.00,0.8610,,MR60BHA2_breath_phase,safenest-node-01
120.3780,-0.420000,S001,S001_BREATH_PACED_15_03,1,BREATH_PACED_15,18.00,0.8610,,MR60BHA2_breath_phase,safenest-node-01
120.4780,-0.330000,S001,S001_BREATH_PACED_15_03,1,BREATH_PACED_15,18.00,0.8610,,MR60BHA2_breath_phase,safenest-node-01
120.5780,-0.220000,S001,S001_BREATH_PACED_15_03,1,BREATH_PACED_15,18.00,0.8610,,MR60BHA2_breath_phase,safenest-node-01
120.6800,-0.110000,S001,S001_BREATH_PACED_15_03,1,BREATH_PACED_15,18.00,0.8610,,MR60BHA2_breath_phase,safenest-node-01
120.7800,-0.050000,S001,S001_BREATH_PACED_15_03,1,BREATH_PACED_15,18.00,0.8610,,MR60BHA2_breath_phase,safenest-node-01
120.8800,0.060000,S001,S001_BREATH_PACED_15_03,1,BREATH_PACED_15,18.00,0.8610,,MR60BHA2_breath_phase,safenest-node-01
120.9800,0.110000,S001,S001_BREATH_PACED_15_03,1,BREATH_PACED_15,18.00,0.8610,,MR60BHA2_breath_phase,safenest-node-01
121.0800,0.220000,S001,S001_BREATH_PACED_15_03,1,BREATH_PACED_15,18.00,0.8610,,MR60BHA2_breath_phase,safenest-node-01
121.1800,0.320000,S001,S001_BREATH_PACED_15_03,1,BREATH_PACED_15,18.00,0.8610,,MR60BHA2_breath_phase,safenest-node-01
121.2800,0.370000,S001,S001_BREATH_PACED_15_03,1,BREATH_PACED_15,18.00,0.8610,,MR60BHA2_breath_phase,safenest-node-01
121.3800,0.470000,S001,S001_BREATH_PACED_15_03,1,BREATH_PACED_15,18.00,0.8610,,MR60BHA2_breath_phase,safenest-node-01
121.4800,0.550000,S001,S001_BREATH_PACED_15_03,1,BREATH_PACED_15,18.00,0.8610,,MR60BHA2_breath_phase,safenest-node-01
121.5800,0.590000,S001,S001_BREATH_PACED_15_03,1,BREATH_PACED_15,18.00,0.8610,,MR60BHA2_breath_phase,safenest-node-01
121.6800,0.660000,S001,S001_BREATH_PACED_15_03,1,BREATH_PACED_15,18.00,0.8610,,MR60BHA2_breath_phase,safenest-node-01
121.7800,0.720000,S001,S001_BREATH_PACED_15_03,1,BREATH_PACED_15,18.00,0.8610,,MR60BHA2_breath_phase,safenest-node-01
121.8810,0.740000,S001,S001_BREATH_PACED_15_03,1,BREATH_PACED_15,18.00,0.8610,,MR60BHA2_breath_phase,safenest-node-01
121.9810,0.770000,S001,S001_BREATH_PACED_15_03,1,BREATH_PACED_15,18.00,0.8610,,MR60BHA2_breath_phase,safenest-node-01
122.0810,0.770000,S001,S001_BREATH_PACED_15_03,1,BREATH_PACED_15,18.00,0.8610,,MR60BHA2_breath_phase,safenest-node-01
122.1810,0.770000,S001,S001_BREATH_PACED_15_03,1,BREATH_PACED_15,18.00,0.8610,,MR60BHA2_breath_phase,safenest-node-01
122.2810,0.740000,S001,S001_BREATH_PACED_15_03,1,BREATH_PACED_15,19.00,0.8610,,MR60BHA2_breath_phase,safenest-node-01
122.3810,0.690000,S001,S001_BREATH_PACED_15_03,1,BREATH_PACED_15,19.00,0.8610,,MR60BHA2_breath_phase,safenest-node-01
122.4810,0.650000,S001,S001_BREATH_PACED_15_03,1,BREATH_PACED_15,19.00,0.8610,,MR60BHA2_breath_phase,safenest-node-01
122.5810,0.550000,S001,S001_BREATH_PACED_15_03,1,BREATH_PACED_15,19.00,0.8610,,MR60BHA2_breath_phase,safenest-node-01
122.6810,0.500000,S001,S001_BREATH_PACED_15_03,1,BREATH_PACED_15,19.00,0.8610,,MR60BHA2_breath_phase,safenest-node-01
122.7810,0.370000,S001,S001_BREATH_PACED_15_03,1,BREATH_PACED_15,19.00,0.8610,,MR60BHA2_breath_phase,safenest-node-01
122.8810,0.230000,S001,S001_BREATH_PACED_15_03,1,BREATH_PACED_15,19.00,0.8610,,MR60BHA2_breath_phase,safenest-node-01
122.9810,0.080000,S001,S001_BREATH_PACED_15_03,1,BREATH_PACED_15,19.00,0.8610,,MR60BHA2_breath_phase,safenest-node-01
123.0810,0.000000,S001,S001_BREATH_PACED_15_03,1,BREATH_PACED_15,19.00,0.8610,,MR60BHA2_breath_phase,safenest-node-01
123.1810,-0.150000,S001,S001_BREATH_PACED_15_03,1,BREATH_PACED_15,19.00,0.8610,,MR60BHA2_breath_phase,safenest-node-01
123.2810,-0.230000,S001,S001_BREATH_PACED_15_03,1,BREATH_PACED_15,19.00,0.8610,,MR60BHA2_breath_phase,safenest-node-01
123.3810,-0.370000,S001,S001_BREATH_PACED_15_03,1,BREATH_PACED_15,19.00,0.8610,,MR60BHA2_breath_phase,safenest-node-01
123.4810,-0.490000,S001,S001_BREATH_PACED_15_03,1,BREATH_PACED_15,19.00,0.8610,,MR60BHA2_breath_phase,safenest-node-01
123.5810,-0.590000,S001,S001_BREATH_PACED_15_03,1,BREATH_PACED_15,19.00,0.8610,,MR60BHA2_breath_phase,safenest-node-01
123.6810,-0.630000,S001,S001_BREATH_PACED_15_03,1,BREATH_PACED_15,19.00,0.8610,,MR60BHA2_breath_phase,safenest-node-01
123.7810,-0.690000,S001,S001_BREATH_PACED_15_03,1,BREATH_PACED_15,19.00,0.8610,,MR60BHA2_breath_phase,safenest-node-01
123.8810,-0.700000,S001,S001_BREATH_PACED_15_03,1,BREATH_PACED_15,19.00,0.8610,,MR60BHA2_breath_phase,safenest-node-01
123.9810,-0.700000,S001,S001_BREATH_PACED_15_03,1,BREATH_PACED_15,19.00,0.8610,,MR60BHA2_breath_phase,safenest-node-01
124.0810,-0.680000,S001,S001_BREATH_PACED_15_03,1,BREATH_PACED_15,19.00,0.8610,,MR60BHA2_breath_phase,safenest-node-01
124.1810,-0.620000,S001,S001_BREATH_PACED_15_03,1,BREATH_PACED_15,19.00,0.8610,,MR60BHA2_breath_phase,safenest-node-01
124.2810,-0.580000,S001,S001_BREATH_PACED_15_03,1,BREATH_PACED_15,19.00,0.8610,,MR60BHA2_breath_phase,safenest-node-01
124.3810,-0.500000,S001,S001_BREATH_PACED_15_03,1,BREATH_PACED_15,19.00,0.8610,,MR60BHA2_breath_phase,safenest-node-01
124.4810,-0.450000,S001,S001_BREATH_PACED_15_03,1,BREATH_PACED_15,19.00,0.8610,,MR60BHA2_breath_phase,safenest-node-01
124.5810,-0.350000,S001,S001_BREATH_PACED_15_03,1,BREATH_PACED_15,19.00,0.8610,,MR60BHA2_breath_phase,safenest-node-01
124.6810,-0.250000,S001,S001_BREATH_PACED_15_03,1,BREATH_PACED_15,19.00,0.8610,,MR60BHA2_breath_phase,safenest-node-01
124.7820,-0.200000,S001,S001_BREATH_PACED_15_03,1,BREATH_PACED_15,19.00,0.8610,,MR60BHA2_breath_phase,safenest-node-01
124.8820,-0.110000,S001,S001_BREATH_PACED_15_03,1,BREATH_PACED_15,19.00,0.8610,,MR60BHA2_breath_phase,safenest-node-01
124.9820,-0.030000,S001,S001_BREATH_PACED_15_03,1,BREATH_PACED_15,19.00,0.8610,,MR60BHA2_breath_phase,safenest-node-01
125.0820,0.010000,S001,S001_BREATH_PACED_15_03,1,BREATH_PACED_15,19.00,0.8610,,MR60BHA2_breath_phase,safenest-node-01
125.1820,0.080000,S001,S001_BREATH_PACED_15_03,1,BREATH_PACED_15,19.00,0.8610,,MR60BHA2_breath_phase,safenest-node-01
125.2820,0.140000,S001,S001_BREATH_PACED_15_03,1,BREATH_PACED_15,19.00,0.8610,,MR60BHA2_breath_phase,safenest-node-01
125.3820,0.170000,S001,S001_BREATH_PACED_15_03,1,BREATH_PACED_15,19.00,0.8610,,MR60BHA2_breath_phase,safenest-node-01
125.4820,0.220000,S001,S001_BREATH_PACED_15_03,1,BREATH_PACED_15,19.00,0.8610,,MR60BHA2_breath_phase,safenest-node-01
125.5820,0.250000,S001,S001_BREATH_PACED_15_03,1,BREATH_PACED_15,19.00,0.8610,,MR60BHA2_breath_phase,safenest-node-01
125.6820,0.310000,S001,S001_BREATH_PACED_15_03,1,BREATH_PACED_15,19.00,0.8610,,MR60BHA2_breath_phase,safenest-node-01
125.7820,0.360000,S001,S001_BREATH_PACED_15_03,1,BREATH_PACED_15,19.00,0.8610,,MR60BHA2_breath_phase,safenest-node-01
125.8820,0.410000,S001,S001_BREATH_PACED_15_03,1,BREATH_PACED_15,19.00,0.8610,,MR60BHA2_breath_phase,safenest-node-01
125.9820,0.430000,S001,S001_BREATH_PACED_15_03,1,BREATH_PACED_15,19.00,0.8610,,MR60BHA2_breath_phase,safenest-node-01
126.0820,0.450000,S001,S001_BREATH_PACED_15_03,1,BREATH_PACED_15,19.00,0.8610,,MR60BHA2_breath_phase,safenest-node-01
126.1820,0.460000,S001,S001_BREATH_PACED_15_03,1,BREATH_PACED_15,19.00,0.8610,,MR60BHA2_breath_phase,safenest-node-01
126.2820,0.450000,S001,S001_BREATH_PACED_15_03,1,BREATH_PACED_15,19.00,0.8610,,MR60BHA2_breath_phase,safenest-node-01
126.3820,0.430000,S001,S001_BREATH_PACED_15_03,1,BREATH_PACED_15,19.00,0.8610,,MR60BHA2_breath_phase,safenest-node-01
126.4820,0.410000,S001,S001_BREATH_PACED_15_03,1,BREATH_PACED_15,19.00,0.8610,,MR60BHA2_breath_phase,safenest-node-01
126.5820,0.360000,S001,S001_BREATH_PACED_15_03,1,BREATH_PACED_15,19.00,0.8610,,MR60BHA2_breath_phase,safenest-node-01
126.6820,0.290000,S001,S001_BREATH_PACED_15_03,1,BREATH_PACED_15,19.00,0.8610,,MR60BHA2_breath_phase,safenest-node-01
126.7820,0.250000,S001,S001_BREATH_PACED_15_03,1,BREATH_PACED_15,19.00,0.8610,,MR60BHA2_breath_phase,safenest-node-01
126.8820,0.160000,S001,S001_BREATH_PACED_15_03,1,BREATH_PACED_15,19.00,0.8610,,MR60BHA2_breath_phase,safenest-node-01
126.9820,0.070000,S001,S001_BREATH_PACED_15_03,1,BREATH_PACED_15,19.00,0.8610,,MR60BHA2_breath_phase,safenest-node-01
127.0830,0.020000,S001,S001_BREATH_PACED_15_03,1,BREATH_PACED_15,19.00,0.8610,,MR60BHA2_breath_phase,safenest-node-01
127.1830,-0.080000,S001,S001_BREATH_PACED_15_03,1,BREATH_PACED_15,19.00,0.8610,,MR60BHA2_breath_phase,safenest-node-01
127.2830,-0.180000,S001,S001_BREATH_PACED_15_03,1,BREATH_PACED_15,19.00,0.8610,,MR60BHA2_breath_phase,safenest-node-01
127.3830,-0.230000,S001,S001_BREATH_PACED_15_03,1,BREATH_PACED_15,19.00,0.8610,,MR60BHA2_breath_phase,safenest-node-01
127.4830,-0.320000,S001,S001_BREATH_PACED_15_03,1,BREATH_PACED_15,19.00,0.8610,,MR60BHA2_breath_phase,safenest-node-01
127.5830,-0.390000,S001,S001_BREATH_PACED_15_03,1,BREATH_PACED_15,19.00,0.8610,,MR60BHA2_breath_phase,safenest-node-01
127.6830,-0.420000,S001,S001_BREATH_PACED_15_03,1,BREATH_PACED_15,19.00,0.8610,,MR60BHA2_breath_phase,safenest-node-01
127.7830,-0.470000,S001,S001_BREATH_PACED_15_03,1,BREATH_PACED_15,19.00,0.8610,,MR60BHA2_breath_phase,safenest-node-01
127.8830,-0.490000,S001,S001_BREATH_PACED_15_03,1,BREATH_PACED_15,19.00,0.8610,,MR60BHA2_breath_phase,safenest-node-01
127.9830,-0.500000,S001,S001_BREATH_PACED_15_03,1,BREATH_PACED_15,19.00,0.8610,,MR60BHA2_breath_phase,safenest-node-01
128.0830,-0.480000,S001,S001_BREATH_PACED_15_03,1,BREATH_PACED_15,19.00,0.8610,,MR60BHA2_breath_phase,safenest-node-01
128.1830,-0.440000,S001,S001_BREATH_PACED_15_03,1,BREATH_PACED_15,19.00,0.8610,,MR60BHA2_breath_phase,safenest-node-01
128.2830,-0.420000,S001,S001_BREATH_PACED_15_03,1,BREATH_PACED_15,19.00,0.8610,,MR60BHA2_breath_phase,safenest-node-01
128.3830,-0.340000,S001,S001_BREATH_PACED_15_03,1,BREATH_PACED_15,19.00,0.8610,,MR60BHA2_breath_phase,safenest-node-01
128.4830,-0.300000,S001,S001_BREATH_PACED_15_03,1,BREATH_PACED_15,19.00,0.8610,,MR60BHA2_breath_phase,safenest-node-01
128.5830,-0.210000,S001,S001_BREATH_PACED_15_03,1,BREATH_PACED_15,19.00,0.8610,,MR60BHA2_breath_phase,safenest-node-01
128.6830,-0.120000,S001,S001_BREATH_PACED_15_03,1,BREATH_PACED_15,19.00,0.8610,,MR60BHA2_breath_phase,safenest-node-01
128.7830,-0.030000,S001,S001_BREATH_PACED_15_03,1,BREATH_PACED_15,19.00,0.8610,,MR60BHA2_breath_phase,safenest-node-01
128.8830,0.020000,S001,S001_BREATH_PACED_15_03,1,BREATH_PACED_15,19.00,0.8610,,MR60BHA2_breath_phase,safenest-node-01
128.9830,0.090000,S001,S001_BREATH_PACED_15_03,1,BREATH_PACED_15,19.00,0.8610,,MR60BHA2_breath_phase,safenest-node-01
129.0830,0.120000,S001,S001_BREATH_PACED_15_03,1,BREATH_PACED_15,19.00,0.8610,,MR60BHA2_breath_phase,safenest-node-01
129.1830,0.170000,S001,S001_BREATH_PACED_15_03,1,BREATH_PACED_15,19.00,0.8610,,MR60BHA2_breath_phase,safenest-node-01
129.2830,0.210000,S001,S001_BREATH_PACED_15_03,1,BREATH_PACED_15,19.00,0.8610,,MR60BHA2_breath_phase,safenest-node-01
129.3830,0.220000,S001,S001_BREATH_PACED_15_03,1,BREATH_PACED_15,19.00,0.8610,,MR60BHA2_breath_phase,safenest-node-01
129.4830,0.240000,S001,S001_BREATH_PACED_15_03,1,BREATH_PACED_15,19.00,0.8610,,MR60BHA2_breath_phase,safenest-node-01
129.5830,0.240000,S001,S001_BREATH_PACED_15_03,1,BREATH_PACED_15,19.00,0.8610,,MR60BHA2_breath_phase,safenest-node-01
129.6830,0.230000,S001,S001_BREATH_PACED_15_03,1,BREATH_PACED_15,19.00,0.8610,,MR60BHA2_breath_phase,safenest-node-01
129.7830,0.220000,S001,S001_BREATH_PACED_15_03,1,BREATH_PACED_15,19.00,0.8610,,MR60BHA2_breath_phase,safenest-node-01
129.8830,0.190000,S001,S001_BREATH_PACED_15_03,1,BREATH_PACED_15,19.00,0.8610,,MR60BHA2_breath_phase,safenest-node-01
129.9830,0.170000,S001,S001_BREATH_PACED_15_03,1,BREATH_PACED_15,19.00,0.8610,,MR60BHA2_breath_phase,safenest-node-01
130.0830,0.130000,S001,S001_BREATH_PACED_15_03,1,BREATH_PACED_15,19.00,0.8610,,MR60BHA2_breath_phase,safenest-node-01
130.1830,0.110000,S001,S001_BREATH_PACED_15_03,1,BREATH_PACED_15,19.00,0.8610,,MR60BHA2_breath_phase,safenest-node-01
130.2830,0.070000,S001,S001_BREATH_PACED_15_03,1,BREATH_PACED_15,19.00,0.8610,,MR60BHA2_breath_phase,safenest-node-01
130.3830,0.040000,S001,S001_BREATH_PACED_15_03,1,BREATH_PACED_15,19.00,0.8610,,MR60BHA2_breath_phase,safenest-node-01
130.4830,0.010000,S001,S001_BREATH_PACED_15_03,1,BREATH_PACED_15,19.00,0.8610,,MR60BHA2_breath_phase,safenest-node-01
130.5830,0.010000,S001,S001_BREATH_PACED_15_03,1,BREATH_PACED_15,19.00,0.8610,,MR60BHA2_breath_phase,safenest-node-01
130.6830,-0.000000,S001,S001_BREATH_PACED_15_03,1,BREATH_PACED_15,19.00,0.8610,,MR60BHA2_breath_phase,safenest-node-01
130.7830,-0.000000,S001,S001_BREATH_PACED_15_03,1,BREATH_PACED_15,19.00,0.8610,,MR60BHA2_breath_phase,safenest-node-01
130.8830,-0.010000,S001,S001_BREATH_PACED_15_03,1,BREATH_PACED_15,19.00,0.8610,,MR60BHA2_breath_phase,safenest-node-01
130.9830,-0.010000,S001,S001_BREATH_PACED_15_03,1,BREATH_PACED_15,19.00,0.8610,,MR60BHA2_breath_phase,safenest-node-01
131.0830,-0.020000,S001,S001_BREATH_PACED_15_03,1,BREATH_PACED_15,19.00,0.8610,,MR60BHA2_breath_phase,safenest-node-01
131.1830,-0.020000,S001,S001_BREATH_PACED_15_03,1,BREATH_PACED_15,19.00,0.8610,,MR60BHA2_breath_phase,safenest-node-01
131.2830,-0.050000,S001,S001_BREATH_PACED_15_03,1,BREATH_PACED_15,19.00,0.8610,,MR60BHA2_breath_phase,safenest-node-01
131.3830,-0.060000,S001,S001_BREATH_PACED_15_03,1,BREATH_PACED_15,19.00,0.8610,,MR60BHA2_breath_phase,safenest-node-01
131.4830,-0.100000,S001,S001_BREATH_PACED_15_03,1,BREATH_PACED_15,19.00,0.8610,,MR60BHA2_breath_phase,safenest-node-01
131.5830,-0.150000,S001,S001_BREATH_PACED_15_03,1,BREATH_PACED_15,19.00,0.8610,,MR60BHA2_breath_phase,safenest-node-01
131.6830,-0.200000,S001,S001_BREATH_PACED_15_03,1,BREATH_PACED_15,19.00,0.8610,,MR60BHA2_breath_phase,safenest-node-01
131.7830,-0.230000,S001,S001_BREATH_PACED_15_03,1,BREATH_PACED_15,19.00,0.8610,,MR60BHA2_breath_phase,safenest-node-01
131.8830,-0.270000,S001,S001_BREATH_PACED_15_03,1,BREATH_PACED_15,19.00,0.8610,,MR60BHA2_breath_phase,safenest-node-01
131.9830,-0.290000,S001,S001_BREATH_PACED_15_03,1,BREATH_PACED_15,19.00,0.8610,,MR60BHA2_breath_phase,safenest-node-01
132.0830,-0.320000,S001,S001_BREATH_PACED_15_03,1,BREATH_PACED_15,19.00,0.8610,,MR60BHA2_breath_phase,safenest-node-01
132.1830,-0.330000,S001,S001_BREATH_PACED_15_03,1,BREATH_PACED_15,19.00,0.8610,,MR60BHA2_breath_phase,safenest-node-01
132.2830,-0.320000,S001,S001_BREATH_PACED_15_03,1,BREATH_PACED_15,19.00,0.8610,,MR60BHA2_breath_phase,safenest-node-01
132.3830,-0.300000,S001,S001_BREATH_PACED_15_03,1,BREATH_PACED_15,19.00,0.8610,,MR60BHA2_breath_phase,safenest-node-01
132.4840,-0.260000,S001,S001_BREATH_PACED_15_03,1,BREATH_PACED_15,19.00,0.8610,,MR60BHA2_breath_phase,safenest-node-01
132.5840,-0.240000,S001,S001_BREATH_PACED_15_03,1,BREATH_PACED_15,19.00,0.8610,,MR60BHA2_breath_phase,safenest-node-01
132.6840,-0.170000,S001,S001_BREATH_PACED_15_03,1,BREATH_PACED_15,19.00,0.8610,,MR60BHA2_breath_phase,safenest-node-01
132.7840,-0.100000,S001,S001_BREATH_PACED_15_03,1,BREATH_PACED_15,19.00,0.8610,,MR60BHA2_breath_phase,safenest-node-01
132.8850,-0.060000,S001,S001_BREATH_PACED_15_03,1,BREATH_PACED_15,19.00,0.8610,,MR60BHA2_breath_phase,safenest-node-01
132.9850,0.020000,S001,S001_BREATH_PACED_15_03,1,BREATH_PACED_15,19.00,0.8610,,MR60BHA2_breath_phase,safenest-node-01
133.0850,0.060000,S001,S001_BREATH_PACED_15_03,1,BREATH_PACED_15,19.00,0.8610,,MR60BHA2_breath_phase,safenest-node-01
133.1850,0.130000,S001,S001_BREATH_PACED_15_03,1,BREATH_PACED_15,19.00,0.8610,,MR60BHA2_breath_phase,safenest-node-01
133.2850,0.190000,S001,S001_BREATH_PACED_15_03,1,BREATH_PACED_15,19.00,0.8610,,MR60BHA2_breath_phase,safenest-node-01
133.3850,0.250000,S001,S001_BREATH_PACED_15_03,1,BREATH_PACED_15,19.00,0.8610,,MR60BHA2_breath_phase,safenest-node-01
133.4850,0.270000,S001,S001_BREATH_PACED_15_03,1,BREATH_PACED_15,19.00,0.8610,,MR60BHA2_breath_phase,safenest-node-01
133.5850,0.320000,S001,S001_BREATH_PACED_15_03,1,BREATH_PACED_15,19.00,0.8610,,MR60BHA2_breath_phase,safenest-node-01
133.6850,0.340000,S001,S001_BREATH_PACED_15_03,1,BREATH_PACED_15,19.00,0.8610,,MR60BHA2_breath_phase,safenest-node-01
133.7850,0.380000,S001,S001_BREATH_PACED_15_03,1,BREATH_PACED_15,19.00,0.8610,,MR60BHA2_breath_phase,safenest-node-01
133.8850,0.410000,S001,S001_BREATH_PACED_15_03,1,BREATH_PACED_15,19.00,0.8610,,MR60BHA2_breath_phase,safenest-node-01
133.9850,0.440000,S001,S001_BREATH_PACED_15_03,1,BREATH_PACED_15,19.00,0.8610,,MR60BHA2_breath_phase,safenest-node-01
134.0850,0.450000,S001,S001_BREATH_PACED_15_03,1,BREATH_PACED_15,19.00,0.8610,,MR60BHA2_breath_phase,safenest-node-01
134.1850,0.470000,S001,S001_BREATH_PACED_15_03,1,BREATH_PACED_15,19.00,0.8610,,MR60BHA2_breath_phase,safenest-node-01
134.2850,0.480000,S001,S001_BREATH_PACED_15_03,1,BREATH_PACED_15,19.00,0.8610,,MR60BHA2_breath_phase,safenest-node-01
134.3850,0.490000,S001,S001_BREATH_PACED_15_03,1,BREATH_PACED_15,19.00,0.8610,,MR60BHA2_breath_phase,safenest-node-01
134.4850,0.490000,S001,S001_BREATH_PACED_15_03,1,BREATH_PACED_15,19.00,0.8610,,MR60BHA2_breath_phase,safenest-node-01
134.5850,0.480000,S001,S001_BREATH_PACED_15_03,1,BREATH_PACED_15,19.00,0.8610,,MR60BHA2_breath_phase,safenest-node-01
134.6850,0.470000,S001,S001_BREATH_PACED_15_03,1,BREATH_PACED_15,19.00,0.8610,,MR60BHA2_breath_phase,safenest-node-01
134.7850,0.430000,S001,S001_BREATH_PACED_15_03,1,BREATH_PACED_15,19.00,0.8610,,MR60BHA2_breath_phase,safenest-node-01
134.8850,0.410000,S001,S001_BREATH_PACED_15_03,1,BREATH_PACED_15,19.00,0.8610,,MR60BHA2_breath_phase,safenest-node-01
134.9850,0.340000,S001,S001_BREATH_PACED_15_03,1,BREATH_PACED_15,19.00,0.8610,,MR60BHA2_breath_phase,safenest-node-01
135.0850,0.250000,S001,S001_BREATH_PACED_15_03,1,BREATH_PACED_15,19.00,0.8610,,MR60BHA2_breath_phase,safenest-node-01
135.1850,0.190000,S001,S001_BREATH_PACED_15_03,1,BREATH_PACED_15,19.00,0.8610,,MR60BHA2_breath_phase,safenest-node-01
135.2850,0.070000,S001,S001_BREATH_PACED_15_03,1,BREATH_PACED_15,19.00,0.8610,,MR60BHA2_breath_phase,safenest-node-01
135.3850,0.000000,S001,S001_BREATH_PACED_15_03,1,BREATH_PACED_15,19.00,0.8610,,MR60BHA2_breath_phase,safenest-node-01
135.4850,-0.140000,S001,S001_BREATH_PACED_15_03,1,BREATH_PACED_15,19.00,0.8610,,MR60BHA2_breath_phase,safenest-node-01
135.5850,-0.280000,S001,S001_BREATH_PACED_15_03,1,BREATH_PACED_15,19.00,0.8610,,MR60BHA2_breath_phase,safenest-node-01
135.6850,-0.420000,S001,S001_BREATH_PACED_15_03,1,BREATH_PACED_15,19.00,0.8610,,MR60BHA2_breath_phase,safenest-node-01
135.7850,-0.480000,S001,S001_BREATH_PACED_15_03,1,BREATH_PACED_15,19.00,0.8610,,MR60BHA2_breath_phase,safenest-node-01
135.8850,-0.590000,S001,S001_BREATH_PACED_15_03,1,BREATH_PACED_15,19.00,0.8610,,MR60BHA2_breath_phase,safenest-node-01
135.9850,-0.630000,S001,S001_BREATH_PACED_15_03,1,BREATH_PACED_15,19.00,0.8610,,MR60BHA2_breath_phase,safenest-node-01
136.0850,-0.690000,S001,S001_BREATH_PACED_15_03,1,BREATH_PACED_15,19.00,0.8610,,MR60BHA2_breath_phase,safenest-node-01
136.1850,-0.710000,S001,S001_BREATH_PACED_15_03,1,BREATH_PACED_15,19.00,0.8610,,MR60BHA2_breath_phase,safenest-node-01
136.2850,-0.700000,S001,S001_BREATH_PACED_15_03,1,BREATH_PACED_15,19.00,0.8610,,MR60BHA2_breath_phase,safenest-node-01
136.3850,-0.680000,S001,S001_BREATH_PACED_15_03,1,BREATH_PACED_15,19.00,0.8610,,MR60BHA2_breath_phase,safenest-node-01
136.4850,-0.620000,S001,S001_BREATH_PACED_15_03,1,BREATH_PACED_15,19.00,0.8610,,MR60BHA2_breath_phase,safenest-node-01
136.5850,-0.570000,S001,S001_BREATH_PACED_15_03,1,BREATH_PACED_15,19.00,0.8610,,MR60BHA2_breath_phase,safenest-node-01
136.6850,-0.470000,S001,S001_BREATH_PACED_15_03,1,BREATH_PACED_15,19.00,0.8610,,MR60BHA2_breath_phase,safenest-node-01
136.7850,-0.350000,S001,S001_BREATH_PACED_15_03,1,BREATH_PACED_15,19.00,0.8610,,MR60BHA2_breath_phase,safenest-node-01
136.8850,-0.230000,S001,S001_BREATH_PACED_15_03,1,BREATH_PACED_15,19.00,0.8610,,MR60BHA2_breath_phase,safenest-node-01
136.9850,-0.180000,S001,S001_BREATH_PACED_15_03,1,BREATH_PACED_15,19.00,0.8610,,MR60BHA2_breath_phase,safenest-node-01
137.0850,-0.060000,S001,S001_BREATH_PACED_15_03,1,BREATH_PACED_15,19.00,0.8610,,MR60BHA2_breath_phase,safenest-node-01
137.1850,-0.010000,S001,S001_BREATH_PACED_15_03,1,BREATH_PACED_15,19.00,0.8610,,MR60BHA2_breath_phase,safenest-node-01
137.2850,0.080000,S001,S001_BREATH_PACED_15_03,1,BREATH_PACED_15,19.00,0.8610,,MR60BHA2_breath_phase,safenest-node-01
137.3850,0.160000,S001,S001_BREATH_PACED_15_03,1,BREATH_PACED_15,19.00,0.8610,,MR60BHA2_breath_phase,safenest-node-01
137.4850,0.190000,S001,S001_BREATH_PACED_15_03,1,BREATH_PACED_15,19.00,0.8610,,MR60BHA2_breath_phase,safenest-node-01
137.5850,0.260000,S001,S001_BREATH_PACED_15_03,1,BREATH_PACED_15,19.00,0.8610,,MR60BHA2_breath_phase,safenest-node-01
137.6850,0.310000,S001,S001_BREATH_PACED_15_03,1,BREATH_PACED_15,19.00,0.8610,,MR60BHA2_breath_phase,safenest-node-01
137.7850,0.340000,S001,S001_BREATH_PACED_15_03,1,BREATH_PACED_15,19.00,0.8610,,MR60BHA2_breath_phase,safenest-node-01
137.8850,0.390000,S001,S001_BREATH_PACED_15_03,1,BREATH_PACED_15,19.00,0.8610,,MR60BHA2_breath_phase,safenest-node-01
137.9850,0.440000,S001,S001_BREATH_PACED_15_03,1,BREATH_PACED_15,19.00,0.8610,,MR60BHA2_breath_phase,safenest-node-01
138.0860,0.460000,S001,S001_BREATH_PACED_15_03,1,BREATH_PACED_15,19.00,0.8610,,MR60BHA2_breath_phase,safenest-node-01
138.1860,0.490000,S001,S001_BREATH_PACED_15_03,1,BREATH_PACED_15,19.00,0.8610,,MR60BHA2_breath_phase,safenest-node-01
138.2860,0.500000,S001,S001_BREATH_PACED_15_03,1,BREATH_PACED_15,19.00,0.8610,,MR60BHA2_breath_phase,safenest-node-01
138.3860,0.510000,S001,S001_BREATH_PACED_15_03,1,BREATH_PACED_15,19.00,0.8610,,MR60BHA2_breath_phase,safenest-node-01
138.4860,0.510000,S001,S001_BREATH_PACED_15_03,1,BREATH_PACED_15,19.00,0.8610,,MR60BHA2_breath_phase,safenest-node-01
138.5860,0.490000,S001,S001_BREATH_PACED_15_03,1,BREATH_PACED_15,19.00,0.8610,,MR60BHA2_breath_phase,safenest-node-01
138.6860,0.470000,S001,S001_BREATH_PACED_15_03,1,BREATH_PACED_15,19.00,0.8610,,MR60BHA2_breath_phase,safenest-node-01
138.7860,0.430000,S001,S001_BREATH_PACED_15_03,1,BREATH_PACED_15,19.00,0.8610,,MR60BHA2_breath_phase,safenest-node-01
138.8860,0.400000,S001,S001_BREATH_PACED_15_03,1,BREATH_PACED_15,19.00,0.8610,,MR60BHA2_breath_phase,safenest-node-01
138.9860,0.330000,S001,S001_BREATH_PACED_15_03,1,BREATH_PACED_15,19.00,0.8610,,MR60BHA2_breath_phase,safenest-node-01
139.0860,0.240000,S001,S001_BREATH_PACED_15_03,1,BREATH_PACED_15,19.00,0.8610,,MR60BHA2_breath_phase,safenest-node-01
139.1860,0.130000,S001,S001_BREATH_PACED_15_03,1,BREATH_PACED_15,19.00,0.8610,,MR60BHA2_breath_phase,safenest-node-01
139.2860,0.070000,S001,S001_BREATH_PACED_15_03,1,BREATH_PACED_15,19.00,0.8610,,MR60BHA2_breath_phase,safenest-node-01
139.3860,-0.070000,S001,S001_BREATH_PACED_15_03,1,BREATH_PACED_15,19.00,0.8610,,MR60BHA2_breath_phase,safenest-node-01
139.4860,-0.130000,S001,S001_BREATH_PACED_15_03,1,BREATH_PACED_15,19.00,0.8610,,MR60BHA2_breath_phase,safenest-node-01
139.5860,-0.270000,S001,S001_BREATH_PACED_15_03,1,BREATH_PACED_15,19.00,0.8610,,MR60BHA2_breath_phase,safenest-node-01
139.6860,-0.400000,S001,S001_BREATH_PACED_15_03,1,BREATH_PACED_15,19.00,0.8610,,MR60BHA2_breath_phase,safenest-node-01
139.7880,-0.510000,S001,S001_BREATH_PACED_15_03,1,BREATH_PACED_15,19.00,0.8610,,MR60BHA2_breath_phase,safenest-node-01
139.8880,-0.560000,S001,S001_BREATH_PACED_15_03,1,BREATH_PACED_15,19.00,0.8610,,MR60BHA2_breath_phase,safenest-node-01
139.9880,-0.640000,S001,S001_BREATH_PACED_15_03,1,BREATH_PACED_15,19.00,0.8610,,MR60BHA2_breath_phase,safenest-node-01
140.0880,-0.670000,S001,S001_BREATH_PACED_15_03,1,BREATH_PACED_15,19.00,0.8610,,MR60BHA2_breath_phase,safenest-node-01
140.1880,-0.700000,S001,S001_BREATH_PACED_15_03,1,BREATH_PACED_15,19.00,0.8610,,MR60BHA2_breath_phase,safenest-node-01
140.2880,-0.690000,S001,S001_BREATH_PACED_15_03,1,BREATH_PACED_15,19.00,0.8610,,MR60BHA2_breath_phase,safenest-node-01
140.3880,-0.680000,S001,S001_BREATH_PACED_15_03,1,BREATH_PACED_15,19.00,0.8610,,MR60BHA2_breath_phase,safenest-node-01
140.4880,-0.620000,S001,S001_BREATH_PACED_15_03,1,BREATH_PACED_15,19.00,0.8610,,MR60BHA2_breath_phase,safenest-node-01
140.5880,-0.530000,S001,S001_BREATH_PACED_15_03,1,BREATH_PACED_15,19.00,0.8610,,MR60BHA2_breath_phase,safenest-node-01
140.6880,-0.480000,S001,S001_BREATH_PACED_15_03,1,BREATH_PACED_15,19.00,0.8610,,MR60BHA2_breath_phase,safenest-node-01
140.7880,-0.360000,S001,S001_BREATH_PACED_15_03,1,BREATH_PACED_15,19.00,0.8610,,MR60BHA2_breath_phase,safenest-node-01
140.8880,-0.220000,S001,S001_BREATH_PACED_15_03,1,BREATH_PACED_15,19.00,0.8610,,MR60BHA2_breath_phase,safenest-node-01
140.9880,-0.160000,S001,S001_BREATH_PACED_15_03,1,BREATH_PACED_15,19.00,0.8610,,MR60BHA2_breath_phase,safenest-node-01
141.0880,-0.020000,S001,S001_BREATH_PACED_15_03,1,BREATH_PACED_15,19.00,0.8610,,MR60BHA2_breath_phase,safenest-node-01
141.1890,0.110000,S001,S001_BREATH_PACED_15_03,1,BREATH_PACED_15,19.00,0.8610,,MR60BHA2_breath_phase,safenest-node-01
141.2890,0.170000,S001,S001_BREATH_PACED_15_03,1,BREATH_PACED_15,19.00,0.8610,,MR60BHA2_breath_phase,safenest-node-01
141.3890,0.270000,S001,S001_BREATH_PACED_15_03,1,BREATH_PACED_15,19.00,0.8610,,MR60BHA2_breath_phase,safenest-node-01
141.4890,0.360000,S001,S001_BREATH_PACED_15_03,1,BREATH_PACED_15,19.00,0.8610,,MR60BHA2_breath_phase,safenest-node-01
141.5890,0.390000,S001,S001_BREATH_PACED_15_03,1,BREATH_PACED_15,19.00,0.8610,,MR60BHA2_breath_phase,safenest-node-01
141.6890,0.440000,S001,S001_BREATH_PACED_15_03,1,BREATH_PACED_15,19.00,0.8610,,MR60BHA2_breath_phase,safenest-node-01
141.7890,0.450000,S001,S001_BREATH_PACED_15_03,1,BREATH_PACED_15,19.00,0.8610,,MR60BHA2_breath_phase,safenest-node-01
141.8890,0.460000,S001,S001_BREATH_PACED_15_03,1,BREATH_PACED_15,19.00,0.8610,,MR60BHA2_breath_phase,safenest-node-01
141.9890,0.440000,S001,S001_BREATH_PACED_15_03,1,BREATH_PACED_15,19.00,0.8610,,MR60BHA2_breath_phase,safenest-node-01
142.0890,0.410000,S001,S001_BREATH_PACED_15_03,1,BREATH_PACED_15,19.00,0.8610,,MR60BHA2_breath_phase,safenest-node-01
142.1890,0.390000,S001,S001_BREATH_PACED_15_03,1,BREATH_PACED_15,19.00,0.8610,,MR60BHA2_breath_phase,safenest-node-01
142.2890,0.340000,S001,S001_BREATH_PACED_15_03,1,BREATH_PACED_15,19.00,0.8610,,MR60BHA2_breath_phase,safenest-node-01
142.3890,0.320000,S001,S001_BREATH_PACED_15_03,1,BREATH_PACED_15,19.00,0.8610,,MR60BHA2_breath_phase,safenest-node-01
142.4890,0.270000,S001,S001_BREATH_PACED_15_03,1,BREATH_PACED_15,19.00,0.8610,,MR60BHA2_breath_phase,safenest-node-01
142.5890,0.220000,S001,S001_BREATH_PACED_15_03,1,BREATH_PACED_15,19.00,0.8610,,MR60BHA2_breath_phase,safenest-node-01
142.6890,0.180000,S001,S001_BREATH_PACED_15_03,1,BREATH_PACED_15,19.00,0.8610,,MR60BHA2_breath_phase,safenest-node-01
142.7890,0.160000,S001,S001_BREATH_PACED_15_03,1,BREATH_PACED_15,19.00,0.8610,,MR60BHA2_breath_phase,safenest-node-01
142.8890,0.120000,S001,S001_BREATH_PACED_15_03,1,BREATH_PACED_15,19.00,0.8610,,MR60BHA2_breath_phase,safenest-node-01
142.9890,0.100000,S001,S001_BREATH_PACED_15_03,1,BREATH_PACED_15,19.00,0.8610,,MR60BHA2_breath_phase,safenest-node-01
143.0890,0.060000,S001,S001_BREATH_PACED_15_03,1,BREATH_PACED_15,19.00,0.8610,,MR60BHA2_breath_phase,safenest-node-01
143.1890,0.000000,S001,S001_BREATH_PACED_15_03,1,BREATH_PACED_15,19.00,0.8610,,MR60BHA2_breath_phase,safenest-node-01
143.2900,-0.050000,S001,S001_BREATH_PACED_15_03,1,BREATH_PACED_15,19.00,0.8610,,MR60BHA2_breath_phase,safenest-node-01
143.3900,-0.090000,S001,S001_BREATH_PACED_15_03,1,BREATH_PACED_15,19.00,0.8610,,MR60BHA2_breath_phase,safenest-node-01
143.4900,-0.150000,S001,S001_BREATH_PACED_15_03,1,BREATH_PACED_15,19.00,0.8610,,MR60BHA2_breath_phase,safenest-node-01
143.5900,-0.180000,S001,S001_BREATH_PACED_15_03,1,BREATH_PACED_15,19.00,0.8610,,MR60BHA2_breath_phase,safenest-node-01
143.6900,-0.240000,S001,S001_BREATH_PACED_15_03,1,BREATH_PACED_15,19.00,0.8610,,MR60BHA2_breath_phase,safenest-node-01
143.7900,-0.290000,S001,S001_BREATH_PACED_15_03,1,BREATH_PACED_15,19.00,0.8610,,MR60BHA2_breath_phase,safenest-node-01
143.8900,-0.310000,S001,S001_BREATH_PACED_15_03,1,BREATH_PACED_15,19.00,0.8610,,MR60BHA2_breath_phase,safenest-node-01
143.9900,-0.350000,S001,S001_BREATH_PACED_15_03,1,BREATH_PACED_15,19.00,0.8610,,MR60BHA2_breath_phase,safenest-node-01
144.0900,-0.370000,S001,S001_BREATH_PACED_15_03,1,BREATH_PACED_15,19.00,0.8610,,MR60BHA2_breath_phase,safenest-node-01
144.1900,-0.370000,S001,S001_BREATH_PACED_15_03,1,BREATH_PACED_15,19.00,0.8610,,MR60BHA2_breath_phase,safenest-node-01
144.2900,-0.370000,S001,S001_BREATH_PACED_15_03,1,BREATH_PACED_15,19.00,0.8610,,MR60BHA2_breath_phase,safenest-node-01
144.3900,-0.350000,S001,S001_BREATH_PACED_15_03,1,BREATH_PACED_15,19.00,0.8610,,MR60BHA2_breath_phase,safenest-node-01
144.4900,-0.330000,S001,S001_BREATH_PACED_15_03,1,BREATH_PACED_15,19.00,0.8610,,MR60BHA2_breath_phase,safenest-node-01
144.5900,-0.280000,S001,S001_BREATH_PACED_15_03,1,BREATH_PACED_15,19.00,0.8610,,MR60BHA2_breath_phase,safenest-node-01
144.6900,-0.210000,S001,S001_BREATH_PACED_15_03,1,BREATH_PACED_15,19.00,0.8610,,MR60BHA2_breath_phase,safenest-node-01
144.7900,-0.180000,S001,S001_BREATH_PACED_15_03,1,BREATH_PACED_15,19.00,0.8610,,MR60BHA2_breath_phase,safenest-node-01
144.8900,-0.100000,S001,S001_BREATH_PACED_15_03,1,BREATH_PACED_15,19.00,0.8610,,MR60BHA2_breath_phase,safenest-node-01
144.9900,-0.020000,S001,S001_BREATH_PACED_15_03,1,BREATH_PACED_15,19.00,0.8610,,MR60BHA2_breath_phase,safenest-node-01
145.0910,0.020000,S001,S001_BREATH_PACED_15_03,1,BREATH_PACED_15,19.00,0.8610,,MR60BHA2_breath_phase,safenest-node-01
145.1910,0.110000,S001,S001_BREATH_PACED_15_03,1,BREATH_PACED_15,19.00,0.8610,,MR60BHA2_breath_phase,safenest-node-01
145.2910,0.190000,S001,S001_BREATH_PACED_15_03,1,BREATH_PACED_15,19.00,0.8610,,MR60BHA2_breath_phase,safenest-node-01
145.3910,0.230000,S001,S001_BREATH_PACED_15_03,1,BREATH_PACED_15,19.00,0.8610,,MR60BHA2_breath_phase,safenest-node-01
145.4910,0.300000,S001,S001_BREATH_PACED_15_03,1,BREATH_PACED_15,19.00,0.8610,,MR60BHA2_breath_phase,safenest-node-01
145.5910,0.360000,S001,S001_BREATH_PACED_15_03,1,BREATH_PACED_15,19.00,0.8610,,MR60BHA2_breath_phase,safenest-node-01
145.6910,0.390000,S001,S001_BREATH_PACED_15_03,1,BREATH_PACED_15,19.00,0.8610,,MR60BHA2_breath_phase,safenest-node-01
145.7910,0.420000,S001,S001_BREATH_PACED_15_03,1,BREATH_PACED_15,19.00,0.8610,,MR60BHA2_breath_phase,safenest-node-01
145.8910,0.430000,S001,S001_BREATH_PACED_15_03,1,BREATH_PACED_15,19.00,0.8610,,MR60BHA2_breath_phase,safenest-node-01
145.9910,0.440000,S001,S001_BREATH_PACED_15_03,1,BREATH_PACED_15,19.00,0.8610,,MR60BHA2_breath_phase,safenest-node-01
146.0910,0.440000,S001,S001_BREATH_PACED_15_03,1,BREATH_PACED_15,19.00,0.8610,,MR60BHA2_breath_phase,safenest-node-01
146.1910,0.430000,S001,S001_BREATH_PACED_15_03,1,BREATH_PACED_15,19.00,0.8610,,MR60BHA2_breath_phase,safenest-node-01
146.2910,0.420000,S001,S001_BREATH_PACED_15_03,1,BREATH_PACED_15,19.00,0.8610,,MR60BHA2_breath_phase,safenest-node-01
146.3910,0.390000,S001,S001_BREATH_PACED_15_03,1,BREATH_PACED_15,19.00,0.8610,,MR60BHA2_breath_phase,safenest-node-01
146.4910,0.370000,S001,S001_BREATH_PACED_15_03,1,BREATH_PACED_15,19.00,0.8610,,MR60BHA2_breath_phase,safenest-node-01
146.5910,0.330000,S001,S001_BREATH_PACED_15_03,1,BREATH_PACED_15,19.00,0.8610,,MR60BHA2_breath_phase,safenest-node-01
146.6910,0.290000,S001,S001_BREATH_PACED_15_03,1,BREATH_PACED_15,19.00,0.8610,,MR60BHA2_breath_phase,safenest-node-01
146.7910,0.260000,S001,S001_BREATH_PACED_15_03,1,BREATH_PACED_15,19.00,0.8610,,MR60BHA2_breath_phase,safenest-node-01
146.8910,0.200000,S001,S001_BREATH_PACED_15_03,1,BREATH_PACED_15,19.00,0.8610,,MR60BHA2_breath_phase,safenest-node-01
146.9910,0.130000,S001,S001_BREATH_PACED_15_03,1,BREATH_PACED_15,19.00,0.8610,,MR60BHA2_breath_phase,safenest-node-01
147.0910,0.090000,S001,S001_BREATH_PACED_15_03,1,BREATH_PACED_15,19.00,0.8610,,MR60BHA2_breath_phase,safenest-node-01
147.1910,-0.010000,S001,S001_BREATH_PACED_15_03,1,BREATH_PACED_15,19.00,0.8610,,MR60BHA2_breath_phase,safenest-node-01
147.2910,-0.110000,S001,S001_BREATH_PACED_15_03,1,BREATH_PACED_15,19.00,0.8610,,MR60BHA2_breath_phase,safenest-node-01
147.3910,-0.170000,S001,S001_BREATH_PACED_15_03,1,BREATH_PACED_15,19.00,0.8610,,MR60BHA2_breath_phase,safenest-node-01
147.4910,-0.290000,S001,S001_BREATH_PACED_15_03,1,BREATH_PACED_15,19.00,0.8610,,MR60BHA2_breath_phase,safenest-node-01
147.5910,-0.340000,S001,S001_BREATH_PACED_15_03,1,BREATH_PACED_15,19.00,0.8610,,MR60BHA2_breath_phase,safenest-node-01
147.6910,-0.450000,S001,S001_BREATH_PACED_15_03,1,BREATH_PACED_15,19.00,0.8610,,MR60BHA2_breath_phase,safenest-node-01
147.7910,-0.540000,S001,S001_BREATH_PACED_15_03,1,BREATH_PACED_15,19.00,0.8610,,MR60BHA2_breath_phase,safenest-node-01
147.8910,-0.610000,S001,S001_BREATH_PACED_15_03,1,BREATH_PACED_15,19.00,0.8610,,MR60BHA2_breath_phase,safenest-node-01
147.9910,-0.630000,S001,S001_BREATH_PACED_15_03,1,BREATH_PACED_15,19.00,0.8610,,MR60BHA2_breath_phase,safenest-node-01
148.0910,-0.660000,S001,S001_BREATH_PACED_15_03,1,BREATH_PACED_15,19.00,0.8610,,MR60BHA2_breath_phase,safenest-node-01
148.1910,-0.670000,S001,S001_BREATH_PACED_15_03,1,BREATH_PACED_15,19.00,0.8610,,MR60BHA2_breath_phase,safenest-node-01
148.2910,-0.650000,S001,S001_BREATH_PACED_15_03,1,BREATH_PACED_15,19.00,0.8610,,MR60BHA2_breath_phase,safenest-node-01
148.3910,-0.610000,S001,S001_BREATH_PACED_15_03,1,BREATH_PACED_15,19.00,0.8610,,MR60BHA2_breath_phase,safenest-node-01
148.4910,-0.530000,S001,S001_BREATH_PACED_15_03,1,BREATH_PACED_15,19.00,0.8610,,MR60BHA2_breath_phase,safenest-node-01
148.5910,-0.490000,S001,S001_BREATH_PACED_15_03,1,BREATH_PACED_15,19.00,0.8610,,MR60BHA2_breath_phase,safenest-node-01
148.6910,-0.380000,S001,S001_BREATH_PACED_15_03,1,BREATH_PACED_15,19.00,0.8610,,MR60BHA2_breath_phase,safenest-node-01
148.7910,-0.320000,S001,S001_BREATH_PACED_15_03,1,BREATH_PACED_15,19.00,0.8610,,MR60BHA2_breath_phase,safenest-node-01
148.8910,-0.200000,S001,S001_BREATH_PACED_15_03,1,BREATH_PACED_15,19.00,0.8610,,MR60BHA2_breath_phase,safenest-node-01
148.9910,-0.070000,S001,S001_BREATH_PACED_15_03,1,BREATH_PACED_15,19.00,0.8610,,MR60BHA2_breath_phase,safenest-node-01
149.0910,0.050000,S001,S001_BREATH_PACED_15_03,1,BREATH_PACED_15,19.00,0.8610,,MR60BHA2_breath_phase,safenest-node-01
149.1910,0.110000,S001,S001_BREATH_PACED_15_03,1,BREATH_PACED_15,19.00,0.8610,,MR60BHA2_breath_phase,safenest-node-01
149.2910,0.210000,S001,S001_BREATH_PACED_15_03,1,BREATH_PACED_15,19.00,0.8610,,MR60BHA2_breath_phase,safenest-node-01
149.3910,0.260000,S001,S001_BREATH_PACED_15_03,1,BREATH_PACED_15,19.00,0.8610,,MR60BHA2_breath_phase,safenest-node-01
149.4910,0.350000,S001,S001_BREATH_PACED_15_03,1,BREATH_PACED_15,19.00,0.8610,,MR60BHA2_breath_phase,safenest-node-01
149.5910,0.420000,S001,S001_BREATH_PACED_15_03,1,BREATH_PACED_15,19.00,0.8610,,MR60BHA2_breath_phase,safenest-node-01
149.6930,0.470000,S001,S001_BREATH_PACED_15_03,1,BREATH_PACED_15,19.00,0.8610,,MR60BHA2_breath_phase,safenest-node-01
149.7930,0.490000,S001,S001_BREATH_PACED_15_03,1,BREATH_PACED_15,19.00,0.8610,,MR60BHA2_breath_phase,safenest-node-01
149.8930,0.520000,S001,S001_BREATH_PACED_15_03,1,BREATH_PACED_15,19.00,0.8610,,MR60BHA2_breath_phase,safenest-node-01
149.9930,0.520000,S001,S001_BREATH_PACED_15_03,1,BREATH_PACED_15,19.00,0.8610,,MR60BHA2_breath_phase,safenest-node-01
150.0930,0.520000,S001,S001_BREATH_PACED_15_03,1,BREATH_PACED_15,19.00,0.8610,,MR60BHA2_breath_phase,safenest-node-01
150.1930,0.510000,S001,S001_BREATH_PACED_15_03,1,BREATH_PACED_15,19.00,0.8610,,MR60BHA2_breath_phase,safenest-node-01
150.2930,0.500000,S001,S001_BREATH_PACED_15_03,1,BREATH_PACED_15,19.00,0.8610,,MR60BHA2_breath_phase,safenest-node-01
150.3930,0.460000,S001,S001_BREATH_PACED_15_03,1,BREATH_PACED_15,19.00,0.8610,,MR60BHA2_breath_phase,safenest-node-01
150.4930,0.410000,S001,S001_BREATH_PACED_15_03,1,BREATH_PACED_15,19.00,0.8610,,MR60BHA2_breath_phase,safenest-node-01
150.5930,0.380000,S001,S001_BREATH_PACED_15_03,1,BREATH_PACED_15,19.00,0.8610,,MR60BHA2_breath_phase,safenest-node-01
150.6930,0.310000,S001,S001_BREATH_PACED_15_03,1,BREATH_PACED_15,19.00,0.8610,,MR60BHA2_breath_phase,safenest-node-01
150.7930,0.230000,S001,S001_BREATH_PACED_15_03,1,BREATH_PACED_15,19.00,0.8610,,MR60BHA2_breath_phase,safenest-node-01
150.8940,0.190000,S001,S001_BREATH_PACED_15_03,1,BREATH_PACED_15,19.00,0.8610,,MR60BHA2_breath_phase,safenest-node-01
150.9940,0.090000,S001,S001_BREATH_PACED_15_03,1,BREATH_PACED_15,19.00,0.8610,,MR60BHA2_breath_phase,safenest-node-01
151.0940,0.040000,S001,S001_BREATH_PACED_15_03,1,BREATH_PACED_15,19.00,0.8610,,MR60BHA2_breath_phase,safenest-node-01
151.1940,-0.070000,S001,S001_BREATH_PACED_15_03,1,BREATH_PACED_15,19.00,0.8610,,MR60BHA2_breath_phase,safenest-node-01
151.2940,-0.180000,S001,S001_BREATH_PACED_15_03,1,BREATH_PACED_15,19.00,0.8610,,MR60BHA2_breath_phase,safenest-node-01
151.3940,-0.300000,S001,S001_BREATH_PACED_15_03,1,BREATH_PACED_15,19.00,0.8610,,MR60BHA2_breath_phase,safenest-node-01
151.4940,-0.360000,S001,S001_BREATH_PACED_15_03,1,BREATH_PACED_15,19.00,0.8610,,MR60BHA2_breath_phase,safenest-node-01
151.5940,-0.460000,S001,S001_BREATH_PACED_15_03,1,BREATH_PACED_15,19.00,0.8610,,MR60BHA2_breath_phase,safenest-node-01
151.6940,-0.510000,S001,S001_BREATH_PACED_15_03,1,BREATH_PACED_15,19.00,0.8610,,MR60BHA2_breath_phase,safenest-node-01
151.7940,-0.580000,S001,S001_BREATH_PACED_15_03,1,BREATH_PACED_15,19.00,0.8610,,MR60BHA2_breath_phase,safenest-node-01
151.8940,-0.640000,S001,S001_BREATH_PACED_15_03,1,BREATH_PACED_15,19.00,0.8610,,MR60BHA2_breath_phase,safenest-node-01
151.9940,-0.660000,S001,S001_BREATH_PACED_15_03,1,BREATH_PACED_15,19.00,0.8610,,MR60BHA2_breath_phase,safenest-node-01
152.0940,-0.660000,S001,S001_BREATH_PACED_15_03,1,BREATH_PACED_15,19.00,0.8610,,MR60BHA2_breath_phase,safenest-node-01
152.1940,-0.640000,S001,S001_BREATH_PACED_15_03,1,BREATH_PACED_15,19.00,0.8610,,MR60BHA2_breath_phase,safenest-node-01
152.2940,-0.620000,S001,S001_BREATH_PACED_15_03,1,BREATH_PACED_15,19.00,0.8610,,MR60BHA2_breath_phase,safenest-node-01
152.3940,-0.560000,S001,S001_BREATH_PACED_15_03,1,BREATH_PACED_15,19.00,0.8610,,MR60BHA2_breath_phase,safenest-node-01
152.4940,-0.480000,S001,S001_BREATH_PACED_15_03,1,BREATH_PACED_15,19.00,0.8610,,MR60BHA2_breath_phase,safenest-node-01
152.5940,-0.380000,S001,S001_BREATH_PACED_15_03,1,BREATH_PACED_15,19.00,0.8610,,MR60BHA2_breath_phase,safenest-node-01
152.6940,-0.330000,S001,S001_BREATH_PACED_15_03,1,BREATH_PACED_15,19.00,0.8610,,MR60BHA2_breath_phase,safenest-node-01
152.7940,-0.210000,S001,S001_BREATH_PACED_15_03,1,BREATH_PACED_15,19.00,0.8610,,MR60BHA2_breath_phase,safenest-node-01
152.8940,-0.150000,S001,S001_BREATH_PACED_15_03,1,BREATH_PACED_15,19.00,0.8610,,MR60BHA2_breath_phase,safenest-node-01
152.9940,-0.020000,S001,S001_BREATH_PACED_15_03,1,BREATH_PACED_15,19.00,0.8610,,MR60BHA2_breath_phase,safenest-node-01
153.0940,0.120000,S001,S001_BREATH_PACED_15_03,1,BREATH_PACED_15,19.00,0.8610,,MR60BHA2_breath_phase,safenest-node-01
153.1940,0.270000,S001,S001_BREATH_PACED_15_03,1,BREATH_PACED_15,19.00,0.8610,,MR60BHA2_breath_phase,safenest-node-01
153.2940,0.340000,S001,S001_BREATH_PACED_15_03,1,BREATH_PACED_15,19.00,0.8610,,MR60BHA2_breath_phase,safenest-node-01
153.3940,0.480000,S001,S001_BREATH_PACED_15_03,1,BREATH_PACED_15,19.00,0.8610,,MR60BHA2_breath_phase,safenest-node-01
153.4940,0.540000,S001,S001_BREATH_PACED_15_03,1,BREATH_PACED_15,19.00,0.8610,,MR60BHA2_breath_phase,safenest-node-01
153.5940,0.660000,S001,S001_BREATH_PACED_15_03,1,BREATH_PACED_15,19.00,0.8610,,MR60BHA2_breath_phase,safenest-node-01
153.6940,0.760000,S001,S001_BREATH_PACED_15_03,1,BREATH_PACED_15,19.00,0.8610,,MR60BHA2_breath_phase,safenest-node-01
153.7940,0.790000,S001,S001_BREATH_PACED_15_03,1,BREATH_PACED_15,19.00,0.8610,,MR60BHA2_breath_phase,safenest-node-01
153.8940,0.840000,S001,S001_BREATH_PACED_15_03,1,BREATH_PACED_15,19.00,0.8610,,MR60BHA2_breath_phase,safenest-node-01
153.9940,0.840000,S001,S001_BREATH_PACED_15_03,1,BREATH_PACED_15,19.00,0.8610,,MR60BHA2_breath_phase,safenest-node-01
154.0940,0.820000,S001,S001_BREATH_PACED_15_03,1,BREATH_PACED_15,19.00,0.8610,,MR60BHA2_breath_phase,safenest-node-01
154.1940,0.760000,S001,S001_BREATH_PACED_15_03,1,BREATH_PACED_15,19.00,0.8610,,MR60BHA2_breath_phase,safenest-node-01
154.2940,0.670000,S001,S001_BREATH_PACED_15_03,1,BREATH_PACED_15,19.00,0.8610,,MR60BHA2_breath_phase,safenest-node-01
154.3940,0.620000,S001,S001_BREATH_PACED_15_03,1,BREATH_PACED_15,19.00,0.8610,,MR60BHA2_breath_phase,safenest-node-01
154.4940,0.490000,S001,S001_BREATH_PACED_15_03,1,BREATH_PACED_15,19.00,0.8610,,MR60BHA2_breath_phase,safenest-node-01
154.5940,0.360000,S001,S001_BREATH_PACED_15_03,1,BREATH_PACED_15,19.00,0.8610,,MR60BHA2_breath_phase,safenest-node-01
154.6940,0.280000,S001,S001_BREATH_PACED_15_03,1,BREATH_PACED_15,19.00,0.8610,,MR60BHA2_breath_phase,safenest-node-01
154.7940,0.140000,S001,S001_BREATH_PACED_15_03,1,BREATH_PACED_15,19.00,0.8610,,MR60BHA2_breath_phase,safenest-node-01
154.8940,0.010000,S001,S001_BREATH_PACED_15_03,1,BREATH_PACED_15,19.00,0.8610,,MR60BHA2_breath_phase,safenest-node-01
154.9940,-0.060000,S001,S001_BREATH_PACED_15_03,1,BREATH_PACED_15,19.00,0.8610,,MR60BHA2_breath_phase,safenest-node-01
155.0940,-0.180000,S001,S001_BREATH_PACED_15_03,1,BREATH_PACED_15,19.00,0.8610,,MR60BHA2_breath_phase,safenest-node-01
155.1940,-0.240000,S001,S001_BREATH_PACED_15_03,1,BREATH_PACED_15,19.00,0.8610,,MR60BHA2_breath_phase,safenest-node-01
155.2940,-0.340000,S001,S001_BREATH_PACED_15_03,1,BREATH_PACED_15,19.00,0.8610,,MR60BHA2_breath_phase,safenest-node-01
155.3940,-0.440000,S001,S001_BREATH_PACED_15_03,1,BREATH_PACED_15,19.00,0.8610,,MR60BHA2_breath_phase,safenest-node-01
155.4940,-0.520000,S001,S001_BREATH_PACED_15_03,1,BREATH_PACED_15,19.00,0.8610,,MR60BHA2_breath_phase,safenest-node-01
155.5940,-0.560000,S001,S001_BREATH_PACED_15_03,1,BREATH_PACED_15,19.00,0.8610,,MR60BHA2_breath_phase,safenest-node-01
155.6940,-0.620000,S001,S001_BREATH_PACED_15_03,1,BREATH_PACED_15,19.00,0.8610,,MR60BHA2_breath_phase,safenest-node-01
155.7940,-0.640000,S001,S001_BREATH_PACED_15_03,1,BREATH_PACED_15,19.00,0.8610,,MR60BHA2_breath_phase,safenest-node-01
155.8940,-0.670000,S001,S001_BREATH_PACED_15_03,1,BREATH_PACED_15,19.00,0.8610,,MR60BHA2_breath_phase,safenest-node-01
155.9940,-0.680000,S001,S001_BREATH_PACED_15_03,1,BREATH_PACED_15,19.00,0.8610,,MR60BHA2_breath_phase,safenest-node-01
156.0940,-0.660000,S001,S001_BREATH_PACED_15_03,1,BREATH_PACED_15,19.00,0.8610,,MR60BHA2_breath_phase,safenest-node-01
156.1940,-0.650000,S001,S001_BREATH_PACED_15_03,1,BREATH_PACED_15,19.00,0.8610,,MR60BHA2_breath_phase,safenest-node-01
156.2940,-0.600000,S001,S001_BREATH_PACED_15_03,1,BREATH_PACED_15,19.00,0.8610,,MR60BHA2_breath_phase,safenest-node-01
156.3940,-0.570000,S001,S001_BREATH_PACED_15_03,1,BREATH_PACED_15,19.00,0.8610,,MR60BHA2_breath_phase,safenest-node-01
156.4940,-0.490000,S001,S001_BREATH_PACED_15_03,1,BREATH_PACED_15,19.00,0.8610,,MR60BHA2_breath_phase,safenest-node-01
156.5940,-0.400000,S001,S001_BREATH_PACED_15_03,1,BREATH_PACED_15,19.00,0.8610,,MR60BHA2_breath_phase,safenest-node-01
156.6950,-0.310000,S001,S001_BREATH_PACED_15_03,1,BREATH_PACED_15,19.00,0.8610,,MR60BHA2_breath_phase,safenest-node-01
156.7950,-0.260000,S001,S001_BREATH_PACED_15_03,1,BREATH_PACED_15,19.00,0.8610,,MR60BHA2_breath_phase,safenest-node-01
156.8950,-0.150000,S001,S001_BREATH_PACED_15_03,1,BREATH_PACED_15,19.00,0.8610,,MR60BHA2_breath_phase,safenest-node-01
156.9950,-0.090000,S001,S001_BREATH_PACED_15_03,1,BREATH_PACED_15,19.00,0.8610,,MR60BHA2_breath_phase,safenest-node-01
157.0950,0.010000,S001,S001_BREATH_PACED_15_03,1,BREATH_PACED_15,19.00,0.8610,,MR60BHA2_breath_phase,safenest-node-01
157.1950,0.120000,S001,S001_BREATH_PACED_15_03,1,BREATH_PACED_15,19.00,0.8610,,MR60BHA2_breath_phase,safenest-node-01
157.2950,0.170000,S001,S001_BREATH_PACED_15_03,1,BREATH_PACED_15,19.00,0.8610,,MR60BHA2_breath_phase,safenest-node-01
157.3950,0.280000,S001,S001_BREATH_PACED_15_03,1,BREATH_PACED_15,19.00,0.8610,,MR60BHA2_breath_phase,safenest-node-01
157.4950,0.370000,S001,S001_BREATH_PACED_15_03,1,BREATH_PACED_15,19.00,0.8610,,MR60BHA2_breath_phase,safenest-node-01
157.5950,0.410000,S001,S001_BREATH_PACED_15_03,1,BREATH_PACED_15,19.00,0.8610,,MR60BHA2_breath_phase,safenest-node-01
157.6950,0.490000,S001,S001_BREATH_PACED_15_03,1,BREATH_PACED_15,19.00,0.8610,,MR60BHA2_breath_phase,safenest-node-01
157.7950,0.550000,S001,S001_BREATH_PACED_15_03,1,BREATH_PACED_15,19.00,0.8610,,MR60BHA2_breath_phase,safenest-node-01
157.8950,0.570000,S001,S001_BREATH_PACED_15_03,1,BREATH_PACED_15,19.00,0.8610,,MR60BHA2_breath_phase,safenest-node-01
157.9950,0.610000,S001,S001_BREATH_PACED_15_03,1,BREATH_PACED_15,19.00,0.8610,,MR60BHA2_breath_phase,safenest-node-01
158.0950,0.620000,S001,S001_BREATH_PACED_15_03,1,BREATH_PACED_15,19.00,0.8610,,MR60BHA2_breath_phase,safenest-node-01
158.1950,0.620000,S001,S001_BREATH_PACED_15_03,1,BREATH_PACED_15,19.00,0.8610,,MR60BHA2_breath_phase,safenest-node-01
158.2950,0.590000,S001,S001_BREATH_PACED_15_03,1,BREATH_PACED_15,19.00,0.8610,,MR60BHA2_breath_phase,safenest-node-01
158.3950,0.550000,S001,S001_BREATH_PACED_15_03,1,BREATH_PACED_15,19.00,0.8610,,MR60BHA2_breath_phase,safenest-node-01
158.4950,0.520000,S001,S001_BREATH_PACED_15_03,1,BREATH_PACED_15,19.00,0.8610,,MR60BHA2_breath_phase,safenest-node-01
158.5950,0.450000,S001,S001_BREATH_PACED_15_03,1,BREATH_PACED_15,19.00,0.8610,,MR60BHA2_breath_phase,safenest-node-01
158.6950,0.410000,S001,S001_BREATH_PACED_15_03,1,BREATH_PACED_15,19.00,0.8610,,MR60BHA2_breath_phase,safenest-node-01
158.7950,0.310000,S001,S001_BREATH_PACED_15_03,1,BREATH_PACED_15,19.00,0.8610,,MR60BHA2_breath_phase,safenest-node-01
158.8950,0.190000,S001,S001_BREATH_PACED_15_03,1,BREATH_PACED_15,19.00,0.8610,,MR60BHA2_breath_phase,safenest-node-01
158.9950,0.060000,S001,S001_BREATH_PACED_15_03,1,BREATH_PACED_15,19.00,0.8610,,MR60BHA2_breath_phase,safenest-node-01
159.0950,-0.000000,S001,S001_BREATH_PACED_15_03,1,BREATH_PACED_15,19.00,0.8610,,MR60BHA2_breath_phase,safenest-node-01
159.1950,-0.140000,S001,S001_BREATH_PACED_15_03,1,BREATH_PACED_15,19.00,0.8610,,MR60BHA2_breath_phase,safenest-node-01
159.2950,-0.210000,S001,S001_BREATH_PACED_15_03,1,BREATH_PACED_15,19.00,0.8610,,MR60BHA2_breath_phase,safenest-node-01
159.3950,-0.340000,S001,S001_BREATH_PACED_15_03,1,BREATH_PACED_15,19.00,0.8610,,MR60BHA2_breath_phase,safenest-node-01
159.4950,-0.450000,S001,S001_BREATH_PACED_15_03,1,BREATH_PACED_15,19.00,0.8610,,MR60BHA2_breath_phase,safenest-node-01
159.5950,-0.550000,S001,S001_BREATH_PACED_15_03,1,BREATH_PACED_15,19.00,0.8610,,MR60BHA2_breath_phase,safenest-node-01
159.6950,-0.590000,S001,S001_BREATH_PACED_15_03,1,BREATH_PACED_15,19.00,0.8610,,MR60BHA2_breath_phase,safenest-node-01
159.7950,-0.640000,S001,S001_BREATH_PACED_15_03,1,BREATH_PACED_15,19.00,0.8610,,MR60BHA2_breath_phase,safenest-node-01
159.8950,-0.650000,S001,S001_BREATH_PACED_15_03,1,BREATH_PACED_15,19.00,0.8610,,MR60BHA2_breath_phase,safenest-node-01
159.9950,-0.660000,S001,S001_BREATH_PACED_15_03,1,BREATH_PACED_15,19.00,0.8610,,MR60BHA2_breath_phase,safenest-node-01
160.0950,-0.630000,S001,S001_BREATH_PACED_15_03,1,BREATH_PACED_15,19.00,0.8610,,MR60BHA2_breath_phase,safenest-node-01
160.1950,-0.610000,S001,S001_BREATH_PACED_15_03,1,BREATH_PACED_15,19.00,0.8610,,MR60BHA2_breath_phase,safenest-node-01
160.2950,-0.540000,S001,S001_BREATH_PACED_15_03,1,BREATH_PACED_15,19.00,0.8610,,MR60BHA2_breath_phase,safenest-node-01
160.3950,-0.450000,S001,S001_BREATH_PACED_15_03,1,BREATH_PACED_15,19.00,0.8610,,MR60BHA2_breath_phase,safenest-node-01
160.4950,-0.390000,S001,S001_BREATH_PACED_15_03,1,BREATH_PACED_15,19.00,0.8610,,MR60BHA2_breath_phase,safenest-node-01
160.5950,-0.280000,S001,S001_BREATH_PACED_15_03,1,BREATH_PACED_15,19.00,0.8610,,MR60BHA2_breath_phase,safenest-node-01
160.6950,-0.160000,S001,S001_BREATH_PACED_15_03,1,BREATH_PACED_15,19.00,0.8610,,MR60BHA2_breath_phase,safenest-node-01
160.7950,-0.100000,S001,S001_BREATH_PACED_15_03,1,BREATH_PACED_15,19.00,0.8610,,MR60BHA2_breath_phase,safenest-node-01
160.8950,0.020000,S001,S001_BREATH_PACED_15_03,1,BREATH_PACED_15,19.00,0.8610,,MR60BHA2_breath_phase,safenest-node-01
160.9950,0.130000,S001,S001_BREATH_PACED_15_03,1,BREATH_PACED_15,19.00,0.8610,,MR60BHA2_breath_phase,safenest-node-01
161.0950,0.180000,S001,S001_BREATH_PACED_15_03,1,BREATH_PACED_15,19.00,0.8610,,MR60BHA2_breath_phase,safenest-node-01
161.1950,0.270000,S001,S001_BREATH_PACED_15_03,1,BREATH_PACED_15,19.00,0.8610,,MR60BHA2_breath_phase,safenest-node-01
161.2950,0.340000,S001,S001_BREATH_PACED_15_03,1,BREATH_PACED_15,19.00,0.8610,,MR60BHA2_breath_phase,safenest-node-01
161.3950,0.370000,S001,S001_BREATH_PACED_15_03,1,BREATH_PACED_15,19.00,0.8610,,MR60BHA2_breath_phase,safenest-node-01
161.4950,0.410000,S001,S001_BREATH_PACED_15_03,1,BREATH_PACED_15,19.00,0.8610,,MR60BHA2_breath_phase,safenest-node-01
161.5950,0.420000,S001,S001_BREATH_PACED_15_03,1,BREATH_PACED_15,19.00,0.8610,,MR60BHA2_breath_phase,safenest-node-01
161.6950,0.420000,S001,S001_BREATH_PACED_15_03,1,BREATH_PACED_15,19.00,0.8610,,MR60BHA2_breath_phase,safenest-node-01
161.7950,0.420000,S001,S001_BREATH_PACED_15_03,1,BREATH_PACED_15,19.00,0.8610,,MR60BHA2_breath_phase,safenest-node-01
161.8950,0.400000,S001,S001_BREATH_PACED_15_03,1,BREATH_PACED_15,19.00,0.8610,,MR60BHA2_breath_phase,safenest-node-01
161.9950,0.380000,S001,S001_BREATH_PACED_15_03,1,BREATH_PACED_15,19.00,0.8610,,MR60BHA2_breath_phase,safenest-node-01
162.0950,0.360000,S001,S001_BREATH_PACED_15_03,1,BREATH_PACED_15,19.00,0.8610,,MR60BHA2_breath_phase,safenest-node-01
162.1950,0.340000,S001,S001_BREATH_PACED_15_03,1,BREATH_PACED_15,19.00,0.8610,,MR60BHA2_breath_phase,safenest-node-01
162.2950,0.320000,S001,S001_BREATH_PACED_15_03,1,BREATH_PACED_15,19.00,0.8610,,MR60BHA2_breath_phase,safenest-node-01
162.3950,0.300000,S001,S001_BREATH_PACED_15_03,1,BREATH_PACED_15,19.00,0.8610,,MR60BHA2_breath_phase,safenest-node-01
162.4950,0.290000,S001,S001_BREATH_PACED_15_03,1,BREATH_PACED_15,19.00,0.8610,,MR60BHA2_breath_phase,safenest-node-01
162.5950,0.280000,S001,S001_BREATH_PACED_15_03,1,BREATH_PACED_15,19.00,0.8610,,MR60BHA2_breath_phase,safenest-node-01
162.6950,0.260000,S001,S001_BREATH_PACED_15_03,1,BREATH_PACED_15,19.00,0.8610,,MR60BHA2_breath_phase,safenest-node-01
162.7950,0.250000,S001,S001_BREATH_PACED_15_03,1,BREATH_PACED_15,19.00,0.8610,,MR60BHA2_breath_phase,safenest-node-01
162.8950,0.220000,S001,S001_BREATH_PACED_15_03,1,BREATH_PACED_15,19.00,0.8610,,MR60BHA2_breath_phase,safenest-node-01
162.9950,0.180000,S001,S001_BREATH_PACED_15_03,1,BREATH_PACED_15,19.00,0.8610,,MR60BHA2_breath_phase,safenest-node-01
163.0950,0.150000,S001,S001_BREATH_PACED_15_03,1,BREATH_PACED_15,19.00,0.8610,,MR60BHA2_breath_phase,safenest-node-01
163.1950,0.080000,S001,S001_BREATH_PACED_15_03,1,BREATH_PACED_15,19.00,0.8610,,MR60BHA2_breath_phase,safenest-node-01
163.2960,-0.000000,S001,S001_BREATH_PACED_15_03,1,BREATH_PACED_15,19.00,0.8610,,MR60BHA2_breath_phase,safenest-node-01
163.3960,-0.040000,S001,S001_BREATH_PACED_15_03,1,BREATH_PACED_15,19.00,0.8610,,MR60BHA2_breath_phase,safenest-node-01
163.4960,-0.140000,S001,S001_BREATH_PACED_15_03,1,BREATH_PACED_15,19.00,0.8610,,MR60BHA2_breath_phase,safenest-node-01
163.5960,-0.230000,S001,S001_BREATH_PACED_15_03,1,BREATH_PACED_15,19.00,0.8610,,MR60BHA2_breath_phase,safenest-node-01
163.6970,-0.270000,S001,S001_BREATH_PACED_15_03,1,BREATH_PACED_15,19.00,0.8610,,MR60BHA2_breath_phase,safenest-node-01
163.7970,-0.350000,S001,S001_BREATH_PACED_15_03,1,BREATH_PACED_15,19.00,0.8610,,MR60BHA2_breath_phase,safenest-node-01
163.8970,-0.380000,S001,S001_BREATH_PACED_15_03,1,BREATH_PACED_15,19.00,0.8610,,MR60BHA2_breath_phase,safenest-node-01
163.9970,-0.430000,S001,S001_BREATH_PACED_15_03,1,BREATH_PACED_15,19.00,0.8610,,MR60BHA2_breath_phase,safenest-node-01
164.0970,-0.460000,S001,S001_BREATH_PACED_15_03,1,BREATH_PACED_15,19.00,0.8610,,MR60BHA2_breath_phase,safenest-node-01
164.1970,-0.470000,S001,S001_BREATH_PACED_15_03,1,BREATH_PACED_15,19.00,0.8610,,MR60BHA2_breath_phase,safenest-node-01
164.2970,-0.470000,S001,S001_BREATH_PACED_15_03,1,BREATH_PACED_15,19.00,0.8610,,MR60BHA2_breath_phase,safenest-node-01
164.3970,-0.440000,S001,S001_BREATH_PACED_15_03,1,BREATH_PACED_15,19.00,0.8610,,MR60BHA2_breath_phase,safenest-node-01
164.4970,-0.420000,S001,S001_BREATH_PACED_15_03,1,BREATH_PACED_15,19.00,0.8610,,MR60BHA2_breath_phase,safenest-node-01
164.5970,-0.370000,S001,S001_BREATH_PACED_15_03,1,BREATH_PACED_15,19.00,0.8610,,MR60BHA2_breath_phase,safenest-node-01
164.6970,-0.300000,S001,S001_BREATH_PACED_15_03,1,BREATH_PACED_15,19.00,0.8610,,MR60BHA2_breath_phase,safenest-node-01
164.7970,-0.220000,S001,S001_BREATH_PACED_15_03,1,BREATH_PACED_15,19.00,0.8610,,MR60BHA2_breath_phase,safenest-node-01
164.8970,-0.170000,S001,S001_BREATH_PACED_15_03,1,BREATH_PACED_15,19.00,0.8610,,MR60BHA2_breath_phase,safenest-node-01
164.9970,-0.090000,S001,S001_BREATH_PACED_15_03,1,BREATH_PACED_15,19.00,0.8610,,MR60BHA2_breath_phase,safenest-node-01
165.0970,-0.050000,S001,S001_BREATH_PACED_15_03,1,BREATH_PACED_15,19.00,0.8610,,MR60BHA2_breath_phase,safenest-node-01
165.1970,0.030000,S001,S001_BREATH_PACED_15_03,1,BREATH_PACED_15,19.00,0.8610,,MR60BHA2_breath_phase,safenest-node-01
165.2970,0.100000,S001,S001_BREATH_PACED_15_03,1,BREATH_PACED_15,19.00,0.8610,,MR60BHA2_breath_phase,safenest-node-01
165.3970,0.170000,S001,S001_BREATH_PACED_15_03,1,BREATH_PACED_15,19.00,0.8610,,MR60BHA2_breath_phase,safenest-node-01
165.4970,0.200000,S001,S001_BREATH_PACED_15_03,1,BREATH_PACED_15,19.00,0.8610,,MR60BHA2_breath_phase,safenest-node-01
165.5970,0.250000,S001,S001_BREATH_PACED_15_03,1,BREATH_PACED_15,19.00,0.8610,,MR60BHA2_breath_phase,safenest-node-01
165.6970,0.270000,S001,S001_BREATH_PACED_15_03,1,BREATH_PACED_15,19.00,0.8610,,MR60BHA2_breath_phase,safenest-node-01
165.7970,0.290000,S001,S001_BREATH_PACED_15_03,1,BREATH_PACED_15,19.00,0.8610,,MR60BHA2_breath_phase,safenest-node-01
165.8970,0.310000,S001,S001_BREATH_PACED_15_03,1,BREATH_PACED_15,19.00,0.8610,,MR60BHA2_breath_phase,safenest-node-01
165.9970,0.310000,S001,S001_BREATH_PACED_15_03,1,BREATH_PACED_15,19.00,0.8610,,MR60BHA2_breath_phase,safenest-node-01
166.0970,0.310000,S001,S001_BREATH_PACED_15_03,1,BREATH_PACED_15,19.00,0.8610,,MR60BHA2_breath_phase,safenest-node-01
166.1980,0.300000,S001,S001_BREATH_PACED_15_03,1,BREATH_PACED_15,19.00,0.8610,,MR60BHA2_breath_phase,safenest-node-01
166.2980,0.290000,S001,S001_BREATH_PACED_15_03,1,BREATH_PACED_15,19.00,0.8610,,MR60BHA2_breath_phase,safenest-node-01
166.3980,0.280000,S001,S001_BREATH_PACED_15_03,1,BREATH_PACED_15,19.00,0.8610,,MR60BHA2_breath_phase,safenest-node-01
166.4980,0.260000,S001,S001_BREATH_PACED_15_03,1,BREATH_PACED_15,19.00,0.8610,,MR60BHA2_breath_phase,safenest-node-01
166.5990,0.260000,S001,S001_BREATH_PACED_15_03,1,BREATH_PACED_15,19.00,0.8610,,MR60BHA2_breath_phase,safenest-node-01
166.6990,0.240000,S001,S001_BREATH_PACED_15_03,1,BREATH_PACED_15,19.00,0.8610,,MR60BHA2_breath_phase,safenest-node-01
166.7990,0.230000,S001,S001_BREATH_PACED_15_03,1,BREATH_PACED_15,19.00,0.8610,,MR60BHA2_breath_phase,safenest-node-01
166.8990,0.210000,S001,S001_BREATH_PACED_15_03,1,BREATH_PACED_15,19.00,0.8610,,MR60BHA2_breath_phase,safenest-node-01
166.9990,0.170000,S001,S001_BREATH_PACED_15_03,1,BREATH_PACED_15,19.00,0.8610,,MR60BHA2_breath_phase,safenest-node-01
167.0990,0.130000,S001,S001_BREATH_PACED_15_03,1,BREATH_PACED_15,19.00,0.8610,,MR60BHA2_breath_phase,safenest-node-01
167.1990,0.100000,S001,S001_BREATH_PACED_15_03,1,BREATH_PACED_15,19.00,0.8610,,MR60BHA2_breath_phase,safenest-node-01
167.2990,0.030000,S001,S001_BREATH_PACED_15_03,1,BREATH_PACED_15,19.00,0.8610,,MR60BHA2_breath_phase,safenest-node-01
167.3990,-0.010000,S001,S001_BREATH_PACED_15_03,1,BREATH_PACED_15,19.00,0.8610,,MR60BHA2_breath_phase,safenest-node-01
167.4990,-0.090000,S001,S001_BREATH_PACED_15_03,1,BREATH_PACED_15,19.00,0.8610,,MR60BHA2_breath_phase,safenest-node-01
167.5990,-0.180000,S001,S001_BREATH_PACED_15_03,1,BREATH_PACED_15,19.00,0.8610,,MR60BHA2_breath_phase,safenest-node-01
167.6990,-0.280000,S001,S001_BREATH_PACED_15_03,1,BREATH_PACED_15,19.00,0.8610,,MR60BHA2_breath_phase,safenest-node-01
167.7990,-0.330000,S001,S001_BREATH_PACED_15_03,1,BREATH_PACED_15,19.00,0.8610,,MR60BHA2_breath_phase,safenest-node-01
167.8990,-0.410000,S001,S001_BREATH_PACED_15_03,1,BREATH_PACED_15,19.00,0.8610,,MR60BHA2_breath_phase,safenest-node-01
167.9990,-0.450000,S001,S001_BREATH_PACED_15_03,1,BREATH_PACED_15,19.00,0.8610,,MR60BHA2_breath_phase,safenest-node-01
168.0990,-0.520000,S001,S001_BREATH_PACED_15_03,1,BREATH_PACED_15,19.00,0.8610,,MR60BHA2_breath_phase,safenest-node-01
168.1990,-0.560000,S001,S001_BREATH_PACED_15_03,1,BREATH_PACED_15,19.00,0.8610,,MR60BHA2_breath_phase,safenest-node-01
168.2990,-0.570000,S001,S001_BREATH_PACED_15_03,1,BREATH_PACED_15,19.00,0.8610,,MR60BHA2_breath_phase,safenest-node-01
168.3990,-0.570000,S001,S001_BREATH_PACED_15_03,1,BREATH_PACED_15,19.00,0.8610,,MR60BHA2_breath_phase,safenest-node-01
168.4990,-0.540000,S001,S001_BREATH_PACED_15_03,1,BREATH_PACED_15,19.00,0.8610,,MR60BHA2_breath_phase,safenest-node-01
168.5990,-0.520000,S001,S001_BREATH_PACED_15_03,1,BREATH_PACED_15,19.00,0.8610,,MR60BHA2_breath_phase,safenest-node-01
168.6990,-0.460000,S001,S001_BREATH_PACED_15_03,1,BREATH_PACED_15,19.00,0.8610,,MR60BHA2_breath_phase,safenest-node-01
168.7990,-0.380000,S001,S001_BREATH_PACED_15_03,1,BREATH_PACED_15,19.00,0.8610,,MR60BHA2_breath_phase,safenest-node-01
168.9010,-0.290000,S001,S001_BREATH_PACED_15_03,1,BREATH_PACED_15,19.00,0.8610,,MR60BHA2_breath_phase,safenest-node-01
169.0010,-0.240000,S001,S001_BREATH_PACED_15_03,1,BREATH_PACED_15,19.00,0.8610,,MR60BHA2_breath_phase,safenest-node-01
169.1010,-0.140000,S001,S001_BREATH_PACED_15_03,1,BREATH_PACED_15,19.00,0.8610,,MR60BHA2_breath_phase,safenest-node-01
169.2010,-0.080000,S001,S001_BREATH_PACED_15_03,1,BREATH_PACED_15,19.00,0.8610,,MR60BHA2_breath_phase,safenest-node-01
169.3010,0.030000,S001,S001_BREATH_PACED_15_03,1,BREATH_PACED_15,19.00,0.8610,,MR60BHA2_breath_phase,safenest-node-01
169.4010,0.140000,S001,S001_BREATH_PACED_15_03,1,BREATH_PACED_15,19.00,0.8610,,MR60BHA2_breath_phase,safenest-node-01
169.5010,0.200000,S001,S001_BREATH_PACED_15_03,1,BREATH_PACED_15,19.00,0.8610,,MR60BHA2_breath_phase,safenest-node-01
169.6010,0.300000,S001,S001_BREATH_PACED_15_03,1,BREATH_PACED_15,19.00,0.8610,,MR60BHA2_breath_phase,safenest-node-01
169.7010,0.390000,S001,S001_BREATH_PACED_15_03,1,BREATH_PACED_15,19.00,0.8610,,MR60BHA2_breath_phase,safenest-node-01
169.8010,0.430000,S001,S001_BREATH_PACED_15_03,1,BREATH_PACED_15,19.00,0.8610,,MR60BHA2_breath_phase,safenest-node-01
169.9010,0.490000,S001,S001_BREATH_PACED_15_03,1,BREATH_PACED_15,19.00,0.8610,,MR60BHA2_breath_phase,safenest-node-01
170.0010,0.540000,S001,S001_BREATH_PACED_15_03,1,BREATH_PACED_15,19.00,0.8610,,MR60BHA2_breath_phase,safenest-node-01
170.1020,0.550000,S001,S001_BREATH_PACED_15_03,1,BREATH_PACED_15,19.00,0.8610,,MR60BHA2_breath_phase,safenest-node-01
170.2020,0.570000,S001,S001_BREATH_PACED_15_03,1,BREATH_PACED_15,19.00,0.8610,,MR60BHA2_breath_phase,safenest-node-01
170.3030,0.560000,S001,S001_BREATH_PACED_15_03,1,BREATH_PACED_15,19.00,0.8610,,MR60BHA2_breath_phase,safenest-node-01
170.4030,0.550000,S001,S001_BREATH_PACED_15_03,1,BREATH_PACED_15,19.00,0.8610,,MR60BHA2_breath_phase,safenest-node-01
170.5030,0.520000,S001,S001_BREATH_PACED_15_03,1,BREATH_PACED_15,19.00,0.8610,,MR60BHA2_breath_phase,safenest-node-01
170.6030,0.470000,S001,S001_BREATH_PACED_15_03,1,BREATH_PACED_15,19.00,0.8610,,MR60BHA2_breath_phase,safenest-node-01
170.7030,0.440000,S001,S001_BREATH_PACED_15_03,1,BREATH_PACED_15,19.00,0.8610,,MR60BHA2_breath_phase,safenest-node-01
170.8030,0.360000,S001,S001_BREATH_PACED_15_03,1,BREATH_PACED_15,19.00,0.8610,,MR60BHA2_breath_phase,safenest-node-01
170.9030,0.310000,S001,S001_BREATH_PACED_15_03,1,BREATH_PACED_15,19.00,0.8610,,MR60BHA2_breath_phase,safenest-node-01
171.0030,0.200000,S001,S001_BREATH_PACED_15_03,1,BREATH_PACED_15,19.00,0.8610,,MR60BHA2_breath_phase,safenest-node-01
171.1030,0.080000,S001,S001_BREATH_PACED_15_03,1,BREATH_PACED_15,19.00,0.8610,,MR60BHA2_breath_phase,safenest-node-01
171.2030,-0.050000,S001,S001_BREATH_PACED_15_03,1,BREATH_PACED_15,19.00,0.8610,,MR60BHA2_breath_phase,safenest-node-01
171.3030,-0.120000,S001,S001_BREATH_PACED_15_03,1,BREATH_PACED_15,19.00,0.8610,,MR60BHA2_breath_phase,safenest-node-01
171.4030,-0.250000,S001,S001_BREATH_PACED_15_03,1,BREATH_PACED_15,19.00,0.8610,,MR60BHA2_breath_phase,safenest-node-01
171.5030,-0.320000,S001,S001_BREATH_PACED_15_03,1,BREATH_PACED_15,19.00,0.8610,,MR60BHA2_breath_phase,safenest-node-01
171.6030,-0.430000,S001,S001_BREATH_PACED_15_03,1,BREATH_PACED_15,19.00,0.8610,,MR60BHA2_breath_phase,safenest-node-01
171.7030,-0.530000,S001,S001_BREATH_PACED_15_03,1,BREATH_PACED_15,19.00,0.8610,,MR60BHA2_breath_phase,safenest-node-01
171.8030,-0.600000,S001,S001_BREATH_PACED_15_03,1,BREATH_PACED_15,19.00,0.8610,,MR60BHA2_breath_phase,safenest-node-01
171.9030,-0.620000,S001,S001_BREATH_PACED_15_03,1,BREATH_PACED_15,19.00,0.8610,,MR60BHA2_breath_phase,safenest-node-01
172.0030,-0.640000,S001,S001_BREATH_PACED_15_03,1,BREATH_PACED_15,19.00,0.8610,,MR60BHA2_breath_phase,safenest-node-01
172.1030,-0.640000,S001,S001_BREATH_PACED_15_03,1,BREATH_PACED_15,19.00,0.8610,,MR60BHA2_breath_phase,safenest-node-01
172.2030,-0.610000,S001,S001_BREATH_PACED_15_03,1,BREATH_PACED_15,19.00,0.8610,,MR60BHA2_breath_phase,safenest-node-01
172.3030,-0.560000,S001,S001_BREATH_PACED_15_03,1,BREATH_PACED_15,19.00,0.8610,,MR60BHA2_breath_phase,safenest-node-01
172.4040,-0.480000,S001,S001_BREATH_PACED_15_03,1,BREATH_PACED_15,19.00,0.8610,,MR60BHA2_breath_phase,safenest-node-01
172.5040,-0.430000,S001,S001_BREATH_PACED_15_03,1,BREATH_PACED_15,19.00,0.8610,,MR60BHA2_breath_phase,safenest-node-01
172.6040,-0.320000,S001,S001_BREATH_PACED_15_03,1,BREATH_PACED_15,19.00,0.8610,,MR60BHA2_breath_phase,safenest-node-01
172.7040,-0.260000,S001,S001_BREATH_PACED_15_03,1,BREATH_PACED_15,19.00,0.8610,,MR60BHA2_breath_phase,safenest-node-01
172.8040,-0.140000,S001,S001_BREATH_PACED_15_03,1,BREATH_PACED_15,19.00,0.8610,,MR60BHA2_breath_phase,safenest-node-01
172.9040,-0.000000,S001,S001_BREATH_PACED_15_03,1,BREATH_PACED_15,19.00,0.8610,,MR60BHA2_breath_phase,safenest-node-01
173.0040,0.060000,S001,S001_BREATH_PACED_15_03,1,BREATH_PACED_15,19.00,0.8610,,MR60BHA2_breath_phase,safenest-node-01
173.1040,0.200000,S001,S001_BREATH_PACED_15_03,1,BREATH_PACED_15,19.00,0.8610,,MR60BHA2_breath_phase,safenest-node-01
173.2040,0.320000,S001,S001_BREATH_PACED_15_03,1,BREATH_PACED_15,19.00,0.8610,,MR60BHA2_breath_phase,safenest-node-01
173.3040,0.380000,S001,S001_BREATH_PACED_15_03,1,BREATH_PACED_15,19.00,0.8610,,MR60BHA2_breath_phase,safenest-node-01
173.4040,0.480000,S001,S001_BREATH_PACED_15_03,1,BREATH_PACED_15,19.00,0.8610,,MR60BHA2_breath_phase,safenest-node-01
173.5040,0.560000,S001,S001_BREATH_PACED_15_03,1,BREATH_PACED_15,19.00,0.8610,,MR60BHA2_breath_phase,safenest-node-01
173.6050,0.600000,S001,S001_BREATH_PACED_15_03,1,BREATH_PACED_15,19.00,0.8610,,MR60BHA2_breath_phase,safenest-node-01
173.7050,0.640000,S001,S001_BREATH_PACED_15_03,1,BREATH_PACED_15,19.00,0.8610,,MR60BHA2_breath_phase,safenest-node-01
173.8050,0.660000,S001,S001_BREATH_PACED_15_03,1,BREATH_PACED_15,19.00,0.8610,,MR60BHA2_breath_phase,safenest-node-01
173.9050,0.660000,S001,S001_BREATH_PACED_15_03,1,BREATH_PACED_15,19.00,0.8610,,MR60BHA2_breath_phase,safenest-node-01
174.0050,0.640000,S001,S001_BREATH_PACED_15_03,1,BREATH_PACED_15,19.00,0.8610,,MR60BHA2_breath_phase,safenest-node-01
174.1050,0.590000,S001,S001_BREATH_PACED_15_03,1,BREATH_PACED_15,19.00,0.8610,,MR60BHA2_breath_phase,safenest-node-01
174.2050,0.560000,S001,S001_BREATH_PACED_15_03,1,BREATH_PACED_15,19.00,0.8610,,MR60BHA2_breath_phase,safenest-node-01
174.3050,0.480000,S001,S001_BREATH_PACED_15_03,1,BREATH_PACED_15,19.00,0.8610,,MR60BHA2_breath_phase,safenest-node-01
174.4050,0.440000,S001,S001_BREATH_PACED_15_03,1,BREATH_PACED_15,19.00,0.8610,,MR60BHA2_breath_phase,safenest-node-01
174.5050,0.330000,S001,S001_BREATH_PACED_15_03,1,BREATH_PACED_15,19.00,0.8610,,MR60BHA2_breath_phase,safenest-node-01
174.6050,0.200000,S001,S001_BREATH_PACED_15_03,1,BREATH_PACED_15,19.00,0.8610,,MR60BHA2_breath_phase,safenest-node-01
174.7050,0.070000,S001,S001_BREATH_PACED_15_03,1,BREATH_PACED_15,19.00,0.8610,,MR60BHA2_breath_phase,safenest-node-01
174.8050,-0.000000,S001,S001_BREATH_PACED_15_03,1,BREATH_PACED_15,19.00,0.8610,,MR60BHA2_breath_phase,safenest-node-01
174.9050,-0.140000,S001,S001_BREATH_PACED_15_03,1,BREATH_PACED_15,19.00,0.8610,,MR60BHA2_breath_phase,safenest-node-01
175.0050,-0.200000,S001,S001_BREATH_PACED_15_03,1,BREATH_PACED_15,19.00,0.8610,,MR60BHA2_breath_phase,safenest-node-01
175.1050,-0.320000,S001,S001_BREATH_PACED_15_03,1,BREATH_PACED_15,19.00,0.8610,,MR60BHA2_breath_phase,safenest-node-01
175.2050,-0.420000,S001,S001_BREATH_PACED_15_03,1,BREATH_PACED_15,19.00,0.8610,,MR60BHA2_breath_phase,safenest-node-01
175.3050,-0.490000,S001,S001_BREATH_PACED_15_03,1,BREATH_PACED_15,19.00,0.8610,,MR60BHA2_breath_phase,safenest-node-01
175.4050,-0.520000,S001,S001_BREATH_PACED_15_03,1,BREATH_PACED_15,19.00,0.8610,,MR60BHA2_breath_phase,safenest-node-01
175.5050,-0.560000,S001,S001_BREATH_PACED_15_03,1,BREATH_PACED_15,19.00,0.8610,,MR60BHA2_breath_phase,safenest-node-01
175.6050,-0.570000,S001,S001_BREATH_PACED_15_03,1,BREATH_PACED_15,19.00,0.8610,,MR60BHA2_breath_phase,safenest-node-01
175.7050,-0.560000,S001,S001_BREATH_PACED_15_03,1,BREATH_PACED_15,19.00,0.8610,,MR60BHA2_breath_phase,safenest-node-01
175.8050,-0.540000,S001,S001_BREATH_PACED_15_03,1,BREATH_PACED_15,19.00,0.8610,,MR60BHA2_breath_phase,safenest-node-01
175.9050,-0.490000,S001,S001_BREATH_PACED_15_03,1,BREATH_PACED_15,19.00,0.8610,,MR60BHA2_breath_phase,safenest-node-01
176.0050,-0.450000,S001,S001_BREATH_PACED_15_03,1,BREATH_PACED_15,19.00,0.8610,,MR60BHA2_breath_phase,safenest-node-01
176.1050,-0.380000,S001,S001_BREATH_PACED_15_03,1,BREATH_PACED_15,19.00,0.8610,,MR60BHA2_breath_phase,safenest-node-01
176.2050,-0.340000,S001,S001_BREATH_PACED_15_03,1,BREATH_PACED_15,19.00,0.8610,,MR60BHA2_breath_phase,safenest-node-01
176.3050,-0.260000,S001,S001_BREATH_PACED_15_03,1,BREATH_PACED_15,19.00,0.8610,,MR60BHA2_breath_phase,safenest-node-01
176.4050,-0.180000,S001,S001_BREATH_PACED_15_03,1,BREATH_PACED_15,19.00,0.8610,,MR60BHA2_breath_phase,safenest-node-01
176.5050,-0.140000,S001,S001_BREATH_PACED_15_03,1,BREATH_PACED_15,19.00,0.8610,,MR60BHA2_breath_phase,safenest-node-01
176.6050,-0.060000,S001,S001_BREATH_PACED_15_03,1,BREATH_PACED_15,19.00,0.8610,,MR60BHA2_breath_phase,safenest-node-01
176.7050,0.020000,S001,S001_BREATH_PACED_15_03,1,BREATH_PACED_15,19.00,0.8610,,MR60BHA2_breath_phase,safenest-node-01
176.8050,0.050000,S001,S001_BREATH_PACED_15_03,1,BREATH_PACED_15,19.00,0.8610,,MR60BHA2_breath_phase,safenest-node-01
176.9050,0.110000,S001,S001_BREATH_PACED_15_03,1,BREATH_PACED_15,19.00,0.8610,,MR60BHA2_breath_phase,safenest-node-01
177.0050,0.170000,S001,S001_BREATH_PACED_15_03,1,BREATH_PACED_15,19.00,0.8610,,MR60BHA2_breath_phase,safenest-node-01
177.1050,0.200000,S001,S001_BREATH_PACED_15_03,1,BREATH_PACED_15,19.00,0.8610,,MR60BHA2_breath_phase,safenest-node-01
177.2050,0.250000,S001,S001_BREATH_PACED_15_03,1,BREATH_PACED_15,19.00,0.8610,,MR60BHA2_breath_phase,safenest-node-01
177.3050,0.310000,S001,S001_BREATH_PACED_15_03,1,BREATH_PACED_15,19.00,0.8610,,MR60BHA2_breath_phase,safenest-node-01
177.4050,0.330000,S001,S001_BREATH_PACED_15_03,1,BREATH_PACED_15,19.00,0.8610,,MR60BHA2_breath_phase,safenest-node-01
177.5050,0.370000,S001,S001_BREATH_PACED_15_03,1,BREATH_PACED_15,19.00,0.8610,,MR60BHA2_breath_phase,safenest-node-01
177.6050,0.390000,S001,S001_BREATH_PACED_15_03,1,BREATH_PACED_15,19.00,0.8610,,MR60BHA2_breath_phase,safenest-node-01
177.7050,0.400000,S001,S001_BREATH_PACED_15_03,1,BREATH_PACED_15,19.00,0.8610,,MR60BHA2_breath_phase,safenest-node-01
177.8050,0.400000,S001,S001_BREATH_PACED_15_03,1,BREATH_PACED_15,19.00,0.8610,,MR60BHA2_breath_phase,safenest-node-01
177.9050,0.390000,S001,S001_BREATH_PACED_15_03,1,BREATH_PACED_15,19.00,0.8610,,MR60BHA2_breath_phase,safenest-node-01
