timestamp_s,resp_phase,subject_id,session_id,presence,label,breath_rpm,range_m,quality,signal_source,device_id
0.0000,-0.550000,S001,S001_BREATH_PACED_12_02,1,BREATH_PACED_12,14.00,0.8036,,MR60BHA2_breath_phase,safenest-node-01
0.1000,-0.550000,S001,S001_BREATH_PACED_12_02,1,BREATH_PACED_12,14.00,0.8036,,MR60BHA2_breath_phase,safenest-node-01
0.2000,-0.530000,S001,S001_BREATH_PACED_12_02,1,BREATH_PACED_12,14.00,0.8036,,MR60BHA2_breath_phase,safenest-node-01
0.3000,-0.500000,S001,S001_BREATH_PACED_12_02,1,BREATH_PACED_12,14.00,0.8036,,MR60BHA2_breath_phase,safenest-node-01
0.4000,-0.480000,S001,S001_BREATH_PACED_12_02,1,BREATH_PACED_12,14.00,0.8036,,MR60BHA2_breath_phase,safenest-node-01
0.5000,-0.420000,S001,S001_BREATH_PACED_12_02,1,BREATH_PACED_12,14.00,0.8036,,MR60BHA2_breath_phase,safenest-node-01
0.6000,-0.390000,S001,S001_BREATH_PACED_12_02,1,BREATH_PACED_12,14.00,0.8036,,MR60BHA2_breath_phase,safenest-node-01
0.7000,-0.310000,S001,S001_BREATH_PACED_12_02,1,BREATH_PACED_12,14.00,0.8036,,MR60BHA2_breath_phase,safenest-node-01
0.8000,-0.220000,S001,S001_BREATH_PACED_12_02,1,BREATH_PACED_12,14.00,0.8036,,MR60BHA2_breath_phase,safenest-node-01
0.9000,-0.180000,S001,S001_BREATH_PACED_12_02,1,BREATH_PACED_12,14.00,0.8036,,MR60BHA2_breath_phase,safenest-node-01
1.0000,-0.080000,S001,S001_BREATH_PACED_12_02,1,BREATH_PACED_12,14.00,0.8036,,MR60BHA2_breath_phase,safenest-node-01
1.1000,-0.040000,S001,S001_BREATH_PACED_12_02,1,BREATH_PACED_12,14.00,0.8036,,MR60BHA2_breath_phase,safenest-node-01
1.2000,0.050000,S001,S001_BREATH_PACED_12_02,1,BREATH_PACED_12,14.00,0.8036,,MR60BHA2_breath_phase,safenest-node-01
1.3000,0.140000,S001,S001_BREATH_PACED_12_02,1,BREATH_PACED_12,14.00,0.8036,,MR60BHA2_breath_phase,safenest-node-01
1.4000,0.180000,S001,S001_BREATH_PACED_12_02,1,BREATH_PACED_12,14.00,0.8036,,MR60BHA2_breath_phase,safenest-node-01
1.5000,0.250000,S001,S001_BREATH_PACED_12_02,1,BREATH_PACED_12,14.00,0.8036,,MR60BHA2_breath_phase,safenest-node-01
1.6000,0.280000,S001,S001_BREATH_PACED_12_02,1,BREATH_PACED_12,14.00,0.8036,,MR60BHA2_breath_phase,safenest-node-01
1.7000,0.340000,S001,S001_BREATH_PACED_12_02,1,BREATH_PACED_12,14.00,0.8036,,MR60BHA2_breath_phase,safenest-node-01
1.8000,0.390000,S001,S001_BREATH_PACED_12_02,1,BREATH_PACED_12,14.00,0.8036,,MR60BHA2_breath_phase,safenest-node-01
1.9000,0.410000,S001,S001_BREATH_PACED_12_02,1,BREATH_PACED_12,14.00,0.8036,,MR60BHA2_breath_phase,safenest-node-01
2.0000,0.440000,S001,S001_BREATH_PACED_12_02,1,BREATH_PACED_12,14.00,0.8036,,MR60BHA2_breath_phase,safenest-node-01
2.1000,0.470000,S001,S001_BREATH_PACED_12_02,1,BREATH_PACED_12,14.00,0.8036,,MR60BHA2_breath_phase,safenest-node-01
2.2000,0.480000,S001,S001_BREATH_PACED_12_02,1,BREATH_PACED_12,14.00,0.8036,,MR60BHA2_breath_phase,safenest-node-01
2.3000,0.500000,S001,S001_BREATH_PACED_12_02,1,BREATH_PACED_12,14.00,0.8036,,MR60BHA2_breath_phase,safenest-node-01
2.4000,0.510000,S001,S001_BREATH_PACED_12_02,1,BREATH_PACED_12,14.00,0.8036,,MR60BHA2_breath_phase,safenest-node-01
2.5000,0.510000,S001,S001_BREATH_PACED_12_02,1,BREATH_PACED_12,14.00,0.8036,,MR60BHA2_breath_phase,safenest-node-01
2.6000,0.510000,S001,S001_BREATH_PACED_12_02,1,BREATH_PACED_12,14.00,0.8036,,MR60BHA2_breath_phase,safenest-node-01
2.7000,0.500000,S001,S001_BREATH_PACED_12_02,1,BREATH_PACED_12,14.00,0.8036,,MR60BHA2_breath_phase,safenest-node-01
2.8000,0.490000,S001,S001_BREATH_PACED_12_02,1,BREATH_PACED_12,14.00,0.8036,,MR60BHA2_breath_phase,safenest-node-01
2.9000,0.460000,S001,S001_BREATH_PACED_12_02,1,BREATH_PACED_12,14.00,0.8036,,MR60BHA2_breath_phase,safenest-node-01
3.0010,0.440000,S001,S001_BREATH_PACED_12_02,1,BREATH_PACED_12,14.00,0.8036,,MR60BHA2_breath_phase,safenest-node-01
3.1010,0.390000,S001,S001_BREATH_PACED_12_02,1,BREATH_PACED_12,14.00,0.8036,,MR60BHA2_breath_phase,safenest-node-01
3.2010,0.360000,S001,S001_BREATH_PACED_12_02,1,BREATH_PACED_12,14.00,0.8036,,MR60BHA2_breath_phase,safenest-node-01
3.3010,0.290000,S001,S001_BREATH_PACED_12_02,1,BREATH_PACED_12,14.00,0.8036,,MR60BHA2_breath_phase,safenest-node-01
3.4010,0.210000,S001,S001_BREATH_PACED_12_02,1,BREATH_PACED_12,14.00,0.8036,,MR60BHA2_breath_phase,safenest-node-01
3.5010,0.160000,S001,S001_BREATH_PACED_12_02,1,BREATH_PACED_12,14.00,0.8036,,MR60BHA2_breath_phase,safenest-node-01
3.6010,0.060000,S001,S001_BREATH_PACED_12_02,1,BREATH_PACED_12,14.00,0.8036,,MR60BHA2_breath_phase,safenest-node-01
3.7010,0.010000,S001,S001_BREATH_PACED_12_02,1,BREATH_PACED_12,14.00,0.8036,,MR60BHA2_breath_phase,safenest-node-01
3.8010,-0.090000,S001,S001_BREATH_PACED_12_02,1,BREATH_PACED_12,14.00,0.8036,,MR60BHA2_breath_phase,safenest-node-01
3.9010,-0.190000,S001,S001_BREATH_PACED_12_02,1,BREATH_PACED_12,14.00,0.8036,,MR60BHA2_breath_phase,safenest-node-01
4.0010,-0.280000,S001,S001_BREATH_PACED_12_02,1,BREATH_PACED_12,14.00,0.8036,,MR60BHA2_breath_phase,safenest-node-01
4.1010,-0.310000,S001,S001_BREATH_PACED_12_02,1,BREATH_PACED_12,14.00,0.8036,,MR60BHA2_breath_phase,safenest-node-01
4.2010,-0.390000,S001,S001_BREATH_PACED_12_02,1,BREATH_PACED_12,14.00,0.8036,,MR60BHA2_breath_phase,safenest-node-01
4.3010,-0.420000,S001,S001_BREATH_PACED_12_02,1,BREATH_PACED_12,14.00,0.8036,,MR60BHA2_breath_phase,safenest-node-01
4.4010,-0.470000,S001,S001_BREATH_PACED_12_02,1,BREATH_PACED_12,14.00,0.8036,,MR60BHA2_breath_phase,safenest-node-01
4.5010,-0.500000,S001,S001_BREATH_PACED_12_02,1,BREATH_PACED_12,14.00,0.8036,,MR60BHA2_breath_phase,safenest-node-01
4.6010,-0.520000,S001,S001_BREATH_PACED_12_02,1,BREATH_PACED_12,14.00,0.8036,,MR60BHA2_breath_phase,safenest-node-01
4.7010,-0.530000,S001,S001_BREATH_PACED_12_02,1,BREATH_PACED_12,14.00,0.8036,,MR60BHA2_breath_phase,safenest-node-01
4.8010,-0.540000,S001,S001_BREATH_PACED_12_02,1,BREATH_PACED_12,14.00,0.8036,,MR60BHA2_breath_phase,safenest-node-01
4.9010,-0.530000,S001,S001_BREATH_PACED_12_02,1,BREATH_PACED_12,14.00,0.8036,,MR60BHA2_breath_phase,safenest-node-01
5.0010,-0.520000,S001,S001_BREATH_PACED_12_02,1,BREATH_PACED_12,14.00,0.8036,,MR60BHA2_breath_phase,safenest-node-01
5.1010,-0.500000,S001,S001_BREATH_PACED_12_02,1,BREATH_PACED_12,14.00,0.8036,,MR60BHA2_breath_phase,safenest-node-01
5.2010,-0.460000,S001,S001_BREATH_PACED_12_02,1,BREATH_PACED_12,14.00,0.8036,,MR60BHA2_breath_phase,safenest-node-01
5.3010,-0.440000,S001,S001_BREATH_PACED_12_02,1,BREATH_PACED_12,14.00,0.8036,,MR60BHA2_breath_phase,safenest-node-01
5.4010,-0.380000,S001,S001_BREATH_PACED_12_02,1,BREATH_PACED_12,14.00,0.8036,,MR60BHA2_breath_phase,safenest-node-01
5.5010,-0.310000,S001,S001_BREATH_PACED_12_02,1,BREATH_PACED_12,14.00,0.8036,,MR60BHA2_breath_phase,safenest-node-01
5.6010,-0.270000,S001,S001_BREATH_PACED_12_02,1,BREATH_PACED_12,14.00,0.8036,,MR60BHA2_breath_phase,safenest-node-01
5.7010,-0.190000,S001,S001_BREATH_PACED_12_02,1,BREATH_PACED_12,14.00,0.8036,,MR60BHA2_breath_phase,safenest-node-01
5.8020,-0.110000,S001,S001_BREATH_PACED_12_02,1,BREATH_PACED_12,14.00,0.8036,,MR60BHA2_breath_phase,safenest-node-01
5.9020,-0.060000,S001,S001_BREATH_PACED_12_02,1,BREATH_PACED_12,14.00,0.8036,,MR60BHA2_breath_phase,safenest-node-01
6.0020,0.020000,S001,S001_BREATH_PACED_12_02,1,BREATH_PACED_12,14.00,0.8036,,MR60BHA2_breath_phase,safenest-node-01
6.1020,0.100000,S001,S001_BREATH_PACED_12_02,1,BREATH_PACED_12,14.00,0.8036,,MR60BHA2_breath_phase,safenest-node-01
6.2020,0.140000,S001,S001_BREATH_PACED_12_02,1,BREATH_PACED_12,14.00,0.8036,,MR60BHA2_breath_phase,safenest-node-01
6.3020,0.210000,S001,S001_BREATH_PACED_12_02,1,BREATH_PACED_12,14.00,0.8036,,MR60BHA2_breath_phase,safenest-node-01
6.4020,0.240000,S001,S001_BREATH_PACED_12_02,1,BREATH_PACED_12,14.00,0.8036,,MR60BHA2_breath_phase,safenest-node-01
6.5020,0.300000,S001,S001_BREATH_PACED_12_02,1,BREATH_PACED_12,14.00,0.8036,,MR60BHA2_breath_phase,safenest-node-01
6.6020,0.340000,S001,S001_BREATH_PACED_12_02,1,BREATH_PACED_12,14.00,0.8036,,MR60BHA2_breath_phase,safenest-node-01
6.7020,0.360000,S001,S001_BREATH_PACED_12_02,1,BREATH_PACED_12,14.00,0.8036,,MR60BHA2_breath_phase,safenest-node-01
6.8020,0.390000,S001,S001_BREATH_PACED_12_02,1,BREATH_PACED_12,14.00,0.8036,,MR60BHA2_breath_phase,safenest-node-01
6.9020,0.400000,S001,S001_BREATH_PACED_12_02,1,BREATH_PACED_12,14.00,0.8036,,MR60BHA2_breath_phase,safenest-node-01
7.0020,0.410000,S001,S001_BREATH_PACED_12_02,1,BREATH_PACED_12,14.00,0.8036,,MR60BHA2_breath_phase,safenest-node-01
7.1020,0.420000,S001,S001_BREATH_PACED_12_02,1,BREATH_PACED_12,14.00,0.8036,,MR60BHA2_breath_phase,safenest-node-01
7.2020,0.420000,S001,S001_BREATH_PACED_12_02,1,BREATH_PACED_12,14.00,0.8036,,MR60BHA2_breath_phase,safenest-node-01
7.3020,0.410000,S001,S001_BREATH_PACED_12_02,1,BREATH_PACED_12,14.00,0.8036,,MR60BHA2_breath_phase,safenest-node-01
7.4020,0.410000,S001,S001_BREATH_PACED_12_02,1,BREATH_PACED_12,14.00,0.8036,,MR60BHA2_breath_phase,safenest-node-01
7.5020,0.400000,S001,S001_BREATH_PACED_12_02,1,BREATH_PACED_12,14.00,0.8036,,MR60BHA2_breath_phase,safenest-node-01
7.6020,0.380000,S001,S001_BREATH_PACED_12_02,1,BREATH_PACED_12,14.00,0.8036,,MR60BHA2_breath_phase,safenest-node-01
7.7020,0.370000,S001,S001_BREATH_PACED_12_02,1,BREATH_PACED_12,14.00,0.8036,,MR60BHA2_breath_phase,safenest-node-01
7.8020,0.360000,S001,S001_BREATH_PACED_12_02,1,BREATH_PACED_12,14.00,0.8036,,MR60BHA2_breath_phase,safenest-node-01
7.9020,0.330000,S001,S001_BREATH_PACED_12_02,1,BREATH_PACED_12,14.00,0.8036,,MR60BHA2_breath_phase,safenest-node-01
8.0020,0.320000,S001,S001_BREATH_PACED_12_02,1,BREATH_PACED_12,14.00,0.8036,,MR60BHA2_breath_phase,safenest-node-01
8.1020,0.290000,S001,S001_BREATH_PACED_12_02,1,BREATH_PACED_12,14.00,0.8036,,MR60BHA2_breath_phase,safenest-node-01
8.2020,0.250000,S001,S001_BREATH_PACED_12_02,1,BREATH_PACED_12,14.00,0.8036,,MR60BHA2_breath_phase,safenest-node-01
8.3020,0.230000,S001,S001_BREATH_PACED_12_02,1,BREATH_PACED_12,14.00,0.8036,,MR60BHA2_breath_phase,safenest-node-01
8.4020,0.180000,S001,S001_BREATH_PACED_12_02,1,BREATH_PACED_12,14.00,0.8036,,MR60BHA2_breath_phase,safenest-node-01
8.5020,0.150000,S001,S001_BREATH_PACED_12_02,1,BREATH_PACED_12,14.00,0.8036,,MR60BHA2_breath_phase,safenest-node-01
8.6020,0.090000,S001,S001_BREATH_PACED_12_02,1,BREATH_PACED_12,14.00,0.8036,,MR60BHA2_breath_phase,safenest-node-01
8.7020,0.030000,S001,S001_BREATH_PACED_12_02,1,BREATH_PACED_12,14.00,0.8610,,MR60BHA2_breath_phase,safenest-node-01
8.8020,-0.000000,S001,S001_BREATH_PACED_12_02,1,BREATH_PACED_12,14.00,0.8610,,MR60BHA2_breath_phase,safenest-node-01
8.9020,-0.080000,S001,S001_BREATH_PACED_12_02,1,BREATH_PACED_12,14.00,0.8610,,MR60BHA2_breath_phase,safenest-node-01
9.0020,-0.110000,S001,S001_BREATH_PACED_12_02,1,BREATH_PACED_12,14.00,0.8610,,MR60BHA2_breath_phase,safenest-node-01
9.1020,-0.190000,S001,S001_BREATH_PACED_12_02,1,BREATH_PACED_12,14.00,0.8610,,MR60BHA2_breath_phase,safenest-node-01
9.2020,-0.270000,S001,S001_BREATH_PACED_12_02,1,BREATH_PACED_12,14.00,0.8610,,MR60BHA2_breath_phase,safenest-node-01
9.3020,-0.310000,S001,S001_BREATH_PACED_12_02,1,BREATH_PACED_12,14.00,0.8610,,MR60BHA2_breath_phase,safenest-node-01
9.4020,-0.380000,S001,S001_BREATH_PACED_12_02,1,BREATH_PACED_12,14.00,0.8610,,MR60BHA2_breath_phase,safenest-node-01
9.5020,-0.410000,S001,S001_BREATH_PACED_12_02,1,BREATH_PACED_12,14.00,0.8610,,MR60BHA2_breath_phase,safenest-node-01
9.6020,-0.480000,S001,S001_BREATH_PACED_12_02,1,BREATH_PACED_12,14.00,0.8610,,MR60BHA2_breath_phase,safenest-node-01
9.7020,-0.530000,S001,S001_BREATH_PACED_12_02,1,BREATH_PACED_12,14.00,0.8036,,MR60BHA2_breath_phase,safenest-node-01
9.8020,-0.570000,S001,S001_BREATH_PACED_12_02,1,BREATH_PACED_12,14.00,0.8036,,MR60BHA2_breath_phase,safenest-node-01
9.9020,-0.590000,S001,S001_BREATH_PACED_12_02,1,BREATH_PACED_12,14.00,0.8036,,MR60BHA2_breath_phase,safenest-node-01
10.0030,-0.610000,S001,S001_BREATH_PACED_12_02,1,BREATH_PACED_12,14.00,0.8036,,MR60BHA2_breath_phase,safenest-node-01
10.1030,-0.610000,S001,S001_BREATH_PACED_12_02,1,BREATH_PACED_12,14.00,0.8036,,MR60BHA2_breath_phase,safenest-node-01
10.2030,-0.610000,S001,S001_BREATH_PACED_12_02,1,BREATH_PACED_12,14.00,0.8036,,MR60BHA2_breath_phase,safenest-node-01
10.3030,-0.580000,S001,S001_BREATH_PACED_12_02,1,BREATH_PACED_12,14.00,0.8036,,MR60BHA2_breath_phase,safenest-node-01
10.4030,-0.560000,S001,S001_BREATH_PACED_12_02,1,BREATH_PACED_12,14.00,0.8036,,MR60BHA2_breath_phase,safenest-node-01
10.5030,-0.510000,S001,S001_BREATH_PACED_12_02,1,BREATH_PACED_12,14.00,0.8036,,MR60BHA2_breath_phase,safenest-node-01
10.6030,-0.480000,S001,S001_BREATH_PACED_12_02,1,BREATH_PACED_12,14.00,0.8036,,MR60BHA2_breath_phase,safenest-node-01
10.7030,-0.400000,S001,S001_BREATH_PACED_12_02,1,BREATH_PACED_12,14.00,0.8036,,MR60BHA2_breath_phase,safenest-node-01
10.8030,-0.320000,S001,S001_BREATH_PACED_12_02,1,BREATH_PACED_12,14.00,0.8036,,MR60BHA2_breath_phase,safenest-node-01
10.9030,-0.270000,S001,S001_BREATH_PACED_12_02,1,BREATH_PACED_12,14.00,0.8036,,MR60BHA2_breath_phase,safenest-node-01
11.0030,-0.170000,S001,S001_BREATH_PACED_12_02,1,BREATH_PACED_12,14.00,0.8036,,MR60BHA2_breath_phase,safenest-node-01
11.1030,-0.120000,S001,S001_BREATH_PACED_12_02,1,BREATH_PACED_12,14.00,0.8036,,MR60BHA2_breath_phase,safenest-node-01
11.2030,-0.030000,S001,S001_BREATH_PACED_12_02,1,BREATH_PACED_12,14.00,0.8036,,MR60BHA2_breath_phase,safenest-node-01
11.3030,0.070000,S001,S001_BREATH_PACED_12_02,1,BREATH_PACED_12,14.00,0.8036,,MR60BHA2_breath_phase,safenest-node-01
11.4030,0.160000,S001,S001_BREATH_PACED_12_02,1,BREATH_PACED_12,14.00,0.8036,,MR60BHA2_breath_phase,safenest-node-01
11.5030,0.200000,S001,S001_BREATH_PACED_12_02,1,BREATH_PACED_12,14.00,0.8036,,MR60BHA2_breath_phase,safenest-node-01
11.6030,0.280000,S001,S001_BREATH_PACED_12_02,1,BREATH_PACED_12,14.00,0.8036,,MR60BHA2_breath_phase,safenest-node-01
11.7030,0.320000,S001,S001_BREATH_PACED_12_02,1,BREATH_PACED_12,14.00,0.8036,,MR60BHA2_breath_phase,safenest-node-01
11.8030,0.380000,S001,S001_BREATH_PACED_12_02,1,BREATH_PACED_12,14.00,0.8036,,MR60BHA2_breath_phase,safenest-node-01
11.9030,0.440000,S001,S001_BREATH_PACED_12_02,1,BREATH_PACED_12,14.00,0.8036,,MR60BHA2_breath_phase,safenest-node-01
12.0030,0.460000,S001,S001_BREATH_PACED_12_02,1,BREATH_PACED_12,14.00,0.8036,,MR60BHA2_breath_phase,safenest-node-01
12.1030,0.500000,S001,S001_BREATH_PACED_12_02,1,BREATH_PACED_12,14.00,0.8036,,MR60BHA2_breath_phase,safenest-node-01
12.2030,0.520000,S001,S001_BREATH_PACED_12_02,1,BREATH_PACED_12,14.00,0.8036,,MR60BHA2_breath_phase,safenest-node-01
12.3030,0.550000,S001,S001_BREATH_PACED_12_02,1,BREATH_PACED_12,14.00,0.8036,,MR60BHA2_breath_phase,safenest-node-01
12.4030,0.570000,S001,S001_BREATH_PACED_12_02,1,BREATH_PACED_12,14.00,0.8036,,MR60BHA2_breath_phase,safenest-node-01
12.5030,0.580000,S001,S001_BREATH_PACED_12_02,1,BREATH_PACED_12,14.00,0.8036,,MR60BHA2_breath_phase,safenest-node-01
12.6030,0.580000,S001,S001_BREATH_PACED_12_02,1,BREATH_PACED_12,14.00,0.8036,,MR60BHA2_breath_phase,safenest-node-01
12.7030,0.580000,S001,S001_BREATH_PACED_12_02,1,BREATH_PACED_12,14.00,0.8036,,MR60BHA2_breath_phase,safenest-node-01
12.8030,0.560000,S001,S001_BREATH_PACED_12_02,1,BREATH_PACED_12,14.00,0.8036,,MR60BHA2_breath_phase,safenest-node-01
12.9030,0.530000,S001,S001_BREATH_PACED_12_02,1,BREATH_PACED_12,14.00,0.8036,,MR60BHA2_breath_phase,safenest-node-01
13.0040,0.510000,S001,S001_BREATH_PACED_12_02,1,BREATH_PACED_12,14.00,0.8036,,MR60BHA2_breath_phase,safenest-node-01
13.1040,0.460000,S001,S001_BREATH_PACED_12_02,1,BREATH_PACED_12,14.00,0.8036,,MR60BHA2_breath_phase,safenest-node-01
13.2040,0.430000,S001,S001_BREATH_PACED_12_02,1,BREATH_PACED_12,14.00,0.8036,,MR60BHA2_breath_phase,safenest-node-01
13.3040,0.360000,S001,S001_BREATH_PACED_12_02,1,BREATH_PACED_12,14.00,0.8036,,MR60BHA2_breath_phase,safenest-node-01
13.4040,0.270000,S001,S001_BREATH_PACED_12_02,1,BREATH_PACED_12,14.00,0.8036,,MR60BHA2_breath_phase,safenest-node-01
13.5040,0.170000,S001,S001_BREATH_PACED_12_02,1,BREATH_PACED_12,14.00,0.8036,,MR60BHA2_breath_phase,safenest-node-01
13.6040,0.120000,S001,S001_BREATH_PACED_12_02,1,BREATH_PACED_12,14.00,0.8036,,MR60BHA2_breath_phase,safenest-node-01
13.7040,0.060000,S001,S001_BREATH_PACED_12_02,1,BREATH_PACED_12,14.00,0.8036,,MR60BHA2_breath_phase,safenest-node-01
13.8040,-0.050000,S001,S001_BREATH_PACED_12_02,1,BREATH_PACED_12,14.00,0.8036,,MR60BHA2_breath_phase,safenest-node-01
13.9040,-0.170000,S001,S001_BREATH_PACED_12_02,1,BREATH_PACED_12,14.00,0.8036,,MR60BHA2_breath_phase,safenest-node-01
14.0040,-0.280000,S001,S001_BREATH_PACED_12_02,1,BREATH_PACED_12,14.00,0.8036,,MR60BHA2_breath_phase,safenest-node-01
14.1040,-0.330000,S001,S001_BREATH_PACED_12_02,1,BREATH_PACED_12,14.00,0.8036,,MR60BHA2_breath_phase,safenest-node-01
14.2040,-0.430000,S001,S001_BREATH_PACED_12_02,1,BREATH_PACED_12,14.00,0.8036,,MR60BHA2_breath_phase,safenest-node-01
14.3040,-0.470000,S001,S001_BREATH_PACED_12_02,1,BREATH_PACED_12,14.00,0.8036,,MR60BHA2_breath_phase,safenest-node-01
14.4040,-0.550000,S001,S001_BREATH_PACED_12_02,1,BREATH_PACED_12,14.00,0.8036,,MR60BHA2_breath_phase,safenest-node-01
14.5040,-0.610000,S001,S001_BREATH_PACED_12_02,1,BREATH_PACED_12,14.00,0.8036,,MR60BHA2_breath_phase,safenest-node-01
14.6040,-0.640000,S001,S001_BREATH_PACED_12_02,1,BREATH_PACED_12,14.00,0.8036,,MR60BHA2_breath_phase,safenest-node-01
14.7040,-0.670000,S001,S001_BREATH_PACED_12_02,1,BREATH_PACED_12,14.00,0.8036,,MR60BHA2_breath_phase,safenest-node-01
14.8040,-0.670000,S001,S001_BREATH_PACED_12_02,1,BREATH_PACED_12,14.00,0.8036,,MR60BHA2_breath_phase,safenest-node-01
14.9040,-0.670000,S001,S001_BREATH_PACED_12_02,1,BREATH_PACED_12,14.00,0.8036,,MR60BHA2_breath_phase,safenest-node-01
15.0040,-0.640000,S001,S001_BREATH_PACED_12_02,1,BREATH_PACED_12,14.00,0.8036,,MR60BHA2_breath_phase,safenest-node-01
15.1050,-0.610000,S001,S001_BREATH_PACED_12_02,1,BREATH_PACED_12,14.00,0.8036,,MR60BHA2_breath_phase,safenest-node-01
15.2050,-0.550000,S001,S001_BREATH_PACED_12_02,1,BREATH_PACED_12,14.00,0.8036,,MR60BHA2_breath_phase,safenest-node-01
15.3050,-0.520000,S001,S001_BREATH_PACED_12_02,1,BREATH_PACED_12,14.00,0.8036,,MR60BHA2_breath_phase,safenest-node-01
15.4050,-0.430000,S001,S001_BREATH_PACED_12_02,1,BREATH_PACED_12,14.00,0.8036,,MR60BHA2_breath_phase,safenest-node-01
15.5050,-0.330000,S001,S001_BREATH_PACED_12_02,1,BREATH_PACED_12,14.00,0.8036,,MR60BHA2_breath_phase,safenest-node-01
15.6050,-0.280000,S001,S001_BREATH_PACED_12_02,1,BREATH_PACED_12,14.00,0.8036,,MR60BHA2_breath_phase,safenest-node-01
15.7050,-0.170000,S001,S001_BREATH_PACED_12_02,1,BREATH_PACED_12,14.00,0.8036,,MR60BHA2_breath_phase,safenest-node-01
15.8060,-0.060000,S001,S001_BREATH_PACED_12_02,1,BREATH_PACED_12,14.00,0.8036,,MR60BHA2_breath_phase,safenest-node-01
15.9060,-0.000000,S001,S001_BREATH_PACED_12_02,1,BREATH_PACED_12,14.00,0.8036,,MR60BHA2_breath_phase,safenest-node-01
16.0060,0.110000,S001,S001_BREATH_PACED_12_02,1,BREATH_PACED_12,14.00,0.8036,,MR60BHA2_breath_phase,safenest-node-01
16.1060,0.210000,S001,S001_BREATH_PACED_12_02,1,BREATH_PACED_12,14.00,0.8036,,MR60BHA2_breath_phase,safenest-node-01
16.2060,0.250000,S001,S001_BREATH_PACED_12_02,1,BREATH_PACED_12,14.00,0.8036,,MR60BHA2_breath_phase,safenest-node-01
16.3060,0.340000,S001,S001_BREATH_PACED_12_02,1,BREATH_PACED_12,14.00,0.8036,,MR60BHA2_breath_phase,safenest-node-01
16.4060,0.370000,S001,S001_BREATH_PACED_12_02,1,BREATH_PACED_12,14.00,0.8036,,MR60BHA2_breath_phase,safenest-node-01
16.5060,0.430000,S001,S001_BREATH_PACED_12_02,1,BREATH_PACED_12,14.00,0.8036,,MR60BHA2_breath_phase,safenest-node-01
16.6060,0.480000,S001,S001_BREATH_PACED_12_02,1,BREATH_PACED_12,14.00,0.8036,,MR60BHA2_breath_phase,safenest-node-01
16.7060,0.490000,S001,S001_BREATH_PACED_12_02,1,BREATH_PACED_12,14.00,0.8036,,MR60BHA2_breath_phase,safenest-node-01
16.8060,0.510000,S001,S001_BREATH_PACED_12_02,1,BREATH_PACED_12,14.00,0.8036,,MR60BHA2_breath_phase,safenest-node-01
16.9060,0.520000,S001,S001_BREATH_PACED_12_02,1,BREATH_PACED_12,14.00,0.8036,,MR60BHA2_breath_phase,safenest-node-01
17.0060,0.520000,S001,S001_BREATH_PACED_12_02,1,BREATH_PACED_12,14.00,0.8036,,MR60BHA2_breath_phase,safenest-node-01
17.1060,0.510000,S001,S001_BREATH_PACED_12_02,1,BREATH_PACED_12,14.00,0.8036,,MR60BHA2_breath_phase,safenest-node-01
17.2060,0.500000,S001,S001_BREATH_PACED_12_02,1,BREATH_PACED_12,14.00,0.8036,,MR60BHA2_breath_phase,safenest-node-01
17.3060,0.480000,S001,S001_BREATH_PACED_12_02,1,BREATH_PACED_12,14.00,0.8036,,MR60BHA2_breath_phase,safenest-node-01
17.4060,0.470000,S001,S001_BREATH_PACED_12_02,1,BREATH_PACED_12,14.00,0.8036,,MR60BHA2_breath_phase,safenest-node-01
17.5060,0.440000,S001,S001_BREATH_PACED_12_02,1,BREATH_PACED_12,14.00,0.8036,,MR60BHA2_breath_phase,safenest-node-01
17.6060,0.400000,S001,S001_BREATH_PACED_12_02,1,BREATH_PACED_12,14.00,0.8036,,MR60BHA2_breath_phase,safenest-node-01
17.7060,0.350000,S001,S001_BREATH_PACED_12_02,1,BREATH_PACED_12,14.00,0.8036,,MR60BHA2_breath_phase,safenest-node-01
17.8060,0.320000,S001,S001_BREATH_PACED_12_02,1,BREATH_PACED_12,14.00,0.8036,,MR60BHA2_breath_phase,safenest-node-01
17.9060,0.260000,S001,S001_BREATH_PACED_12_02,1,BREATH_PACED_12,14.00,0.8036,,MR60BHA2_breath_phase,safenest-node-01
18.0060,0.230000,S001,S001_BREATH_PACED_12_02,1,BREATH_PACED_12,14.00,0.8036,,MR60BHA2_breath_phase,safenest-node-01
18.1060,0.160000,S001,S001_BREATH_PACED_12_02,1,BREATH_PACED_12,14.00,0.8036,,MR60BHA2_breath_phase,safenest-node-01
18.2060,0.090000,S001,S001_BREATH_PACED_12_02,1,BREATH_PACED_12,14.00,0.8036,,MR60BHA2_breath_phase,safenest-node-01
18.3060,0.050000,S001,S001_BREATH_PACED_12_02,1,BREATH_PACED_12,14.00,0.8036,,MR60BHA2_breath_phase,safenest-node-01
18.4060,-0.030000,S001,S001_BREATH_PACED_12_02,1,BREATH_PACED_12,14.00,0.8036,,MR60BHA2_breath_phase,safenest-node-01
18.5060,-0.060000,S001,S001_BREATH_PACED_12_02,1,BREATH_PACED_12,14.00,0.8036,,MR60BHA2_breath_phase,safenest-node-01
18.6060,-0.130000,S001,S001_BREATH_PACED_12_02,1,BREATH_PACED_12,14.00,0.8036,,MR60BHA2_breath_phase,safenest-node-01
18.7060,-0.190000,S001,S001_BREATH_PACED_12_02,1,BREATH_PACED_12,14.00,0.8036,,MR60BHA2_breath_phase,safenest-node-01
18.8060,-0.220000,S001,S001_BREATH_PACED_12_02,1,BREATH_PACED_12,14.00,0.8036,,MR60BHA2_breath_phase,safenest-node-01
18.9060,-0.280000,S001,S001_BREATH_PACED_12_02,1,BREATH_PACED_12,14.00,0.8036,,MR60BHA2_breath_phase,safenest-node-01
19.0060,-0.300000,S001,S001_BREATH_PACED_12_02,1,BREATH_PACED_12,14.00,0.8036,,MR60BHA2_breath_phase,safenest-node-01
19.1060,-0.340000,S001,S001_BREATH_PACED_12_02,1,BREATH_PACED_12,14.00,0.8036,,MR60BHA2_breath_phase,safenest-node-01
19.2060,-0.370000,S001,S001_BREATH_PACED_12_02,1,BREATH_PACED_12,14.00,0.8036,,MR60BHA2_breath_phase,safenest-node-01
19.3060,-0.390000,S001,S001_BREATH_PACED_12_02,1,BREATH_PACED_12,14.00,0.8036,,MR60BHA2_breath_phase,safenest-node-01
19.4060,-0.420000,S001,S001_BREATH_PACED_12_02,1,BREATH_PACED_12,14.00,0.8036,,MR60BHA2_breath_phase,safenest-node-01
19.5070,-0.440000,S001,S001_BREATH_PACED_12_02,1,BREATH_PACED_12,14.00,0.8036,,MR60BHA2_breath_phase,safenest-node-01
19.6070,-0.450000,S001,S001_BREATH_PACED_12_02,1,BREATH_PACED_12,14.00,0.8036,,MR60BHA2_breath_phase,safenest-node-01
19.7070,-0.460000,S001,S001_BREATH_PACED_12_02,1,BREATH_PACED_12,14.00,0.8036,,MR60BHA2_breath_phase,safenest-node-01
19.8070,-0.460000,S001,S001_BREATH_PACED_12_02,1,BREATH_PACED_12,14.00,0.8036,,MR60BHA2_breath_phase,safenest-node-01
19.9070,-0.460000,S001,S001_BREATH_PACED_12_02,1,BREATH_PACED_12,14.00,0.8036,,MR60BHA2_breath_phase,safenest-node-01
20.0070,-0.450000,S001,S001_BREATH_PACED_12_02,1,BREATH_PACED_12,14.00,0.8036,,MR60BHA2_breath_phase,safenest-node-01
20.1070,-0.430000,S001,S001_BREATH_PACED_12_02,1,BREATH_PACED_12,14.00,0.8036,,MR60BHA2_breath_phase,safenest-node-01
20.2070,-0.400000,S001,S001_BREATH_PACED_12_02,1,BREATH_PACED_12,14.00,0.8036,,MR60BHA2_breath_phase,safenest-node-01
20.3070,-0.350000,S001,S001_BREATH_PACED_12_02,1,BREATH_PACED_12,14.00,0.8036,,MR60BHA2_breath_phase,safenest-node-01
20.4070,-0.330000,S001,S001_BREATH_PACED_12_02,1,BREATH_PACED_12,14.00,0.8036,,MR60BHA2_breath_phase,safenest-node-01
20.5070,-0.270000,S001,S001_BREATH_PACED_12_02,1,BREATH_PACED_12,14.00,0.8036,,MR60BHA2_breath_phase,safenest-node-01
20.6070,-0.230000,S001,S001_BREATH_PACED_12_02,1,BREATH_PACED_12,14.00,0.8036,,MR60BHA2_breath_phase,safenest-node-01
20.7070,-0.170000,S001,S001_BREATH_PACED_12_02,1,BREATH_PACED_12,14.00,0.8036,,MR60BHA2_breath_phase,safenest-node-01
20.8070,-0.100000,S001,S001_BREATH_PACED_12_02,1,BREATH_PACED_12,14.00,0.8036,,MR60BHA2_breath_phase,safenest-node-01
20.9080,-0.020000,S001,S001_BREATH_PACED_12_02,1,BREATH_PACED_12,14.00,0.8036,,MR60BHA2_breath_phase,safenest-node-01
21.0080,0.010000,S001,S001_BREATH_PACED_12_02,1,BREATH_PACED_12,14.00,0.8036,,MR60BHA2_breath_phase,safenest-node-01
21.1080,0.050000,S001,S001_BREATH_PACED_12_02,1,BREATH_PACED_12,14.00,0.8036,,MR60BHA2_breath_phase,safenest-node-01
21.2080,0.110000,S001,S001_BREATH_PACED_12_02,1,BREATH_PACED_12,14.00,0.8036,,MR60BHA2_breath_phase,safenest-node-01
21.3080,0.180000,S001,S001_BREATH_PACED_12_02,1,BREATH_PACED_12,14.00,0.8036,,MR60BHA2_breath_phase,safenest-node-01
21.4080,0.230000,S001,S001_BREATH_PACED_12_02,1,BREATH_PACED_12,14.00,0.8036,,MR60BHA2_breath_phase,safenest-node-01
21.5080,0.260000,S001,S001_BREATH_PACED_12_02,1,BREATH_PACED_12,14.00,0.8036,,MR60BHA2_breath_phase,safenest-node-01
21.6080,0.300000,S001,S001_BREATH_PACED_12_02,1,BREATH_PACED_12,14.00,0.8036,,MR60BHA2_breath_phase,safenest-node-01
21.7080,0.320000,S001,S001_BREATH_PACED_12_02,1,BREATH_PACED_12,14.00,0.8036,,MR60BHA2_breath_phase,safenest-node-01
21.8080,0.360000,S001,S001_BREATH_PACED_12_02,1,BREATH_PACED_12,14.00,0.8036,,MR60BHA2_breath_phase,safenest-node-01
21.9080,0.390000,S001,S001_BREATH_PACED_12_02,1,BREATH_PACED_12,14.00,0.8036,,MR60BHA2_breath_phase,safenest-node-01
22.0080,0.410000,S001,S001_BREATH_PACED_12_02,1,BREATH_PACED_12,14.00,0.8036,,MR60BHA2_breath_phase,safenest-node-01
22.1080,0.440000,S001,S001_BREATH_PACED_12_02,1,BREATH_PACED_12,14.00,0.8036,,MR60BHA2_breath_phase,safenest-node-01
22.2080,0.460000,S001,S001_BREATH_PACED_12_02,1,BREATH_PACED_12,14.00,0.8036,,MR60BHA2_breath_phase,safenest-node-01
22.3080,0.480000,S001,S001_BREATH_PACED_12_02,1,BREATH_PACED_12,14.00,0.8036,,MR60BHA2_breath_phase,safenest-node-01
22.4080,0.490000,S001,S001_BREATH_PACED_12_02,1,BREATH_PACED_12,14.00,0.8036,,MR60BHA2_breath_phase,safenest-node-01
22.5080,0.500000,S001,S001_BREATH_PACED_12_02,1,BREATH_PACED_12,14.00,0.8036,,MR60BHA2_breath_phase,safenest-node-01
22.6080,0.490000,S001,S001_BREATH_PACED_12_02,1,BREATH_PACED_12,14.00,0.8036,,MR60BHA2_breath_phase,safenest-node-01
22.7080,0.480000,S001,S001_BREATH_PACED_12_02,1,BREATH_PACED_12,14.00,0.8036,,MR60BHA2_breath_phase,safenest-node-01
22.8080,0.460000,S001,S001_BREATH_PACED_12_02,1,BREATH_PACED_12,14.00,0.8036,,MR60BHA2_breath_phase,safenest-node-01
22.9080,0.430000,S001,S001_BREATH_PACED_12_02,1,BREATH_PACED_12,14.00,0.8036,,MR60BHA2_breath_phase,safenest-node-01
23.0080,0.410000,S001,S001_BREATH_PACED_12_02,1,BREATH_PACED_12,14.00,0.8036,,MR60BHA2_breath_phase,safenest-node-01
23.1080,0.360000,S001,S001_BREATH_PACED_12_02,1,BREATH_PACED_12,14.00,0.8036,,MR60BHA2_breath_phase,safenest-node-01
23.2080,0.330000,S001,S001_BREATH_PACED_12_02,1,BREATH_PACED_12,14.00,0.8036,,MR60BHA2_breath_phase,safenest-node-01
23.3080,0.250000,S001,S001_BREATH_PACED_12_02,1,BREATH_PACED_12,14.00,0.8036,,MR60BHA2_breath_phase,safenest-node-01
23.4080,0.170000,S001,S001_BREATH_PACED_12_02,1,BREATH_PACED_12,14.00,0.8036,,MR60BHA2_breath_phase,safenest-node-01
23.5080,0.070000,S001,S001_BREATH_PACED_12_02,1,BREATH_PACED_12,14.00,0.8036,,MR60BHA2_breath_phase,safenest-node-01
23.6080,0.020000,S001,S001_BREATH_PACED_12_02,1,BREATH_PACED_12,14.00,0.8036,,MR60BHA2_breath_phase,safenest-node-01
23.7080,-0.090000,S001,S001_BREATH_PACED_12_02,1,BREATH_PACED_12,14.00,0.8036,,MR60BHA2_breath_phase,safenest-node-01
23.8080,-0.140000,S001,S001_BREATH_PACED_12_02,1,BREATH_PACED_12,14.00,0.8036,,MR60BHA2_breath_phase,safenest-node-01
23.9080,-0.250000,S001,S001_BREATH_PACED_12_02,1,BREATH_PACED_12,14.00,0.8036,,MR60BHA2_breath_phase,safenest-node-01
24.0080,-0.350000,S001,S001_BREATH_PACED_12_02,1,BREATH_PACED_12,14.00,0.8036,,MR60BHA2_breath_phase,safenest-node-01
24.1080,-0.390000,S001,S001_BREATH_PACED_12_02,1,BREATH_PACED_12,14.00,0.8036,,MR60BHA2_breath_phase,safenest-node-01
24.2080,-0.470000,S001,S001_BREATH_PACED_12_02,1,BREATH_PACED_12,14.00,0.8036,,MR60BHA2_breath_phase,safenest-node-01
24.3080,-0.510000,S001,S001_BREATH_PACED_12_02,1,BREATH_PACED_12,14.00,0.8036,,MR60BHA2_breath_phase,safenest-node-01
24.4080,-0.570000,S001,S001_BREATH_PACED_12_02,1,BREATH_PACED_12,14.00,0.8036,,MR60BHA2_breath_phase,safenest-node-01
24.5080,-0.610000,S001,S001_BREATH_PACED_12_02,1,BREATH_PACED_12,14.00,0.8036,,MR60BHA2_breath_phase,safenest-node-01
24.6080,-0.630000,S001,S001_BREATH_PACED_12_02,1,BREATH_PACED_12,14.00,0.8036,,MR60BHA2_breath_phase,safenest-node-01
24.7080,-0.650000,S001,S001_BREATH_PACED_12_02,1,BREATH_PACED_12,14.00,0.8036,,MR60BHA2_breath_phase,safenest-node-01
24.8080,-0.650000,S001,S001_BREATH_PACED_12_02,1,BREATH_PACED_12,14.00,0.8036,,MR60BHA2_breath_phase,safenest-node-01
24.9080,-0.640000,S001,S001_BREATH_PACED_12_02,1,BREATH_PACED_12,14.00,0.8036,,MR60BHA2_breath_phase,safenest-node-01
25.0080,-0.620000,S001,S001_BREATH_PACED_12_02,1,BREATH_PACED_12,14.00,0.8036,,MR60BHA2_breath_phase,safenest-node-01
25.1080,-0.570000,S001,S001_BREATH_PACED_12_02,1,BREATH_PACED_12,14.00,0.8036,,MR60BHA2_breath_phase,safenest-node-01
25.2080,-0.540000,S001,S001_BREATH_PACED_12_02,1,BREATH_PACED_12,14.00,0.8036,,MR60BHA2_breath_phase,safenest-node-01
25.3080,-0.510000,S001,S001_BREATH_PACED_12_02,1,BREATH_PACED_12,14.00,0.8036,,MR60BHA2_breath_phase,safenest-node-01
25.4080,-0.440000,S001,S001_BREATH_PACED_12_02,1,BREATH_PACED_12,14.00,0.8036,,MR60BHA2_breath_phase,safenest-node-01
25.5080,-0.360000,S001,S001_BREATH_PACED_12_02,1,BREATH_PACED_12,14.00,0.8036,,MR60BHA2_breath_phase,safenest-node-01
25.6080,-0.270000,S001,S001_BREATH_PACED_12_02,1,BREATH_PACED_12,14.00,0.8036,,MR60BHA2_breath_phase,safenest-node-01
25.7080,-0.220000,S001,S001_BREATH_PACED_12_02,1,BREATH_PACED_12,14.00,0.8036,,MR60BHA2_breath_phase,safenest-node-01
25.8080,-0.130000,S001,S001_BREATH_PACED_12_02,1,BREATH_PACED_12,14.00,0.8036,,MR60BHA2_breath_phase,safenest-node-01
25.9080,-0.080000,S001,S001_BREATH_PACED_12_02,1,BREATH_PACED_12,14.00,0.8036,,MR60BHA2_breath_phase,safenest-node-01
26.0080,0.020000,S001,S001_BREATH_PACED_12_02,1,BREATH_PACED_12,14.00,0.8036,,MR60BHA2_breath_phase,safenest-node-01
26.1080,0.110000,S001,S001_BREATH_PACED_12_02,1,BREATH_PACED_12,14.00,0.8036,,MR60BHA2_breath_phase,safenest-node-01
26.2080,0.150000,S001,S001_BREATH_PACED_12_02,1,BREATH_PACED_12,14.00,0.8036,,MR60BHA2_breath_phase,safenest-node-01
26.3080,0.240000,S001,S001_BREATH_PACED_12_02,1,BREATH_PACED_12,14.00,0.8036,,MR60BHA2_breath_phase,safenest-node-01
26.4080,0.280000,S001,S001_BREATH_PACED_12_02,1,BREATH_PACED_12,14.00,0.8036,,MR60BHA2_breath_phase,safenest-node-01
26.5080,0.350000,S001,S001_BREATH_PACED_12_02,1,BREATH_PACED_12,14.00,0.8036,,MR60BHA2_breath_phase,safenest-node-01
26.6080,0.420000,S001,S001_BREATH_PACED_12_02,1,BREATH_PACED_12,14.00,0.8036,,MR60BHA2_breath_phase,safenest-node-01
26.7090,0.440000,S001,S001_BREATH_PACED_12_02,1,BREATH_PACED_12,14.00,0.8036,,MR60BHA2_breath_phase,safenest-node-01
26.8090,0.490000,S001,S001_BREATH_PACED_12_02,1,BREATH_PACED_12,14.00,0.8036,,MR60BHA2_breath_phase,safenest-node-01
26.9090,0.510000,S001,S001_BREATH_PACED_12_02,1,BREATH_PACED_12,14.00,0.8036,,MR60BHA2_breath_phase,safenest-node-01
27.0090,0.540000,S001,S001_BREATH_PACED_12_02,1,BREATH_PACED_12,14.00,0.8036,,MR60BHA2_breath_phase,safenest-node-01
27.1090,0.560000,S001,S001_BREATH_PACED_12_02,1,BREATH_PACED_12,14.00,0.8036,,MR60BHA2_breath_phase,safenest-node-01
27.2100,0.570000,S001,S001_BREATH_PACED_12_02,1,BREATH_PACED_12,14.00,0.8036,,MR60BHA2_breath_phase,safenest-node-01
27.3100,0.570000,S001,S001_BREATH_PACED_12_02,1,BREATH_PACED_12,14.00,0.8036,,MR60BHA2_breath_phase,safenest-node-01
27.4100,0.560000,S001,S001_BREATH_PACED_12_02,1,BREATH_PACED_12,14.00,0.8036,,MR60BHA2_breath_phase,safenest-node-01
27.5100,0.560000,S001,S001_BREATH_PACED_12_02,1,BREATH_PACED_12,14.00,0.8036,,MR60BHA2_breath_phase,safenest-node-01
27.6100,0.530000,S001,S001_BREATH_PACED_12_02,1,BREATH_PACED_12,14.00,0.8036,,MR60BHA2_breath_phase,safenest-node-01
27.7100,0.490000,S001,S001_BREATH_PACED_12_02,1,BREATH_PACED_12,14.00,0.8036,,MR60BHA2_breath_phase,safenest-node-01
27.8100,0.470000,S001,S001_BREATH_PACED_12_02,1,BREATH_PACED_12,14.00,0.8036,,MR60BHA2_breath_phase,safenest-node-01
27.9100,0.400000,S001,S001_BREATH_PACED_12_02,1,BREATH_PACED_12,14.00,0.8610,,MR60BHA2_breath_phase,safenest-node-01
28.0100,0.360000,S001,S001_BREATH_PACED_12_02,1,BREATH_PACED_12,14.00,0.8610,,MR60BHA2_breath_phase,safenest-node-01
28.1100,0.280000,S001,S001_BREATH_PACED_12_02,1,BREATH_PACED_12,14.00,0.8610,,MR60BHA2_breath_phase,safenest-node-01
28.2100,0.180000,S001,S001_BREATH_PACED_12_02,1,BREATH_PACED_12,14.00,0.8610,,MR60BHA2_breath_phase,safenest-node-01
28.3100,0.140000,S001,S001_BREATH_PACED_12_02,1,BREATH_PACED_12,14.00,0.8610,,MR60BHA2_breath_phase,safenest-node-01
28.4100,0.040000,S001,S001_BREATH_PACED_12_02,1,BREATH_PACED_12,14.00,0.8610,,MR60BHA2_breath_phase,safenest-node-01
28.5100,-0.000000,S001,S001_BREATH_PACED_12_02,1,BREATH_PACED_12,14.00,0.8610,,MR60BHA2_breath_phase,safenest-node-01
28.6100,-0.080000,S001,S001_BREATH_PACED_12_02,1,BREATH_PACED_12,14.00,0.8610,,MR60BHA2_breath_phase,safenest-node-01
28.7100,-0.160000,S001,S001_BREATH_PACED_12_02,1,BREATH_PACED_12,14.00,0.8610,,MR60BHA2_breath_phase,safenest-node-01
28.8110,-0.190000,S001,S001_BREATH_PACED_12_02,1,BREATH_PACED_12,14.00,0.8610,,MR60BHA2_breath_phase,safenest-node-01
28.9110,-0.250000,S001,S001_BREATH_PACED_12_02,1,BREATH_PACED_12,14.00,0.8610,,MR60BHA2_breath_phase,safenest-node-01
29.0110,-0.270000,S001,S001_BREATH_PACED_12_02,1,BREATH_PACED_12,14.00,0.8610,,MR60BHA2_breath_phase,safenest-node-01
29.1110,-0.320000,S001,S001_BREATH_PACED_12_02,1,BREATH_PACED_12,14.00,0.8610,,MR60BHA2_breath_phase,safenest-node-01
29.2110,-0.350000,S001,S001_BREATH_PACED_12_02,1,BREATH_PACED_12,14.00,0.8610,,MR60BHA2_breath_phase,safenest-node-01
29.3120,-0.380000,S001,S001_BREATH_PACED_12_02,1,BREATH_PACED_12,14.00,0.8610,,MR60BHA2_breath_phase,safenest-node-01
29.4120,-0.390000,S001,S001_BREATH_PACED_12_02,1,BREATH_PACED_12,14.00,0.8610,,MR60BHA2_breath_phase,safenest-node-01
29.5120,-0.410000,S001,S001_BREATH_PACED_12_02,1,BREATH_PACED_12,14.00,0.8610,,MR60BHA2_breath_phase,safenest-node-01
29.6120,-0.420000,S001,S001_BREATH_PACED_12_02,1,BREATH_PACED_12,14.00,0.8610,,MR60BHA2_breath_phase,safenest-node-01
29.7120,-0.430000,S001,S001_BREATH_PACED_12_02,1,BREATH_PACED_12,14.00,0.8610,,MR60BHA2_breath_phase,safenest-node-01
29.8120,-0.440000,S001,S001_BREATH_PACED_12_02,1,BREATH_PACED_12,14.00,0.8610,,MR60BHA2_breath_phase,safenest-node-01
29.9120,-0.440000,S001,S001_BREATH_PACED_12_02,1,BREATH_PACED_12,14.00,0.8610,,MR60BHA2_breath_phase,safenest-node-01
30.0120,-0.440000,S001,S001_BREATH_PACED_12_02,1,BREATH_PACED_12,14.00,0.8610,,MR60BHA2_breath_phase,safenest-node-01
30.1120,-0.430000,S001,S001_BREATH_PACED_12_02,1,BREATH_PACED_12,14.00,0.8610,,MR60BHA2_breath_phase,safenest-node-01
30.2120,-0.410000,S001,S001_BREATH_PACED_12_02,1,BREATH_PACED_12,14.00,0.8610,,MR60BHA2_breath_phase,safenest-node-01
30.3120,-0.380000,S001,S001_BREATH_PACED_12_02,1,BREATH_PACED_12,14.00,0.8610,,MR60BHA2_breath_phase,safenest-node-01
30.4120,-0.360000,S001,S001_BREATH_PACED_12_02,1,BREATH_PACED_12,14.00,0.8610,,MR60BHA2_breath_phase,safenest-node-01
30.5120,-0.300000,S001,S001_BREATH_PACED_12_02,1,BREATH_PACED_12,14.00,0.8610,,MR60BHA2_breath_phase,safenest-node-01
30.6120,-0.270000,S001,S001_BREATH_PACED_12_02,1,BREATH_PACED_12,14.00,0.8610,,MR60BHA2_breath_phase,safenest-node-01
30.7120,-0.210000,S001,S001_BREATH_PACED_12_02,1,BREATH_PACED_12,14.00,0.8610,,MR60BHA2_breath_phase,safenest-node-01
30.8120,-0.130000,S001,S001_BREATH_PACED_12_02,1,BREATH_PACED_12,14.00,0.8610,,MR60BHA2_breath_phase,safenest-node-01
30.9120,-0.060000,S001,S001_BREATH_PACED_12_02,1,BREATH_PACED_12,14.00,0.8610,,MR60BHA2_breath_phase,safenest-node-01
31.0120,-0.020000,S001,S001_BREATH_PACED_12_02,1,BREATH_PACED_12,14.00,0.8610,,MR60BHA2_breath_phase,safenest-node-01
31.1120,0.060000,S001,S001_BREATH_PACED_12_02,1,BREATH_PACED_12,14.00,0.8610,,MR60BHA2_breath_phase,safenest-node-01
31.2120,0.090000,S001,S001_BREATH_PACED_12_02,1,BREATH_PACED_12,14.00,0.8610,,MR60BHA2_breath_phase,safenest-node-01
31.3120,0.160000,S001,S001_BREATH_PACED_12_02,1,BREATH_PACED_12,14.00,0.8610,,MR60BHA2_breath_phase,safenest-node-01
31.4120,0.220000,S001,S001_BREATH_PACED_12_02,1,BREATH_PACED_12,14.00,0.8610,,MR60BHA2_breath_phase,safenest-node-01
31.5120,0.240000,S001,S001_BREATH_PACED_12_02,1,BREATH_PACED_12,14.00,0.8610,,MR60BHA2_breath_phase,safenest-node-01
31.6120,0.280000,S001,S001_BREATH_PACED_12_02,1,BREATH_PACED_12,14.00,0.8610,,MR60BHA2_breath_phase,safenest-node-01
31.7120,0.300000,S001,S001_BREATH_PACED_12_02,1,BREATH_PACED_12,14.00,0.8610,,MR60BHA2_breath_phase,safenest-node-01
31.8120,0.330000,S001,S001_BREATH_PACED_12_02,1,BREATH_PACED_12,14.00,0.8610,,MR60BHA2_breath_phase,safenest-node-01
31.9120,0.350000,S001,S001_BREATH_PACED_12_02,1,BREATH_PACED_12,14.00,0.8610,,MR60BHA2_breath_phase,safenest-node-01
32.0120,0.360000,S001,S001_BREATH_PACED_12_02,1,BREATH_PACED_12,14.00,0.8610,,MR60BHA2_breath_phase,safenest-node-01
32.1120,0.380000,S001,S001_BREATH_PACED_12_02,1,BREATH_PACED_12,14.00,0.8610,,MR60BHA2_breath_phase,safenest-node-01
32.2120,0.390000,S001,S001_BREATH_PACED_12_02,1,BREATH_PACED_12,14.00,0.8610,,MR60BHA2_breath_phase,safenest-node-01
32.3120,0.400000,S001,S001_BREATH_PACED_12_02,1,BREATH_PACED_12,14.00,0.8610,,MR60BHA2_breath_phase,safenest-node-01
32.4120,0.410000,S001,S001_BREATH_PACED_12_02,1,BREATH_PACED_12,14.00,0.8036,,MR60BHA2_breath_phase,safenest-node-01
32.5120,0.410000,S001,S001_BREATH_PACED_12_02,1,BREATH_PACED_12,14.00,0.8036,,MR60BHA2_breath_phase,safenest-node-01
32.6120,0.400000,S001,S001_BREATH_PACED_12_02,1,BREATH_PACED_12,14.00,0.8036,,MR60BHA2_breath_phase,safenest-node-01
32.7120,0.400000,S001,S001_BREATH_PACED_12_02,1,BREATH_PACED_12,14.00,0.8036,,MR60BHA2_breath_phase,safenest-node-01
32.8120,0.370000,S001,S001_BREATH_PACED_12_02,1,BREATH_PACED_12,14.00,0.8036,,MR60BHA2_breath_phase,safenest-node-01
32.9120,0.330000,S001,S001_BREATH_PACED_12_02,1,BREATH_PACED_12,14.00,0.8036,,MR60BHA2_breath_phase,safenest-node-01
33.0120,0.270000,S001,S001_BREATH_PACED_12_02,1,BREATH_PACED_12,14.00,0.8036,,MR60BHA2_breath_phase,safenest-node-01
33.1120,0.240000,S001,S001_BREATH_PACED_12_02,1,BREATH_PACED_12,14.00,0.8036,,MR60BHA2_breath_phase,safenest-node-01
33.2120,0.170000,S001,S001_BREATH_PACED_12_02,1,BREATH_PACED_12,14.00,0.8610,,MR60BHA2_breath_phase,safenest-node-01
33.3120,0.130000,S001,S001_BREATH_PACED_12_02,1,BREATH_PACED_12,14.00,0.8610,,MR60BHA2_breath_phase,safenest-node-01
33.4120,0.050000,S001,S001_BREATH_PACED_12_02,1,BREATH_PACED_12,14.00,0.8610,,MR60BHA2_breath_phase,safenest-node-01
33.5120,-0.030000,S001,S001_BREATH_PACED_12_02,1,BREATH_PACED_12,14.00,0.8610,,MR60BHA2_breath_phase,safenest-node-01
33.6120,-0.070000,S001,S001_BREATH_PACED_12_02,1,BREATH_PACED_12,14.00,0.8610,,MR60BHA2_breath_phase,safenest-node-01
33.7120,-0.130000,S001,S001_BREATH_PACED_12_02,1,BREATH_PACED_12,14.00,0.8610,,MR60BHA2_breath_phase,safenest-node-01
33.8120,-0.160000,S001,S001_BREATH_PACED_12_02,1,BREATH_PACED_12,14.00,0.8610,,MR60BHA2_breath_phase,safenest-node-01
33.9120,-0.220000,S001,S001_BREATH_PACED_12_02,1,BREATH_PACED_12,14.00,0.8610,,MR60BHA2_breath_phase,safenest-node-01
34.0120,-0.260000,S001,S001_BREATH_PACED_12_02,1,BREATH_PACED_12,14.00,0.8610,,MR60BHA2_breath_phase,safenest-node-01
34.1120,-0.280000,S001,S001_BREATH_PACED_12_02,1,BREATH_PACED_12,14.00,0.8610,,MR60BHA2_breath_phase,safenest-node-01
34.2120,-0.310000,S001,S001_BREATH_PACED_12_02,1,BREATH_PACED_12,14.00,0.8610,,MR60BHA2_breath_phase,safenest-node-01
34.3120,-0.330000,S001,S001_BREATH_PACED_12_02,1,BREATH_PACED_12,14.00,0.8610,,MR60BHA2_breath_phase,safenest-node-01
34.4120,-0.360000,S001,S001_BREATH_PACED_12_02,1,BREATH_PACED_12,14.00,0.8610,,MR60BHA2_breath_phase,safenest-node-01
34.5120,-0.380000,S001,S001_BREATH_PACED_12_02,1,BREATH_PACED_12,14.00,0.8610,,MR60BHA2_breath_phase,safenest-node-01
34.6120,-0.390000,S001,S001_BREATH_PACED_12_02,1,BREATH_PACED_12,14.00,0.8610,,MR60BHA2_breath_phase,safenest-node-01
34.7120,-0.410000,S001,S001_BREATH_PACED_12_02,1,BREATH_PACED_12,14.00,0.8610,,MR60BHA2_breath_phase,safenest-node-01
34.8120,-0.410000,S001,S001_BREATH_PACED_12_02,1,BREATH_PACED_12,14.00,0.8610,,MR60BHA2_breath_phase,safenest-node-01
34.9120,-0.420000,S001,S001_BREATH_PACED_12_02,1,BREATH_PACED_12,14.00,0.8610,,MR60BHA2_breath_phase,safenest-node-01
35.0120,-0.410000,S001,S001_BREATH_PACED_12_02,1,BREATH_PACED_12,14.00,0.8610,,MR60BHA2_breath_phase,safenest-node-01
35.1120,-0.390000,S001,S001_BREATH_PACED_12_02,1,BREATH_PACED_12,14.00,0.8610,,MR60BHA2_breath_phase,safenest-node-01
35.2120,-0.380000,S001,S001_BREATH_PACED_12_02,1,BREATH_PACED_12,14.00,0.8610,,MR60BHA2_breath_phase,safenest-node-01
35.3120,-0.360000,S001,S001_BREATH_PACED_12_02,1,BREATH_PACED_12,14.00,0.8610,,MR60BHA2_breath_phase,safenest-node-01
35.4120,-0.330000,S001,S001_BREATH_PACED_12_02,1,BREATH_PACED_12,14.00,0.8610,,MR60BHA2_breath_phase,safenest-node-01
35.5120,-0.270000,S001,S001_BREATH_PACED_12_02,1,BREATH_PACED_12,14.00,0.8610,,MR60BHA2_breath_phase,safenest-node-01
35.6120,-0.210000,S001,S001_BREATH_PACED_12_02,1,BREATH_PACED_12,14.00,0.8610,,MR60BHA2_breath_phase,safenest-node-01
35.7120,-0.180000,S001,S001_BREATH_PACED_12_02,1,BREATH_PACED_12,14.00,0.8610,,MR60BHA2_breath_phase,safenest-node-01
35.8120,-0.110000,S001,S001_BREATH_PACED_12_02,1,BREATH_PACED_12,14.00,0.8610,,MR60BHA2_breath_phase,safenest-node-01
35.9120,-0.070000,S001,S001_BREATH_PACED_12_02,1,BREATH_PACED_12,14.00,0.8610,,MR60BHA2_breath_phase,safenest-node-01
36.0120,0.020000,S001,S001_BREATH_PACED_12_02,1,BREATH_PACED_12,14.00,0.8610,,MR60BHA2_breath_phase,safenest-node-01
36.1120,0.100000,S001,S001_BREATH_PACED_12_02,1,BREATH_PACED_12,14.00,0.8610,,MR60BHA2_breath_phase,safenest-node-01
36.2120,0.140000,S001,S001_BREATH_PACED_12_02,1,BREATH_PACED_12,14.00,0.8610,,MR60BHA2_breath_phase,safenest-node-01
36.3120,0.220000,S001,S001_BREATH_PACED_12_02,1,BREATH_PACED_12,14.00,0.8610,,MR60BHA2_breath_phase,safenest-node-01
36.4120,0.250000,S001,S001_BREATH_PACED_12_02,1,BREATH_PACED_12,14.00,0.8610,,MR60BHA2_breath_phase,safenest-node-01
36.5120,0.320000,S001,S001_BREATH_PACED_12_02,1,BREATH_PACED_12,14.00,0.8610,,MR60BHA2_breath_phase,safenest-node-01
36.6120,0.370000,S001,S001_BREATH_PACED_12_02,1,BREATH_PACED_12,14.00,0.8610,,MR60BHA2_breath_phase,safenest-node-01
36.7120,0.390000,S001,S001_BREATH_PACED_12_02,1,BREATH_PACED_12,14.00,0.8610,,MR60BHA2_breath_phase,safenest-node-01
36.8120,0.430000,S001,S001_BREATH_PACED_12_02,1,BREATH_PACED_12,14.00,0.8610,,MR60BHA2_breath_phase,safenest-node-01
36.9120,0.440000,S001,S001_BREATH_PACED_12_02,1,BREATH_PACED_12,14.00,0.8610,,MR60BHA2_breath_phase,safenest-node-01
37.0120,0.470000,S001,S001_BREATH_PACED_12_02,1,BREATH_PACED_12,14.00,0.8610,,MR60BHA2_breath_phase,safenest-node-01
37.1120,0.480000,S001,S001_BREATH_PACED_12_02,1,BREATH_PACED_12,14.00,0.8036,,MR60BHA2_breath_phase,safenest-node-01
37.2120,0.480000,S001,S001_BREATH_PACED_12_02,1,BREATH_PACED_12,14.00,0.8036,,MR60BHA2_breath_phase,safenest-node-01
37.3120,0.480000,S001,S001_BREATH_PACED_12_02,1,BREATH_PACED_12,14.00,0.8036,,MR60BHA2_breath_phase,safenest-node-01
37.4120,0.460000,S001,S001_BREATH_PACED_12_02,1,BREATH_PACED_12,14.00,0.8036,,MR60BHA2_breath_phase,safenest-node-01
37.5120,0.450000,S001,S001_BREATH_PACED_12_02,1,BREATH_PACED_12,14.00,0.8036,,MR60BHA2_breath_phase,safenest-node-01
37.6120,0.420000,S001,S001_BREATH_PACED_12_02,1,BREATH_PACED_12,14.00,0.8036,,MR60BHA2_breath_phase,safenest-node-01
37.7120,0.370000,S001,S001_BREATH_PACED_12_02,1,BREATH_PACED_12,14.00,0.8036,,MR60BHA2_breath_phase,safenest-node-01
37.8120,0.340000,S001,S001_BREATH_PACED_12_02,1,BREATH_PACED_12,14.00,0.8036,,MR60BHA2_breath_phase,safenest-node-01
37.9120,0.280000,S001,S001_BREATH_PACED_12_02,1,BREATH_PACED_12,14.00,0.8036,,MR60BHA2_breath_phase,safenest-node-01
38.0120,0.240000,S001,S001_BREATH_PACED_12_02,1,BREATH_PACED_12,14.00,0.8036,,MR60BHA2_breath_phase,safenest-node-01
38.1120,0.150000,S001,S001_BREATH_PACED_12_02,1,BREATH_PACED_12,14.00,0.8036,,MR60BHA2_breath_phase,safenest-node-01
38.2120,0.060000,S001,S001_BREATH_PACED_12_02,1,BREATH_PACED_12,14.00,0.8036,,MR60BHA2_breath_phase,safenest-node-01
38.3120,0.010000,S001,S001_BREATH_PACED_12_02,1,BREATH_PACED_12,14.00,0.8036,,MR60BHA2_breath_phase,safenest-node-01
38.4120,-0.080000,S001,S001_BREATH_PACED_12_02,1,BREATH_PACED_12,14.00,0.8036,,MR60BHA2_breath_phase,safenest-node-01
38.5120,-0.130000,S001,S001_BREATH_PACED_12_02,1,BREATH_PACED_12,14.00,0.8036,,MR60BHA2_breath_phase,safenest-node-01
38.6120,-0.210000,S001,S001_BREATH_PACED_12_02,1,BREATH_PACED_12,14.00,0.8036,,MR60BHA2_breath_phase,safenest-node-01
38.7120,-0.290000,S001,S001_BREATH_PACED_12_02,1,BREATH_PACED_12,14.00,0.8036,,MR60BHA2_breath_phase,safenest-node-01
38.8120,-0.320000,S001,S001_BREATH_PACED_12_02,1,BREATH_PACED_12,14.00,0.8036,,MR60BHA2_breath_phase,safenest-node-01
38.9120,-0.370000,S001,S001_BREATH_PACED_12_02,1,BREATH_PACED_12,14.00,0.8036,,MR60BHA2_breath_phase,safenest-node-01
39.0120,-0.390000,S001,S001_BREATH_PACED_12_02,1,BREATH_PACED_12,14.00,0.8036,,MR60BHA2_breath_phase,safenest-node-01
39.1120,-0.410000,S001,S001_BREATH_PACED_12_02,1,BREATH_PACED_12,14.00,0.8036,,MR60BHA2_breath_phase,safenest-node-01
39.2120,-0.430000,S001,S001_BREATH_PACED_12_02,1,BREATH_PACED_12,14.00,0.8036,,MR60BHA2_breath_phase,safenest-node-01
39.3120,-0.420000,S001,S001_BREATH_PACED_12_02,1,BREATH_PACED_12,14.00,0.8036,,MR60BHA2_breath_phase,safenest-node-01
39.4120,-0.410000,S001,S001_BREATH_PACED_12_02,1,BREATH_PACED_12,14.00,0.8036,,MR60BHA2_breath_phase,safenest-node-01
39.5120,-0.400000,S001,S001_BREATH_PACED_12_02,1,BREATH_PACED_12,14.00,0.8036,,MR60BHA2_breath_phase,safenest-node-01
39.6120,-0.360000,S001,S001_BREATH_PACED_12_02,1,BREATH_PACED_12,14.00,0.8036,,MR60BHA2_breath_phase,safenest-node-01
39.7120,-0.320000,S001,S001_BREATH_PACED_12_02,1,BREATH_PACED_12,14.00,0.8036,,MR60BHA2_breath_phase,safenest-node-01
39.8120,-0.280000,S001,S001_BREATH_PACED_12_02,1,BREATH_PACED_12,14.00,0.8036,,MR60BHA2_breath_phase,safenest-node-01
39.9120,-0.260000,S001,S001_BREATH_PACED_12_02,1,BREATH_PACED_12,14.00,0.8036,,MR60BHA2_breath_phase,safenest-node-01
40.0120,-0.220000,S001,S001_BREATH_PACED_12_02,1,BREATH_PACED_12,14.00,0.8036,,MR60BHA2_breath_phase,safenest-node-01
40.1120,-0.210000,S001,S001_BREATH_PACED_12_02,1,BREATH_PACED_12,14.00,0.8036,,MR60BHA2_breath_phase,safenest-node-01
40.2120,-0.180000,S001,S001_BREATH_PACED_12_02,1,BREATH_PACED_12,14.00,0.8036,,MR60BHA2_breath_phase,safenest-node-01
40.3120,-0.160000,S001,S001_BREATH_PACED_12_02,1,BREATH_PACED_12,14.00,0.8036,,MR60BHA2_breath_phase,safenest-node-01
40.4120,-0.150000,S001,S001_BREATH_PACED_12_02,1,BREATH_PACED_12,14.00,0.8036,,MR60BHA2_breath_phase,safenest-node-01
40.5120,-0.140000,S001,S001_BREATH_PACED_12_02,1,BREATH_PACED_12,14.00,0.8036,,MR60BHA2_breath_phase,safenest-node-01
40.6120,-0.140000,S001,S001_BREATH_PACED_12_02,1,BREATH_PACED_12,14.00,0.8036,,MR60BHA2_breath_phase,safenest-node-01
40.7120,-0.140000,S001,S001_BREATH_PACED_12_02,1,BREATH_PACED_12,14.00,0.8036,,MR60BHA2_breath_phase,safenest-node-01
40.8120,-0.130000,S001,S001_BREATH_PACED_12_02,1,BREATH_PACED_12,14.00,0.8036,,MR60BHA2_breath_phase,safenest-node-01
40.9130,-0.130000,S001,S001_BREATH_PACED_12_02,1,BREATH_PACED_12,14.00,0.8036,,MR60BHA2_breath_phase,safenest-node-01
41.0130,-0.120000,S001,S001_BREATH_PACED_12_02,1,BREATH_PACED_12,14.00,0.8036,,MR60BHA2_breath_phase,safenest-node-01
41.1130,-0.110000,S001,S001_BREATH_PACED_12_02,1,BREATH_PACED_12,14.00,0.8036,,MR60BHA2_breath_phase,safenest-node-01
41.2130,-0.090000,S001,S001_BREATH_PACED_12_02,1,BREATH_PACED_12,14.00,0.8036,,MR60BHA2_breath_phase,safenest-node-01
41.3130,-0.050000,S001,S001_BREATH_PACED_12_02,1,BREATH_PACED_12,14.00,0.8036,,MR60BHA2_breath_phase,safenest-node-01
41.4140,-0.010000,S001,S001_BREATH_PACED_12_02,1,BREATH_PACED_12,14.00,0.8036,,MR60BHA2_breath_phase,safenest-node-01
41.5140,0.020000,S001,S001_BREATH_PACED_12_02,1,BREATH_PACED_12,14.00,0.8036,,MR60BHA2_breath_phase,safenest-node-01
41.6140,0.080000,S001,S001_BREATH_PACED_12_02,1,BREATH_PACED_12,14.00,0.8036,,MR60BHA2_breath_phase,safenest-node-01
41.7140,0.110000,S001,S001_BREATH_PACED_12_02,1,BREATH_PACED_12,14.00,0.8036,,MR60BHA2_breath_phase,safenest-node-01
41.8140,0.170000,S001,S001_BREATH_PACED_12_02,1,BREATH_PACED_12,14.00,0.8036,,MR60BHA2_breath_phase,safenest-node-01
41.9140,0.240000,S001,S001_BREATH_PACED_12_02,1,BREATH_PACED_12,14.00,0.8036,,MR60BHA2_breath_phase,safenest-node-01
42.0140,0.270000,S001,S001_BREATH_PACED_12_02,1,BREATH_PACED_12,14.00,0.8036,,MR60BHA2_breath_phase,safenest-node-01
42.1140,0.340000,S001,S001_BREATH_PACED_12_02,1,BREATH_PACED_12,14.00,0.8036,,MR60BHA2_breath_phase,safenest-node-01
42.2140,0.370000,S001,S001_BREATH_PACED_12_02,1,BREATH_PACED_12,14.00,0.8036,,MR60BHA2_breath_phase,safenest-node-01
42.3140,0.430000,S001,S001_BREATH_PACED_12_02,1,BREATH_PACED_12,14.00,0.8036,,MR60BHA2_breath_phase,safenest-node-01
42.4140,0.480000,S001,S001_BREATH_PACED_12_02,1,BREATH_PACED_12,14.00,0.8036,,MR60BHA2_breath_phase,safenest-node-01
42.5140,0.500000,S001,S001_BREATH_PACED_12_02,1,BREATH_PACED_12,14.00,0.8036,,MR60BHA2_breath_phase,safenest-node-01
42.6140,0.520000,S001,S001_BREATH_PACED_12_02,1,BREATH_PACED_12,14.00,0.8036,,MR60BHA2_breath_phase,safenest-node-01
42.7140,0.520000,S001,S001_BREATH_PACED_12_02,1,BREATH_PACED_12,14.00,0.8036,,MR60BHA2_breath_phase,safenest-node-01
42.8140,0.520000,S001,S001_BREATH_PACED_12_02,1,BREATH_PACED_12,14.00,0.8036,,MR60BHA2_breath_phase,safenest-node-01
42.9140,0.490000,S001,S001_BREATH_PACED_12_02,1,BREATH_PACED_12,14.00,0.8036,,MR60BHA2_breath_phase,safenest-node-01
43.0140,0.440000,S001,S001_BREATH_PACED_12_02,1,BREATH_PACED_12,14.00,0.8036,,MR60BHA2_breath_phase,safenest-node-01
43.1140,0.420000,S001,S001_BREATH_PACED_12_02,1,BREATH_PACED_12,14.00,0.8036,,MR60BHA2_breath_phase,safenest-node-01
43.2140,0.390000,S001,S001_BREATH_PACED_12_02,1,BREATH_PACED_12,14.00,0.8036,,MR60BHA2_breath_phase,safenest-node-01
43.3140,0.320000,S001,S001_BREATH_PACED_12_02,1,BREATH_PACED_12,14.00,0.8036,,MR60BHA2_breath_phase,safenest-node-01
43.4140,0.240000,S001,S001_BREATH_PACED_12_02,1,BREATH_PACED_12,14.00,0.8036,,MR60BHA2_breath_phase,safenest-node-01
43.5140,0.160000,S001,S001_BREATH_PACED_12_02,1,BREATH_PACED_12,14.00,0.8036,,MR60BHA2_breath_phase,safenest-node-01
43.6140,0.110000,S001,S001_BREATH_PACED_12_02,1,BREATH_PACED_12,14.00,0.8036,,MR60BHA2_breath_phase,safenest-node-01
43.7140,0.030000,S001,S001_BREATH_PACED_12_02,1,BREATH_PACED_12,14.00,0.8036,,MR60BHA2_breath_phase,safenest-node-01
43.8140,-0.020000,S001,S001_BREATH_PACED_12_02,1,BREATH_PACED_12,14.00,0.8036,,MR60BHA2_breath_phase,safenest-node-01
43.9140,-0.100000,S001,S001_BREATH_PACED_12_02,1,BREATH_PACED_12,14.00,0.8036,,MR60BHA2_breath_phase,safenest-node-01
44.0140,-0.190000,S001,S001_BREATH_PACED_12_02,1,BREATH_PACED_12,14.00,0.8036,,MR60BHA2_breath_phase,safenest-node-01
44.1140,-0.220000,S001,S001_BREATH_PACED_12_02,1,BREATH_PACED_12,14.00,0.8036,,MR60BHA2_breath_phase,safenest-node-01
44.2140,-0.300000,S001,S001_BREATH_PACED_12_02,1,BREATH_PACED_12,14.00,0.8036,,MR60BHA2_breath_phase,safenest-node-01
44.3140,-0.330000,S001,S001_BREATH_PACED_12_02,1,BREATH_PACED_12,14.00,0.8036,,MR60BHA2_breath_phase,safenest-node-01
44.4140,-0.390000,S001,S001_BREATH_PACED_12_02,1,BREATH_PACED_12,14.00,0.8036,,MR60BHA2_breath_phase,safenest-node-01
44.5140,-0.430000,S001,S001_BREATH_PACED_12_02,1,BREATH_PACED_12,14.00,0.8036,,MR60BHA2_breath_phase,safenest-node-01
44.6140,-0.450000,S001,S001_BREATH_PACED_12_02,1,BREATH_PACED_12,14.00,0.8036,,MR60BHA2_breath_phase,safenest-node-01
44.7140,-0.470000,S001,S001_BREATH_PACED_12_02,1,BREATH_PACED_12,14.00,0.8036,,MR60BHA2_breath_phase,safenest-node-01
44.8140,-0.480000,S001,S001_BREATH_PACED_12_02,1,BREATH_PACED_12,14.00,0.8036,,MR60BHA2_breath_phase,safenest-node-01
44.9140,-0.480000,S001,S001_BREATH_PACED_12_02,1,BREATH_PACED_12,14.00,0.8036,,MR60BHA2_breath_phase,safenest-node-01
45.0140,-0.470000,S001,S001_BREATH_PACED_12_02,1,BREATH_PACED_12,14.00,0.8036,,MR60BHA2_breath_phase,safenest-node-01
45.1140,-0.460000,S001,S001_BREATH_PACED_12_02,1,BREATH_PACED_12,14.00,0.8036,,MR60BHA2_breath_phase,safenest-node-01
45.2140,-0.440000,S001,S001_BREATH_PACED_12_02,1,BREATH_PACED_12,14.00,0.8036,,MR60BHA2_breath_phase,safenest-node-01
45.3140,-0.420000,S001,S001_BREATH_PACED_12_02,1,BREATH_PACED_12,14.00,0.8036,,MR60BHA2_breath_phase,safenest-node-01
45.4140,-0.390000,S001,S001_BREATH_PACED_12_02,1,BREATH_PACED_12,14.00,0.8036,,MR60BHA2_breath_phase,safenest-node-01
45.5140,-0.360000,S001,S001_BREATH_PACED_12_02,1,BREATH_PACED_12,14.00,0.8036,,MR60BHA2_breath_phase,safenest-node-01
45.6140,-0.330000,S001,S001_BREATH_PACED_12_02,1,BREATH_PACED_12,14.00,0.8036,,MR60BHA2_breath_phase,safenest-node-01
45.7140,-0.310000,S001,S001_BREATH_PACED_12_02,1,BREATH_PACED_12,14.00,0.8036,,MR60BHA2_breath_phase,safenest-node-01
45.8140,-0.270000,S001,S001_BREATH_PACED_12_02,1,BREATH_PACED_12,14.00,0.8036,,MR60BHA2_breath_phase,safenest-node-01
45.9140,-0.250000,S001,S001_BREATH_PACED_12_02,1,BREATH_PACED_12,14.00,0.8036,,MR60BHA2_breath_phase,safenest-node-01
46.0140,-0.190000,S001,S001_BREATH_PACED_12_02,1,BREATH_PACED_12,14.00,0.8036,,MR60BHA2_breath_phase,safenest-node-01
46.1140,-0.130000,S001,S001_BREATH_PACED_12_02,1,BREATH_PACED_12,14.00,0.8036,,MR60BHA2_breath_phase,safenest-node-01
46.2140,-0.100000,S001,S001_BREATH_PACED_12_02,1,BREATH_PACED_12,14.00,0.8036,,MR60BHA2_breath_phase,safenest-node-01
46.3140,-0.030000,S001,S001_BREATH_PACED_12_02,1,BREATH_PACED_12,14.00,0.8036,,MR60BHA2_breath_phase,safenest-node-01
46.4140,0.010000,S001,S001_BREATH_PACED_12_02,1,BREATH_PACED_12,14.00,0.8036,,MR60BHA2_breath_phase,safenest-node-01
46.5140,0.080000,S001,S001_BREATH_PACED_12_02,1,BREATH_PACED_12,14.00,0.8036,,MR60BHA2_breath_phase,safenest-node-01
46.6140,0.160000,S001,S001_BREATH_PACED_12_02,1,BREATH_PACED_12,14.00,0.8036,,MR60BHA2_breath_phase,safenest-node-01
46.7140,0.200000,S001,S001_BREATH_PACED_12_02,1,BREATH_PACED_12,14.00,0.8036,,MR60BHA2_breath_phase,safenest-node-01
46.8140,0.270000,S001,S001_BREATH_PACED_12_02,1,BREATH_PACED_12,14.00,0.8036,,MR60BHA2_breath_phase,safenest-node-01
46.9140,0.300000,S001,S001_BREATH_PACED_12_02,1,BREATH_PACED_12,14.00,0.8036,,MR60BHA2_breath_phase,safenest-node-01
47.0140,0.360000,S001,S001_BREATH_PACED_12_02,1,BREATH_PACED_12,14.00,0.8036,,MR60BHA2_breath_phase,safenest-node-01
47.1140,0.400000,S001,S001_BREATH_PACED_12_02,1,BREATH_PACED_12,14.00,0.8036,,MR60BHA2_breath_phase,safenest-node-01
47.2150,0.430000,S001,S001_BREATH_PACED_12_02,1,BREATH_PACED_12,14.00,0.8036,,MR60BHA2_breath_phase,safenest-node-01
47.3150,0.440000,S001,S001_BREATH_PACED_12_02,1,BREATH_PACED_12,14.00,0.8036,,MR60BHA2_breath_phase,safenest-node-01
47.4150,0.450000,S001,S001_BREATH_PACED_12_02,1,BREATH_PACED_12,14.00,0.8036,,MR60BHA2_breath_phase,safenest-node-01
47.5150,0.450000,S001,S001_BREATH_PACED_12_02,1,BREATH_PACED_12,14.00,0.8036,,MR60BHA2_breath_phase,safenest-node-01
47.6150,0.440000,S001,S001_BREATH_PACED_12_02,1,BREATH_PACED_12,14.00,0.8036,,MR60BHA2_breath_phase,safenest-node-01
47.7150,0.420000,S001,S001_BREATH_PACED_12_02,1,BREATH_PACED_12,14.00,0.8036,,MR60BHA2_breath_phase,safenest-node-01
47.8150,0.400000,S001,S001_BREATH_PACED_12_02,1,BREATH_PACED_12,14.00,0.8036,,MR60BHA2_breath_phase,safenest-node-01
47.9150,0.360000,S001,S001_BREATH_PACED_12_02,1,BREATH_PACED_12,14.00,0.8036,,MR60BHA2_breath_phase,safenest-node-01
48.0150,0.340000,S001,S001_BREATH_PACED_12_02,1,BREATH_PACED_12,14.00,0.8036,,MR60BHA2_breath_phase,safenest-node-01
48.1150,0.300000,S001,S001_BREATH_PACED_12_02,1,BREATH_PACED_12,14.00,0.8036,,MR60BHA2_breath_phase,safenest-node-01
48.2150,0.240000,S001,S001_BREATH_PACED_12_02,1,BREATH_PACED_12,14.00,0.8036,,MR60BHA2_breath_phase,safenest-node-01
48.3150,0.220000,S001,S001_BREATH_PACED_12_02,1,BREATH_PACED_12,14.00,0.8036,,MR60BHA2_breath_phase,safenest-node-01
48.4150,0.160000,S001,S001_BREATH_PACED_12_02,1,BREATH_PACED_12,14.00,0.8036,,MR60BHA2_breath_phase,safenest-node-01
48.5150,0.140000,S001,S001_BREATH_PACED_12_02,1,BREATH_PACED_12,14.00,0.8036,,MR60BHA2_breath_phase,safenest-node-01
48.6150,0.080000,S001,S001_BREATH_PACED_12_02,1,BREATH_PACED_12,14.00,0.8036,,MR60BHA2_breath_phase,safenest-node-01
48.7150,0.040000,S001,S001_BREATH_PACED_12_02,1,BREATH_PACED_12,14.00,0.8036,,MR60BHA2_breath_phase,safenest-node-01
48.8160,0.010000,S001,S001_BREATH_PACED_12_02,1,BREATH_PACED_12,14.00,0.8036,,MR60BHA2_breath_phase,safenest-node-01
48.9160,-0.030000,S001,S001_BREATH_PACED_12_02,1,BREATH_PACED_12,14.00,0.8036,,MR60BHA2_breath_phase,safenest-node-01
49.0160,-0.040000,S001,S001_BREATH_PACED_12_02,1,BREATH_PACED_12,14.00,0.8036,,MR60BHA2_breath_phase,safenest-node-01
49.1160,-0.080000,S001,S001_BREATH_PACED_12_02,1,BREATH_PACED_12,14.00,0.8036,,MR60BHA2_breath_phase,safenest-node-01
49.2160,-0.110000,S001,S001_BREATH_PACED_12_02,1,BREATH_PACED_12,14.00,0.8036,,MR60BHA2_breath_phase,safenest-node-01
49.3160,-0.140000,S001,S001_BREATH_PACED_12_02,1,BREATH_PACED_12,14.00,0.8036,,MR60BHA2_breath_phase,safenest-node-01
49.4160,-0.150000,S001,S001_BREATH_PACED_12_02,1,BREATH_PACED_12,14.00,0.8036,,MR60BHA2_breath_phase,safenest-node-01
49.5170,-0.170000,S001,S001_BREATH_PACED_12_02,1,BREATH_PACED_12,14.00,0.8036,,MR60BHA2_breath_phase,safenest-node-01
49.6170,-0.180000,S001,S001_BREATH_PACED_12_02,1,BREATH_PACED_12,14.00,0.8036,,MR60BHA2_breath_phase,safenest-node-01
49.7170,-0.190000,S001,S001_BREATH_PACED_12_02,1,BREATH_PACED_12,14.00,0.8036,,MR60BHA2_breath_phase,safenest-node-01
49.8170,-0.210000,S001,S001_BREATH_PACED_12_02,1,BREATH_PACED_12,14.00,0.8036,,MR60BHA2_breath_phase,safenest-node-01
49.9170,-0.220000,S001,S001_BREATH_PACED_12_02,1,BREATH_PACED_12,14.00,0.8036,,MR60BHA2_breath_phase,safenest-node-01
50.0170,-0.240000,S001,S001_BREATH_PACED_12_02,1,BREATH_PACED_12,14.00,0.8036,,MR60BHA2_breath_phase,safenest-node-01
50.1170,-0.240000,S001,S001_BREATH_PACED_12_02,1,BREATH_PACED_12,14.00,0.8036,,MR60BHA2_breath_phase,safenest-node-01
50.2170,-0.250000,S001,S001_BREATH_PACED_12_02,1,BREATH_PACED_12,14.00,0.8036,,MR60BHA2_breath_phase,safenest-node-01
50.3170,-0.250000,S001,S001_BREATH_PACED_12_02,1,BREATH_PACED_12,14.00,0.8036,,MR60BHA2_breath_phase,safenest-node-01
50.4170,-0.250000,S001,S001_BREATH_PACED_12_02,1,BREATH_PACED_12,14.00,0.8036,,MR60BHA2_breath_phase,safenest-node-01
50.5170,-0.230000,S001,S001_BREATH_PACED_12_02,1,BREATH_PACED_12,14.00,0.8036,,MR60BHA2_breath_phase,safenest-node-01
50.6170,-0.220000,S001,S001_BREATH_PACED_12_02,1,BREATH_PACED_12,14.00,0.8036,,MR60BHA2_breath_phase,safenest-node-01
50.7170,-0.180000,S001,S001_BREATH_PACED_12_02,1,BREATH_PACED_12,14.00,0.8036,,MR60BHA2_breath_phase,safenest-node-01
50.8170,-0.130000,S001,S001_BREATH_PACED_12_02,1,BREATH_PACED_12,14.00,0.8036,,MR60BHA2_breath_phase,safenest-node-01
50.9170,-0.100000,S001,S001_BREATH_PACED_12_02,1,BREATH_PACED_12,14.00,0.8036,,MR60BHA2_breath_phase,safenest-node-01
51.0170,-0.030000,S001,S001_BREATH_PACED_12_02,1,BREATH_PACED_12,14.00,0.8036,,MR60BHA2_breath_phase,safenest-node-01
51.1170,-0.000000,S001,S001_BREATH_PACED_12_02,1,BREATH_PACED_12,14.00,0.8036,,MR60BHA2_breath_phase,safenest-node-01
51.2170,0.060000,S001,S001_BREATH_PACED_12_02,1,BREATH_PACED_12,14.00,0.8036,,MR60BHA2_breath_phase,safenest-node-01
51.3170,0.120000,S001,S001_BREATH_PACED_12_02,1,BREATH_PACED_12,14.00,0.8036,,MR60BHA2_breath_phase,safenest-node-01
51.4170,0.170000,S001,S001_BREATH_PACED_12_02,1,BREATH_PACED_12,14.00,0.8036,,MR60BHA2_breath_phase,safenest-node-01
51.5170,0.190000,S001,S001_BREATH_PACED_12_02,1,BREATH_PACED_12,14.00,0.8036,,MR60BHA2_breath_phase,safenest-node-01
51.6170,0.230000,S001,S001_BREATH_PACED_12_02,1,BREATH_PACED_12,14.00,0.8036,,MR60BHA2_breath_phase,safenest-node-01
51.7170,0.240000,S001,S001_BREATH_PACED_12_02,1,BREATH_PACED_12,14.00,0.8036,,MR60BHA2_breath_phase,safenest-node-01
51.8170,0.260000,S001,S001_BREATH_PACED_12_02,1,BREATH_PACED_12,14.00,0.8036,,MR60BHA2_breath_phase,safenest-node-01
51.9170,0.270000,S001,S001_BREATH_PACED_12_02,1,BREATH_PACED_12,14.00,0.8036,,MR60BHA2_breath_phase,safenest-node-01
52.0170,0.270000,S001,S001_BREATH_PACED_12_02,1,BREATH_PACED_12,14.00,0.8036,,MR60BHA2_breath_phase,safenest-node-01
52.1170,0.260000,S001,S001_BREATH_PACED_12_02,1,BREATH_PACED_12,14.00,0.8036,,MR60BHA2_breath_phase,safenest-node-01
52.2170,0.260000,S001,S001_BREATH_PACED_12_02,1,BREATH_PACED_12,14.00,0.8036,,MR60BHA2_breath_phase,safenest-node-01
52.3170,0.230000,S001,S001_BREATH_PACED_12_02,1,BREATH_PACED_12,14.00,0.8036,,MR60BHA2_breath_phase,safenest-node-01
52.4170,0.200000,S001,S001_BREATH_PACED_12_02,1,BREATH_PACED_12,14.00,0.8036,,MR60BHA2_breath_phase,safenest-node-01
52.5170,0.180000,S001,S001_BREATH_PACED_12_02,1,BREATH_PACED_12,14.00,0.8036,,MR60BHA2_breath_phase,safenest-node-01
52.6170,0.140000,S001,S001_BREATH_PACED_12_02,1,BREATH_PACED_12,14.00,0.8036,,MR60BHA2_breath_phase,safenest-node-01
52.7170,0.120000,S001,S001_BREATH_PACED_12_02,1,BREATH_PACED_12,14.00,0.8036,,MR60BHA2_breath_phase,safenest-node-01
52.8170,0.080000,S001,S001_BREATH_PACED_12_02,1,BREATH_PACED_12,14.00,0.8036,,MR60BHA2_breath_phase,safenest-node-01
52.9170,0.030000,S001,S001_BREATH_PACED_12_02,1,BREATH_PACED_12,14.00,0.8036,,MR60BHA2_breath_phase,safenest-node-01
53.0170,-0.010000,S001,S001_BREATH_PACED_12_02,1,BREATH_PACED_12,14.00,0.8036,,MR60BHA2_breath_phase,safenest-node-01
53.1170,-0.030000,S001,S001_BREATH_PACED_12_02,1,BREATH_PACED_12,14.00,0.8036,,MR60BHA2_breath_phase,safenest-node-01
53.2170,-0.050000,S001,S001_BREATH_PACED_12_02,1,BREATH_PACED_12,14.00,0.8036,,MR60BHA2_breath_phase,safenest-node-01
53.3170,-0.090000,S001,S001_BREATH_PACED_12_02,1,BREATH_PACED_12,14.00,0.8036,,MR60BHA2_breath_phase,safenest-node-01
53.4170,-0.120000,S001,S001_BREATH_PACED_12_02,1,BREATH_PACED_12,14.00,0.8036,,MR60BHA2_breath_phase,safenest-node-01
53.5170,-0.150000,S001,S001_BREATH_PACED_12_02,1,BREATH_PACED_12,14.00,0.8036,,MR60BHA2_breath_phase,safenest-node-01
53.6170,-0.160000,S001,S001_BREATH_PACED_12_02,1,BREATH_PACED_12,14.00,0.8036,,MR60BHA2_breath_phase,safenest-node-01
53.7170,-0.190000,S001,S001_BREATH_PACED_12_02,1,BREATH_PACED_12,14.00,0.8036,,MR60BHA2_breath_phase,safenest-node-01
53.8170,-0.200000,S001,S001_BREATH_PACED_12_02,1,BREATH_PACED_12,14.00,0.8036,,MR60BHA2_breath_phase,safenest-node-01
53.9170,-0.210000,S001,S001_BREATH_PACED_12_02,1,BREATH_PACED_12,14.00,0.8036,,MR60BHA2_breath_phase,safenest-node-01
54.0170,-0.230000,S001,S001_BREATH_PACED_12_02,1,BREATH_PACED_12,15.00,0.8036,,MR60BHA2_breath_phase,safenest-node-01
54.1170,-0.240000,S001,S001_BREATH_PACED_12_02,1,BREATH_PACED_12,15.00,0.8036,,MR60BHA2_breath_phase,safenest-node-01
54.2170,-0.250000,S001,S001_BREATH_PACED_12_02,1,BREATH_PACED_12,15.00,0.8036,,MR60BHA2_breath_phase,safenest-node-01
54.3170,-0.250000,S001,S001_BREATH_PACED_12_02,1,BREATH_PACED_12,15.00,0.8036,,MR60BHA2_breath_phase,safenest-node-01
54.4170,-0.260000,S001,S001_BREATH_PACED_12_02,1,BREATH_PACED_12,15.00,0.8036,,MR60BHA2_breath_phase,safenest-node-01
54.5170,-0.270000,S001,S001_BREATH_PACED_12_02,1,BREATH_PACED_12,15.00,0.8036,,MR60BHA2_breath_phase,safenest-node-01
54.6180,-0.270000,S001,S001_BREATH_PACED_12_02,1,BREATH_PACED_12,15.00,0.8036,,MR60BHA2_breath_phase,safenest-node-01
54.7180,-0.280000,S001,S001_BREATH_PACED_12_02,1,BREATH_PACED_12,15.00,0.8036,,MR60BHA2_breath_phase,safenest-node-01
54.8180,-0.290000,S001,S001_BREATH_PACED_12_02,1,BREATH_PACED_12,16.00,0.8036,,MR60BHA2_breath_phase,safenest-node-01
54.9180,-0.300000,S001,S001_BREATH_PACED_12_02,1,BREATH_PACED_12,16.00,0.8036,,MR60BHA2_breath_phase,safenest-node-01
55.0180,-0.300000,S001,S001_BREATH_PACED_12_02,1,BREATH_PACED_12,16.00,0.8036,,MR60BHA2_breath_phase,safenest-node-01
55.1190,-0.300000,S001,S001_BREATH_PACED_12_02,1,BREATH_PACED_12,16.00,0.8036,,MR60BHA2_breath_phase,safenest-node-01
55.2190,-0.290000,S001,S001_BREATH_PACED_12_02,1,BREATH_PACED_12,16.00,0.8036,,MR60BHA2_breath_phase,safenest-node-01
55.3190,-0.260000,S001,S001_BREATH_PACED_12_02,1,BREATH_PACED_12,16.00,0.8036,,MR60BHA2_breath_phase,safenest-node-01
55.4190,-0.250000,S001,S001_BREATH_PACED_12_02,1,BREATH_PACED_12,16.00,0.8036,,MR60BHA2_breath_phase,safenest-node-01
55.5190,-0.200000,S001,S001_BREATH_PACED_12_02,1,BREATH_PACED_12,16.00,0.8036,,MR60BHA2_breath_phase,safenest-node-01
55.6190,-0.140000,S001,S001_BREATH_PACED_12_02,1,BREATH_PACED_12,17.00,0.8036,,MR60BHA2_breath_phase,safenest-node-01
55.7190,-0.110000,S001,S001_BREATH_PACED_12_02,1,BREATH_PACED_12,17.00,0.8036,,MR60BHA2_breath_phase,safenest-node-01
55.8190,-0.040000,S001,S001_BREATH_PACED_12_02,1,BREATH_PACED_12,17.00,0.8036,,MR60BHA2_breath_phase,safenest-node-01
55.9190,0.000000,S001,S001_BREATH_PACED_12_02,1,BREATH_PACED_12,17.00,0.8036,,MR60BHA2_breath_phase,safenest-node-01
56.0190,0.080000,S001,S001_BREATH_PACED_12_02,1,BREATH_PACED_12,16.00,0.8036,,MR60BHA2_breath_phase,safenest-node-01
56.1190,0.150000,S001,S001_BREATH_PACED_12_02,1,BREATH_PACED_12,16.00,0.8036,,MR60BHA2_breath_phase,safenest-node-01
56.2190,0.180000,S001,S001_BREATH_PACED_12_02,1,BREATH_PACED_12,16.00,0.8036,,MR60BHA2_breath_phase,safenest-node-01
56.3190,0.240000,S001,S001_BREATH_PACED_12_02,1,BREATH_PACED_12,16.00,0.8036,,MR60BHA2_breath_phase,safenest-node-01
56.4190,0.270000,S001,S001_BREATH_PACED_12_02,1,BREATH_PACED_12,16.00,0.8036,,MR60BHA2_breath_phase,safenest-node-01
56.5190,0.310000,S001,S001_BREATH_PACED_12_02,1,BREATH_PACED_12,16.00,0.8036,,MR60BHA2_breath_phase,safenest-node-01
56.6190,0.330000,S001,S001_BREATH_PACED_12_02,1,BREATH_PACED_12,16.00,0.8036,,MR60BHA2_breath_phase,safenest-node-01
56.7190,0.340000,S001,S001_BREATH_PACED_12_02,1,BREATH_PACED_12,16.00,0.8036,,MR60BHA2_breath_phase,safenest-node-01
56.8190,0.350000,S001,S001_BREATH_PACED_12_02,1,BREATH_PACED_12,16.00,0.8036,,MR60BHA2_breath_phase,safenest-node-01
56.9190,0.340000,S001,S001_BREATH_PACED_12_02,1,BREATH_PACED_12,16.00,0.8036,,MR60BHA2_breath_phase,safenest-node-01
57.0190,0.330000,S001,S001_BREATH_PACED_12_02,1,BREATH_PACED_12,16.00,0.8036,,MR60BHA2_breath_phase,safenest-node-01
57.1190,0.300000,S001,S001_BREATH_PACED_12_02,1,BREATH_PACED_12,16.00,0.8036,,MR60BHA2_breath_phase,safenest-node-01
57.2190,0.270000,S001,S001_BREATH_PACED_12_02,1,BREATH_PACED_12,15.00,0.8036,,MR60BHA2_breath_phase,safenest-node-01
57.3190,0.250000,S001,S001_BREATH_PACED_12_02,1,BREATH_PACED_12,15.00,0.8036,,MR60BHA2_breath_phase,safenest-node-01
57.4190,0.210000,S001,S001_BREATH_PACED_12_02,1,BREATH_PACED_12,15.00,0.8036,,MR60BHA2_breath_phase,safenest-node-01
57.5190,0.200000,S001,S001_BREATH_PACED_12_02,1,BREATH_PACED_12,15.00,0.8036,,MR60BHA2_breath_phase,safenest-node-01
57.6190,0.170000,S001,S001_BREATH_PACED_12_02,1,BREATH_PACED_12,15.00,0.8036,,MR60BHA2_breath_phase,safenest-node-01
57.7190,0.140000,S001,S001_BREATH_PACED_12_02,1,BREATH_PACED_12,15.00,0.8036,,MR60BHA2_breath_phase,safenest-node-01
57.8190,0.130000,S001,S001_BREATH_PACED_12_02,1,BREATH_PACED_12,15.00,0.8036,,MR60BHA2_breath_phase,safenest-node-01
57.9190,0.130000,S001,S001_BREATH_PACED_12_02,1,BREATH_PACED_12,15.00,0.8036,,MR60BHA2_breath_phase,safenest-node-01
58.0190,0.120000,S001,S001_BREATH_PACED_12_02,1,BREATH_PACED_12,15.00,0.8036,,MR60BHA2_breath_phase,safenest-node-01
58.1190,0.120000,S001,S001_BREATH_PACED_12_02,1,BREATH_PACED_12,15.00,0.8610,,MR60BHA2_breath_phase,safenest-node-01
58.2190,0.120000,S001,S001_BREATH_PACED_12_02,1,BREATH_PACED_12,15.00,0.8610,,MR60BHA2_breath_phase,safenest-node-01
58.3200,0.120000,S001,S001_BREATH_PACED_12_02,1,BREATH_PACED_12,15.00,0.8610,,MR60BHA2_breath_phase,safenest-node-01
58.4200,0.110000,S001,S001_BREATH_PACED_12_02,1,BREATH_PACED_12,15.00,0.8610,,MR60BHA2_breath_phase,safenest-node-01
58.5200,0.100000,S001,S001_BREATH_PACED_12_02,1,BREATH_PACED_12,15.00,0.8610,,MR60BHA2_breath_phase,safenest-node-01
58.6200,0.070000,S001,S001_BREATH_PACED_12_02,1,BREATH_PACED_12,15.00,0.8610,,MR60BHA2_breath_phase,safenest-node-01
58.7200,0.030000,S001,S001_BREATH_PACED_12_02,1,BREATH_PACED_12,15.00,0.8610,,MR60BHA2_breath_phase,safenest-node-01
58.8200,0.010000,S001,S001_BREATH_PACED_12_02,1,BREATH_PACED_12,15.00,0.8610,,MR60BHA2_breath_phase,safenest-node-01
58.9200,-0.040000,S001,S001_BREATH_PACED_12_02,1,BREATH_PACED_12,15.00,0.8610,,MR60BHA2_breath_phase,safenest-node-01
59.0210,-0.110000,S001,S001_BREATH_PACED_12_02,1,BREATH_PACED_12,15.00,0.8610,,MR60BHA2_breath_phase,safenest-node-01
59.1210,-0.140000,S001,S001_BREATH_PACED_12_02,1,BREATH_PACED_12,15.00,0.8036,,MR60BHA2_breath_phase,safenest-node-01
59.2210,-0.210000,S001,S001_BREATH_PACED_12_02,1,BREATH_PACED_12,15.00,0.8036,,MR60BHA2_breath_phase,safenest-node-01
59.3210,-0.280000,S001,S001_BREATH_PACED_12_02,1,BREATH_PACED_12,15.00,0.8036,,MR60BHA2_breath_phase,safenest-node-01
59.4210,-0.320000,S001,S001_BREATH_PACED_12_02,1,BREATH_PACED_12,15.00,0.8036,,MR60BHA2_breath_phase,safenest-node-01
59.5210,-0.380000,S001,S001_BREATH_PACED_12_02,1,BREATH_PACED_12,15.00,0.8036,,MR60BHA2_breath_phase,safenest-node-01
59.6210,-0.400000,S001,S001_BREATH_PACED_12_02,1,BREATH_PACED_12,15.00,0.8036,,MR60BHA2_breath_phase,safenest-node-01
59.7210,-0.440000,S001,S001_BREATH_PACED_12_02,1,BREATH_PACED_12,15.00,0.8036,,MR60BHA2_breath_phase,safenest-node-01
59.8210,-0.460000,S001,S001_BREATH_PACED_12_02,1,BREATH_PACED_12,15.00,0.8036,,MR60BHA2_breath_phase,safenest-node-01
59.9210,-0.460000,S001,S001_BREATH_PACED_12_02,1,BREATH_PACED_12,15.00,0.8036,,MR60BHA2_breath_phase,safenest-node-01
60.0210,-0.450000,S001,S001_BREATH_PACED_12_02,1,BREATH_PACED_12,15.00,0.8036,,MR60BHA2_breath_phase,safenest-node-01
60.1210,-0.440000,S001,S001_BREATH_PACED_12_02,1,BREATH_PACED_12,14.00,0.8036,,MR60BHA2_breath_phase,safenest-node-01
60.2210,-0.400000,S001,S001_BREATH_PACED_12_02,1,BREATH_PACED_12,14.00,0.8036,,MR60BHA2_breath_phase,safenest-node-01
60.3210,-0.340000,S001,S001_BREATH_PACED_12_02,1,BREATH_PACED_12,14.00,0.8036,,MR60BHA2_breath_phase,safenest-node-01
60.4220,-0.280000,S001,S001_BREATH_PACED_12_02,1,BREATH_PACED_12,14.00,0.8036,,MR60BHA2_breath_phase,safenest-node-01
60.5220,-0.240000,S001,S001_BREATH_PACED_12_02,1,BREATH_PACED_12,14.00,0.8036,,MR60BHA2_breath_phase,safenest-node-01
60.6220,-0.200000,S001,S001_BREATH_PACED_12_02,1,BREATH_PACED_12,14.00,0.8036,,MR60BHA2_breath_phase,safenest-node-01
60.7220,-0.120000,S001,S001_BREATH_PACED_12_02,1,BREATH_PACED_12,14.00,0.8036,,MR60BHA2_breath_phase,safenest-node-01
60.8220,-0.030000,S001,S001_BREATH_PACED_12_02,1,BREATH_PACED_12,14.00,0.8036,,MR60BHA2_breath_phase,safenest-node-01
60.9220,0.060000,S001,S001_BREATH_PACED_12_02,1,BREATH_PACED_12,14.00,0.8036,,MR60BHA2_breath_phase,safenest-node-01
61.0220,0.100000,S001,S001_BREATH_PACED_12_02,1,BREATH_PACED_12,14.00,0.8036,,MR60BHA2_breath_phase,safenest-node-01
61.1220,0.180000,S001,S001_BREATH_PACED_12_02,1,BREATH_PACED_12,14.00,0.8036,,MR60BHA2_breath_phase,safenest-node-01
61.2220,0.220000,S001,S001_BREATH_PACED_12_02,1,BREATH_PACED_12,14.00,0.8036,,MR60BHA2_breath_phase,safenest-node-01
61.3220,0.290000,S001,S001_BREATH_PACED_12_02,1,BREATH_PACED_12,14.00,0.8036,,MR60BHA2_breath_phase,safenest-node-01
61.4220,0.350000,S001,S001_BREATH_PACED_12_02,1,BREATH_PACED_12,14.00,0.8036,,MR60BHA2_breath_phase,safenest-node-01
61.5220,0.370000,S001,S001_BREATH_PACED_12_02,1,BREATH_PACED_12,14.00,0.8036,,MR60BHA2_breath_phase,safenest-node-01
61.6220,0.410000,S001,S001_BREATH_PACED_12_02,1,BREATH_PACED_12,14.00,0.8036,,MR60BHA2_breath_phase,safenest-node-01
61.7220,0.420000,S001,S001_BREATH_PACED_12_02,1,BREATH_PACED_12,14.00,0.8036,,MR60BHA2_breath_phase,safenest-node-01
61.8220,0.440000,S001,S001_BREATH_PACED_12_02,1,BREATH_PACED_12,14.00,0.8036,,MR60BHA2_breath_phase,safenest-node-01
61.9220,0.450000,S001,S001_BREATH_PACED_12_02,1,BREATH_PACED_12,14.00,0.8036,,MR60BHA2_breath_phase,safenest-node-01
62.0230,0.450000,S001,S001_BREATH_PACED_12_02,1,BREATH_PACED_12,14.00,0.8036,,MR60BHA2_breath_phase,safenest-node-01
62.1230,0.450000,S001,S001_BREATH_PACED_12_02,1,BREATH_PACED_12,14.00,0.8036,,MR60BHA2_breath_phase,safenest-node-01
62.2230,0.450000,S001,S001_BREATH_PACED_12_02,1,BREATH_PACED_12,14.00,0.8036,,MR60BHA2_breath_phase,safenest-node-01
62.3230,0.450000,S001,S001_BREATH_PACED_12_02,1,BREATH_PACED_12,14.00,0.8036,,MR60BHA2_breath_phase,safenest-node-01
62.4230,0.440000,S001,S001_BREATH_PACED_12_02,1,BREATH_PACED_12,14.00,0.8036,,MR60BHA2_breath_phase,safenest-node-01
62.5240,0.420000,S001,S001_BREATH_PACED_12_02,1,BREATH_PACED_12,14.00,0.8036,,MR60BHA2_breath_phase,safenest-node-01
62.6240,0.410000,S001,S001_BREATH_PACED_12_02,1,BREATH_PACED_12,14.00,0.8036,,MR60BHA2_breath_phase,safenest-node-01
62.7240,0.390000,S001,S001_BREATH_PACED_12_02,1,BREATH_PACED_12,14.00,0.8036,,MR60BHA2_breath_phase,safenest-node-01
62.8240,0.370000,S001,S001_BREATH_PACED_12_02,1,BREATH_PACED_12,14.00,0.8036,,MR60BHA2_breath_phase,safenest-node-01
62.9240,0.330000,S001,S001_BREATH_PACED_12_02,1,BREATH_PACED_12,14.00,0.8036,,MR60BHA2_breath_phase,safenest-node-01
63.0240,0.280000,S001,S001_BREATH_PACED_12_02,1,BREATH_PACED_12,14.00,0.8036,,MR60BHA2_breath_phase,safenest-node-01
63.1240,0.250000,S001,S001_BREATH_PACED_12_02,1,BREATH_PACED_12,14.00,0.8036,,MR60BHA2_breath_phase,safenest-node-01
63.2240,0.180000,S001,S001_BREATH_PACED_12_02,1,BREATH_PACED_12,14.00,0.8036,,MR60BHA2_breath_phase,safenest-node-01
63.3240,0.140000,S001,S001_BREATH_PACED_12_02,1,BREATH_PACED_12,14.00,0.8036,,MR60BHA2_breath_phase,safenest-node-01
63.4240,0.050000,S001,S001_BREATH_PACED_12_02,1,BREATH_PACED_12,14.00,0.8036,,MR60BHA2_breath_phase,safenest-node-01
63.5240,-0.040000,S001,S001_BREATH_PACED_12_02,1,BREATH_PACED_12,14.00,0.8036,,MR60BHA2_breath_phase,safenest-node-01
63.6240,-0.090000,S001,S001_BREATH_PACED_12_02,1,BREATH_PACED_12,14.00,0.8036,,MR60BHA2_breath_phase,safenest-node-01
63.7240,-0.180000,S001,S001_BREATH_PACED_12_02,1,BREATH_PACED_12,14.00,0.8036,,MR60BHA2_breath_phase,safenest-node-01
63.8240,-0.230000,S001,S001_BREATH_PACED_12_02,1,BREATH_PACED_12,14.00,0.8036,,MR60BHA2_breath_phase,safenest-node-01
63.9240,-0.330000,S001,S001_BREATH_PACED_12_02,1,BREATH_PACED_12,14.00,0.8036,,MR60BHA2_breath_phase,safenest-node-01
64.0240,-0.410000,S001,S001_BREATH_PACED_12_02,1,BREATH_PACED_12,14.00,0.8036,,MR60BHA2_breath_phase,safenest-node-01
64.1240,-0.490000,S001,S001_BREATH_PACED_12_02,1,BREATH_PACED_12,14.00,0.8036,,MR60BHA2_breath_phase,safenest-node-01
64.2240,-0.520000,S001,S001_BREATH_PACED_12_02,1,BREATH_PACED_12,14.00,0.8036,,MR60BHA2_breath_phase,safenest-node-01
64.3240,-0.550000,S001,S001_BREATH_PACED_12_02,1,BREATH_PACED_12,14.00,0.8036,,MR60BHA2_breath_phase,safenest-node-01
64.4240,-0.600000,S001,S001_BREATH_PACED_12_02,1,BREATH_PACED_12,14.00,0.8036,,MR60BHA2_breath_phase,safenest-node-01
64.5240,-0.630000,S001,S001_BREATH_PACED_12_02,1,BREATH_PACED_12,14.00,0.8036,,MR60BHA2_breath_phase,safenest-node-01
64.6240,-0.640000,S001,S001_BREATH_PACED_12_02,1,BREATH_PACED_12,14.00,0.8036,,MR60BHA2_breath_phase,safenest-node-01
64.7240,-0.640000,S001,S001_BREATH_PACED_12_02,1,BREATH_PACED_12,14.00,0.8036,,MR60BHA2_breath_phase,safenest-node-01
64.8240,-0.630000,S001,S001_BREATH_PACED_12_02,1,BREATH_PACED_12,14.00,0.8036,,MR60BHA2_breath_phase,safenest-node-01
64.9240,-0.610000,S001,S001_BREATH_PACED_12_02,1,BREATH_PACED_12,14.00,0.8036,,MR60BHA2_breath_phase,safenest-node-01
65.0240,-0.570000,S001,S001_BREATH_PACED_12_02,1,BREATH_PACED_12,14.00,0.8036,,MR60BHA2_breath_phase,safenest-node-01
65.1240,-0.500000,S001,S001_BREATH_PACED_12_02,1,BREATH_PACED_12,14.00,0.8036,,MR60BHA2_breath_phase,safenest-node-01
65.2240,-0.470000,S001,S001_BREATH_PACED_12_02,1,BREATH_PACED_12,14.00,0.8036,,MR60BHA2_breath_phase,safenest-node-01
65.3240,-0.380000,S001,S001_BREATH_PACED_12_02,1,BREATH_PACED_12,14.00,0.8036,,MR60BHA2_breath_phase,safenest-node-01
65.4240,-0.340000,S001,S001_BREATH_PACED_12_02,1,BREATH_PACED_12,14.00,0.8036,,MR60BHA2_breath_phase,safenest-node-01
65.5240,-0.250000,S001,S001_BREATH_PACED_12_02,1,BREATH_PACED_12,14.00,0.8036,,MR60BHA2_breath_phase,safenest-node-01
65.6240,-0.150000,S001,S001_BREATH_PACED_12_02,1,BREATH_PACED_12,14.00,0.8036,,MR60BHA2_breath_phase,safenest-node-01
65.7250,-0.100000,S001,S001_BREATH_PACED_12_02,1,BREATH_PACED_12,14.00,0.8036,,MR60BHA2_breath_phase,safenest-node-01
65.8250,-0.000000,S001,S001_BREATH_PACED_12_02,1,BREATH_PACED_12,14.00,0.8036,,MR60BHA2_breath_phase,safenest-node-01
65.9250,0.040000,S001,S001_BREATH_PACED_12_02,1,BREATH_PACED_12,14.00,0.8036,,MR60BHA2_breath_phase,safenest-node-01
66.0250,0.130000,S001,S001_BREATH_PACED_12_02,1,BREATH_PACED_12,14.00,0.8036,,MR60BHA2_breath_phase,safenest-node-01
66.1250,0.210000,S001,S001_BREATH_PACED_12_02,1,BREATH_PACED_12,14.00,0.8036,,MR60BHA2_breath_phase,safenest-node-01
66.2260,0.270000,S001,S001_BREATH_PACED_12_02,1,BREATH_PACED_12,14.00,0.8036,,MR60BHA2_breath_phase,safenest-node-01
66.3260,0.300000,S001,S001_BREATH_PACED_12_02,1,BREATH_PACED_12,14.00,0.8036,,MR60BHA2_breath_phase,safenest-node-01
66.4260,0.350000,S001,S001_BREATH_PACED_12_02,1,BREATH_PACED_12,14.00,0.8036,,MR60BHA2_breath_phase,safenest-node-01
66.5260,0.370000,S001,S001_BREATH_PACED_12_02,1,BREATH_PACED_12,14.00,0.8036,,MR60BHA2_breath_phase,safenest-node-01
66.6260,0.400000,S001,S001_BREATH_PACED_12_02,1,BREATH_PACED_12,14.00,0.8036,,MR60BHA2_breath_phase,safenest-node-01
66.7260,0.430000,S001,S001_BREATH_PACED_12_02,1,BREATH_PACED_12,14.00,0.8036,,MR60BHA2_breath_phase,safenest-node-01
66.8260,0.440000,S001,S001_BREATH_PACED_12_02,1,BREATH_PACED_12,14.00,0.8036,,MR60BHA2_breath_phase,safenest-node-01
66.9260,0.470000,S001,S001_BREATH_PACED_12_02,1,BREATH_PACED_12,14.00,0.8036,,MR60BHA2_breath_phase,safenest-node-01
67.0260,0.480000,S001,S001_BREATH_PACED_12_02,1,BREATH_PACED_12,14.00,0.8036,,MR60BHA2_breath_phase,safenest-node-01
67.1260,0.500000,S001,S001_BREATH_PACED_12_02,1,BREATH_PACED_12,14.00,0.8036,,MR60BHA2_breath_phase,safenest-node-01
67.2260,0.510000,S001,S001_BREATH_PACED_12_02,1,BREATH_PACED_12,14.00,0.8036,,MR60BHA2_breath_phase,safenest-node-01
67.3270,0.510000,S001,S001_BREATH_PACED_12_02,1,BREATH_PACED_12,14.00,0.8036,,MR60BHA2_breath_phase,safenest-node-01
67.4270,0.510000,S001,S001_BREATH_PACED_12_02,1,BREATH_PACED_12,14.00,0.8036,,MR60BHA2_breath_phase,safenest-node-01
67.5270,0.500000,S001,S001_BREATH_PACED_12_02,1,BREATH_PACED_12,14.00,0.8036,,MR60BHA2_breath_phase,safenest-node-01
67.6270,0.480000,S001,S001_BREATH_PACED_12_02,1,BREATH_PACED_12,14.00,0.8036,,MR60BHA2_breath_phase,safenest-node-01
67.7270,0.440000,S001,S001_BREATH_PACED_12_02,1,BREATH_PACED_12,14.00,0.8036,,MR60BHA2_breath_phase,safenest-node-01
67.8270,0.390000,S001,S001_BREATH_PACED_12_02,1,BREATH_PACED_12,14.00,0.8036,,MR60BHA2_breath_phase,safenest-node-01
67.9270,0.360000,S001,S001_BREATH_PACED_12_02,1,BREATH_PACED_12,14.00,0.8036,,MR60BHA2_breath_phase,safenest-node-01
68.0280,0.290000,S001,S001_BREATH_PACED_12_02,1,BREATH_PACED_12,14.00,0.8036,,MR60BHA2_breath_phase,safenest-node-01
68.1280,0.250000,S001,S001_BREATH_PACED_12_02,1,BREATH_PACED_12,14.00,0.8036,,MR60BHA2_breath_phase,safenest-node-01
68.2280,0.160000,S001,S001_BREATH_PACED_12_02,1,BREATH_PACED_12,14.00,0.8036,,MR60BHA2_breath_phase,safenest-node-01
68.3280,0.060000,S001,S001_BREATH_PACED_12_02,1,BREATH_PACED_12,14.00,0.8036,,MR60BHA2_breath_phase,safenest-node-01
68.4280,0.010000,S001,S001_BREATH_PACED_12_02,1,BREATH_PACED_12,14.00,0.8036,,MR60BHA2_breath_phase,safenest-node-01
68.5280,-0.090000,S001,S001_BREATH_PACED_12_02,1,BREATH_PACED_12,14.00,0.8036,,MR60BHA2_breath_phase,safenest-node-01
68.6280,-0.140000,S001,S001_BREATH_PACED_12_02,1,BREATH_PACED_12,14.00,0.8036,,MR60BHA2_breath_phase,safenest-node-01
68.7280,-0.230000,S001,S001_BREATH_PACED_12_02,1,BREATH_PACED_12,14.00,0.8036,,MR60BHA2_breath_phase,safenest-node-01
68.8280,-0.320000,S001,S001_BREATH_PACED_12_02,1,BREATH_PACED_12,14.00,0.8036,,MR60BHA2_breath_phase,safenest-node-01
68.9280,-0.360000,S001,S001_BREATH_PACED_12_02,1,BREATH_PACED_12,14.00,0.8036,,MR60BHA2_breath_phase,safenest-node-01
69.0280,-0.430000,S001,S001_BREATH_PACED_12_02,1,BREATH_PACED_12,14.00,0.8036,,MR60BHA2_breath_phase,safenest-node-01
69.1280,-0.460000,S001,S001_BREATH_PACED_12_02,1,BREATH_PACED_12,14.00,0.8036,,MR60BHA2_breath_phase,safenest-node-01
69.2280,-0.510000,S001,S001_BREATH_PACED_12_02,1,BREATH_PACED_12,14.00,0.8036,,MR60BHA2_breath_phase,safenest-node-01
69.3280,-0.550000,S001,S001_BREATH_PACED_12_02,1,BREATH_PACED_12,14.00,0.8036,,MR60BHA2_breath_phase,safenest-node-01
69.4290,-0.560000,S001,S001_BREATH_PACED_12_02,1,BREATH_PACED_12,14.00,0.8036,,MR60BHA2_breath_phase,safenest-node-01
69.5290,-0.570000,S001,S001_BREATH_PACED_12_02,1,BREATH_PACED_12,14.00,0.8036,,MR60BHA2_breath_phase,safenest-node-01
69.6290,-0.570000,S001,S001_BREATH_PACED_12_02,1,BREATH_PACED_12,14.00,0.8036,,MR60BHA2_breath_phase,safenest-node-01
69.7290,-0.560000,S001,S001_BREATH_PACED_12_02,1,BREATH_PACED_12,14.00,0.8036,,MR60BHA2_breath_phase,safenest-node-01
69.8290,-0.530000,S001,S001_BREATH_PACED_12_02,1,BREATH_PACED_12,14.00,0.8036,,MR60BHA2_breath_phase,safenest-node-01
69.9300,-0.500000,S001,S001_BREATH_PACED_12_02,1,BREATH_PACED_12,14.00,0.8036,,MR60BHA2_breath_phase,safenest-node-01
70.0300,-0.470000,S001,S001_BREATH_PACED_12_02,1,BREATH_PACED_12,14.00,0.8036,,MR60BHA2_breath_phase,safenest-node-01
70.1300,-0.420000,S001,S001_BREATH_PACED_12_02,1,BREATH_PACED_12,14.00,0.8036,,MR60BHA2_breath_phase,safenest-node-01
70.2300,-0.380000,S001,S001_BREATH_PACED_12_02,1,BREATH_PACED_12,14.00,0.8036,,MR60BHA2_breath_phase,safenest-node-01
70.3300,-0.320000,S001,S001_BREATH_PACED_12_02,1,BREATH_PACED_12,14.00,0.8036,,MR60BHA2_breath_phase,safenest-node-01
70.4300,-0.250000,S001,S001_BREATH_PACED_12_02,1,BREATH_PACED_12,14.00,0.8036,,MR60BHA2_breath_phase,safenest-node-01
70.5300,-0.210000,S001,S001_BREATH_PACED_12_02,1,BREATH_PACED_12,14.00,0.8036,,MR60BHA2_breath_phase,safenest-node-01
70.6300,-0.140000,S001,S001_BREATH_PACED_12_02,1,BREATH_PACED_12,14.00,0.8036,,MR60BHA2_breath_phase,safenest-node-01
70.7300,-0.100000,S001,S001_BREATH_PACED_12_02,1,BREATH_PACED_12,14.00,0.8036,,MR60BHA2_breath_phase,safenest-node-01
70.8300,-0.030000,S001,S001_BREATH_PACED_12_02,1,BREATH_PACED_12,14.00,0.8036,,MR60BHA2_breath_phase,safenest-node-01
70.9300,0.050000,S001,S001_BREATH_PACED_12_02,1,BREATH_PACED_12,14.00,0.8036,,MR60BHA2_breath_phase,safenest-node-01
71.0310,0.080000,S001,S001_BREATH_PACED_12_02,1,BREATH_PACED_12,14.00,0.8036,,MR60BHA2_breath_phase,safenest-node-01
71.1310,0.150000,S001,S001_BREATH_PACED_12_02,1,BREATH_PACED_12,14.00,0.8036,,MR60BHA2_breath_phase,safenest-node-01
71.2310,0.190000,S001,S001_BREATH_PACED_12_02,1,BREATH_PACED_12,14.00,0.8036,,MR60BHA2_breath_phase,safenest-node-01
71.3310,0.250000,S001,S001_BREATH_PACED_12_02,1,BREATH_PACED_12,14.00,0.8036,,MR60BHA2_breath_phase,safenest-node-01
71.4310,0.310000,S001,S001_BREATH_PACED_12_02,1,BREATH_PACED_12,14.00,0.8036,,MR60BHA2_breath_phase,safenest-node-01
71.5310,0.360000,S001,S001_BREATH_PACED_12_02,1,BREATH_PACED_12,14.00,0.8036,,MR60BHA2_breath_phase,safenest-node-01
71.6310,0.390000,S001,S001_BREATH_PACED_12_02,1,BREATH_PACED_12,14.00,0.8036,,MR60BHA2_breath_phase,safenest-node-01
71.7320,0.430000,S001,S001_BREATH_PACED_12_02,1,BREATH_PACED_12,14.00,0.8036,,MR60BHA2_breath_phase,safenest-node-01
71.8320,0.440000,S001,S001_BREATH_PACED_12_02,1,BREATH_PACED_12,14.00,0.8036,,MR60BHA2_breath_phase,safenest-node-01
71.9320,0.470000,S001,S001_BREATH_PACED_12_02,1,BREATH_PACED_12,14.00,0.8036,,MR60BHA2_breath_phase,safenest-node-01
72.0320,0.490000,S001,S001_BREATH_PACED_12_02,1,BREATH_PACED_12,14.00,0.8036,,MR60BHA2_breath_phase,safenest-node-01
72.1320,0.500000,S001,S001_BREATH_PACED_12_02,1,BREATH_PACED_12,14.00,0.8036,,MR60BHA2_breath_phase,safenest-node-01
72.2320,0.510000,S001,S001_BREATH_PACED_12_02,1,BREATH_PACED_12,14.00,0.8036,,MR60BHA2_breath_phase,safenest-node-01
72.3320,0.510000,S001,S001_BREATH_PACED_12_02,1,BREATH_PACED_12,14.00,0.8036,,MR60BHA2_breath_phase,safenest-node-01
72.4320,0.510000,S001,S001_BREATH_PACED_12_02,1,BREATH_PACED_12,14.00,0.8036,,MR60BHA2_breath_phase,safenest-node-01
72.5320,0.500000,S001,S001_BREATH_PACED_12_02,1,BREATH_PACED_12,14.00,0.8036,,MR60BHA2_breath_phase,safenest-node-01
72.6320,0.490000,S001,S001_BREATH_PACED_12_02,1,BREATH_PACED_12,14.00,0.8036,,MR60BHA2_breath_phase,safenest-node-01
72.7320,0.460000,S001,S001_BREATH_PACED_12_02,1,BREATH_PACED_12,14.00,0.8036,,MR60BHA2_breath_phase,safenest-node-01
72.8320,0.440000,S001,S001_BREATH_PACED_12_02,1,BREATH_PACED_12,14.00,0.8036,,MR60BHA2_breath_phase,safenest-node-01
72.9320,0.400000,S001,S001_BREATH_PACED_12_02,1,BREATH_PACED_12,14.00,0.8036,,MR60BHA2_breath_phase,safenest-node-01
73.0320,0.340000,S001,S001_BREATH_PACED_12_02,1,BREATH_PACED_12,14.00,0.8036,,MR60BHA2_breath_phase,safenest-node-01
73.1320,0.310000,S001,S001_BREATH_PACED_12_02,1,BREATH_PACED_12,14.00,0.8036,,MR60BHA2_breath_phase,safenest-node-01
73.2320,0.240000,S001,S001_BREATH_PACED_12_02,1,BREATH_PACED_12,14.00,0.8036,,MR60BHA2_breath_phase,safenest-node-01
73.3320,0.210000,S001,S001_BREATH_PACED_12_02,1,BREATH_PACED_12,14.00,0.8036,,MR60BHA2_breath_phase,safenest-node-01
73.4320,0.130000,S001,S001_BREATH_PACED_12_02,1,BREATH_PACED_12,14.00,0.8036,,MR60BHA2_breath_phase,safenest-node-01
73.5320,0.050000,S001,S001_BREATH_PACED_12_02,1,BREATH_PACED_12,14.00,0.8036,,MR60BHA2_breath_phase,safenest-node-01
73.6330,-0.030000,S001,S001_BREATH_PACED_12_02,1,BREATH_PACED_12,14.00,0.8036,,MR60BHA2_breath_phase,safenest-node-01
73.7330,-0.070000,S001,S001_BREATH_PACED_12_02,1,BREATH_PACED_12,14.00,0.8036,,MR60BHA2_breath_phase,safenest-node-01
73.8330,-0.150000,S001,S001_BREATH_PACED_12_02,1,BREATH_PACED_12,14.00,0.8036,,MR60BHA2_breath_phase,safenest-node-01
73.9330,-0.190000,S001,S001_BREATH_PACED_12_02,1,BREATH_PACED_12,14.00,0.8036,,MR60BHA2_breath_phase,safenest-node-01
74.0330,-0.270000,S001,S001_BREATH_PACED_12_02,1,BREATH_PACED_12,14.00,0.8036,,MR60BHA2_breath_phase,safenest-node-01
74.1330,-0.350000,S001,S001_BREATH_PACED_12_02,1,BREATH_PACED_12,14.00,0.8036,,MR60BHA2_breath_phase,safenest-node-01
74.2330,-0.380000,S001,S001_BREATH_PACED_12_02,1,BREATH_PACED_12,14.00,0.8036,,MR60BHA2_breath_phase,safenest-node-01
74.3330,-0.450000,S001,S001_BREATH_PACED_12_02,1,BREATH_PACED_12,14.00,0.8036,,MR60BHA2_breath_phase,safenest-node-01
74.4330,-0.480000,S001,S001_BREATH_PACED_12_02,1,BREATH_PACED_12,14.00,0.8036,,MR60BHA2_breath_phase,safenest-node-01
74.5330,-0.540000,S001,S001_BREATH_PACED_12_02,1,BREATH_PACED_12,14.00,0.8036,,MR60BHA2_breath_phase,safenest-node-01
74.6330,-0.580000,S001,S001_BREATH_PACED_12_02,1,BREATH_PACED_12,14.00,0.8036,,MR60BHA2_breath_phase,safenest-node-01
74.7330,-0.590000,S001,S001_BREATH_PACED_12_02,1,BREATH_PACED_12,14.00,0.8036,,MR60BHA2_breath_phase,safenest-node-01
74.8330,-0.610000,S001,S001_BREATH_PACED_12_02,1,BREATH_PACED_12,14.00,0.8036,,MR60BHA2_breath_phase,safenest-node-01
74.9330,-0.620000,S001,S001_BREATH_PACED_12_02,1,BREATH_PACED_12,14.00,0.8036,,MR60BHA2_breath_phase,safenest-node-01
75.0330,-0.610000,S001,S001_BREATH_PACED_12_02,1,BREATH_PACED_12,14.00,0.8036,,MR60BHA2_breath_phase,safenest-node-01
75.1330,-0.580000,S001,S001_BREATH_PACED_12_02,1,BREATH_PACED_12,14.00,0.8036,,MR60BHA2_breath_phase,safenest-node-01
75.2330,-0.540000,S001,S001_BREATH_PACED_12_02,1,BREATH_PACED_12,14.00,0.8036,,MR60BHA2_breath_phase,safenest-node-01
75.3330,-0.510000,S001,S001_BREATH_PACED_12_02,1,BREATH_PACED_12,14.00,0.8036,,MR60BHA2_breath_phase,safenest-node-01
75.4340,-0.450000,S001,S001_BREATH_PACED_12_02,1,BREATH_PACED_12,14.00,0.8036,,MR60BHA2_breath_phase,safenest-node-01
75.5340,-0.410000,S001,S001_BREATH_PACED_12_02,1,BREATH_PACED_12,14.00,0.8036,,MR60BHA2_breath_phase,safenest-node-01
75.6340,-0.330000,S001,S001_BREATH_PACED_12_02,1,BREATH_PACED_12,14.00,0.8036,,MR60BHA2_breath_phase,safenest-node-01
75.7340,-0.240000,S001,S001_BREATH_PACED_12_02,1,BREATH_PACED_12,14.00,0.8036,,MR60BHA2_breath_phase,safenest-node-01
75.8340,-0.200000,S001,S001_BREATH_PACED_12_02,1,BREATH_PACED_12,14.00,0.8036,,MR60BHA2_breath_phase,safenest-node-01
75.9340,-0.100000,S001,S001_BREATH_PACED_12_02,1,BREATH_PACED_12,14.00,0.8036,,MR60BHA2_breath_phase,safenest-node-01
76.0340,-0.050000,S001,S001_BREATH_PACED_12_02,1,BREATH_PACED_12,14.00,0.8036,,MR60BHA2_breath_phase,safenest-node-01
76.1340,0.040000,S001,S001_BREATH_PACED_12_02,1,BREATH_PACED_12,14.00,0.8036,,MR60BHA2_breath_phase,safenest-node-01
76.2340,0.130000,S001,S001_BREATH_PACED_12_02,1,BREATH_PACED_12,14.00,0.8036,,MR60BHA2_breath_phase,safenest-node-01
76.3340,0.170000,S001,S001_BREATH_PACED_12_02,1,BREATH_PACED_12,14.00,0.8036,,MR60BHA2_breath_phase,safenest-node-01
76.4340,0.250000,S001,S001_BREATH_PACED_12_02,1,BREATH_PACED_12,14.00,0.8036,,MR60BHA2_breath_phase,safenest-node-01
76.5340,0.280000,S001,S001_BREATH_PACED_12_02,1,BREATH_PACED_12,14.00,0.8036,,MR60BHA2_breath_phase,safenest-node-01
76.6340,0.340000,S001,S001_BREATH_PACED_12_02,1,BREATH_PACED_12,14.00,0.8036,,MR60BHA2_breath_phase,safenest-node-01
76.7340,0.390000,S001,S001_BREATH_PACED_12_02,1,BREATH_PACED_12,14.00,0.8036,,MR60BHA2_breath_phase,safenest-node-01
76.8340,0.410000,S001,S001_BREATH_PACED_12_02,1,BREATH_PACED_12,14.00,0.8036,,MR60BHA2_breath_phase,safenest-node-01
76.9340,0.440000,S001,S001_BREATH_PACED_12_02,1,BREATH_PACED_12,14.00,0.8036,,MR60BHA2_breath_phase,safenest-node-01
77.0340,0.450000,S001,S001_BREATH_PACED_12_02,1,BREATH_PACED_12,14.00,0.8036,,MR60BHA2_breath_phase,safenest-node-01
77.1340,0.470000,S001,S001_BREATH_PACED_12_02,1,BREATH_PACED_12,14.00,0.8036,,MR60BHA2_breath_phase,safenest-node-01
77.2340,0.490000,S001,S001_BREATH_PACED_12_02,1,BREATH_PACED_12,14.00,0.8036,,MR60BHA2_breath_phase,safenest-node-01
77.3350,0.490000,S001,S001_BREATH_PACED_12_02,1,BREATH_PACED_12,14.00,0.8036,,MR60BHA2_breath_phase,safenest-node-01
77.4350,0.490000,S001,S001_BREATH_PACED_12_02,1,BREATH_PACED_12,14.00,0.8036,,MR60BHA2_breath_phase,safenest-node-01
77.5350,0.490000,S001,S001_BREATH_PACED_12_02,1,BREATH_PACED_12,14.00,0.8036,,MR60BHA2_breath_phase,safenest-node-01
77.6350,0.480000,S001,S001_BREATH_PACED_12_02,1,BREATH_PACED_12,14.00,0.8036,,MR60BHA2_breath_phase,safenest-node-01
77.7350,0.460000,S001,S001_BREATH_PACED_12_02,1,BREATH_PACED_12,14.00,0.8036,,MR60BHA2_breath_phase,safenest-node-01
77.8350,0.420000,S001,S001_BREATH_PACED_12_02,1,BREATH_PACED_12,14.00,0.8036,,MR60BHA2_breath_phase,safenest-node-01
77.9350,0.400000,S001,S001_BREATH_PACED_12_02,1,BREATH_PACED_12,14.00,0.8036,,MR60BHA2_breath_phase,safenest-node-01
78.0350,0.350000,S001,S001_BREATH_PACED_12_02,1,BREATH_PACED_12,14.00,0.8036,,MR60BHA2_breath_phase,safenest-node-01
78.1350,0.320000,S001,S001_BREATH_PACED_12_02,1,BREATH_PACED_12,14.00,0.8036,,MR60BHA2_breath_phase,safenest-node-01
78.2350,0.260000,S001,S001_BREATH_PACED_12_02,1,BREATH_PACED_12,14.00,0.8036,,MR60BHA2_breath_phase,safenest-node-01
78.3350,0.190000,S001,S001_BREATH_PACED_12_02,1,BREATH_PACED_12,14.00,0.8036,,MR60BHA2_breath_phase,safenest-node-01
78.4350,0.150000,S001,S001_BREATH_PACED_12_02,1,BREATH_PACED_12,14.00,0.8036,,MR60BHA2_breath_phase,safenest-node-01
78.5350,0.070000,S001,S001_BREATH_PACED_12_02,1,BREATH_PACED_12,14.00,0.8036,,MR60BHA2_breath_phase,safenest-node-01
78.6350,0.030000,S001,S001_BREATH_PACED_12_02,1,BREATH_PACED_12,14.00,0.8036,,MR60BHA2_breath_phase,safenest-node-01
78.7350,-0.050000,S001,S001_BREATH_PACED_12_02,1,BREATH_PACED_12,14.00,0.8036,,MR60BHA2_breath_phase,safenest-node-01
78.8350,-0.120000,S001,S001_BREATH_PACED_12_02,1,BREATH_PACED_12,14.00,0.8036,,MR60BHA2_breath_phase,safenest-node-01
78.9350,-0.200000,S001,S001_BREATH_PACED_12_02,1,BREATH_PACED_12,14.00,0.8036,,MR60BHA2_breath_phase,safenest-node-01
79.0350,-0.230000,S001,S001_BREATH_PACED_12_02,1,BREATH_PACED_12,14.00,0.8036,,MR60BHA2_breath_phase,safenest-node-01
79.1350,-0.270000,S001,S001_BREATH_PACED_12_02,1,BREATH_PACED_12,14.00,0.8036,,MR60BHA2_breath_phase,safenest-node-01
79.2350,-0.330000,S001,S001_BREATH_PACED_12_02,1,BREATH_PACED_12,14.00,0.8036,,MR60BHA2_breath_phase,safenest-node-01
79.3350,-0.380000,S001,S001_BREATH_PACED_12_02,1,BREATH_PACED_12,14.00,0.8036,,MR60BHA2_breath_phase,safenest-node-01
79.4350,-0.430000,S001,S001_BREATH_PACED_12_02,1,BREATH_PACED_12,14.00,0.8036,,MR60BHA2_breath_phase,safenest-node-01
79.5350,-0.450000,S001,S001_BREATH_PACED_12_02,1,BREATH_PACED_12,14.00,0.8036,,MR60BHA2_breath_phase,safenest-node-01
79.6350,-0.490000,S001,S001_BREATH_PACED_12_02,1,BREATH_PACED_12,14.00,0.8036,,MR60BHA2_breath_phase,safenest-node-01
79.7350,-0.500000,S001,S001_BREATH_PACED_12_02,1,BREATH_PACED_12,14.00,0.8036,,MR60BHA2_breath_phase,safenest-node-01
79.8350,-0.520000,S001,S001_BREATH_PACED_12_02,1,BREATH_PACED_12,14.00,0.8036,,MR60BHA2_breath_phase,safenest-node-01
79.9350,-0.520000,S001,S001_BREATH_PACED_12_02,1,BREATH_PACED_12,14.00,0.8036,,MR60BHA2_breath_phase,safenest-node-01
80.0350,-0.510000,S001,S001_BREATH_PACED_12_02,1,BREATH_PACED_12,14.00,0.8036,,MR60BHA2_breath_phase,safenest-node-01
80.1350,-0.490000,S001,S001_BREATH_PACED_12_02,1,BREATH_PACED_12,14.00,0.8036,,MR60BHA2_breath_phase,safenest-node-01
80.2350,-0.470000,S001,S001_BREATH_PACED_12_02,1,BREATH_PACED_12,14.00,0.8036,,MR60BHA2_breath_phase,safenest-node-01
80.3350,-0.420000,S001,S001_BREATH_PACED_12_02,1,BREATH_PACED_12,14.00,0.8036,,MR60BHA2_breath_phase,safenest-node-01
80.4350,-0.350000,S001,S001_BREATH_PACED_12_02,1,BREATH_PACED_12,14.00,0.8036,,MR60BHA2_breath_phase,safenest-node-01
80.5350,-0.320000,S001,S001_BREATH_PACED_12_02,1,BREATH_PACED_12,14.00,0.8036,,MR60BHA2_breath_phase,safenest-node-01
80.6350,-0.230000,S001,S001_BREATH_PACED_12_02,1,BREATH_PACED_12,14.00,0.8036,,MR60BHA2_breath_phase,safenest-node-01
80.7350,-0.190000,S001,S001_BREATH_PACED_12_02,1,BREATH_PACED_12,14.00,0.8036,,MR60BHA2_breath_phase,safenest-node-01
80.8350,-0.090000,S001,S001_BREATH_PACED_12_02,1,BREATH_PACED_12,14.00,0.8036,,MR60BHA2_breath_phase,safenest-node-01
80.9350,0.000000,S001,S001_BREATH_PACED_12_02,1,BREATH_PACED_12,14.00,0.8036,,MR60BHA2_breath_phase,safenest-node-01
81.0360,0.050000,S001,S001_BREATH_PACED_12_02,1,BREATH_PACED_12,14.00,0.8036,,MR60BHA2_breath_phase,safenest-node-01
81.1360,0.140000,S001,S001_BREATH_PACED_12_02,1,BREATH_PACED_12,14.00,0.8036,,MR60BHA2_breath_phase,safenest-node-01
81.2360,0.170000,S001,S001_BREATH_PACED_12_02,1,BREATH_PACED_12,14.00,0.8036,,MR60BHA2_breath_phase,safenest-node-01
81.3360,0.240000,S001,S001_BREATH_PACED_12_02,1,BREATH_PACED_12,14.00,0.8036,,MR60BHA2_breath_phase,safenest-node-01
81.4360,0.300000,S001,S001_BREATH_PACED_12_02,1,BREATH_PACED_12,14.00,0.8036,,MR60BHA2_breath_phase,safenest-node-01
81.5360,0.330000,S001,S001_BREATH_PACED_12_02,1,BREATH_PACED_12,14.00,0.8036,,MR60BHA2_breath_phase,safenest-node-01
81.6360,0.340000,S001,S001_BREATH_PACED_12_02,1,BREATH_PACED_12,14.00,0.8036,,MR60BHA2_breath_phase,safenest-node-01
81.7360,0.350000,S001,S001_BREATH_PACED_12_02,1,BREATH_PACED_12,14.00,0.8036,,MR60BHA2_breath_phase,safenest-node-01
81.8360,0.340000,S001,S001_BREATH_PACED_12_02,1,BREATH_PACED_12,14.00,0.8036,,MR60BHA2_breath_phase,safenest-node-01
81.9360,0.320000,S001,S001_BREATH_PACED_12_02,1,BREATH_PACED_12,14.00,0.8036,,MR60BHA2_breath_phase,safenest-node-01
82.0360,0.280000,S001,S001_BREATH_PACED_12_02,1,BREATH_PACED_12,14.00,0.8036,,MR60BHA2_breath_phase,safenest-node-01
82.1360,0.260000,S001,S001_BREATH_PACED_12_02,1,BREATH_PACED_12,14.00,0.8036,,MR60BHA2_breath_phase,safenest-node-01
82.2360,0.220000,S001,S001_BREATH_PACED_12_02,1,BREATH_PACED_12,14.00,0.8036,,MR60BHA2_breath_phase,safenest-node-01
82.3360,0.200000,S001,S001_BREATH_PACED_12_02,1,BREATH_PACED_12,14.00,0.8036,,MR60BHA2_breath_phase,safenest-node-01
82.4360,0.160000,S001,S001_BREATH_PACED_12_02,1,BREATH_PACED_12,14.00,0.8036,,MR60BHA2_breath_phase,safenest-node-01
82.5360,0.140000,S001,S001_BREATH_PACED_12_02,1,BREATH_PACED_12,14.00,0.8036,,MR60BHA2_breath_phase,safenest-node-01
82.6370,0.140000,S001,S001_BREATH_PACED_12_02,1,BREATH_PACED_12,14.00,0.8036,,MR60BHA2_breath_phase,safenest-node-01
82.7370,0.120000,S001,S001_BREATH_PACED_12_02,1,BREATH_PACED_12,14.00,0.8036,,MR60BHA2_breath_phase,safenest-node-01
82.8370,0.120000,S001,S001_BREATH_PACED_12_02,1,BREATH_PACED_12,14.00,0.8036,,MR60BHA2_breath_phase,safenest-node-01
82.9370,0.110000,S001,S001_BREATH_PACED_12_02,1,BREATH_PACED_12,14.00,0.8036,,MR60BHA2_breath_phase,safenest-node-01
83.0370,0.090000,S001,S001_BREATH_PACED_12_02,1,BREATH_PACED_12,14.00,0.8036,,MR60BHA2_breath_phase,safenest-node-01
83.1380,0.080000,S001,S001_BREATH_PACED_12_02,1,BREATH_PACED_12,14.00,0.8036,,MR60BHA2_breath_phase,safenest-node-01
83.2380,0.060000,S001,S001_BREATH_PACED_12_02,1,BREATH_PACED_12,14.00,0.8036,,MR60BHA2_breath_phase,safenest-node-01
83.3380,0.040000,S001,S001_BREATH_PACED_12_02,1,BREATH_PACED_12,14.00,0.8036,,MR60BHA2_breath_phase,safenest-node-01
83.4380,0.020000,S001,S001_BREATH_PACED_12_02,1,BREATH_PACED_12,14.00,0.8036,,MR60BHA2_breath_phase,safenest-node-01
83.5380,0.010000,S001,S001_BREATH_PACED_12_02,1,BREATH_PACED_12,14.00,0.8036,,MR60BHA2_breath_phase,safenest-node-01
83.6380,0.000000,S001,S001_BREATH_PACED_12_02,1,BREATH_PACED_12,14.00,0.8036,,MR60BHA2_breath_phase,safenest-node-01
83.7380,0.010000,S001,S001_BREATH_PACED_12_02,1,BREATH_PACED_12,14.00,0.8036,,MR60BHA2_breath_phase,safenest-node-01
83.8380,0.020000,S001,S001_BREATH_PACED_12_02,1,BREATH_PACED_12,14.00,0.8036,,MR60BHA2_breath_phase,safenest-node-01
83.9380,0.030000,S001,S001_BREATH_PACED_12_02,1,BREATH_PACED_12,14.00,0.8036,,MR60BHA2_breath_phase,safenest-node-01
84.0380,0.060000,S001,S001_BREATH_PACED_12_02,1,BREATH_PACED_12,14.00,0.8036,,MR60BHA2_breath_phase,safenest-node-01
84.1390,0.090000,S001,S001_BREATH_PACED_12_02,1,BREATH_PACED_12,14.00,0.8036,,MR60BHA2_breath_phase,safenest-node-01
84.2390,0.100000,S001,S001_BREATH_PACED_12_02,1,BREATH_PACED_12,14.00,0.8036,,MR60BHA2_breath_phase,safenest-node-01
84.3390,0.130000,S001,S001_BREATH_PACED_12_02,1,BREATH_PACED_12,14.00,0.8036,,MR60BHA2_breath_phase,safenest-node-01
84.4390,0.130000,S001,S001_BREATH_PACED_12_02,1,BREATH_PACED_12,14.00,0.8036,,MR60BHA2_breath_phase,safenest-node-01
84.5390,0.140000,S001,S001_BREATH_PACED_12_02,1,BREATH_PACED_12,14.00,0.8036,,MR60BHA2_breath_phase,safenest-node-01
84.6390,0.120000,S001,S001_BREATH_PACED_12_02,1,BREATH_PACED_12,14.00,0.8036,,MR60BHA2_breath_phase,safenest-node-01
84.7390,0.110000,S001,S001_BREATH_PACED_12_02,1,BREATH_PACED_12,14.00,0.8036,,MR60BHA2_breath_phase,safenest-node-01
84.8390,0.060000,S001,S001_BREATH_PACED_12_02,1,BREATH_PACED_12,14.00,0.8036,,MR60BHA2_breath_phase,safenest-node-01
84.9390,0.030000,S001,S001_BREATH_PACED_12_02,1,BREATH_PACED_12,14.00,0.8036,,MR60BHA2_breath_phase,safenest-node-01
85.0390,-0.030000,S001,S001_BREATH_PACED_12_02,1,BREATH_PACED_12,14.00,0.8036,,MR60BHA2_breath_phase,safenest-node-01
85.1390,-0.110000,S001,S001_BREATH_PACED_12_02,1,BREATH_PACED_12,15.00,0.8036,,MR60BHA2_breath_phase,safenest-node-01
85.2400,-0.150000,S001,S001_BREATH_PACED_12_02,1,BREATH_PACED_12,15.00,0.8036,,MR60BHA2_breath_phase,safenest-node-01
85.3400,-0.230000,S001,S001_BREATH_PACED_12_02,1,BREATH_PACED_12,14.00,0.8036,,MR60BHA2_breath_phase,safenest-node-01
85.4400,-0.260000,S001,S001_BREATH_PACED_12_02,1,BREATH_PACED_12,14.00,0.8036,,MR60BHA2_breath_phase,safenest-node-01
85.5400,-0.320000,S001,S001_BREATH_PACED_12_02,1,BREATH_PACED_12,14.00,0.8036,,MR60BHA2_breath_phase,safenest-node-01
85.6400,-0.360000,S001,S001_BREATH_PACED_12_02,1,BREATH_PACED_12,14.00,0.8610,,MR60BHA2_breath_phase,safenest-node-01
85.7400,-0.380000,S001,S001_BREATH_PACED_12_02,1,BREATH_PACED_12,14.00,0.8610,,MR60BHA2_breath_phase,safenest-node-01
85.8400,-0.380000,S001,S001_BREATH_PACED_12_02,1,BREATH_PACED_12,14.00,0.8610,,MR60BHA2_breath_phase,safenest-node-01
85.9400,-0.370000,S001,S001_BREATH_PACED_12_02,1,BREATH_PACED_12,14.00,0.8610,,MR60BHA2_breath_phase,safenest-node-01
86.0400,-0.350000,S001,S001_BREATH_PACED_12_02,1,BREATH_PACED_12,14.00,0.8610,,MR60BHA2_breath_phase,safenest-node-01
86.1400,-0.320000,S001,S001_BREATH_PACED_12_02,1,BREATH_PACED_12,14.00,0.8610,,MR60BHA2_breath_phase,safenest-node-01
86.2400,-0.270000,S001,S001_BREATH_PACED_12_02,1,BREATH_PACED_12,14.00,0.8610,,MR60BHA2_breath_phase,safenest-node-01
86.3400,-0.250000,S001,S001_BREATH_PACED_12_02,1,BREATH_PACED_12,14.00,0.8610,,MR60BHA2_breath_phase,safenest-node-01
86.4400,-0.210000,S001,S001_BREATH_PACED_12_02,1,BREATH_PACED_12,13.00,0.8610,,MR60BHA2_breath_phase,safenest-node-01
86.5400,-0.190000,S001,S001_BREATH_PACED_12_02,1,BREATH_PACED_12,12.00,0.8610,,MR60BHA2_breath_phase,safenest-node-01
86.6400,-0.160000,S001,S001_BREATH_PACED_12_02,1,BREATH_PACED_12,12.00,0.8610,,MR60BHA2_breath_phase,safenest-node-01
86.7400,-0.140000,S001,S001_BREATH_PACED_12_02,1,BREATH_PACED_12,11.00,0.8610,,MR60BHA2_breath_phase,safenest-node-01
86.8400,-0.130000,S001,S001_BREATH_PACED_12_02,1,BREATH_PACED_12,11.00,0.8610,,MR60BHA2_breath_phase,safenest-node-01
86.9400,-0.110000,S001,S001_BREATH_PACED_12_02,1,BREATH_PACED_12,11.00,0.8610,,MR60BHA2_breath_phase,safenest-node-01
87.0400,-0.090000,S001,S001_BREATH_PACED_12_02,1,BREATH_PACED_12,10.00,0.8610,,MR60BHA2_breath_phase,safenest-node-01
87.1400,-0.070000,S001,S001_BREATH_PACED_12_02,1,BREATH_PACED_12,10.00,0.8610,,MR60BHA2_breath_phase,safenest-node-01
87.2400,-0.030000,S001,S001_BREATH_PACED_12_02,1,BREATH_PACED_12,9.00,0.8610,,MR60BHA2_breath_phase,safenest-node-01
87.3400,-0.010000,S001,S001_BREATH_PACED_12_02,1,BREATH_PACED_12,9.00,0.8610,,MR60BHA2_breath_phase,safenest-node-01
87.4400,0.050000,S001,S001_BREATH_PACED_12_02,1,BREATH_PACED_12,9.00,0.8610,,MR60BHA2_breath_phase,safenest-node-01
87.5400,0.090000,S001,S001_BREATH_PACED_12_02,1,BREATH_PACED_12,8.00,0.8610,,MR60BHA2_breath_phase,safenest-node-01
87.6400,0.180000,S001,S001_BREATH_PACED_12_02,1,BREATH_PACED_12,8.00,0.8036,,MR60BHA2_breath_phase,safenest-node-01
87.7400,0.280000,S001,S001_BREATH_PACED_12_02,1,BREATH_PACED_12,7.00,0.8036,,MR60BHA2_breath_phase,safenest-node-01
87.8400,0.400000,S001,S001_BREATH_PACED_12_02,1,BREATH_PACED_12,8.00,0.8036,,MR60BHA2_breath_phase,safenest-node-01
87.9400,0.450000,S001,S001_BREATH_PACED_12_02,1,BREATH_PACED_12,8.00,0.8036,,MR60BHA2_breath_phase,safenest-node-01
88.0400,0.560000,S001,S001_BREATH_PACED_12_02,1,BREATH_PACED_12,8.00,0.8036,,MR60BHA2_breath_phase,safenest-node-01
88.1400,0.610000,S001,S001_BREATH_PACED_12_02,1,BREATH_PACED_12,8.00,0.8036,,MR60BHA2_breath_phase,safenest-node-01
88.2400,0.680000,S001,S001_BREATH_PACED_12_02,1,BREATH_PACED_12,9.00,0.8036,,MR60BHA2_breath_phase,safenest-node-01
88.3400,0.730000,S001,S001_BREATH_PACED_12_02,1,BREATH_PACED_12,9.00,0.8036,,MR60BHA2_breath_phase,safenest-node-01
88.4400,0.740000,S001,S001_BREATH_PACED_12_02,1,BREATH_PACED_12,9.00,0.8036,,MR60BHA2_breath_phase,safenest-node-01
88.5400,0.740000,S001,S001_BREATH_PACED_12_02,1,BREATH_PACED_12,9.00,0.8036,,MR60BHA2_breath_phase,safenest-node-01
88.6400,0.730000,S001,S001_BREATH_PACED_12_02,1,BREATH_PACED_12,9.00,0.8036,,MR60BHA2_breath_phase,safenest-node-01
88.7400,0.660000,S001,S001_BREATH_PACED_12_02,1,BREATH_PACED_12,10.00,0.8036,,MR60BHA2_breath_phase,safenest-node-01
88.8400,0.560000,S001,S001_BREATH_PACED_12_02,1,BREATH_PACED_12,10.00,0.8036,,MR60BHA2_breath_phase,safenest-node-01
88.9400,0.500000,S001,S001_BREATH_PACED_12_02,1,BREATH_PACED_12,10.00,0.8036,,MR60BHA2_breath_phase,safenest-node-01
89.0400,0.350000,S001,S001_BREATH_PACED_12_02,1,BREATH_PACED_12,10.00,0.8036,,MR60BHA2_breath_phase,safenest-node-01
89.1400,0.260000,S001,S001_BREATH_PACED_12_02,1,BREATH_PACED_12,10.00,0.8036,,MR60BHA2_breath_phase,safenest-node-01
89.2400,0.080000,S001,S001_BREATH_PACED_12_02,1,BREATH_PACED_12,10.00,0.8036,,MR60BHA2_breath_phase,safenest-node-01
89.3400,-0.110000,S001,S001_BREATH_PACED_12_02,1,BREATH_PACED_12,11.00,0.8036,,MR60BHA2_breath_phase,safenest-node-01
89.4400,-0.210000,S001,S001_BREATH_PACED_12_02,1,BREATH_PACED_12,11.00,0.8036,,MR60BHA2_breath_phase,safenest-node-01
89.5400,-0.400000,S001,S001_BREATH_PACED_12_02,1,BREATH_PACED_12,11.00,0.8036,,MR60BHA2_breath_phase,safenest-node-01
89.6400,-0.490000,S001,S001_BREATH_PACED_12_02,1,BREATH_PACED_12,11.00,0.8036,,MR60BHA2_breath_phase,safenest-node-01
89.7400,-0.660000,S001,S001_BREATH_PACED_12_02,1,BREATH_PACED_12,11.00,0.8036,,MR60BHA2_breath_phase,safenest-node-01
89.8400,-0.800000,S001,S001_BREATH_PACED_12_02,1,BREATH_PACED_12,11.00,0.8036,,MR60BHA2_breath_phase,safenest-node-01
89.9410,-0.900000,S001,S001_BREATH_PACED_12_02,1,BREATH_PACED_12,11.00,0.8036,,MR60BHA2_breath_phase,safenest-node-01
90.0410,-0.940000,S001,S001_BREATH_PACED_12_02,1,BREATH_PACED_12,11.00,0.8036,,MR60BHA2_breath_phase,safenest-node-01
90.1410,-0.980000,S001,S001_BREATH_PACED_12_02,1,BREATH_PACED_12,12.00,0.8036,,MR60BHA2_breath_phase,safenest-node-01
90.2410,-0.990000,S001,S001_BREATH_PACED_12_02,1,BREATH_PACED_12,12.00,0.8036,,MR60BHA2_breath_phase,safenest-node-01
90.3410,-0.960000,S001,S001_BREATH_PACED_12_02,1,BREATH_PACED_12,12.00,0.8036,,MR60BHA2_breath_phase,safenest-node-01
90.4410,-0.900000,S001,S001_BREATH_PACED_12_02,1,BREATH_PACED_12,13.00,0.8036,,MR60BHA2_breath_phase,safenest-node-01
90.5410,-0.860000,S001,S001_BREATH_PACED_12_02,1,BREATH_PACED_12,13.00,0.8036,,MR60BHA2_breath_phase,safenest-node-01
90.6410,-0.740000,S001,S001_BREATH_PACED_12_02,1,BREATH_PACED_12,13.00,0.8036,,MR60BHA2_breath_phase,safenest-node-01
90.7410,-0.680000,S001,S001_BREATH_PACED_12_02,1,BREATH_PACED_12,13.00,0.8036,,MR60BHA2_breath_phase,safenest-node-01
90.8410,-0.530000,S001,S001_BREATH_PACED_12_02,1,BREATH_PACED_12,14.00,0.8036,,MR60BHA2_breath_phase,safenest-node-01
90.9410,-0.370000,S001,S001_BREATH_PACED_12_02,1,BREATH_PACED_12,14.00,0.8036,,MR60BHA2_breath_phase,safenest-node-01
91.0410,-0.290000,S001,S001_BREATH_PACED_12_02,1,BREATH_PACED_12,14.00,0.8036,,MR60BHA2_breath_phase,safenest-node-01
91.1410,-0.120000,S001,S001_BREATH_PACED_12_02,1,BREATH_PACED_12,14.00,0.8036,,MR60BHA2_breath_phase,safenest-node-01
91.2410,-0.030000,S001,S001_BREATH_PACED_12_02,1,BREATH_PACED_12,14.00,0.8036,,MR60BHA2_breath_phase,safenest-node-01
91.3410,0.130000,S001,S001_BREATH_PACED_12_02,1,BREATH_PACED_12,15.00,0.8036,,MR60BHA2_breath_phase,safenest-node-01
91.4410,0.280000,S001,S001_BREATH_PACED_12_02,1,BREATH_PACED_12,15.00,0.8036,,MR60BHA2_breath_phase,safenest-node-01
91.5420,0.350000,S001,S001_BREATH_PACED_12_02,1,BREATH_PACED_12,15.00,0.8036,,MR60BHA2_breath_phase,safenest-node-01
91.6420,0.470000,S001,S001_BREATH_PACED_12_02,1,BREATH_PACED_12,15.00,0.8036,,MR60BHA2_breath_phase,safenest-node-01
91.7420,0.520000,S001,S001_BREATH_PACED_12_02,1,BREATH_PACED_12,15.00,0.8036,,MR60BHA2_breath_phase,safenest-node-01
91.8420,0.610000,S001,S001_BREATH_PACED_12_02,1,BREATH_PACED_12,15.00,0.8036,,MR60BHA2_breath_phase,safenest-node-01
91.9420,0.670000,S001,S001_BREATH_PACED_12_02,1,BREATH_PACED_12,16.00,0.8036,,MR60BHA2_breath_phase,safenest-node-01
92.0430,0.720000,S001,S001_BREATH_PACED_12_02,1,BREATH_PACED_12,16.00,0.8036,,MR60BHA2_breath_phase,safenest-node-01
92.1430,0.740000,S001,S001_BREATH_PACED_12_02,1,BREATH_PACED_12,16.00,0.8036,,MR60BHA2_breath_phase,safenest-node-01
92.2430,0.770000,S001,S001_BREATH_PACED_12_02,1,BREATH_PACED_12,16.00,0.8036,,MR60BHA2_breath_phase,safenest-node-01
92.3430,0.780000,S001,S001_BREATH_PACED_12_02,1,BREATH_PACED_12,16.00,0.8036,,MR60BHA2_breath_phase,safenest-node-01
92.4430,0.780000,S001,S001_BREATH_PACED_12_02,1,BREATH_PACED_12,16.00,0.8036,,MR60BHA2_breath_phase,safenest-node-01
92.5430,0.780000,S001,S001_BREATH_PACED_12_02,1,BREATH_PACED_12,16.00,0.8036,,MR60BHA2_breath_phase,safenest-node-01
92.6430,0.770000,S001,S001_BREATH_PACED_12_02,1,BREATH_PACED_12,16.00,0.8036,,MR60BHA2_breath_phase,safenest-node-01
92.7430,0.750000,S001,S001_BREATH_PACED_12_02,1,BREATH_PACED_12,16.00,0.8036,,MR60BHA2_breath_phase,safenest-node-01
92.8430,0.730000,S001,S001_BREATH_PACED_12_02,1,BREATH_PACED_12,16.00,0.8036,,MR60BHA2_breath_phase,safenest-node-01
92.9430,0.670000,S001,S001_BREATH_PACED_12_02,1,BREATH_PACED_12,17.00,0.8036,,MR60BHA2_breath_phase,safenest-node-01
93.0430,0.590000,S001,S001_BREATH_PACED_12_02,1,BREATH_PACED_12,17.00,0.8036,,MR60BHA2_breath_phase,safenest-node-01
93.1440,0.540000,S001,S001_BREATH_PACED_12_02,1,BREATH_PACED_12,17.00,0.8036,,MR60BHA2_breath_phase,safenest-node-01
93.2440,0.420000,S001,S001_BREATH_PACED_12_02,1,BREATH_PACED_12,17.00,0.8036,,MR60BHA2_breath_phase,safenest-node-01
93.3440,0.350000,S001,S001_BREATH_PACED_12_02,1,BREATH_PACED_12,17.00,0.8036,,MR60BHA2_breath_phase,safenest-node-01
93.4440,0.210000,S001,S001_BREATH_PACED_12_02,1,BREATH_PACED_12,17.00,0.8036,,MR60BHA2_breath_phase,safenest-node-01
93.5440,0.050000,S001,S001_BREATH_PACED_12_02,1,BREATH_PACED_12,17.00,0.8036,,MR60BHA2_breath_phase,safenest-node-01
93.6450,-0.110000,S001,S001_BREATH_PACED_12_02,1,BREATH_PACED_12,17.00,0.8036,,MR60BHA2_breath_phase,safenest-node-01
93.7450,-0.190000,S001,S001_BREATH_PACED_12_02,1,BREATH_PACED_12,17.00,0.8036,,MR60BHA2_breath_phase,safenest-node-01
93.8460,-0.330000,S001,S001_BREATH_PACED_12_02,1,BREATH_PACED_12,17.00,0.8036,,MR60BHA2_breath_phase,safenest-node-01
93.9460,-0.400000,S001,S001_BREATH_PACED_12_02,1,BREATH_PACED_12,17.00,0.8036,,MR60BHA2_breath_phase,safenest-node-01
94.0460,-0.510000,S001,S001_BREATH_PACED_12_02,1,BREATH_PACED_12,17.00,0.8036,,MR60BHA2_breath_phase,safenest-node-01
94.1460,-0.610000,S001,S001_BREATH_PACED_12_02,1,BREATH_PACED_12,17.00,0.8036,,MR60BHA2_breath_phase,safenest-node-01
94.2460,-0.640000,S001,S001_BREATH_PACED_12_02,1,BREATH_PACED_12,17.00,0.8036,,MR60BHA2_breath_phase,safenest-node-01
94.3460,-0.700000,S001,S001_BREATH_PACED_12_02,1,BREATH_PACED_12,18.00,0.8036,,MR60BHA2_breath_phase,safenest-node-01
94.4460,-0.720000,S001,S001_BREATH_PACED_12_02,1,BREATH_PACED_12,18.00,0.8036,,MR60BHA2_breath_phase,safenest-node-01
94.5460,-0.740000,S001,S001_BREATH_PACED_12_02,1,BREATH_PACED_12,18.00,0.8036,,MR60BHA2_breath_phase,safenest-node-01
94.6460,-0.740000,S001,S001_BREATH_PACED_12_02,1,BREATH_PACED_12,18.00,0.8036,,MR60BHA2_breath_phase,safenest-node-01
94.7460,-0.730000,S001,S001_BREATH_PACED_12_02,1,BREATH_PACED_12,18.00,0.8036,,MR60BHA2_breath_phase,safenest-node-01
94.8460,-0.710000,S001,S001_BREATH_PACED_12_02,1,BREATH_PACED_12,18.00,0.8036,,MR60BHA2_breath_phase,safenest-node-01
94.9460,-0.690000,S001,S001_BREATH_PACED_12_02,1,BREATH_PACED_12,18.00,0.8036,,MR60BHA2_breath_phase,safenest-node-01
95.0460,-0.640000,S001,S001_BREATH_PACED_12_02,1,BREATH_PACED_12,18.00,0.8036,,MR60BHA2_breath_phase,safenest-node-01
95.1460,-0.580000,S001,S001_BREATH_PACED_12_02,1,BREATH_PACED_12,18.00,0.8036,,MR60BHA2_breath_phase,safenest-node-01
95.2460,-0.540000,S001,S001_BREATH_PACED_12_02,1,BREATH_PACED_12,18.00,0.8036,,MR60BHA2_breath_phase,safenest-node-01
95.3460,-0.460000,S001,S001_BREATH_PACED_12_02,1,BREATH_PACED_12,18.00,0.8036,,MR60BHA2_breath_phase,safenest-node-01
95.4460,-0.420000,S001,S001_BREATH_PACED_12_02,1,BREATH_PACED_12,18.00,0.8036,,MR60BHA2_breath_phase,safenest-node-01
95.5460,-0.340000,S001,S001_BREATH_PACED_12_02,1,BREATH_PACED_12,18.00,0.8036,,MR60BHA2_breath_phase,safenest-node-01
95.6460,-0.250000,S001,S001_BREATH_PACED_12_02,1,BREATH_PACED_12,18.00,0.8036,,MR60BHA2_breath_phase,safenest-node-01
95.7470,-0.210000,S001,S001_BREATH_PACED_12_02,1,BREATH_PACED_12,18.00,0.8036,,MR60BHA2_breath_phase,safenest-node-01
95.8470,-0.120000,S001,S001_BREATH_PACED_12_02,1,BREATH_PACED_12,18.00,0.8036,,MR60BHA2_breath_phase,safenest-node-01
95.9470,-0.080000,S001,S001_BREATH_PACED_12_02,1,BREATH_PACED_12,18.00,0.8036,,MR60BHA2_breath_phase,safenest-node-01
96.0470,0.010000,S001,S001_BREATH_PACED_12_02,1,BREATH_PACED_12,18.00,0.8036,,MR60BHA2_breath_phase,safenest-node-01
96.1470,0.100000,S001,S001_BREATH_PACED_12_02,1,BREATH_PACED_12,18.00,0.8610,,MR60BHA2_breath_phase,safenest-node-01
96.2480,0.170000,S001,S001_BREATH_PACED_12_02,1,BREATH_PACED_12,18.00,0.8610,,MR60BHA2_breath_phase,safenest-node-01
96.3480,0.210000,S001,S001_BREATH_PACED_12_02,1,BREATH_PACED_12,18.00,0.8610,,MR60BHA2_breath_phase,safenest-node-01
96.4480,0.270000,S001,S001_BREATH_PACED_12_02,1,BREATH_PACED_12,18.00,0.8610,,MR60BHA2_breath_phase,safenest-node-01
96.5480,0.300000,S001,S001_BREATH_PACED_12_02,1,BREATH_PACED_12,18.00,0.8610,,MR60BHA2_breath_phase,safenest-node-01
96.6480,0.340000,S001,S001_BREATH_PACED_12_02,1,BREATH_PACED_12,18.00,0.8610,,MR60BHA2_breath_phase,safenest-node-01
96.7480,0.360000,S001,S001_BREATH_PACED_12_02,1,BREATH_PACED_12,18.00,0.8610,,MR60BHA2_breath_phase,safenest-node-01
96.8480,0.370000,S001,S001_BREATH_PACED_12_02,1,BREATH_PACED_12,18.00,0.8610,,MR60BHA2_breath_phase,safenest-node-01
96.9480,0.370000,S001,S001_BREATH_PACED_12_02,1,BREATH_PACED_12,18.00,0.8610,,MR60BHA2_breath_phase,safenest-node-01
97.0480,0.360000,S001,S001_BREATH_PACED_12_02,1,BREATH_PACED_12,18.00,0.8610,,MR60BHA2_breath_phase,safenest-node-01
97.1480,0.340000,S001,S001_BREATH_PACED_12_02,1,BREATH_PACED_12,18.00,0.8610,,MR60BHA2_breath_phase,safenest-node-01
97.2480,0.310000,S001,S001_BREATH_PACED_12_02,1,BREATH_PACED_12,17.00,0.8610,,MR60BHA2_breath_phase,safenest-node-01
97.3480,0.290000,S001,S001_BREATH_PACED_12_02,1,BREATH_PACED_12,17.00,0.8610,,MR60BHA2_breath_phase,safenest-node-01
97.4480,0.270000,S001,S001_BREATH_PACED_12_02,1,BREATH_PACED_12,17.00,0.8610,,MR60BHA2_breath_phase,safenest-node-01
97.5480,0.270000,S001,S001_BREATH_PACED_12_02,1,BREATH_PACED_12,17.00,0.8610,,MR60BHA2_breath_phase,safenest-node-01
97.6480,0.270000,S001,S001_BREATH_PACED_12_02,1,BREATH_PACED_12,17.00,0.8610,,MR60BHA2_breath_phase,safenest-node-01
97.7480,0.290000,S001,S001_BREATH_PACED_12_02,1,BREATH_PACED_12,17.00,0.8610,,MR60BHA2_breath_phase,safenest-node-01
97.8490,0.300000,S001,S001_BREATH_PACED_12_02,1,BREATH_PACED_12,17.00,0.8610,,MR60BHA2_breath_phase,safenest-node-01
97.9490,0.340000,S001,S001_BREATH_PACED_12_02,1,BREATH_PACED_12,17.00,0.8610,,MR60BHA2_breath_phase,safenest-node-01
98.0490,0.360000,S001,S001_BREATH_PACED_12_02,1,BREATH_PACED_12,16.00,0.8610,,MR60BHA2_breath_phase,safenest-node-01
98.1490,0.410000,S001,S001_BREATH_PACED_12_02,1,BREATH_PACED_12,16.00,0.8610,,MR60BHA2_breath_phase,safenest-node-01
98.2490,0.460000,S001,S001_BREATH_PACED_12_02,1,BREATH_PACED_12,16.00,0.8036,,MR60BHA2_breath_phase,safenest-node-01
98.3500,0.500000,S001,S001_BREATH_PACED_12_02,1,BREATH_PACED_12,16.00,0.8036,,MR60BHA2_breath_phase,safenest-node-01
98.4500,0.510000,S001,S001_BREATH_PACED_12_02,1,BREATH_PACED_12,16.00,0.8036,,MR60BHA2_breath_phase,safenest-node-01
98.5500,0.520000,S001,S001_BREATH_PACED_12_02,1,BREATH_PACED_12,16.00,0.8036,,MR60BHA2_breath_phase,safenest-node-01
98.6500,0.520000,S001,S001_BREATH_PACED_12_02,1,BREATH_PACED_12,16.00,0.8036,,MR60BHA2_breath_phase,safenest-node-01
98.7500,0.490000,S001,S001_BREATH_PACED_12_02,1,BREATH_PACED_12,16.00,0.8036,,MR60BHA2_breath_phase,safenest-node-01
98.8500,0.430000,S001,S001_BREATH_PACED_12_02,1,BREATH_PACED_12,16.00,0.8036,,MR60BHA2_breath_phase,safenest-node-01
98.9500,0.390000,S001,S001_BREATH_PACED_12_02,1,BREATH_PACED_12,16.00,0.8036,,MR60BHA2_breath_phase,safenest-node-01
99.0500,0.290000,S001,S001_BREATH_PACED_12_02,1,BREATH_PACED_12,16.00,0.8036,,MR60BHA2_breath_phase,safenest-node-01
99.1500,0.220000,S001,S001_BREATH_PACED_12_02,1,BREATH_PACED_12,16.00,0.8036,,MR60BHA2_breath_phase,safenest-node-01
99.2500,0.070000,S001,S001_BREATH_PACED_12_02,1,BREATH_PACED_12,16.00,0.8036,,MR60BHA2_breath_phase,safenest-node-01
99.3500,-0.100000,S001,S001_BREATH_PACED_12_02,1,BREATH_PACED_12,15.00,0.8036,,MR60BHA2_breath_phase,safenest-node-01
99.4510,-0.200000,S001,S001_BREATH_PACED_12_02,1,BREATH_PACED_12,15.00,0.8036,,MR60BHA2_breath_phase,safenest-node-01
99.5510,-0.390000,S001,S001_BREATH_PACED_12_02,1,BREATH_PACED_12,15.00,0.8036,,MR60BHA2_breath_phase,safenest-node-01
99.6510,-0.490000,S001,S001_BREATH_PACED_12_02,1,BREATH_PACED_12,15.00,0.8036,,MR60BHA2_breath_phase,safenest-node-01
99.7510,-0.660000,S001,S001_BREATH_PACED_12_02,1,BREATH_PACED_12,15.00,0.8036,,MR60BHA2_breath_phase,safenest-node-01
99.8510,-0.820000,S001,S001_BREATH_PACED_12_02,1,BREATH_PACED_12,15.00,0.8036,,MR60BHA2_breath_phase,safenest-node-01
99.9510,-0.930000,S001,S001_BREATH_PACED_12_02,1,BREATH_PACED_12,15.00,0.8036,,MR60BHA2_breath_phase,safenest-node-01
100.0510,-0.970000,S001,S001_BREATH_PACED_12_02,1,BREATH_PACED_12,15.00,0.8036,,MR60BHA2_breath_phase,safenest-node-01
100.1510,-0.990000,S001,S001_BREATH_PACED_12_02,1,BREATH_PACED_12,15.00,0.8036,,MR60BHA2_breath_phase,safenest-node-01
100.2510,-1.000000,S001,S001_BREATH_PACED_12_02,1,BREATH_PACED_12,15.00,0.8036,,MR60BHA2_breath_phase,safenest-node-01
100.3510,-0.970000,S001,S001_BREATH_PACED_12_02,1,BREATH_PACED_12,15.00,0.8036,,MR60BHA2_breath_phase,safenest-node-01
100.4510,-0.880000,S001,S001_BREATH_PACED_12_02,1,BREATH_PACED_12,15.00,0.8036,,MR60BHA2_breath_phase,safenest-node-01
100.5510,-0.820000,S001,S001_BREATH_PACED_12_02,1,BREATH_PACED_12,15.00,0.8036,,MR60BHA2_breath_phase,safenest-node-01
100.6510,-0.680000,S001,S001_BREATH_PACED_12_02,1,BREATH_PACED_12,15.00,0.8036,,MR60BHA2_breath_phase,safenest-node-01
100.7510,-0.600000,S001,S001_BREATH_PACED_12_02,1,BREATH_PACED_12,15.00,0.8036,,MR60BHA2_breath_phase,safenest-node-01
100.8510,-0.430000,S001,S001_BREATH_PACED_12_02,1,BREATH_PACED_12,15.00,0.8036,,MR60BHA2_breath_phase,safenest-node-01
100.9510,-0.250000,S001,S001_BREATH_PACED_12_02,1,BREATH_PACED_12,15.00,0.8036,,MR60BHA2_breath_phase,safenest-node-01
101.0510,-0.160000,S001,S001_BREATH_PACED_12_02,1,BREATH_PACED_12,15.00,0.8036,,MR60BHA2_breath_phase,safenest-node-01
101.1510,0.000000,S001,S001_BREATH_PACED_12_02,1,BREATH_PACED_12,15.00,0.8036,,MR60BHA2_breath_phase,safenest-node-01
101.2510,0.080000,S001,S001_BREATH_PACED_12_02,1,BREATH_PACED_12,15.00,0.8036,,MR60BHA2_breath_phase,safenest-node-01
101.3510,0.220000,S001,S001_BREATH_PACED_12_02,1,BREATH_PACED_12,15.00,0.8036,,MR60BHA2_breath_phase,safenest-node-01
101.4510,0.330000,S001,S001_BREATH_PACED_12_02,1,BREATH_PACED_12,15.00,0.8036,,MR60BHA2_breath_phase,safenest-node-01
101.5520,0.380000,S001,S001_BREATH_PACED_12_02,1,BREATH_PACED_12,15.00,0.8036,,MR60BHA2_breath_phase,safenest-node-01
101.6520,0.450000,S001,S001_BREATH_PACED_12_02,1,BREATH_PACED_12,15.00,0.8036,,MR60BHA2_breath_phase,safenest-node-01
101.7520,0.480000,S001,S001_BREATH_PACED_12_02,1,BREATH_PACED_12,15.00,0.8036,,MR60BHA2_breath_phase,safenest-node-01
101.8520,0.520000,S001,S001_BREATH_PACED_12_02,1,BREATH_PACED_12,15.00,0.8036,,MR60BHA2_breath_phase,safenest-node-01
101.9520,0.550000,S001,S001_BREATH_PACED_12_02,1,BREATH_PACED_12,15.00,0.8036,,MR60BHA2_breath_phase,safenest-node-01
102.0520,0.550000,S001,S001_BREATH_PACED_12_02,1,BREATH_PACED_12,15.00,0.8036,,MR60BHA2_breath_phase,safenest-node-01
102.1520,0.550000,S001,S001_BREATH_PACED_12_02,1,BREATH_PACED_12,15.00,0.8036,,MR60BHA2_breath_phase,safenest-node-01
102.2520,0.530000,S001,S001_BREATH_PACED_12_02,1,BREATH_PACED_12,14.00,0.8036,,MR60BHA2_breath_phase,safenest-node-01
102.3520,0.520000,S001,S001_BREATH_PACED_12_02,1,BREATH_PACED_12,14.00,0.8036,,MR60BHA2_breath_phase,safenest-node-01
102.4520,0.500000,S001,S001_BREATH_PACED_12_02,1,BREATH_PACED_12,14.00,0.8036,,MR60BHA2_breath_phase,safenest-node-01
102.5520,0.460000,S001,S001_BREATH_PACED_12_02,1,BREATH_PACED_12,14.00,0.8036,,MR60BHA2_breath_phase,safenest-node-01
102.6520,0.450000,S001,S001_BREATH_PACED_12_02,1,BREATH_PACED_12,14.00,0.8036,,MR60BHA2_breath_phase,safenest-node-01
102.7520,0.410000,S001,S001_BREATH_PACED_12_02,1,BREATH_PACED_12,14.00,0.8036,,MR60BHA2_breath_phase,safenest-node-01
102.8520,0.390000,S001,S001_BREATH_PACED_12_02,1,BREATH_PACED_12,14.00,0.8036,,MR60BHA2_breath_phase,safenest-node-01
102.9520,0.340000,S001,S001_BREATH_PACED_12_02,1,BREATH_PACED_12,14.00,0.8036,,MR60BHA2_breath_phase,safenest-node-01
103.0520,0.300000,S001,S001_BREATH_PACED_12_02,1,BREATH_PACED_12,14.00,0.8036,,MR60BHA2_breath_phase,safenest-node-01
103.1520,0.270000,S001,S001_BREATH_PACED_12_02,1,BREATH_PACED_12,14.00,0.8036,,MR60BHA2_breath_phase,safenest-node-01
103.2520,0.220000,S001,S001_BREATH_PACED_12_02,1,BREATH_PACED_12,14.00,0.8036,,MR60BHA2_breath_phase,safenest-node-01
103.3520,0.200000,S001,S001_BREATH_PACED_12_02,1,BREATH_PACED_12,14.00,0.8036,,MR60BHA2_breath_phase,safenest-node-01
103.4520,0.140000,S001,S001_BREATH_PACED_12_02,1,BREATH_PACED_12,14.00,0.8036,,MR60BHA2_breath_phase,safenest-node-01
103.5520,0.080000,S001,S001_BREATH_PACED_12_02,1,BREATH_PACED_12,14.00,0.8036,,MR60BHA2_breath_phase,safenest-node-01
103.6520,0.050000,S001,S001_BREATH_PACED_12_02,1,BREATH_PACED_12,14.00,0.8036,,MR60BHA2_breath_phase,safenest-node-01
103.7520,-0.020000,S001,S001_BREATH_PACED_12_02,1,BREATH_PACED_12,14.00,0.8036,,MR60BHA2_breath_phase,safenest-node-01
103.8520,-0.050000,S001,S001_BREATH_PACED_12_02,1,BREATH_PACED_12,14.00,0.8036,,MR60BHA2_breath_phase,safenest-node-01
103.9520,-0.120000,S001,S001_BREATH_PACED_12_02,1,BREATH_PACED_12,14.00,0.8036,,MR60BHA2_breath_phase,safenest-node-01
104.0520,-0.190000,S001,S001_BREATH_PACED_12_02,1,BREATH_PACED_12,14.00,0.8036,,MR60BHA2_breath_phase,safenest-node-01
104.1520,-0.260000,S001,S001_BREATH_PACED_12_02,1,BREATH_PACED_12,14.00,0.8036,,MR60BHA2_breath_phase,safenest-node-01
104.2520,-0.300000,S001,S001_BREATH_PACED_12_02,1,BREATH_PACED_12,14.00,0.8036,,MR60BHA2_breath_phase,safenest-node-01
104.3520,-0.360000,S001,S001_BREATH_PACED_12_02,1,BREATH_PACED_12,14.00,0.8036,,MR60BHA2_breath_phase,safenest-node-01
104.4520,-0.400000,S001,S001_BREATH_PACED_12_02,1,BREATH_PACED_12,14.00,0.8036,,MR60BHA2_breath_phase,safenest-node-01
104.5520,-0.450000,S001,S001_BREATH_PACED_12_02,1,BREATH_PACED_12,14.00,0.8036,,MR60BHA2_breath_phase,safenest-node-01
104.6520,-0.500000,S001,S001_BREATH_PACED_12_02,1,BREATH_PACED_12,14.00,0.8036,,MR60BHA2_breath_phase,safenest-node-01
104.7520,-0.520000,S001,S001_BREATH_PACED_12_02,1,BREATH_PACED_12,14.00,0.8036,,MR60BHA2_breath_phase,safenest-node-01
104.8520,-0.550000,S001,S001_BREATH_PACED_12_02,1,BREATH_PACED_12,15.00,0.8036,,MR60BHA2_breath_phase,safenest-node-01
104.9520,-0.550000,S001,S001_BREATH_PACED_12_02,1,BREATH_PACED_12,15.00,0.8036,,MR60BHA2_breath_phase,safenest-node-01
105.0520,-0.550000,S001,S001_BREATH_PACED_12_02,1,BREATH_PACED_12,15.00,0.8036,,MR60BHA2_breath_phase,safenest-node-01
105.1520,-0.530000,S001,S001_BREATH_PACED_12_02,1,BREATH_PACED_12,15.00,0.8036,,MR60BHA2_breath_phase,safenest-node-01
105.2530,-0.520000,S001,S001_BREATH_PACED_12_02,1,BREATH_PACED_12,15.00,0.8036,,MR60BHA2_breath_phase,safenest-node-01
105.3530,-0.460000,S001,S001_BREATH_PACED_12_02,1,BREATH_PACED_12,15.00,0.8036,,MR60BHA2_breath_phase,safenest-node-01
105.4530,-0.430000,S001,S001_BREATH_PACED_12_02,1,BREATH_PACED_12,16.00,0.8036,,MR60BHA2_breath_phase,safenest-node-01
105.5530,-0.350000,S001,S001_BREATH_PACED_12_02,1,BREATH_PACED_12,16.00,0.8036,,MR60BHA2_breath_phase,safenest-node-01
105.6530,-0.260000,S001,S001_BREATH_PACED_12_02,1,BREATH_PACED_12,16.00,0.8036,,MR60BHA2_breath_phase,safenest-node-01
105.7540,-0.170000,S001,S001_BREATH_PACED_12_02,1,BREATH_PACED_12,16.00,0.8036,,MR60BHA2_breath_phase,safenest-node-01
105.8540,-0.120000,S001,S001_BREATH_PACED_12_02,1,BREATH_PACED_12,16.00,0.8036,,MR60BHA2_breath_phase,safenest-node-01
105.9540,-0.020000,S001,S001_BREATH_PACED_12_02,1,BREATH_PACED_12,16.00,0.8036,,MR60BHA2_breath_phase,safenest-node-01
106.0540,0.030000,S001,S001_BREATH_PACED_12_02,1,BREATH_PACED_12,16.00,0.8036,,MR60BHA2_breath_phase,safenest-node-01
106.1540,0.120000,S001,S001_BREATH_PACED_12_02,1,BREATH_PACED_12,16.00,0.8036,,MR60BHA2_breath_phase,safenest-node-01
106.2540,0.200000,S001,S001_BREATH_PACED_12_02,1,BREATH_PACED_12,16.00,0.8036,,MR60BHA2_breath_phase,safenest-node-01
106.3540,0.240000,S001,S001_BREATH_PACED_12_02,1,BREATH_PACED_12,16.00,0.8036,,MR60BHA2_breath_phase,safenest-node-01
106.4540,0.320000,S001,S001_BREATH_PACED_12_02,1,BREATH_PACED_12,16.00,0.8036,,MR60BHA2_breath_phase,safenest-node-01
106.5540,0.350000,S001,S001_BREATH_PACED_12_02,1,BREATH_PACED_12,16.00,0.8036,,MR60BHA2_breath_phase,safenest-node-01
106.6540,0.420000,S001,S001_BREATH_PACED_12_02,1,BREATH_PACED_12,16.00,0.8036,,MR60BHA2_breath_phase,safenest-node-01
106.7540,0.480000,S001,S001_BREATH_PACED_12_02,1,BREATH_PACED_12,16.00,0.8036,,MR60BHA2_breath_phase,safenest-node-01
106.8540,0.500000,S001,S001_BREATH_PACED_12_02,1,BREATH_PACED_12,16.00,0.8036,,MR60BHA2_breath_phase,safenest-node-01
106.9540,0.560000,S001,S001_BREATH_PACED_12_02,1,BREATH_PACED_12,16.00,0.8036,,MR60BHA2_breath_phase,safenest-node-01
107.0540,0.580000,S001,S001_BREATH_PACED_12_02,1,BREATH_PACED_12,16.00,0.8036,,MR60BHA2_breath_phase,safenest-node-01
107.1540,0.620000,S001,S001_BREATH_PACED_12_02,1,BREATH_PACED_12,16.00,0.8036,,MR60BHA2_breath_phase,safenest-node-01
107.2540,0.640000,S001,S001_BREATH_PACED_12_02,1,BREATH_PACED_12,16.00,0.8036,,MR60BHA2_breath_phase,safenest-node-01
107.3550,0.660000,S001,S001_BREATH_PACED_12_02,1,BREATH_PACED_12,16.00,0.8036,,MR60BHA2_breath_phase,safenest-node-01
107.4550,0.660000,S001,S001_BREATH_PACED_12_02,1,BREATH_PACED_12,15.00,0.8036,,MR60BHA2_breath_phase,safenest-node-01
107.5550,0.650000,S001,S001_BREATH_PACED_12_02,1,BREATH_PACED_12,15.00,0.8036,,MR60BHA2_breath_phase,safenest-node-01
107.6550,0.630000,S001,S001_BREATH_PACED_12_02,1,BREATH_PACED_12,15.00,0.8036,,MR60BHA2_breath_phase,safenest-node-01
107.7550,0.590000,S001,S001_BREATH_PACED_12_02,1,BREATH_PACED_12,15.00,0.8036,,MR60BHA2_breath_phase,safenest-node-01
107.8550,0.530000,S001,S001_BREATH_PACED_12_02,1,BREATH_PACED_12,15.00,0.8036,,MR60BHA2_breath_phase,safenest-node-01
107.9550,0.490000,S001,S001_BREATH_PACED_12_02,1,BREATH_PACED_12,15.00,0.8036,,MR60BHA2_breath_phase,safenest-node-01
108.0550,0.400000,S001,S001_BREATH_PACED_12_02,1,BREATH_PACED_12,15.00,0.8036,,MR60BHA2_breath_phase,safenest-node-01
108.1550,0.350000,S001,S001_BREATH_PACED_12_02,1,BREATH_PACED_12,15.00,0.8036,,MR60BHA2_breath_phase,safenest-node-01
108.2550,0.240000,S001,S001_BREATH_PACED_12_02,1,BREATH_PACED_12,15.00,0.8036,,MR60BHA2_breath_phase,safenest-node-01
108.3550,0.120000,S001,S001_BREATH_PACED_12_02,1,BREATH_PACED_12,15.00,0.8036,,MR60BHA2_breath_phase,safenest-node-01
108.4550,0.050000,S001,S001_BREATH_PACED_12_02,1,BREATH_PACED_12,15.00,0.8036,,MR60BHA2_breath_phase,safenest-node-01
108.5550,-0.070000,S001,S001_BREATH_PACED_12_02,1,BREATH_PACED_12,15.00,0.8036,,MR60BHA2_breath_phase,safenest-node-01
108.6550,-0.140000,S001,S001_BREATH_PACED_12_02,1,BREATH_PACED_12,15.00,0.8036,,MR60BHA2_breath_phase,safenest-node-01
108.7550,-0.260000,S001,S001_BREATH_PACED_12_02,1,BREATH_PACED_12,15.00,0.8036,,MR60BHA2_breath_phase,safenest-node-01
108.8550,-0.370000,S001,S001_BREATH_PACED_12_02,1,BREATH_PACED_12,15.00,0.8036,,MR60BHA2_breath_phase,safenest-node-01
108.9550,-0.430000,S001,S001_BREATH_PACED_12_02,1,BREATH_PACED_12,15.00,0.8036,,MR60BHA2_breath_phase,safenest-node-01
109.0550,-0.520000,S001,S001_BREATH_PACED_12_02,1,BREATH_PACED_12,15.00,0.8036,,MR60BHA2_breath_phase,safenest-node-01
109.1550,-0.560000,S001,S001_BREATH_PACED_12_02,1,BREATH_PACED_12,15.00,0.8036,,MR60BHA2_breath_phase,safenest-node-01
109.2550,-0.630000,S001,S001_BREATH_PACED_12_02,1,BREATH_PACED_12,15.00,0.8036,,MR60BHA2_breath_phase,safenest-node-01
109.3550,-0.680000,S001,S001_BREATH_PACED_12_02,1,BREATH_PACED_12,15.00,0.8036,,MR60BHA2_breath_phase,safenest-node-01
109.4560,-0.710000,S001,S001_BREATH_PACED_12_02,1,BREATH_PACED_12,15.00,0.8036,,MR60BHA2_breath_phase,safenest-node-01
109.5560,-0.740000,S001,S001_BREATH_PACED_12_02,1,BREATH_PACED_12,15.00,0.8036,,MR60BHA2_breath_phase,safenest-node-01
109.6560,-0.750000,S001,S001_BREATH_PACED_12_02,1,BREATH_PACED_12,15.00,0.8036,,MR60BHA2_breath_phase,safenest-node-01
109.7560,-0.750000,S001,S001_BREATH_PACED_12_02,1,BREATH_PACED_12,15.00,0.8036,,MR60BHA2_breath_phase,safenest-node-01
109.8560,-0.740000,S001,S001_BREATH_PACED_12_02,1,BREATH_PACED_12,15.00,0.8036,,MR60BHA2_breath_phase,safenest-node-01
109.9570,-0.700000,S001,S001_BREATH_PACED_12_02,1,BREATH_PACED_12,15.00,0.8036,,MR60BHA2_breath_phase,safenest-node-01
110.0570,-0.680000,S001,S001_BREATH_PACED_12_02,1,BREATH_PACED_12,15.00,0.8036,,MR60BHA2_breath_phase,safenest-node-01
110.1570,-0.620000,S001,S001_BREATH_PACED_12_02,1,BREATH_PACED_12,15.00,0.8036,,MR60BHA2_breath_phase,safenest-node-01
110.2570,-0.580000,S001,S001_BREATH_PACED_12_02,1,BREATH_PACED_12,14.00,0.8036,,MR60BHA2_breath_phase,safenest-node-01
110.3570,-0.490000,S001,S001_BREATH_PACED_12_02,1,BREATH_PACED_12,14.00,0.8036,,MR60BHA2_breath_phase,safenest-node-01
110.4570,-0.390000,S001,S001_BREATH_PACED_12_02,1,BREATH_PACED_12,14.00,0.8036,,MR60BHA2_breath_phase,safenest-node-01
110.5570,-0.340000,S001,S001_BREATH_PACED_12_02,1,BREATH_PACED_12,14.00,0.8036,,MR60BHA2_breath_phase,safenest-node-01
110.6570,-0.230000,S001,S001_BREATH_PACED_12_02,1,BREATH_PACED_12,14.00,0.8036,,MR60BHA2_breath_phase,safenest-node-01
110.7570,-0.180000,S001,S001_BREATH_PACED_12_02,1,BREATH_PACED_12,14.00,0.8036,,MR60BHA2_breath_phase,safenest-node-01
110.8570,-0.070000,S001,S001_BREATH_PACED_12_02,1,BREATH_PACED_12,14.00,0.8036,,MR60BHA2_breath_phase,safenest-node-01
110.9570,0.040000,S001,S001_BREATH_PACED_12_02,1,BREATH_PACED_12,14.00,0.8036,,MR60BHA2_breath_phase,safenest-node-01
111.0570,0.100000,S001,S001_BREATH_PACED_12_02,1,BREATH_PACED_12,14.00,0.8036,,MR60BHA2_breath_phase,safenest-node-01
111.1570,0.200000,S001,S001_BREATH_PACED_12_02,1,BREATH_PACED_12,14.00,0.8036,,MR60BHA2_breath_phase,safenest-node-01
111.2570,0.260000,S001,S001_BREATH_PACED_12_02,1,BREATH_PACED_12,14.00,0.8036,,MR60BHA2_breath_phase,safenest-node-01
111.3570,0.360000,S001,S001_BREATH_PACED_12_02,1,BREATH_PACED_12,14.00,0.8036,,MR60BHA2_breath_phase,safenest-node-01
111.4570,0.460000,S001,S001_BREATH_PACED_12_02,1,BREATH_PACED_12,14.00,0.8036,,MR60BHA2_breath_phase,safenest-node-01
111.5570,0.540000,S001,S001_BREATH_PACED_12_02,1,BREATH_PACED_12,14.00,0.8036,,MR60BHA2_breath_phase,safenest-node-01
111.6570,0.580000,S001,S001_BREATH_PACED_12_02,1,BREATH_PACED_12,14.00,0.8036,,MR60BHA2_breath_phase,safenest-node-01
111.7570,0.620000,S001,S001_BREATH_PACED_12_02,1,BREATH_PACED_12,14.00,0.8036,,MR60BHA2_breath_phase,safenest-node-01
111.8570,0.670000,S001,S001_BREATH_PACED_12_02,1,BREATH_PACED_12,14.00,0.8036,,MR60BHA2_breath_phase,safenest-node-01
111.9570,0.710000,S001,S001_BREATH_PACED_12_02,1,BREATH_PACED_12,14.00,0.8036,,MR60BHA2_breath_phase,safenest-node-01
112.0570,0.720000,S001,S001_BREATH_PACED_12_02,1,BREATH_PACED_12,14.00,0.8036,,MR60BHA2_breath_phase,safenest-node-01
112.1570,0.710000,S001,S001_BREATH_PACED_12_02,1,BREATH_PACED_12,14.00,0.8036,,MR60BHA2_breath_phase,safenest-node-01
112.2570,0.690000,S001,S001_BREATH_PACED_12_02,1,BREATH_PACED_12,14.00,0.8036,,MR60BHA2_breath_phase,safenest-node-01
112.3570,0.660000,S001,S001_BREATH_PACED_12_02,1,BREATH_PACED_12,14.00,0.8036,,MR60BHA2_breath_phase,safenest-node-01
112.4570,0.600000,S001,S001_BREATH_PACED_12_02,1,BREATH_PACED_12,14.00,0.8036,,MR60BHA2_breath_phase,safenest-node-01
112.5570,0.510000,S001,S001_BREATH_PACED_12_02,1,BREATH_PACED_12,14.00,0.8036,,MR60BHA2_breath_phase,safenest-node-01
112.6570,0.450000,S001,S001_BREATH_PACED_12_02,1,BREATH_PACED_12,14.00,0.8036,,MR60BHA2_breath_phase,safenest-node-01
112.7570,0.330000,S001,S001_BREATH_PACED_12_02,1,BREATH_PACED_12,14.00,0.8036,,MR60BHA2_breath_phase,safenest-node-01
112.8570,0.270000,S001,S001_BREATH_PACED_12_02,1,BREATH_PACED_12,14.00,0.8036,,MR60BHA2_breath_phase,safenest-node-01
112.9570,0.130000,S001,S001_BREATH_PACED_12_02,1,BREATH_PACED_12,14.00,0.8036,,MR60BHA2_breath_phase,safenest-node-01
113.0570,-0.010000,S001,S001_BREATH_PACED_12_02,1,BREATH_PACED_12,14.00,0.8036,,MR60BHA2_breath_phase,safenest-node-01
113.1570,-0.080000,S001,S001_BREATH_PACED_12_02,1,BREATH_PACED_12,14.00,0.8036,,MR60BHA2_breath_phase,safenest-node-01
113.2570,-0.210000,S001,S001_BREATH_PACED_12_02,1,BREATH_PACED_12,14.00,0.8036,,MR60BHA2_breath_phase,safenest-node-01
113.3570,-0.270000,S001,S001_BREATH_PACED_12_02,1,BREATH_PACED_12,14.00,0.8036,,MR60BHA2_breath_phase,safenest-node-01
113.4570,-0.390000,S001,S001_BREATH_PACED_12_02,1,BREATH_PACED_12,14.00,0.8036,,MR60BHA2_breath_phase,safenest-node-01
113.5570,-0.490000,S001,S001_BREATH_PACED_12_02,1,BREATH_PACED_12,14.00,0.8036,,MR60BHA2_breath_phase,safenest-node-01
113.6570,-0.530000,S001,S001_BREATH_PACED_12_02,1,BREATH_PACED_12,14.00,0.8036,,MR60BHA2_breath_phase,safenest-node-01
113.7570,-0.590000,S001,S001_BREATH_PACED_12_02,1,BREATH_PACED_12,14.00,0.8036,,MR60BHA2_breath_phase,safenest-node-01
113.8580,-0.640000,S001,S001_BREATH_PACED_12_02,1,BREATH_PACED_12,14.00,0.8036,,MR60BHA2_breath_phase,safenest-node-01
113.9580,-0.650000,S001,S001_BREATH_PACED_12_02,1,BREATH_PACED_12,14.00,0.8036,,MR60BHA2_breath_phase,safenest-node-01
114.0580,-0.650000,S001,S001_BREATH_PACED_12_02,1,BREATH_PACED_12,14.00,0.8036,,MR60BHA2_breath_phase,safenest-node-01
114.1580,-0.620000,S001,S001_BREATH_PACED_12_02,1,BREATH_PACED_12,14.00,0.8036,,MR60BHA2_breath_phase,safenest-node-01
114.2580,-0.600000,S001,S001_BREATH_PACED_12_02,1,BREATH_PACED_12,14.00,0.8036,,MR60BHA2_breath_phase,safenest-node-01
114.3580,-0.540000,S001,S001_BREATH_PACED_12_02,1,BREATH_PACED_12,14.00,0.8036,,MR60BHA2_breath_phase,safenest-node-01
114.4580,-0.500000,S001,S001_BREATH_PACED_12_02,1,BREATH_PACED_12,14.00,0.8036,,MR60BHA2_breath_phase,safenest-node-01
114.5580,-0.420000,S001,S001_BREATH_PACED_12_02,1,BREATH_PACED_12,14.00,0.8036,,MR60BHA2_breath_phase,safenest-node-01
114.6580,-0.320000,S001,S001_BREATH_PACED_12_02,1,BREATH_PACED_12,14.00,0.8036,,MR60BHA2_breath_phase,safenest-node-01
114.7580,-0.270000,S001,S001_BREATH_PACED_12_02,1,BREATH_PACED_12,14.00,0.8036,,MR60BHA2_breath_phase,safenest-node-01
114.8580,-0.170000,S001,S001_BREATH_PACED_12_02,1,BREATH_PACED_12,15.00,0.8036,,MR60BHA2_breath_phase,safenest-node-01
114.9580,-0.120000,S001,S001_BREATH_PACED_12_02,1,BREATH_PACED_12,15.00,0.8036,,MR60BHA2_breath_phase,safenest-node-01
115.0580,-0.020000,S001,S001_BREATH_PACED_12_02,1,BREATH_PACED_12,15.00,0.8036,,MR60BHA2_breath_phase,safenest-node-01
115.1580,0.080000,S001,S001_BREATH_PACED_12_02,1,BREATH_PACED_12,15.00,0.8036,,MR60BHA2_breath_phase,safenest-node-01
115.2580,0.120000,S001,S001_BREATH_PACED_12_02,1,BREATH_PACED_12,15.00,0.8036,,MR60BHA2_breath_phase,safenest-node-01
115.3580,0.200000,S001,S001_BREATH_PACED_12_02,1,BREATH_PACED_12,15.00,0.8036,,MR60BHA2_breath_phase,safenest-node-01
115.4580,0.240000,S001,S001_BREATH_PACED_12_02,1,BREATH_PACED_12,16.00,0.8036,,MR60BHA2_breath_phase,safenest-node-01
115.5580,0.310000,S001,S001_BREATH_PACED_12_02,1,BREATH_PACED_12,16.00,0.8036,,MR60BHA2_breath_phase,safenest-node-01
115.6580,0.380000,S001,S001_BREATH_PACED_12_02,1,BREATH_PACED_12,16.00,0.8036,,MR60BHA2_breath_phase,safenest-node-01
115.7580,0.430000,S001,S001_BREATH_PACED_12_02,1,BREATH_PACED_12,16.00,0.8036,,MR60BHA2_breath_phase,safenest-node-01
115.8580,0.460000,S001,S001_BREATH_PACED_12_02,1,BREATH_PACED_12,16.00,0.8036,,MR60BHA2_breath_phase,safenest-node-01
115.9580,0.510000,S001,S001_BREATH_PACED_12_02,1,BREATH_PACED_12,16.00,0.8036,,MR60BHA2_breath_phase,safenest-node-01
116.0580,0.530000,S001,S001_BREATH_PACED_12_02,1,BREATH_PACED_12,16.00,0.8036,,MR60BHA2_breath_phase,safenest-node-01
116.1580,0.560000,S001,S001_BREATH_PACED_12_02,1,BREATH_PACED_12,16.00,0.8036,,MR60BHA2_breath_phase,safenest-node-01
116.2580,0.590000,S001,S001_BREATH_PACED_12_02,1,BREATH_PACED_12,16.00,0.8036,,MR60BHA2_breath_phase,safenest-node-01
116.3580,0.600000,S001,S001_BREATH_PACED_12_02,1,BREATH_PACED_12,16.00,0.8036,,MR60BHA2_breath_phase,safenest-node-01
116.4580,0.600000,S001,S001_BREATH_PACED_12_02,1,BREATH_PACED_12,17.00,0.8036,,MR60BHA2_breath_phase,safenest-node-01
116.5580,0.600000,S001,S001_BREATH_PACED_12_02,1,BREATH_PACED_12,17.00,0.8036,,MR60BHA2_breath_phase,safenest-node-01
116.6580,0.590000,S001,S001_BREATH_PACED_12_02,1,BREATH_PACED_12,17.00,0.8036,,MR60BHA2_breath_phase,safenest-node-01
116.7580,0.570000,S001,S001_BREATH_PACED_12_02,1,BREATH_PACED_12,17.00,0.8036,,MR60BHA2_breath_phase,safenest-node-01
116.8580,0.550000,S001,S001_BREATH_PACED_12_02,1,BREATH_PACED_12,17.00,0.8036,,MR60BHA2_breath_phase,safenest-node-01
116.9580,0.490000,S001,S001_BREATH_PACED_12_02,1,BREATH_PACED_12,17.00,0.8036,,MR60BHA2_breath_phase,safenest-node-01
117.0580,0.460000,S001,S001_BREATH_PACED_12_02,1,BREATH_PACED_12,17.00,0.8036,,MR60BHA2_breath_phase,safenest-node-01
117.1580,0.380000,S001,S001_BREATH_PACED_12_02,1,BREATH_PACED_12,17.00,0.8036,,MR60BHA2_breath_phase,safenest-node-01
117.2580,0.290000,S001,S001_BREATH_PACED_12_02,1,BREATH_PACED_12,17.00,0.8036,,MR60BHA2_breath_phase,safenest-node-01
117.3590,0.240000,S001,S001_BREATH_PACED_12_02,1,BREATH_PACED_12,17.00,0.8036,,MR60BHA2_breath_phase,safenest-node-01
117.4590,0.130000,S001,S001_BREATH_PACED_12_02,1,BREATH_PACED_12,17.00,0.8036,,MR60BHA2_breath_phase,safenest-node-01
117.5590,0.070000,S001,S001_BREATH_PACED_12_02,1,BREATH_PACED_12,17.00,0.8036,,MR60BHA2_breath_phase,safenest-node-01
117.6590,-0.060000,S001,S001_BREATH_PACED_12_02,1,BREATH_PACED_12,17.00,0.8036,,MR60BHA2_breath_phase,safenest-node-01
117.7590,-0.200000,S001,S001_BREATH_PACED_12_02,1,BREATH_PACED_12,18.00,0.8036,,MR60BHA2_breath_phase,safenest-node-01
117.8590,-0.330000,S001,S001_BREATH_PACED_12_02,1,BREATH_PACED_12,18.00,0.8036,,MR60BHA2_breath_phase,safenest-node-01
117.9590,-0.400000,S001,S001_BREATH_PACED_12_02,1,BREATH_PACED_12,18.00,0.8036,,MR60BHA2_breath_phase,safenest-node-01
118.0590,-0.470000,S001,S001_BREATH_PACED_12_02,1,BREATH_PACED_12,18.00,0.8036,,MR60BHA2_breath_phase,safenest-node-01
118.1590,-0.600000,S001,S001_BREATH_PACED_12_02,1,BREATH_PACED_12,18.00,0.8036,,MR60BHA2_breath_phase,safenest-node-01
118.2590,-0.710000,S001,S001_BREATH_PACED_12_02,1,BREATH_PACED_12,18.00,0.8036,,MR60BHA2_breath_phase,safenest-node-01
118.3590,-0.810000,S001,S001_BREATH_PACED_12_02,1,BREATH_PACED_12,18.00,0.8036,,MR60BHA2_breath_phase,safenest-node-01
118.4590,-0.840000,S001,S001_BREATH_PACED_12_02,1,BREATH_PACED_12,18.00,0.8036,,MR60BHA2_breath_phase,safenest-node-01
118.5590,-0.890000,S001,S001_BREATH_PACED_12_02,1,BREATH_PACED_12,18.00,0.8036,,MR60BHA2_breath_phase,safenest-node-01
118.6590,-0.900000,S001,S001_BREATH_PACED_12_02,1,BREATH_PACED_12,18.00,0.8036,,MR60BHA2_breath_phase,safenest-node-01
118.7590,-0.900000,S001,S001_BREATH_PACED_12_02,1,BREATH_PACED_12,18.00,0.8036,,MR60BHA2_breath_phase,safenest-node-01
118.8590,-0.860000,S001,S001_BREATH_PACED_12_02,1,BREATH_PACED_12,18.00,0.8036,,MR60BHA2_breath_phase,safenest-node-01
118.9590,-0.820000,S001,S001_BREATH_PACED_12_02,1,BREATH_PACED_12,18.00,0.8036,,MR60BHA2_breath_phase,safenest-node-01
119.0590,-0.730000,S001,S001_BREATH_PACED_12_02,1,BREATH_PACED_12,18.00,0.8036,,MR60BHA2_breath_phase,safenest-node-01
119.1590,-0.680000,S001,S001_BREATH_PACED_12_02,1,BREATH_PACED_12,18.00,0.8036,,MR60BHA2_breath_phase,safenest-node-01
119.2590,-0.550000,S001,S001_BREATH_PACED_12_02,1,BREATH_PACED_12,18.00,0.8036,,MR60BHA2_breath_phase,safenest-node-01
119.3590,-0.420000,S001,S001_BREATH_PACED_12_02,1,BREATH_PACED_12,18.00,0.8036,,MR60BHA2_breath_phase,safenest-node-01
119.4600,-0.340000,S001,S001_BREATH_PACED_12_02,1,BREATH_PACED_12,18.00,0.8036,,MR60BHA2_breath_phase,safenest-node-01
119.5600,-0.200000,S001,S001_BREATH_PACED_12_02,1,BREATH_PACED_12,18.00,0.8036,,MR60BHA2_breath_phase,safenest-node-01
119.6600,-0.120000,S001,S001_BREATH_PACED_12_02,1,BREATH_PACED_12,18.00,0.8036,,MR60BHA2_breath_phase,safenest-node-01
119.7600,0.020000,S001,S001_BREATH_PACED_12_02,1,BREATH_PACED_12,18.00,0.8036,,MR60BHA2_breath_phase,safenest-node-01
119.8600,0.150000,S001,S001_BREATH_PACED_12_02,1,BREATH_PACED_12,18.00,0.8036,,MR60BHA2_breath_phase,safenest-node-01
119.9600,0.280000,S001,S001_BREATH_PACED_12_02,1,BREATH_PACED_12,18.00,0.8036,,MR60BHA2_breath_phase,safenest-node-01
120.0600,0.330000,S001,S001_BREATH_PACED_12_02,1,BREATH_PACED_12,18.00,0.8036,,MR60BHA2_breath_phase,safenest-node-01
120.1600,0.440000,S001,S001_BREATH_PACED_12_02,1,BREATH_PACED_12,18.00,0.8036,,MR60BHA2_breath_phase,safenest-node-01
120.2600,0.490000,S001,S001_BREATH_PACED_12_02,1,BREATH_PACED_12,18.00,0.8036,,MR60BHA2_breath_phase,safenest-node-01
120.3600,0.570000,S001,S001_BREATH_PACED_12_02,1,BREATH_PACED_12,18.00,0.8036,,MR60BHA2_breath_phase,safenest-node-01
120.4600,0.640000,S001,S001_BREATH_PACED_12_02,1,BREATH_PACED_12,18.00,0.8036,,MR60BHA2_breath_phase,safenest-node-01
120.5600,0.670000,S001,S001_BREATH_PACED_12_02,1,BREATH_PACED_12,18.00,0.8036,,MR60BHA2_breath_phase,safenest-node-01
120.6600,0.710000,S001,S001_BREATH_PACED_12_02,1,BREATH_PACED_12,18.00,0.8036,,MR60BHA2_breath_phase,safenest-node-01
120.7600,0.720000,S001,S001_BREATH_PACED_12_02,1,BREATH_PACED_12,18.00,0.8036,,MR60BHA2_breath_phase,safenest-node-01
120.8600,0.720000,S001,S001_BREATH_PACED_12_02,1,BREATH_PACED_12,18.00,0.8036,,MR60BHA2_breath_phase,safenest-node-01
120.9600,0.710000,S001,S001_BREATH_PACED_12_02,1,BREATH_PACED_12,18.00,0.8036,,MR60BHA2_breath_phase,safenest-node-01
121.0600,0.690000,S001,S001_BREATH_PACED_12_02,1,BREATH_PACED_12,18.00,0.8036,,MR60BHA2_breath_phase,safenest-node-01
121.1600,0.640000,S001,S001_BREATH_PACED_12_02,1,BREATH_PACED_12,17.00,0.8036,,MR60BHA2_breath_phase,safenest-node-01
121.2600,0.610000,S001,S001_BREATH_PACED_12_02,1,BREATH_PACED_12,17.00,0.8036,,MR60BHA2_breath_phase,safenest-node-01
121.3600,0.540000,S001,S001_BREATH_PACED_12_02,1,BREATH_PACED_12,17.00,0.8036,,MR60BHA2_breath_phase,safenest-node-01
121.4600,0.450000,S001,S001_BREATH_PACED_12_02,1,BREATH_PACED_12,17.00,0.8036,,MR60BHA2_breath_phase,safenest-node-01
121.5600,0.400000,S001,S001_BREATH_PACED_12_02,1,BREATH_PACED_12,17.00,0.8036,,MR60BHA2_breath_phase,safenest-node-01
121.6600,0.290000,S001,S001_BREATH_PACED_12_02,1,BREATH_PACED_12,17.00,0.8036,,MR60BHA2_breath_phase,safenest-node-01
121.7600,0.230000,S001,S001_BREATH_PACED_12_02,1,BREATH_PACED_12,17.00,0.8036,,MR60BHA2_breath_phase,safenest-node-01
121.8600,0.110000,S001,S001_BREATH_PACED_12_02,1,BREATH_PACED_12,17.00,0.8036,,MR60BHA2_breath_phase,safenest-node-01
121.9600,-0.010000,S001,S001_BREATH_PACED_12_02,1,BREATH_PACED_12,16.00,0.8036,,MR60BHA2_breath_phase,safenest-node-01
122.0600,-0.130000,S001,S001_BREATH_PACED_12_02,1,BREATH_PACED_12,16.00,0.8036,,MR60BHA2_breath_phase,safenest-node-01
122.1600,-0.190000,S001,S001_BREATH_PACED_12_02,1,BREATH_PACED_12,16.00,0.8036,,MR60BHA2_breath_phase,safenest-node-01
122.2600,-0.290000,S001,S001_BREATH_PACED_12_02,1,BREATH_PACED_12,16.00,0.8036,,MR60BHA2_breath_phase,safenest-node-01
122.3600,-0.330000,S001,S001_BREATH_PACED_12_02,1,BREATH_PACED_12,16.00,0.8036,,MR60BHA2_breath_phase,safenest-node-01
122.4600,-0.420000,S001,S001_BREATH_PACED_12_02,1,BREATH_PACED_12,16.00,0.8036,,MR60BHA2_breath_phase,safenest-node-01
122.5600,-0.490000,S001,S001_BREATH_PACED_12_02,1,BREATH_PACED_12,16.00,0.8036,,MR60BHA2_breath_phase,safenest-node-01
122.6600,-0.510000,S001,S001_BREATH_PACED_12_02,1,BREATH_PACED_12,16.00,0.8036,,MR60BHA2_breath_phase,safenest-node-01
122.7600,-0.560000,S001,S001_BREATH_PACED_12_02,1,BREATH_PACED_12,16.00,0.8036,,MR60BHA2_breath_phase,safenest-node-01
122.8600,-0.580000,S001,S001_BREATH_PACED_12_02,1,BREATH_PACED_12,16.00,0.8036,,MR60BHA2_breath_phase,safenest-node-01
122.9600,-0.600000,S001,S001_BREATH_PACED_12_02,1,BREATH_PACED_12,16.00,0.8036,,MR60BHA2_breath_phase,safenest-node-01
123.0600,-0.600000,S001,S001_BREATH_PACED_12_02,1,BREATH_PACED_12,16.00,0.8036,,MR60BHA2_breath_phase,safenest-node-01
123.1600,-0.590000,S001,S001_BREATH_PACED_12_02,1,BREATH_PACED_12,16.00,0.8036,,MR60BHA2_breath_phase,safenest-node-01
123.2600,-0.570000,S001,S001_BREATH_PACED_12_02,1,BREATH_PACED_12,17.00,0.8036,,MR60BHA2_breath_phase,safenest-node-01
123.3600,-0.560000,S001,S001_BREATH_PACED_12_02,1,BREATH_PACED_12,17.00,0.8036,,MR60BHA2_breath_phase,safenest-node-01
123.4600,-0.510000,S001,S001_BREATH_PACED_12_02,1,BREATH_PACED_12,17.00,0.8036,,MR60BHA2_breath_phase,safenest-node-01
123.5600,-0.450000,S001,S001_BREATH_PACED_12_02,1,BREATH_PACED_12,17.00,0.8036,,MR60BHA2_breath_phase,safenest-node-01
123.6610,-0.420000,S001,S001_BREATH_PACED_12_02,1,BREATH_PACED_12,17.00,0.8036,,MR60BHA2_breath_phase,safenest-node-01
123.7610,-0.350000,S001,S001_BREATH_PACED_12_02,1,BREATH_PACED_12,17.00,0.8036,,MR60BHA2_breath_phase,safenest-node-01
123.8610,-0.310000,S001,S001_BREATH_PACED_12_02,1,BREATH_PACED_12,17.00,0.8036,,MR60BHA2_breath_phase,safenest-node-01
123.9610,-0.220000,S001,S001_BREATH_PACED_12_02,1,BREATH_PACED_12,17.00,0.8036,,MR60BHA2_breath_phase,safenest-node-01
124.0610,-0.130000,S001,S001_BREATH_PACED_12_02,1,BREATH_PACED_12,17.00,0.8036,,MR60BHA2_breath_phase,safenest-node-01
124.1620,-0.040000,S001,S001_BREATH_PACED_12_02,1,BREATH_PACED_12,17.00,0.8036,,MR60BHA2_breath_phase,safenest-node-01
124.2620,0.000000,S001,S001_BREATH_PACED_12_02,1,BREATH_PACED_12,17.00,0.8036,,MR60BHA2_breath_phase,safenest-node-01
124.3620,0.090000,S001,S001_BREATH_PACED_12_02,1,BREATH_PACED_12,17.00,0.8036,,MR60BHA2_breath_phase,safenest-node-01
124.4620,0.140000,S001,S001_BREATH_PACED_12_02,1,BREATH_PACED_12,17.00,0.8036,,MR60BHA2_breath_phase,safenest-node-01
124.5620,0.230000,S001,S001_BREATH_PACED_12_02,1,BREATH_PACED_12,17.00,0.8036,,MR60BHA2_breath_phase,safenest-node-01
124.6620,0.310000,S001,S001_BREATH_PACED_12_02,1,BREATH_PACED_12,18.00,0.8036,,MR60BHA2_breath_phase,safenest-node-01
124.7620,0.360000,S001,S001_BREATH_PACED_12_02,1,BREATH_PACED_12,18.00,0.8036,,MR60BHA2_breath_phase,safenest-node-01
124.8620,0.440000,S001,S001_BREATH_PACED_12_02,1,BREATH_PACED_12,18.00,0.8036,,MR60BHA2_breath_phase,safenest-node-01
124.9620,0.480000,S001,S001_BREATH_PACED_12_02,1,BREATH_PACED_12,18.00,0.8036,,MR60BHA2_breath_phase,safenest-node-01
125.0620,0.550000,S001,S001_BREATH_PACED_12_02,1,BREATH_PACED_12,18.00,0.8036,,MR60BHA2_breath_phase,safenest-node-01
125.1620,0.610000,S001,S001_BREATH_PACED_12_02,1,BREATH_PACED_12,18.00,0.8036,,MR60BHA2_breath_phase,safenest-node-01
125.2620,0.630000,S001,S001_BREATH_PACED_12_02,1,BREATH_PACED_12,18.00,0.8036,,MR60BHA2_breath_phase,safenest-node-01
125.3620,0.660000,S001,S001_BREATH_PACED_12_02,1,BREATH_PACED_12,18.00,0.8036,,MR60BHA2_breath_phase,safenest-node-01
125.4620,0.670000,S001,S001_BREATH_PACED_12_02,1,BREATH_PACED_12,18.00,0.8036,,MR60BHA2_breath_phase,safenest-node-01
125.5620,0.670000,S001,S001_BREATH_PACED_12_02,1,BREATH_PACED_12,18.00,0.8036,,MR60BHA2_breath_phase,safenest-node-01
125.6620,0.640000,S001,S001_BREATH_PACED_12_02,1,BREATH_PACED_12,17.00,0.8036,,MR60BHA2_breath_phase,safenest-node-01
125.7620,0.590000,S001,S001_BREATH_PACED_12_02,1,BREATH_PACED_12,17.00,0.8036,,MR60BHA2_breath_phase,safenest-node-01
125.8620,0.550000,S001,S001_BREATH_PACED_12_02,1,BREATH_PACED_12,17.00,0.8036,,MR60BHA2_breath_phase,safenest-node-01
125.9620,0.510000,S001,S001_BREATH_PACED_12_02,1,BREATH_PACED_12,17.00,0.8036,,MR60BHA2_breath_phase,safenest-node-01
126.0620,0.410000,S001,S001_BREATH_PACED_12_02,1,BREATH_PACED_12,17.00,0.8036,,MR60BHA2_breath_phase,safenest-node-01
126.1620,0.300000,S001,S001_BREATH_PACED_12_02,1,BREATH_PACED_12,17.00,0.8036,,MR60BHA2_breath_phase,safenest-node-01
126.2620,0.170000,S001,S001_BREATH_PACED_12_02,1,BREATH_PACED_12,17.00,0.8036,,MR60BHA2_breath_phase,safenest-node-01
126.3620,0.100000,S001,S001_BREATH_PACED_12_02,1,BREATH_PACED_12,17.00,0.8036,,MR60BHA2_breath_phase,safenest-node-01
126.4620,-0.030000,S001,S001_BREATH_PACED_12_02,1,BREATH_PACED_12,17.00,0.8036,,MR60BHA2_breath_phase,safenest-node-01
126.5620,-0.100000,S001,S001_BREATH_PACED_12_02,1,BREATH_PACED_12,16.00,0.8036,,MR60BHA2_breath_phase,safenest-node-01
126.6620,-0.220000,S001,S001_BREATH_PACED_12_02,1,BREATH_PACED_12,17.00,0.8036,,MR60BHA2_breath_phase,safenest-node-01
126.7620,-0.340000,S001,S001_BREATH_PACED_12_02,1,BREATH_PACED_12,17.00,0.8036,,MR60BHA2_breath_phase,safenest-node-01
126.8620,-0.380000,S001,S001_BREATH_PACED_12_02,1,BREATH_PACED_12,17.00,0.8036,,MR60BHA2_breath_phase,safenest-node-01
126.9620,-0.470000,S001,S001_BREATH_PACED_12_02,1,BREATH_PACED_12,17.00,0.8036,,MR60BHA2_breath_phase,safenest-node-01
127.0620,-0.510000,S001,S001_BREATH_PACED_12_02,1,BREATH_PACED_12,17.00,0.8036,,MR60BHA2_breath_phase,safenest-node-01
127.1620,-0.560000,S001,S001_BREATH_PACED_12_02,1,BREATH_PACED_12,17.00,0.8036,,MR60BHA2_breath_phase,safenest-node-01
127.2620,-0.600000,S001,S001_BREATH_PACED_12_02,1,BREATH_PACED_12,17.00,0.8036,,MR60BHA2_breath_phase,safenest-node-01
127.3620,-0.610000,S001,S001_BREATH_PACED_12_02,1,BREATH_PACED_12,17.00,0.8036,,MR60BHA2_breath_phase,safenest-node-01
127.4620,-0.620000,S001,S001_BREATH_PACED_12_02,1,BREATH_PACED_12,17.00,0.8036,,MR60BHA2_breath_phase,safenest-node-01
127.5620,-0.620000,S001,S001_BREATH_PACED_12_02,1,BREATH_PACED_12,17.00,0.8036,,MR60BHA2_breath_phase,safenest-node-01
127.6620,-0.590000,S001,S001_BREATH_PACED_12_02,1,BREATH_PACED_12,17.00,0.8036,,MR60BHA2_breath_phase,safenest-node-01
127.7620,-0.560000,S001,S001_BREATH_PACED_12_02,1,BREATH_PACED_12,17.00,0.8036,,MR60BHA2_breath_phase,safenest-node-01
127.8620,-0.530000,S001,S001_BREATH_PACED_12_02,1,BREATH_PACED_12,17.00,0.8036,,MR60BHA2_breath_phase,safenest-node-01
127.9620,-0.480000,S001,S001_BREATH_PACED_12_02,1,BREATH_PACED_12,17.00,0.8036,,MR60BHA2_breath_phase,safenest-node-01
128.0620,-0.450000,S001,S001_BREATH_PACED_12_02,1,BREATH_PACED_12,18.00,0.8036,,MR60BHA2_breath_phase,safenest-node-01
128.1620,-0.380000,S001,S001_BREATH_PACED_12_02,1,BREATH_PACED_12,18.00,0.8036,,MR60BHA2_breath_phase,safenest-node-01
128.2620,-0.310000,S001,S001_BREATH_PACED_12_02,1,BREATH_PACED_12,18.00,0.8036,,MR60BHA2_breath_phase,safenest-node-01
128.3630,-0.240000,S001,S001_BREATH_PACED_12_02,1,BREATH_PACED_12,18.00,0.8036,,MR60BHA2_breath_phase,safenest-node-01
128.4630,-0.210000,S001,S001_BREATH_PACED_12_02,1,BREATH_PACED_12,18.00,0.8036,,MR60BHA2_breath_phase,safenest-node-01
128.5630,-0.140000,S001,S001_BREATH_PACED_12_02,1,BREATH_PACED_12,18.00,0.8036,,MR60BHA2_breath_phase,safenest-node-01
128.6630,-0.110000,S001,S001_BREATH_PACED_12_02,1,BREATH_PACED_12,18.00,0.8036,,MR60BHA2_breath_phase,safenest-node-01
128.7630,-0.040000,S001,S001_BREATH_PACED_12_02,1,BREATH_PACED_12,18.00,0.8036,,MR60BHA2_breath_phase,safenest-node-01
128.8630,0.020000,S001,S001_BREATH_PACED_12_02,1,BREATH_PACED_12,18.00,0.8036,,MR60BHA2_breath_phase,safenest-node-01
128.9630,0.050000,S001,S001_BREATH_PACED_12_02,1,BREATH_PACED_12,18.00,0.8036,,MR60BHA2_breath_phase,safenest-node-01
129.0630,0.120000,S001,S001_BREATH_PACED_12_02,1,BREATH_PACED_12,18.00,0.8036,,MR60BHA2_breath_phase,safenest-node-01
129.1630,0.150000,S001,S001_BREATH_PACED_12_02,1,BREATH_PACED_12,18.00,0.8036,,MR60BHA2_breath_phase,safenest-node-01
129.2630,0.210000,S001,S001_BREATH_PACED_12_02,1,BREATH_PACED_12,18.00,0.8036,,MR60BHA2_breath_phase,safenest-node-01
129.3630,0.270000,S001,S001_BREATH_PACED_12_02,1,BREATH_PACED_12,18.00,0.8036,,MR60BHA2_breath_phase,safenest-node-01
129.4630,0.300000,S001,S001_BREATH_PACED_12_02,1,BREATH_PACED_12,18.00,0.8036,,MR60BHA2_breath_phase,safenest-node-01
129.5630,0.350000,S001,S001_BREATH_PACED_12_02,1,BREATH_PACED_12,18.00,0.8036,,MR60BHA2_breath_phase,safenest-node-01
129.6630,0.380000,S001,S001_BREATH_PACED_12_02,1,BREATH_PACED_12,17.00,0.8036,,MR60BHA2_breath_phase,safenest-node-01
129.7630,0.420000,S001,S001_BREATH_PACED_12_02,1,BREATH_PACED_12,17.00,0.8036,,MR60BHA2_breath_phase,safenest-node-01
129.8630,0.450000,S001,S001_BREATH_PACED_12_02,1,BREATH_PACED_12,17.00,0.8036,,MR60BHA2_breath_phase,safenest-node-01
129.9640,0.460000,S001,S001_BREATH_PACED_12_02,1,BREATH_PACED_12,17.00,0.8036,,MR60BHA2_breath_phase,safenest-node-01
130.0640,0.470000,S001,S001_BREATH_PACED_12_02,1,BREATH_PACED_12,17.00,0.8036,,MR60BHA2_breath_phase,safenest-node-01
130.1640,0.480000,S001,S001_BREATH_PACED_12_02,1,BREATH_PACED_12,17.00,0.8036,,MR60BHA2_breath_phase,safenest-node-01
130.2640,0.480000,S001,S001_BREATH_PACED_12_02,1,BREATH_PACED_12,17.00,0.8036,,MR60BHA2_breath_phase,safenest-node-01
130.3640,0.480000,S001,S001_BREATH_PACED_12_02,1,BREATH_PACED_12,17.00,0.8036,,MR60BHA2_breath_phase,safenest-node-01
130.4650,0.480000,S001,S001_BREATH_PACED_12_02,1,BREATH_PACED_12,16.00,0.8036,,MR60BHA2_breath_phase,safenest-node-01
130.5650,0.480000,S001,S001_BREATH_PACED_12_02,1,BREATH_PACED_12,16.00,0.8036,,MR60BHA2_breath_phase,safenest-node-01
130.6650,0.480000,S001,S001_BREATH_PACED_12_02,1,BREATH_PACED_12,16.00,0.8036,,MR60BHA2_breath_phase,safenest-node-01
130.7650,0.470000,S001,S001_BREATH_PACED_12_02,1,BREATH_PACED_12,16.00,0.8036,,MR60BHA2_breath_phase,safenest-node-01
130.8650,0.460000,S001,S001_BREATH_PACED_12_02,1,BREATH_PACED_12,16.00,0.8036,,MR60BHA2_breath_phase,safenest-node-01
130.9650,0.430000,S001,S001_BREATH_PACED_12_02,1,BREATH_PACED_12,16.00,0.8036,,MR60BHA2_breath_phase,safenest-node-01
131.0650,0.410000,S001,S001_BREATH_PACED_12_02,1,BREATH_PACED_12,16.00,0.8036,,MR60BHA2_breath_phase,safenest-node-01
131.1650,0.370000,S001,S001_BREATH_PACED_12_02,1,BREATH_PACED_12,16.00,0.8036,,MR60BHA2_breath_phase,safenest-node-01
131.2650,0.340000,S001,S001_BREATH_PACED_12_02,1,BREATH_PACED_12,16.00,0.8036,,MR60BHA2_breath_phase,safenest-node-01
131.3650,0.270000,S001,S001_BREATH_PACED_12_02,1,BREATH_PACED_12,16.00,0.8036,,MR60BHA2_breath_phase,safenest-node-01
131.4650,0.180000,S001,S001_BREATH_PACED_12_02,1,BREATH_PACED_12,16.00,0.8036,,MR60BHA2_breath_phase,safenest-node-01
131.5650,0.140000,S001,S001_BREATH_PACED_12_02,1,BREATH_PACED_12,16.00,0.8036,,MR60BHA2_breath_phase,safenest-node-01
131.6650,0.040000,S001,S001_BREATH_PACED_12_02,1,BREATH_PACED_12,16.00,0.8036,,MR60BHA2_breath_phase,safenest-node-01
131.7650,-0.010000,S001,S001_BREATH_PACED_12_02,1,BREATH_PACED_12,15.00,0.8036,,MR60BHA2_breath_phase,safenest-node-01
131.8650,-0.120000,S001,S001_BREATH_PACED_12_02,1,BREATH_PACED_12,15.00,0.8036,,MR60BHA2_breath_phase,safenest-node-01
131.9650,-0.220000,S001,S001_BREATH_PACED_12_02,1,BREATH_PACED_12,15.00,0.8036,,MR60BHA2_breath_phase,safenest-node-01
132.0650,-0.260000,S001,S001_BREATH_PACED_12_02,1,BREATH_PACED_12,15.00,0.8036,,MR60BHA2_breath_phase,safenest-node-01
132.1650,-0.350000,S001,S001_BREATH_PACED_12_02,1,BREATH_PACED_12,15.00,0.8036,,MR60BHA2_breath_phase,safenest-node-01
132.2650,-0.390000,S001,S001_BREATH_PACED_12_02,1,BREATH_PACED_12,15.00,0.8036,,MR60BHA2_breath_phase,safenest-node-01
132.3650,-0.450000,S001,S001_BREATH_PACED_12_02,1,BREATH_PACED_12,15.00,0.8036,,MR60BHA2_breath_phase,safenest-node-01
132.4650,-0.500000,S001,S001_BREATH_PACED_12_02,1,BREATH_PACED_12,15.00,0.8036,,MR60BHA2_breath_phase,safenest-node-01
132.5650,-0.520000,S001,S001_BREATH_PACED_12_02,1,BREATH_PACED_12,15.00,0.8036,,MR60BHA2_breath_phase,safenest-node-01
132.6650,-0.540000,S001,S001_BREATH_PACED_12_02,1,BREATH_PACED_12,15.00,0.8036,,MR60BHA2_breath_phase,safenest-node-01
132.7650,-0.540000,S001,S001_BREATH_PACED_12_02,1,BREATH_PACED_12,15.00,0.8036,,MR60BHA2_breath_phase,safenest-node-01
132.8650,-0.540000,S001,S001_BREATH_PACED_12_02,1,BREATH_PACED_12,15.00,0.8036,,MR60BHA2_breath_phase,safenest-node-01
132.9650,-0.520000,S001,S001_BREATH_PACED_12_02,1,BREATH_PACED_12,15.00,0.8036,,MR60BHA2_breath_phase,safenest-node-01
133.0660,-0.500000,S001,S001_BREATH_PACED_12_02,1,BREATH_PACED_12,15.00,0.8036,,MR60BHA2_breath_phase,safenest-node-01
133.1660,-0.490000,S001,S001_BREATH_PACED_12_02,1,BREATH_PACED_12,15.00,0.8036,,MR60BHA2_breath_phase,safenest-node-01
133.2660,-0.450000,S001,S001_BREATH_PACED_12_02,1,BREATH_PACED_12,15.00,0.8036,,MR60BHA2_breath_phase,safenest-node-01
133.3660,-0.430000,S001,S001_BREATH_PACED_12_02,1,BREATH_PACED_12,15.00,0.8036,,MR60BHA2_breath_phase,safenest-node-01
133.4660,-0.380000,S001,S001_BREATH_PACED_12_02,1,BREATH_PACED_12,15.00,0.8036,,MR60BHA2_breath_phase,safenest-node-01
133.5660,-0.330000,S001,S001_BREATH_PACED_12_02,1,BREATH_PACED_12,15.00,0.8036,,MR60BHA2_breath_phase,safenest-node-01
133.6660,-0.300000,S001,S001_BREATH_PACED_12_02,1,BREATH_PACED_12,15.00,0.8036,,MR60BHA2_breath_phase,safenest-node-01
133.7660,-0.230000,S001,S001_BREATH_PACED_12_02,1,BREATH_PACED_12,15.00,0.8036,,MR60BHA2_breath_phase,safenest-node-01
133.8660,-0.200000,S001,S001_BREATH_PACED_12_02,1,BREATH_PACED_12,15.00,0.8036,,MR60BHA2_breath_phase,safenest-node-01
133.9660,-0.130000,S001,S001_BREATH_PACED_12_02,1,BREATH_PACED_12,15.00,0.8036,,MR60BHA2_breath_phase,safenest-node-01
134.0660,-0.070000,S001,S001_BREATH_PACED_12_02,1,BREATH_PACED_12,15.00,0.8036,,MR60BHA2_breath_phase,safenest-node-01
134.1660,-0.040000,S001,S001_BREATH_PACED_12_02,1,BREATH_PACED_12,15.00,0.8036,,MR60BHA2_breath_phase,safenest-node-01
134.2660,0.010000,S001,S001_BREATH_PACED_12_02,1,BREATH_PACED_12,15.00,0.8610,,MR60BHA2_breath_phase,safenest-node-01
134.3660,0.030000,S001,S001_BREATH_PACED_12_02,1,BREATH_PACED_12,15.00,0.8610,,MR60BHA2_breath_phase,safenest-node-01
134.4660,0.070000,S001,S001_BREATH_PACED_12_02,1,BREATH_PACED_12,15.00,0.8610,,MR60BHA2_breath_phase,safenest-node-01
134.5660,0.110000,S001,S001_BREATH_PACED_12_02,1,BREATH_PACED_12,14.00,0.8610,,MR60BHA2_breath_phase,safenest-node-01
134.6660,0.120000,S001,S001_BREATH_PACED_12_02,1,BREATH_PACED_12,14.00,0.8610,,MR60BHA2_breath_phase,safenest-node-01
134.7660,0.140000,S001,S001_BREATH_PACED_12_02,1,BREATH_PACED_12,14.00,0.8610,,MR60BHA2_breath_phase,safenest-node-01
134.8660,0.150000,S001,S001_BREATH_PACED_12_02,1,BREATH_PACED_12,14.00,0.8610,,MR60BHA2_breath_phase,safenest-node-01
134.9660,0.160000,S001,S001_BREATH_PACED_12_02,1,BREATH_PACED_12,14.00,0.8610,,MR60BHA2_breath_phase,safenest-node-01
135.0660,0.170000,S001,S001_BREATH_PACED_12_02,1,BREATH_PACED_12,14.00,0.8610,,MR60BHA2_breath_phase,safenest-node-01
135.1660,0.180000,S001,S001_BREATH_PACED_12_02,1,BREATH_PACED_12,14.00,0.8610,,MR60BHA2_breath_phase,safenest-node-01
135.2660,0.180000,S001,S001_BREATH_PACED_12_02,1,BREATH_PACED_12,14.00,0.8610,,MR60BHA2_breath_phase,safenest-node-01
135.3660,0.200000,S001,S001_BREATH_PACED_12_02,1,BREATH_PACED_12,14.00,0.8610,,MR60BHA2_breath_phase,safenest-node-01
135.4660,0.210000,S001,S001_BREATH_PACED_12_02,1,BREATH_PACED_12,14.00,0.8610,,MR60BHA2_breath_phase,safenest-node-01
135.5660,0.230000,S001,S001_BREATH_PACED_12_02,1,BREATH_PACED_12,14.00,0.8610,,MR60BHA2_breath_phase,safenest-node-01
135.6660,0.250000,S001,S001_BREATH_PACED_12_02,1,BREATH_PACED_12,14.00,0.8610,,MR60BHA2_breath_phase,safenest-node-01
135.7660,0.260000,S001,S001_BREATH_PACED_12_02,1,BREATH_PACED_12,14.00,0.8610,,MR60BHA2_breath_phase,safenest-node-01
135.8660,0.290000,S001,S001_BREATH_PACED_12_02,1,BREATH_PACED_12,14.00,0.8610,,MR60BHA2_breath_phase,safenest-node-01
135.9660,0.300000,S001,S001_BREATH_PACED_12_02,1,BREATH_PACED_12,14.00,0.8610,,MR60BHA2_breath_phase,safenest-node-01
136.0660,0.320000,S001,S001_BREATH_PACED_12_02,1,BREATH_PACED_12,14.00,0.8610,,MR60BHA2_breath_phase,safenest-node-01
136.1660,0.330000,S001,S001_BREATH_PACED_12_02,1,BREATH_PACED_12,14.00,0.8036,,MR60BHA2_breath_phase,safenest-node-01
136.2660,0.330000,S001,S001_BREATH_PACED_12_02,1,BREATH_PACED_12,14.00,0.8036,,MR60BHA2_breath_phase,safenest-node-01
136.3660,0.320000,S001,S001_BREATH_PACED_12_02,1,BREATH_PACED_12,14.00,0.8036,,MR60BHA2_breath_phase,safenest-node-01
136.4660,0.310000,S001,S001_BREATH_PACED_12_02,1,BREATH_PACED_12,14.00,0.8036,,MR60BHA2_breath_phase,safenest-node-01
136.5660,0.270000,S001,S001_BREATH_PACED_12_02,1,BREATH_PACED_12,14.00,0.8036,,MR60BHA2_breath_phase,safenest-node-01
136.6660,0.220000,S001,S001_BREATH_PACED_12_02,1,BREATH_PACED_12,14.00,0.8036,,MR60BHA2_breath_phase,safenest-node-01
136.7660,0.190000,S001,S001_BREATH_PACED_12_02,1,BREATH_PACED_12,14.00,0.8036,,MR60BHA2_breath_phase,safenest-node-01
136.8660,0.120000,S001,S001_BREATH_PACED_12_02,1,BREATH_PACED_12,14.00,0.8036,,MR60BHA2_breath_phase,safenest-node-01
136.9660,0.080000,S001,S001_BREATH_PACED_12_02,1,BREATH_PACED_12,14.00,0.8036,,MR60BHA2_breath_phase,safenest-node-01
137.0660,-0.000000,S001,S001_BREATH_PACED_12_02,1,BREATH_PACED_12,14.00,0.8036,,MR60BHA2_breath_phase,safenest-node-01
137.1660,-0.090000,S001,S001_BREATH_PACED_12_02,1,BREATH_PACED_12,14.00,0.8036,,MR60BHA2_breath_phase,safenest-node-01
137.2660,-0.130000,S001,S001_BREATH_PACED_12_02,1,BREATH_PACED_12,14.00,0.8036,,MR60BHA2_breath_phase,safenest-node-01
137.3660,-0.200000,S001,S001_BREATH_PACED_12_02,1,BREATH_PACED_12,14.00,0.8036,,MR60BHA2_breath_phase,safenest-node-01
137.4670,-0.270000,S001,S001_BREATH_PACED_12_02,1,BREATH_PACED_12,14.00,0.8036,,MR60BHA2_breath_phase,safenest-node-01
137.5670,-0.300000,S001,S001_BREATH_PACED_12_02,1,BREATH_PACED_12,14.00,0.8036,,MR60BHA2_breath_phase,safenest-node-01
137.6670,-0.350000,S001,S001_BREATH_PACED_12_02,1,BREATH_PACED_12,14.00,0.8036,,MR60BHA2_breath_phase,safenest-node-01
137.7670,-0.390000,S001,S001_BREATH_PACED_12_02,1,BREATH_PACED_12,14.00,0.8036,,MR60BHA2_breath_phase,safenest-node-01
137.8670,-0.400000,S001,S001_BREATH_PACED_12_02,1,BREATH_PACED_12,14.00,0.8036,,MR60BHA2_breath_phase,safenest-node-01
137.9670,-0.410000,S001,S001_BREATH_PACED_12_02,1,BREATH_PACED_12,14.00,0.8036,,MR60BHA2_breath_phase,safenest-node-01
138.0670,-0.420000,S001,S001_BREATH_PACED_12_02,1,BREATH_PACED_12,14.00,0.8036,,MR60BHA2_breath_phase,safenest-node-01
138.1670,-0.410000,S001,S001_BREATH_PACED_12_02,1,BREATH_PACED_12,14.00,0.8036,,MR60BHA2_breath_phase,safenest-node-01
138.2670,-0.390000,S001,S001_BREATH_PACED_12_02,1,BREATH_PACED_12,14.00,0.8036,,MR60BHA2_breath_phase,safenest-node-01
138.3670,-0.380000,S001,S001_BREATH_PACED_12_02,1,BREATH_PACED_12,14.00,0.8036,,MR60BHA2_breath_phase,safenest-node-01
138.4670,-0.340000,S001,S001_BREATH_PACED_12_02,1,BREATH_PACED_12,14.00,0.8036,,MR60BHA2_breath_phase,safenest-node-01
138.5670,-0.320000,S001,S001_BREATH_PACED_12_02,1,BREATH_PACED_12,14.00,0.8036,,MR60BHA2_breath_phase,safenest-node-01
138.6670,-0.260000,S001,S001_BREATH_PACED_12_02,1,BREATH_PACED_12,14.00,0.8036,,MR60BHA2_breath_phase,safenest-node-01
138.7670,-0.200000,S001,S001_BREATH_PACED_12_02,1,BREATH_PACED_12,14.00,0.8036,,MR60BHA2_breath_phase,safenest-node-01
138.8670,-0.170000,S001,S001_BREATH_PACED_12_02,1,BREATH_PACED_12,14.00,0.8036,,MR60BHA2_breath_phase,safenest-node-01
138.9670,-0.100000,S001,S001_BREATH_PACED_12_02,1,BREATH_PACED_12,14.00,0.8036,,MR60BHA2_breath_phase,safenest-node-01
139.0670,-0.060000,S001,S001_BREATH_PACED_12_02,1,BREATH_PACED_12,14.00,0.8036,,MR60BHA2_breath_phase,safenest-node-01
139.1670,0.000000,S001,S001_BREATH_PACED_12_02,1,BREATH_PACED_12,14.00,0.8036,,MR60BHA2_breath_phase,safenest-node-01
139.2670,0.070000,S001,S001_BREATH_PACED_12_02,1,BREATH_PACED_12,14.00,0.8036,,MR60BHA2_breath_phase,safenest-node-01
139.3680,0.120000,S001,S001_BREATH_PACED_12_02,1,BREATH_PACED_12,14.00,0.8610,,MR60BHA2_breath_phase,safenest-node-01
139.4680,0.150000,S001,S001_BREATH_PACED_12_02,1,BREATH_PACED_12,14.00,0.8610,,MR60BHA2_breath_phase,safenest-node-01
139.5680,0.170000,S001,S001_BREATH_PACED_12_02,1,BREATH_PACED_12,14.00,0.8610,,MR60BHA2_breath_phase,safenest-node-01
139.6680,0.210000,S001,S001_BREATH_PACED_12_02,1,BREATH_PACED_12,14.00,0.8610,,MR60BHA2_breath_phase,safenest-node-01
139.7680,0.250000,S001,S001_BREATH_PACED_12_02,1,BREATH_PACED_12,14.00,0.8610,,MR60BHA2_breath_phase,safenest-node-01
139.8680,0.270000,S001,S001_BREATH_PACED_12_02,1,BREATH_PACED_12,14.00,0.8610,,MR60BHA2_breath_phase,safenest-node-01
139.9680,0.280000,S001,S001_BREATH_PACED_12_02,1,BREATH_PACED_12,14.00,0.8610,,MR60BHA2_breath_phase,safenest-node-01
140.0680,0.290000,S001,S001_BREATH_PACED_12_02,1,BREATH_PACED_12,14.00,0.8610,,MR60BHA2_breath_phase,safenest-node-01
140.1680,0.300000,S001,S001_BREATH_PACED_12_02,1,BREATH_PACED_12,14.00,0.8610,,MR60BHA2_breath_phase,safenest-node-01
140.2680,0.310000,S001,S001_BREATH_PACED_12_02,1,BREATH_PACED_12,14.00,0.8610,,MR60BHA2_breath_phase,safenest-node-01
140.3680,0.310000,S001,S001_BREATH_PACED_12_02,1,BREATH_PACED_12,14.00,0.8610,,MR60BHA2_breath_phase,safenest-node-01
140.4680,0.310000,S001,S001_BREATH_PACED_12_02,1,BREATH_PACED_12,14.00,0.8610,,MR60BHA2_breath_phase,safenest-node-01
140.5680,0.310000,S001,S001_BREATH_PACED_12_02,1,BREATH_PACED_12,14.00,0.8610,,MR60BHA2_breath_phase,safenest-node-01
140.6680,0.310000,S001,S001_BREATH_PACED_12_02,1,BREATH_PACED_12,14.00,0.8610,,MR60BHA2_breath_phase,safenest-node-01
140.7680,0.310000,S001,S001_BREATH_PACED_12_02,1,BREATH_PACED_12,14.00,0.8610,,MR60BHA2_breath_phase,safenest-node-01
140.8680,0.310000,S001,S001_BREATH_PACED_12_02,1,BREATH_PACED_12,14.00,0.8610,,MR60BHA2_breath_phase,safenest-node-01
140.9680,0.310000,S001,S001_BREATH_PACED_12_02,1,BREATH_PACED_12,14.00,0.8610,,MR60BHA2_breath_phase,safenest-node-01
141.0680,0.310000,S001,S001_BREATH_PACED_12_02,1,BREATH_PACED_12,14.00,0.8610,,MR60BHA2_breath_phase,safenest-node-01
141.1680,0.310000,S001,S001_BREATH_PACED_12_02,1,BREATH_PACED_12,14.00,0.8610,,MR60BHA2_breath_phase,safenest-node-01
141.2680,0.300000,S001,S001_BREATH_PACED_12_02,1,BREATH_PACED_12,14.00,0.8610,,MR60BHA2_breath_phase,safenest-node-01
141.3680,0.290000,S001,S001_BREATH_PACED_12_02,1,BREATH_PACED_12,14.00,0.8610,,MR60BHA2_breath_phase,safenest-node-01
141.4680,0.290000,S001,S001_BREATH_PACED_12_02,1,BREATH_PACED_12,14.00,0.8610,,MR60BHA2_breath_phase,safenest-node-01
141.5680,0.270000,S001,S001_BREATH_PACED_12_02,1,BREATH_PACED_12,14.00,0.8610,,MR60BHA2_breath_phase,safenest-node-01
141.6680,0.260000,S001,S001_BREATH_PACED_12_02,1,BREATH_PACED_12,14.00,0.8610,,MR60BHA2_breath_phase,safenest-node-01
141.7680,0.220000,S001,S001_BREATH_PACED_12_02,1,BREATH_PACED_12,14.00,0.8610,,MR60BHA2_breath_phase,safenest-node-01
141.8680,0.180000,S001,S001_BREATH_PACED_12_02,1,BREATH_PACED_12,14.00,0.8036,,MR60BHA2_breath_phase,safenest-node-01
141.9680,0.130000,S001,S001_BREATH_PACED_12_02,1,BREATH_PACED_12,14.00,0.8036,,MR60BHA2_breath_phase,safenest-node-01
142.0680,0.090000,S001,S001_BREATH_PACED_12_02,1,BREATH_PACED_12,14.00,0.8036,,MR60BHA2_breath_phase,safenest-node-01
142.1680,0.060000,S001,S001_BREATH_PACED_12_02,1,BREATH_PACED_12,14.00,0.8036,,MR60BHA2_breath_phase,safenest-node-01
142.2680,-0.020000,S001,S001_BREATH_PACED_12_02,1,BREATH_PACED_12,14.00,0.8036,,MR60BHA2_breath_phase,safenest-node-01
142.3680,-0.110000,S001,S001_BREATH_PACED_12_02,1,BREATH_PACED_12,14.00,0.8036,,MR60BHA2_breath_phase,safenest-node-01
142.4680,-0.210000,S001,S001_BREATH_PACED_12_02,1,BREATH_PACED_12,14.00,0.8036,,MR60BHA2_breath_phase,safenest-node-01
142.5680,-0.250000,S001,S001_BREATH_PACED_12_02,1,BREATH_PACED_12,14.00,0.8036,,MR60BHA2_breath_phase,safenest-node-01
142.6680,-0.340000,S001,S001_BREATH_PACED_12_02,1,BREATH_PACED_12,14.00,0.8036,,MR60BHA2_breath_phase,safenest-node-01
142.7680,-0.370000,S001,S001_BREATH_PACED_12_02,1,BREATH_PACED_12,14.00,0.8036,,MR60BHA2_breath_phase,safenest-node-01
142.8680,-0.440000,S001,S001_BREATH_PACED_12_02,1,BREATH_PACED_12,14.00,0.8036,,MR60BHA2_breath_phase,safenest-node-01
142.9680,-0.490000,S001,S001_BREATH_PACED_12_02,1,BREATH_PACED_12,14.00,0.8036,,MR60BHA2_breath_phase,safenest-node-01
143.0680,-0.510000,S001,S001_BREATH_PACED_12_02,1,BREATH_PACED_12,14.00,0.8036,,MR60BHA2_breath_phase,safenest-node-01
143.1680,-0.530000,S001,S001_BREATH_PACED_12_02,1,BREATH_PACED_12,14.00,0.8036,,MR60BHA2_breath_phase,safenest-node-01
143.2680,-0.540000,S001,S001_BREATH_PACED_12_02,1,BREATH_PACED_12,14.00,0.8036,,MR60BHA2_breath_phase,safenest-node-01
143.3680,-0.530000,S001,S001_BREATH_PACED_12_02,1,BREATH_PACED_12,14.00,0.8036,,MR60BHA2_breath_phase,safenest-node-01
143.4680,-0.520000,S001,S001_BREATH_PACED_12_02,1,BREATH_PACED_12,14.00,0.8036,,MR60BHA2_breath_phase,safenest-node-01
143.5680,-0.500000,S001,S001_BREATH_PACED_12_02,1,BREATH_PACED_12,14.00,0.8036,,MR60BHA2_breath_phase,safenest-node-01
143.6680,-0.460000,S001,S001_BREATH_PACED_12_02,1,BREATH_PACED_12,14.00,0.8036,,MR60BHA2_breath_phase,safenest-node-01
143.7680,-0.430000,S001,S001_BREATH_PACED_12_02,1,BREATH_PACED_12,14.00,0.8036,,MR60BHA2_breath_phase,safenest-node-01
143.8680,-0.380000,S001,S001_BREATH_PACED_12_02,1,BREATH_PACED_12,14.00,0.8036,,MR60BHA2_breath_phase,safenest-node-01
143.9680,-0.310000,S001,S001_BREATH_PACED_12_02,1,BREATH_PACED_12,14.00,0.8036,,MR60BHA2_breath_phase,safenest-node-01
144.0690,-0.240000,S001,S001_BREATH_PACED_12_02,1,BREATH_PACED_12,14.00,0.8036,,MR60BHA2_breath_phase,safenest-node-01
144.1690,-0.200000,S001,S001_BREATH_PACED_12_02,1,BREATH_PACED_12,14.00,0.8036,,MR60BHA2_breath_phase,safenest-node-01
144.2690,-0.120000,S001,S001_BREATH_PACED_12_02,1,BREATH_PACED_12,14.00,0.8036,,MR60BHA2_breath_phase,safenest-node-01
144.3690,-0.080000,S001,S001_BREATH_PACED_12_02,1,BREATH_PACED_12,14.00,0.8036,,MR60BHA2_breath_phase,safenest-node-01
144.4690,-0.000000,S001,S001_BREATH_PACED_12_02,1,BREATH_PACED_12,14.00,0.8036,,MR60BHA2_breath_phase,safenest-node-01
144.5690,0.070000,S001,S001_BREATH_PACED_12_02,1,BREATH_PACED_12,14.00,0.8036,,MR60BHA2_breath_phase,safenest-node-01
144.6690,0.110000,S001,S001_BREATH_PACED_12_02,1,BREATH_PACED_12,14.00,0.8036,,MR60BHA2_breath_phase,safenest-node-01
144.7690,0.170000,S001,S001_BREATH_PACED_12_02,1,BREATH_PACED_12,14.00,0.8036,,MR60BHA2_breath_phase,safenest-node-01
144.8690,0.200000,S001,S001_BREATH_PACED_12_02,1,BREATH_PACED_12,14.00,0.8036,,MR60BHA2_breath_phase,safenest-node-01
144.9690,0.260000,S001,S001_BREATH_PACED_12_02,1,BREATH_PACED_12,14.00,0.8036,,MR60BHA2_breath_phase,safenest-node-01
145.0690,0.300000,S001,S001_BREATH_PACED_12_02,1,BREATH_PACED_12,14.00,0.8036,,MR60BHA2_breath_phase,safenest-node-01
145.1690,0.320000,S001,S001_BREATH_PACED_12_02,1,BREATH_PACED_12,14.00,0.8036,,MR60BHA2_breath_phase,safenest-node-01
145.2690,0.360000,S001,S001_BREATH_PACED_12_02,1,BREATH_PACED_12,14.00,0.8036,,MR60BHA2_breath_phase,safenest-node-01
145.3690,0.380000,S001,S001_BREATH_PACED_12_02,1,BREATH_PACED_12,14.00,0.8036,,MR60BHA2_breath_phase,safenest-node-01
145.4690,0.400000,S001,S001_BREATH_PACED_12_02,1,BREATH_PACED_12,14.00,0.8036,,MR60BHA2_breath_phase,safenest-node-01
145.5690,0.420000,S001,S001_BREATH_PACED_12_02,1,BREATH_PACED_12,14.00,0.8036,,MR60BHA2_breath_phase,safenest-node-01
145.6690,0.430000,S001,S001_BREATH_PACED_12_02,1,BREATH_PACED_12,14.00,0.8036,,MR60BHA2_breath_phase,safenest-node-01
145.7690,0.430000,S001,S001_BREATH_PACED_12_02,1,BREATH_PACED_12,14.00,0.8036,,MR60BHA2_breath_phase,safenest-node-01
145.8690,0.430000,S001,S001_BREATH_PACED_12_02,1,BREATH_PACED_12,14.00,0.8036,,MR60BHA2_breath_phase,safenest-node-01
145.9690,0.410000,S001,S001_BREATH_PACED_12_02,1,BREATH_PACED_12,14.00,0.8036,,MR60BHA2_breath_phase,safenest-node-01
146.0690,0.370000,S001,S001_BREATH_PACED_12_02,1,BREATH_PACED_12,14.00,0.8036,,MR60BHA2_breath_phase,safenest-node-01
146.1690,0.350000,S001,S001_BREATH_PACED_12_02,1,BREATH_PACED_12,14.00,0.8036,,MR60BHA2_breath_phase,safenest-node-01
146.2690,0.290000,S001,S001_BREATH_PACED_12_02,1,BREATH_PACED_12,14.00,0.8036,,MR60BHA2_breath_phase,safenest-node-01
146.3690,0.260000,S001,S001_BREATH_PACED_12_02,1,BREATH_PACED_12,14.00,0.8036,,MR60BHA2_breath_phase,safenest-node-01
146.4690,0.190000,S001,S001_BREATH_PACED_12_02,1,BREATH_PACED_12,14.00,0.8036,,MR60BHA2_breath_phase,safenest-node-01
146.5690,0.110000,S001,S001_BREATH_PACED_12_02,1,BREATH_PACED_12,14.00,0.8036,,MR60BHA2_breath_phase,safenest-node-01
146.6690,0.040000,S001,S001_BREATH_PACED_12_02,1,BREATH_PACED_12,14.00,0.8036,,MR60BHA2_breath_phase,safenest-node-01
146.7690,0.000000,S001,S001_BREATH_PACED_12_02,1,BREATH_PACED_12,14.00,0.8036,,MR60BHA2_breath_phase,safenest-node-01
146.8690,-0.060000,S001,S001_BREATH_PACED_12_02,1,BREATH_PACED_12,14.00,0.8036,,MR60BHA2_breath_phase,safenest-node-01
146.9690,-0.090000,S001,S001_BREATH_PACED_12_02,1,BREATH_PACED_12,14.00,0.8036,,MR60BHA2_breath_phase,safenest-node-01
147.0690,-0.150000,S001,S001_BREATH_PACED_12_02,1,BREATH_PACED_12,14.00,0.8036,,MR60BHA2_breath_phase,safenest-node-01
147.1690,-0.190000,S001,S001_BREATH_PACED_12_02,1,BREATH_PACED_12,14.00,0.8036,,MR60BHA2_breath_phase,safenest-node-01
147.2690,-0.200000,S001,S001_BREATH_PACED_12_02,1,BREATH_PACED_12,14.00,0.8036,,MR60BHA2_breath_phase,safenest-node-01
147.3690,-0.230000,S001,S001_BREATH_PACED_12_02,1,BREATH_PACED_12,14.00,0.8036,,MR60BHA2_breath_phase,safenest-node-01
147.4690,-0.240000,S001,S001_BREATH_PACED_12_02,1,BREATH_PACED_12,14.00,0.8036,,MR60BHA2_breath_phase,safenest-node-01
147.5690,-0.260000,S001,S001_BREATH_PACED_12_02,1,BREATH_PACED_12,14.00,0.8036,,MR60BHA2_breath_phase,safenest-node-01
147.6690,-0.270000,S001,S001_BREATH_PACED_12_02,1,BREATH_PACED_12,14.00,0.8036,,MR60BHA2_breath_phase,safenest-node-01
147.7690,-0.280000,S001,S001_BREATH_PACED_12_02,1,BREATH_PACED_12,14.00,0.8036,,MR60BHA2_breath_phase,safenest-node-01
147.8690,-0.290000,S001,S001_BREATH_PACED_12_02,1,BREATH_PACED_12,14.00,0.8036,,MR60BHA2_breath_phase,safenest-node-01
147.9690,-0.290000,S001,S001_BREATH_PACED_12_02,1,BREATH_PACED_12,14.00,0.8036,,MR60BHA2_breath_phase,safenest-node-01
148.0690,-0.280000,S001,S001_BREATH_PACED_12_02,1,BREATH_PACED_12,14.00,0.8036,,MR60BHA2_breath_phase,safenest-node-01
148.1690,-0.270000,S001,S001_BREATH_PACED_12_02,1,BREATH_PACED_12,14.00,0.8036,,MR60BHA2_breath_phase,safenest-node-01
148.2690,-0.260000,S001,S001_BREATH_PACED_12_02,1,BREATH_PACED_12,14.00,0.8036,,MR60BHA2_breath_phase,safenest-node-01
148.3690,-0.240000,S001,S001_BREATH_PACED_12_02,1,BREATH_PACED_12,14.00,0.8036,,MR60BHA2_breath_phase,safenest-node-01
148.4690,-0.230000,S001,S001_BREATH_PACED_12_02,1,BREATH_PACED_12,15.00,0.8036,,MR60BHA2_breath_phase,safenest-node-01
148.5690,-0.190000,S001,S001_BREATH_PACED_12_02,1,BREATH_PACED_12,15.00,0.8036,,MR60BHA2_breath_phase,safenest-node-01
148.6690,-0.150000,S001,S001_BREATH_PACED_12_02,1,BREATH_PACED_12,15.00,0.8036,,MR60BHA2_breath_phase,safenest-node-01
148.7700,-0.100000,S001,S001_BREATH_PACED_12_02,1,BREATH_PACED_12,15.00,0.8036,,MR60BHA2_breath_phase,safenest-node-01
148.8700,-0.080000,S001,S001_BREATH_PACED_12_02,1,BREATH_PACED_12,15.00,0.8036,,MR60BHA2_breath_phase,safenest-node-01
148.9700,-0.020000,S001,S001_BREATH_PACED_12_02,1,BREATH_PACED_12,15.00,0.8036,,MR60BHA2_breath_phase,safenest-node-01
149.0700,0.000000,S001,S001_BREATH_PACED_12_02,1,BREATH_PACED_12,15.00,0.8036,,MR60BHA2_breath_phase,safenest-node-01
149.1700,0.050000,S001,S001_BREATH_PACED_12_02,1,BREATH_PACED_12,15.00,0.8036,,MR60BHA2_breath_phase,safenest-node-01
149.2700,0.100000,S001,S001_BREATH_PACED_12_02,1,BREATH_PACED_12,15.00,0.8036,,MR60BHA2_breath_phase,safenest-node-01
149.3700,0.120000,S001,S001_BREATH_PACED_12_02,1,BREATH_PACED_12,15.00,0.8036,,MR60BHA2_breath_phase,safenest-node-01
149.4700,0.160000,S001,S001_BREATH_PACED_12_02,1,BREATH_PACED_12,15.00,0.8036,,MR60BHA2_breath_phase,safenest-node-01
149.5700,0.180000,S001,S001_BREATH_PACED_12_02,1,BREATH_PACED_12,15.00,0.8036,,MR60BHA2_breath_phase,safenest-node-01
149.6700,0.210000,S001,S001_BREATH_PACED_12_02,1,BREATH_PACED_12,15.00,0.8036,,MR60BHA2_breath_phase,safenest-node-01
149.7700,0.230000,S001,S001_BREATH_PACED_12_02,1,BREATH_PACED_12,15.00,0.8036,,MR60BHA2_breath_phase,safenest-node-01
149.8700,0.240000,S001,S001_BREATH_PACED_12_02,1,BREATH_PACED_12,15.00,0.8036,,MR60BHA2_breath_phase,safenest-node-01
149.9700,0.260000,S001,S001_BREATH_PACED_12_02,1,BREATH_PACED_12,15.00,0.8036,,MR60BHA2_breath_phase,safenest-node-01
150.0700,0.270000,S001,S001_BREATH_PACED_12_02,1,BREATH_PACED_12,15.00,0.8036,,MR60BHA2_breath_phase,safenest-node-01
150.1700,0.280000,S001,S001_BREATH_PACED_12_02,1,BREATH_PACED_12,15.00,0.8036,,MR60BHA2_breath_phase,safenest-node-01
150.2700,0.280000,S001,S001_BREATH_PACED_12_02,1,BREATH_PACED_12,15.00,0.8036,,MR60BHA2_breath_phase,safenest-node-01
150.3700,0.280000,S001,S001_BREATH_PACED_12_02,1,BREATH_PACED_12,15.00,0.8036,,MR60BHA2_breath_phase,safenest-node-01
150.4700,0.280000,S001,S001_BREATH_PACED_12_02,1,BREATH_PACED_12,15.00,0.8036,,MR60BHA2_breath_phase,safenest-node-01
150.5700,0.270000,S001,S001_BREATH_PACED_12_02,1,BREATH_PACED_12,15.00,0.8036,,MR60BHA2_breath_phase,safenest-node-01
150.6700,0.250000,S001,S001_BREATH_PACED_12_02,1,BREATH_PACED_12,15.00,0.8036,,MR60BHA2_breath_phase,safenest-node-01
150.7700,0.220000,S001,S001_BREATH_PACED_12_02,1,BREATH_PACED_12,15.00,0.8036,,MR60BHA2_breath_phase,safenest-node-01
150.8700,0.170000,S001,S001_BREATH_PACED_12_02,1,BREATH_PACED_12,15.00,0.8036,,MR60BHA2_breath_phase,safenest-node-01
150.9700,0.150000,S001,S001_BREATH_PACED_12_02,1,BREATH_PACED_12,15.00,0.8036,,MR60BHA2_breath_phase,safenest-node-01
151.0700,0.090000,S001,S001_BREATH_PACED_12_02,1,BREATH_PACED_12,15.00,0.8036,,MR60BHA2_breath_phase,safenest-node-01
151.1700,0.060000,S001,S001_BREATH_PACED_12_02,1,BREATH_PACED_12,15.00,0.8036,,MR60BHA2_breath_phase,safenest-node-01
151.2700,0.000000,S001,S001_BREATH_PACED_12_02,1,BREATH_PACED_12,15.00,0.8036,,MR60BHA2_breath_phase,safenest-node-01
151.3700,-0.060000,S001,S001_BREATH_PACED_12_02,1,BREATH_PACED_12,15.00,0.8036,,MR60BHA2_breath_phase,safenest-node-01
151.4700,-0.080000,S001,S001_BREATH_PACED_12_02,1,BREATH_PACED_12,15.00,0.8036,,MR60BHA2_breath_phase,safenest-node-01
151.5700,-0.140000,S001,S001_BREATH_PACED_12_02,1,BREATH_PACED_12,14.00,0.8036,,MR60BHA2_breath_phase,safenest-node-01
151.6700,-0.160000,S001,S001_BREATH_PACED_12_02,1,BREATH_PACED_12,14.00,0.8036,,MR60BHA2_breath_phase,safenest-node-01
151.7700,-0.210000,S001,S001_BREATH_PACED_12_02,1,BREATH_PACED_12,14.00,0.8036,,MR60BHA2_breath_phase,safenest-node-01
151.8700,-0.240000,S001,S001_BREATH_PACED_12_02,1,BREATH_PACED_12,14.00,0.8036,,MR60BHA2_breath_phase,safenest-node-01
151.9700,-0.260000,S001,S001_BREATH_PACED_12_02,1,BREATH_PACED_12,14.00,0.8036,,MR60BHA2_breath_phase,safenest-node-01
152.0700,-0.280000,S001,S001_BREATH_PACED_12_02,1,BREATH_PACED_12,14.00,0.8036,,MR60BHA2_breath_phase,safenest-node-01
152.1700,-0.290000,S001,S001_BREATH_PACED_12_02,1,BREATH_PACED_12,15.00,0.8036,,MR60BHA2_breath_phase,safenest-node-01
152.2700,-0.300000,S001,S001_BREATH_PACED_12_02,1,BREATH_PACED_12,15.00,0.8036,,MR60BHA2_breath_phase,safenest-node-01
152.3700,-0.310000,S001,S001_BREATH_PACED_12_02,1,BREATH_PACED_12,15.00,0.8036,,MR60BHA2_breath_phase,safenest-node-01
152.4700,-0.300000,S001,S001_BREATH_PACED_12_02,1,BREATH_PACED_12,15.00,0.8036,,MR60BHA2_breath_phase,safenest-node-01
152.5700,-0.300000,S001,S001_BREATH_PACED_12_02,1,BREATH_PACED_12,15.00,0.8036,,MR60BHA2_breath_phase,safenest-node-01
152.6700,-0.290000,S001,S001_BREATH_PACED_12_02,1,BREATH_PACED_12,15.00,0.8036,,MR60BHA2_breath_phase,safenest-node-01
152.7700,-0.280000,S001,S001_BREATH_PACED_12_02,1,BREATH_PACED_12,16.00,0.8036,,MR60BHA2_breath_phase,safenest-node-01
152.8700,-0.260000,S001,S001_BREATH_PACED_12_02,1,BREATH_PACED_12,16.00,0.8036,,MR60BHA2_breath_phase,safenest-node-01
152.9700,-0.260000,S001,S001_BREATH_PACED_12_02,1,BREATH_PACED_12,16.00,0.8036,,MR60BHA2_breath_phase,safenest-node-01
153.0700,-0.250000,S001,S001_BREATH_PACED_12_02,1,BREATH_PACED_12,16.00,0.8036,,MR60BHA2_breath_phase,safenest-node-01
153.1700,-0.250000,S001,S001_BREATH_PACED_12_02,1,BREATH_PACED_12,16.00,0.8036,,MR60BHA2_breath_phase,safenest-node-01
153.2700,-0.250000,S001,S001_BREATH_PACED_12_02,1,BREATH_PACED_12,16.00,0.8036,,MR60BHA2_breath_phase,safenest-node-01
153.3700,-0.240000,S001,S001_BREATH_PACED_12_02,1,BREATH_PACED_12,16.00,0.8036,,MR60BHA2_breath_phase,safenest-node-01
153.4700,-0.230000,S001,S001_BREATH_PACED_12_02,1,BREATH_PACED_12,16.00,0.8036,,MR60BHA2_breath_phase,safenest-node-01
153.5700,-0.220000,S001,S001_BREATH_PACED_12_02,1,BREATH_PACED_12,16.00,0.8036,,MR60BHA2_breath_phase,safenest-node-01
153.6700,-0.190000,S001,S001_BREATH_PACED_12_02,1,BREATH_PACED_12,17.00,0.8036,,MR60BHA2_breath_phase,safenest-node-01
153.7700,-0.170000,S001,S001_BREATH_PACED_12_02,1,BREATH_PACED_12,16.00,0.8036,,MR60BHA2_breath_phase,safenest-node-01
153.8700,-0.130000,S001,S001_BREATH_PACED_12_02,1,BREATH_PACED_12,16.00,0.8036,,MR60BHA2_breath_phase,safenest-node-01
153.9700,-0.080000,S001,S001_BREATH_PACED_12_02,1,BREATH_PACED_12,16.00,0.8036,,MR60BHA2_breath_phase,safenest-node-01
154.0710,-0.050000,S001,S001_BREATH_PACED_12_02,1,BREATH_PACED_12,16.00,0.8036,,MR60BHA2_breath_phase,safenest-node-01
154.1710,0.020000,S001,S001_BREATH_PACED_12_02,1,BREATH_PACED_12,16.00,0.8036,,MR60BHA2_breath_phase,safenest-node-01
154.2710,0.050000,S001,S001_BREATH_PACED_12_02,1,BREATH_PACED_12,16.00,0.8036,,MR60BHA2_breath_phase,safenest-node-01
154.3710,0.120000,S001,S001_BREATH_PACED_12_02,1,BREATH_PACED_12,16.00,0.8036,,MR60BHA2_breath_phase,safenest-node-01
154.4710,0.180000,S001,S001_BREATH_PACED_12_02,1,BREATH_PACED_12,16.00,0.8036,,MR60BHA2_breath_phase,safenest-node-01
154.5710,0.210000,S001,S001_BREATH_PACED_12_02,1,BREATH_PACED_12,16.00,0.8036,,MR60BHA2_breath_phase,safenest-node-01
154.6710,0.260000,S001,S001_BREATH_PACED_12_02,1,BREATH_PACED_12,16.00,0.8036,,MR60BHA2_breath_phase,safenest-node-01
154.7710,0.280000,S001,S001_BREATH_PACED_12_02,1,BREATH_PACED_12,16.00,0.8036,,MR60BHA2_breath_phase,safenest-node-01
154.8710,0.320000,S001,S001_BREATH_PACED_12_02,1,BREATH_PACED_12,16.00,0.8036,,MR60BHA2_breath_phase,safenest-node-01
154.9710,0.350000,S001,S001_BREATH_PACED_12_02,1,BREATH_PACED_12,15.00,0.8036,,MR60BHA2_breath_phase,safenest-node-01
155.0720,0.370000,S001,S001_BREATH_PACED_12_02,1,BREATH_PACED_12,15.00,0.8036,,MR60BHA2_breath_phase,safenest-node-01
155.1720,0.380000,S001,S001_BREATH_PACED_12_02,1,BREATH_PACED_12,15.00,0.8036,,MR60BHA2_breath_phase,safenest-node-01
155.2720,0.390000,S001,S001_BREATH_PACED_12_02,1,BREATH_PACED_12,15.00,0.8036,,MR60BHA2_breath_phase,safenest-node-01
155.3720,0.390000,S001,S001_BREATH_PACED_12_02,1,BREATH_PACED_12,15.00,0.8036,,MR60BHA2_breath_phase,safenest-node-01
155.4720,0.390000,S001,S001_BREATH_PACED_12_02,1,BREATH_PACED_12,15.00,0.8036,,MR60BHA2_breath_phase,safenest-node-01
155.5720,0.380000,S001,S001_BREATH_PACED_12_02,1,BREATH_PACED_12,15.00,0.8036,,MR60BHA2_breath_phase,safenest-node-01
155.6720,0.380000,S001,S001_BREATH_PACED_12_02,1,BREATH_PACED_12,15.00,0.8036,,MR60BHA2_breath_phase,safenest-node-01
155.7720,0.360000,S001,S001_BREATH_PACED_12_02,1,BREATH_PACED_12,15.00,0.8036,,MR60BHA2_breath_phase,safenest-node-01
155.8720,0.350000,S001,S001_BREATH_PACED_12_02,1,BREATH_PACED_12,15.00,0.8036,,MR60BHA2_breath_phase,safenest-node-01
155.9720,0.330000,S001,S001_BREATH_PACED_12_02,1,BREATH_PACED_12,15.00,0.8036,,MR60BHA2_breath_phase,safenest-node-01
156.0720,0.300000,S001,S001_BREATH_PACED_12_02,1,BREATH_PACED_12,15.00,0.8036,,MR60BHA2_breath_phase,safenest-node-01
156.1720,0.280000,S001,S001_BREATH_PACED_12_02,1,BREATH_PACED_12,15.00,0.8036,,MR60BHA2_breath_phase,safenest-node-01
156.2720,0.230000,S001,S001_BREATH_PACED_12_02,1,BREATH_PACED_12,15.00,0.8036,,MR60BHA2_breath_phase,safenest-node-01
156.3720,0.210000,S001,S001_BREATH_PACED_12_02,1,BREATH_PACED_12,15.00,0.8036,,MR60BHA2_breath_phase,safenest-node-01
156.4720,0.150000,S001,S001_BREATH_PACED_12_02,1,BREATH_PACED_12,15.00,0.8036,,MR60BHA2_breath_phase,safenest-node-01
156.5720,0.080000,S001,S001_BREATH_PACED_12_02,1,BREATH_PACED_12,15.00,0.8036,,MR60BHA2_breath_phase,safenest-node-01
156.6720,0.050000,S001,S001_BREATH_PACED_12_02,1,BREATH_PACED_12,15.00,0.8036,,MR60BHA2_breath_phase,safenest-node-01
156.7720,-0.020000,S001,S001_BREATH_PACED_12_02,1,BREATH_PACED_12,15.00,0.8036,,MR60BHA2_breath_phase,safenest-node-01
156.8720,-0.050000,S001,S001_BREATH_PACED_12_02,1,BREATH_PACED_12,15.00,0.8036,,MR60BHA2_breath_phase,safenest-node-01
156.9720,-0.120000,S001,S001_BREATH_PACED_12_02,1,BREATH_PACED_12,15.00,0.8036,,MR60BHA2_breath_phase,safenest-node-01
157.0720,-0.170000,S001,S001_BREATH_PACED_12_02,1,BREATH_PACED_12,15.00,0.8036,,MR60BHA2_breath_phase,safenest-node-01
157.1720,-0.210000,S001,S001_BREATH_PACED_12_02,1,BREATH_PACED_12,15.00,0.8036,,MR60BHA2_breath_phase,safenest-node-01
157.2720,-0.230000,S001,S001_BREATH_PACED_12_02,1,BREATH_PACED_12,15.00,0.8036,,MR60BHA2_breath_phase,safenest-node-01
157.3720,-0.260000,S001,S001_BREATH_PACED_12_02,1,BREATH_PACED_12,15.00,0.8036,,MR60BHA2_breath_phase,safenest-node-01
157.4720,-0.260000,S001,S001_BREATH_PACED_12_02,1,BREATH_PACED_12,15.00,0.8036,,MR60BHA2_breath_phase,safenest-node-01
157.5720,-0.270000,S001,S001_BREATH_PACED_12_02,1,BREATH_PACED_12,15.00,0.8036,,MR60BHA2_breath_phase,safenest-node-01
157.6720,-0.270000,S001,S001_BREATH_PACED_12_02,1,BREATH_PACED_12,15.00,0.8036,,MR60BHA2_breath_phase,safenest-node-01
157.7720,-0.260000,S001,S001_BREATH_PACED_12_02,1,BREATH_PACED_12,15.00,0.8036,,MR60BHA2_breath_phase,safenest-node-01
157.8720,-0.240000,S001,S001_BREATH_PACED_12_02,1,BREATH_PACED_12,14.00,0.8036,,MR60BHA2_breath_phase,safenest-node-01
157.9720,-0.230000,S001,S001_BREATH_PACED_12_02,1,BREATH_PACED_12,14.00,0.8036,,MR60BHA2_breath_phase,safenest-node-01
158.0720,-0.210000,S001,S001_BREATH_PACED_12_02,1,BREATH_PACED_12,14.00,0.8036,,MR60BHA2_breath_phase,safenest-node-01
158.1720,-0.200000,S001,S001_BREATH_PACED_12_02,1,BREATH_PACED_12,14.00,0.8036,,MR60BHA2_breath_phase,safenest-node-01
158.2720,-0.190000,S001,S001_BREATH_PACED_12_02,1,BREATH_PACED_12,14.00,0.8036,,MR60BHA2_breath_phase,safenest-node-01
158.3720,-0.180000,S001,S001_BREATH_PACED_12_02,1,BREATH_PACED_12,14.00,0.8036,,MR60BHA2_breath_phase,safenest-node-01
158.4720,-0.180000,S001,S001_BREATH_PACED_12_02,1,BREATH_PACED_12,14.00,0.8036,,MR60BHA2_breath_phase,safenest-node-01
158.5720,-0.170000,S001,S001_BREATH_PACED_12_02,1,BREATH_PACED_12,14.00,0.8036,,MR60BHA2_breath_phase,safenest-node-01
158.6720,-0.180000,S001,S001_BREATH_PACED_12_02,1,BREATH_PACED_12,14.00,0.8036,,MR60BHA2_breath_phase,safenest-node-01
158.7720,-0.180000,S001,S001_BREATH_PACED_12_02,1,BREATH_PACED_12,14.00,0.8036,,MR60BHA2_breath_phase,safenest-node-01
158.8720,-0.180000,S001,S001_BREATH_PACED_12_02,1,BREATH_PACED_12,14.00,0.8036,,MR60BHA2_breath_phase,safenest-node-01
158.9720,-0.180000,S001,S001_BREATH_PACED_12_02,1,BREATH_PACED_12,14.00,0.8036,,MR60BHA2_breath_phase,safenest-node-01
159.0720,-0.180000,S001,S001_BREATH_PACED_12_02,1,BREATH_PACED_12,14.00,0.8036,,MR60BHA2_breath_phase,safenest-node-01
159.1720,-0.180000,S001,S001_BREATH_PACED_12_02,1,BREATH_PACED_12,14.00,0.8036,,MR60BHA2_breath_phase,safenest-node-01
159.2730,-0.180000,S001,S001_BREATH_PACED_12_02,1,BREATH_PACED_12,14.00,0.8036,,MR60BHA2_breath_phase,safenest-node-01
159.3730,-0.180000,S001,S001_BREATH_PACED_12_02,1,BREATH_PACED_12,14.00,0.8036,,MR60BHA2_breath_phase,safenest-node-01
159.4730,-0.170000,S001,S001_BREATH_PACED_12_02,1,BREATH_PACED_12,14.00,0.8036,,MR60BHA2_breath_phase,safenest-node-01
159.5730,-0.160000,S001,S001_BREATH_PACED_12_02,1,BREATH_PACED_12,14.00,0.8036,,MR60BHA2_breath_phase,safenest-node-01
159.6730,-0.140000,S001,S001_BREATH_PACED_12_02,1,BREATH_PACED_12,14.00,0.8036,,MR60BHA2_breath_phase,safenest-node-01
159.7730,-0.110000,S001,S001_BREATH_PACED_12_02,1,BREATH_PACED_12,14.00,0.8036,,MR60BHA2_breath_phase,safenest-node-01
159.8730,-0.090000,S001,S001_BREATH_PACED_12_02,1,BREATH_PACED_12,14.00,0.8036,,MR60BHA2_breath_phase,safenest-node-01
159.9730,-0.050000,S001,S001_BREATH_PACED_12_02,1,BREATH_PACED_12,14.00,0.8036,,MR60BHA2_breath_phase,safenest-node-01
160.0730,-0.020000,S001,S001_BREATH_PACED_12_02,1,BREATH_PACED_12,14.00,0.8036,,MR60BHA2_breath_phase,safenest-node-01
160.1730,0.030000,S001,S001_BREATH_PACED_12_02,1,BREATH_PACED_12,14.00,0.8036,,MR60BHA2_breath_phase,safenest-node-01
160.2730,0.080000,S001,S001_BREATH_PACED_12_02,1,BREATH_PACED_12,14.00,0.8036,,MR60BHA2_breath_phase,safenest-node-01
160.3730,0.110000,S001,S001_BREATH_PACED_12_02,1,BREATH_PACED_12,14.00,0.8036,,MR60BHA2_breath_phase,safenest-node-01
160.4730,0.170000,S001,S001_BREATH_PACED_12_02,1,BREATH_PACED_12,14.00,0.8036,,MR60BHA2_breath_phase,safenest-node-01
160.5730,0.200000,S001,S001_BREATH_PACED_12_02,1,BREATH_PACED_12,14.00,0.8036,,MR60BHA2_breath_phase,safenest-node-01
160.6730,0.260000,S001,S001_BREATH_PACED_12_02,1,BREATH_PACED_12,14.00,0.8036,,MR60BHA2_breath_phase,safenest-node-01
160.7730,0.310000,S001,S001_BREATH_PACED_12_02,1,BREATH_PACED_12,14.00,0.8036,,MR60BHA2_breath_phase,safenest-node-01
160.8730,0.340000,S001,S001_BREATH_PACED_12_02,1,BREATH_PACED_12,14.00,0.8036,,MR60BHA2_breath_phase,safenest-node-01
160.9730,0.380000,S001,S001_BREATH_PACED_12_02,1,BREATH_PACED_12,14.00,0.8036,,MR60BHA2_breath_phase,safenest-node-01
161.0730,0.400000,S001,S001_BREATH_PACED_12_02,1,BREATH_PACED_12,14.00,0.8036,,MR60BHA2_breath_phase,safenest-node-01
161.1730,0.430000,S001,S001_BREATH_PACED_12_02,1,BREATH_PACED_12,14.00,0.8036,,MR60BHA2_breath_phase,safenest-node-01
161.2730,0.460000,S001,S001_BREATH_PACED_12_02,1,BREATH_PACED_12,14.00,0.8036,,MR60BHA2_breath_phase,safenest-node-01
161.3740,0.460000,S001,S001_BREATH_PACED_12_02,1,BREATH_PACED_12,14.00,0.8036,,MR60BHA2_breath_phase,safenest-node-01
161.4740,0.460000,S001,S001_BREATH_PACED_12_02,1,BREATH_PACED_12,14.00,0.8036,,MR60BHA2_breath_phase,safenest-node-01
161.5740,0.450000,S001,S001_BREATH_PACED_12_02,1,BREATH_PACED_12,14.00,0.8036,,MR60BHA2_breath_phase,safenest-node-01
161.6740,0.440000,S001,S001_BREATH_PACED_12_02,1,BREATH_PACED_12,14.00,0.8036,,MR60BHA2_breath_phase,safenest-node-01
161.7740,0.410000,S001,S001_BREATH_PACED_12_02,1,BREATH_PACED_12,14.00,0.8036,,MR60BHA2_breath_phase,safenest-node-01
161.8740,0.360000,S001,S001_BREATH_PACED_12_02,1,BREATH_PACED_12,14.00,0.8036,,MR60BHA2_breath_phase,safenest-node-01
161.9740,0.330000,S001,S001_BREATH_PACED_12_02,1,BREATH_PACED_12,14.00,0.8036,,MR60BHA2_breath_phase,safenest-node-01
162.0740,0.260000,S001,S001_BREATH_PACED_12_02,1,BREATH_PACED_12,14.00,0.8036,,MR60BHA2_breath_phase,safenest-node-01
162.1740,0.220000,S001,S001_BREATH_PACED_12_02,1,BREATH_PACED_12,14.00,0.8036,,MR60BHA2_breath_phase,safenest-node-01
162.2740,0.150000,S001,S001_BREATH_PACED_12_02,1,BREATH_PACED_12,14.00,0.8036,,MR60BHA2_breath_phase,safenest-node-01
162.3740,0.060000,S001,S001_BREATH_PACED_12_02,1,BREATH_PACED_12,14.00,0.8036,,MR60BHA2_breath_phase,safenest-node-01
162.4740,0.020000,S001,S001_BREATH_PACED_12_02,1,BREATH_PACED_12,14.00,0.8036,,MR60BHA2_breath_phase,safenest-node-01
162.5740,-0.070000,S001,S001_BREATH_PACED_12_02,1,BREATH_PACED_12,14.00,0.8036,,MR60BHA2_breath_phase,safenest-node-01
162.6740,-0.110000,S001,S001_BREATH_PACED_12_02,1,BREATH_PACED_12,14.00,0.8036,,MR60BHA2_breath_phase,safenest-node-01
162.7740,-0.180000,S001,S001_BREATH_PACED_12_02,1,BREATH_PACED_12,14.00,0.8036,,MR60BHA2_breath_phase,safenest-node-01
162.8740,-0.240000,S001,S001_BREATH_PACED_12_02,1,BREATH_PACED_12,14.00,0.8036,,MR60BHA2_breath_phase,safenest-node-01
162.9750,-0.260000,S001,S001_BREATH_PACED_12_02,1,BREATH_PACED_12,14.00,0.8036,,MR60BHA2_breath_phase,safenest-node-01
163.0750,-0.300000,S001,S001_BREATH_PACED_12_02,1,BREATH_PACED_12,14.00,0.8036,,MR60BHA2_breath_phase,safenest-node-01
163.1750,-0.310000,S001,S001_BREATH_PACED_12_02,1,BREATH_PACED_12,14.00,0.8036,,MR60BHA2_breath_phase,safenest-node-01
163.2750,-0.350000,S001,S001_BREATH_PACED_12_02,1,BREATH_PACED_12,14.00,0.8036,,MR60BHA2_breath_phase,safenest-node-01
163.3750,-0.380000,S001,S001_BREATH_PACED_12_02,1,BREATH_PACED_12,14.00,0.8036,,MR60BHA2_breath_phase,safenest-node-01
163.4750,-0.400000,S001,S001_BREATH_PACED_12_02,1,BREATH_PACED_12,14.00,0.8036,,MR60BHA2_breath_phase,safenest-node-01
163.5750,-0.450000,S001,S001_BREATH_PACED_12_02,1,BREATH_PACED_12,14.00,0.8036,,MR60BHA2_breath_phase,safenest-node-01
163.6750,-0.470000,S001,S001_BREATH_PACED_12_02,1,BREATH_PACED_12,14.00,0.8036,,MR60BHA2_breath_phase,safenest-node-01
163.7750,-0.520000,S001,S001_BREATH_PACED_12_02,1,BREATH_PACED_12,14.00,0.8036,,MR60BHA2_breath_phase,safenest-node-01
163.8750,-0.560000,S001,S001_BREATH_PACED_12_02,1,BREATH_PACED_12,14.00,0.8036,,MR60BHA2_breath_phase,safenest-node-01
163.9750,-0.590000,S001,S001_BREATH_PACED_12_02,1,BREATH_PACED_12,14.00,0.8036,,MR60BHA2_breath_phase,safenest-node-01
164.0750,-0.600000,S001,S001_BREATH_PACED_12_02,1,BREATH_PACED_12,14.00,0.8036,,MR60BHA2_breath_phase,safenest-node-01
164.1760,-0.600000,S001,S001_BREATH_PACED_12_02,1,BREATH_PACED_12,14.00,0.8036,,MR60BHA2_breath_phase,safenest-node-01
164.2760,-0.600000,S001,S001_BREATH_PACED_12_02,1,BREATH_PACED_12,14.00,0.8036,,MR60BHA2_breath_phase,safenest-node-01
164.3760,-0.580000,S001,S001_BREATH_PACED_12_02,1,BREATH_PACED_12,14.00,0.8036,,MR60BHA2_breath_phase,safenest-node-01
164.4770,-0.530000,S001,S001_BREATH_PACED_12_02,1,BREATH_PACED_12,14.00,0.8036,,MR60BHA2_breath_phase,safenest-node-01
164.5770,-0.500000,S001,S001_BREATH_PACED_12_02,1,BREATH_PACED_12,14.00,0.8036,,MR60BHA2_breath_phase,safenest-node-01
164.6770,-0.420000,S001,S001_BREATH_PACED_12_02,1,BREATH_PACED_12,14.00,0.8036,,MR60BHA2_breath_phase,safenest-node-01
164.7770,-0.380000,S001,S001_BREATH_PACED_12_02,1,BREATH_PACED_12,14.00,0.8036,,MR60BHA2_breath_phase,safenest-node-01
164.8770,-0.280000,S001,S001_BREATH_PACED_12_02,1,BREATH_PACED_12,14.00,0.8036,,MR60BHA2_breath_phase,safenest-node-01
164.9770,-0.170000,S001,S001_BREATH_PACED_12_02,1,BREATH_PACED_12,14.00,0.8036,,MR60BHA2_breath_phase,safenest-node-01
165.0770,-0.110000,S001,S001_BREATH_PACED_12_02,1,BREATH_PACED_12,14.00,0.8036,,MR60BHA2_breath_phase,safenest-node-01
165.1770,-0.000000,S001,S001_BREATH_PACED_12_02,1,BREATH_PACED_12,14.00,0.8036,,MR60BHA2_breath_phase,safenest-node-01
165.2770,0.050000,S001,S001_BREATH_PACED_12_02,1,BREATH_PACED_12,14.00,0.8036,,MR60BHA2_breath_phase,safenest-node-01
165.3770,0.160000,S001,S001_BREATH_PACED_12_02,1,BREATH_PACED_12,14.00,0.8036,,MR60BHA2_breath_phase,safenest-node-01
165.4770,0.260000,S001,S001_BREATH_PACED_12_02,1,BREATH_PACED_12,14.00,0.8036,,MR60BHA2_breath_phase,safenest-node-01
165.5770,0.310000,S001,S001_BREATH_PACED_12_02,1,BREATH_PACED_12,14.00,0.8036,,MR60BHA2_breath_phase,safenest-node-01
165.6770,0.400000,S001,S001_BREATH_PACED_12_02,1,BREATH_PACED_12,14.00,0.8036,,MR60BHA2_breath_phase,safenest-node-01
165.7770,0.450000,S001,S001_BREATH_PACED_12_02,1,BREATH_PACED_12,14.00,0.8036,,MR60BHA2_breath_phase,safenest-node-01
165.8770,0.520000,S001,S001_BREATH_PACED_12_02,1,BREATH_PACED_12,14.00,0.8036,,MR60BHA2_breath_phase,safenest-node-01
165.9770,0.580000,S001,S001_BREATH_PACED_12_02,1,BREATH_PACED_12,14.00,0.8036,,MR60BHA2_breath_phase,safenest-node-01
166.0770,0.600000,S001,S001_BREATH_PACED_12_02,1,BREATH_PACED_12,14.00,0.8036,,MR60BHA2_breath_phase,safenest-node-01
166.1770,0.610000,S001,S001_BREATH_PACED_12_02,1,BREATH_PACED_12,14.00,0.8036,,MR60BHA2_breath_phase,safenest-node-01
166.2770,0.610000,S001,S001_BREATH_PACED_12_02,1,BREATH_PACED_12,14.00,0.8036,,MR60BHA2_breath_phase,safenest-node-01
166.3770,0.590000,S001,S001_BREATH_PACED_12_02,1,BREATH_PACED_12,14.00,0.8036,,MR60BHA2_breath_phase,safenest-node-01
166.4770,0.540000,S001,S001_BREATH_PACED_12_02,1,BREATH_PACED_12,14.00,0.8036,,MR60BHA2_breath_phase,safenest-node-01
166.5770,0.480000,S001,S001_BREATH_PACED_12_02,1,BREATH_PACED_12,14.00,0.8036,,MR60BHA2_breath_phase,safenest-node-01
166.6770,0.450000,S001,S001_BREATH_PACED_12_02,1,BREATH_PACED_12,14.00,0.8036,,MR60BHA2_breath_phase,safenest-node-01
166.7770,0.410000,S001,S001_BREATH_PACED_12_02,1,BREATH_PACED_12,14.00,0.8036,,MR60BHA2_breath_phase,safenest-node-01
166.8770,0.340000,S001,S001_BREATH_PACED_12_02,1,BREATH_PACED_12,14.00,0.8036,,MR60BHA2_breath_phase,safenest-node-01
166.9770,0.270000,S001,S001_BREATH_PACED_12_02,1,BREATH_PACED_12,14.00,0.8036,,MR60BHA2_breath_phase,safenest-node-01
167.0770,0.210000,S001,S001_BREATH_PACED_12_02,1,BREATH_PACED_12,14.00,0.8036,,MR60BHA2_breath_phase,safenest-node-01
167.1770,0.180000,S001,S001_BREATH_PACED_12_02,1,BREATH_PACED_12,14.00,0.8036,,MR60BHA2_breath_phase,safenest-node-01
167.2770,0.130000,S001,S001_BREATH_PACED_12_02,1,BREATH_PACED_12,14.00,0.8036,,MR60BHA2_breath_phase,safenest-node-01
167.3770,0.110000,S001,S001_BREATH_PACED_12_02,1,BREATH_PACED_12,14.00,0.8036,,MR60BHA2_breath_phase,safenest-node-01
167.4770,0.080000,S001,S001_BREATH_PACED_12_02,1,BREATH_PACED_12,14.00,0.8036,,MR60BHA2_breath_phase,safenest-node-01
167.5770,0.060000,S001,S001_BREATH_PACED_12_02,1,BREATH_PACED_12,14.00,0.8036,,MR60BHA2_breath_phase,safenest-node-01
167.6770,0.050000,S001,S001_BREATH_PACED_12_02,1,BREATH_PACED_12,14.00,0.8036,,MR60BHA2_breath_phase,safenest-node-01
167.7770,0.030000,S001,S001_BREATH_PACED_12_02,1,BREATH_PACED_12,14.00,0.8036,,MR60BHA2_breath_phase,safenest-node-01
167.8770,0.020000,S001,S001_BREATH_PACED_12_02,1,BREATH_PACED_12,14.00,0.8036,,MR60BHA2_breath_phase,safenest-node-01
167.9770,0.000000,S001,S001_BREATH_PACED_12_02,1,BREATH_PACED_12,14.00,0.8036,,MR60BHA2_breath_phase,safenest-node-01
168.0770,-0.020000,S001,S001_BREATH_PACED_12_02,1,BREATH_PACED_12,14.00,0.8036,,MR60BHA2_breath_phase,safenest-node-01
168.1770,-0.040000,S001,S001_BREATH_PACED_12_02,1,BREATH_PACED_12,14.00,0.8036,,MR60BHA2_breath_phase,safenest-node-01
168.2770,-0.090000,S001,S001_BREATH_PACED_12_02,1,BREATH_PACED_12,14.00,0.8036,,MR60BHA2_breath_phase,safenest-node-01
168.3770,-0.120000,S001,S001_BREATH_PACED_12_02,1,BREATH_PACED_12,14.00,0.8036,,MR60BHA2_breath_phase,safenest-node-01
168.4770,-0.180000,S001,S001_BREATH_PACED_12_02,1,BREATH_PACED_12,14.00,0.8036,,MR60BHA2_breath_phase,safenest-node-01
168.5770,-0.240000,S001,S001_BREATH_PACED_12_02,1,BREATH_PACED_12,14.00,0.8036,,MR60BHA2_breath_phase,safenest-node-01
168.6770,-0.270000,S001,S001_BREATH_PACED_12_02,1,BREATH_PACED_12,14.00,0.8036,,MR60BHA2_breath_phase,safenest-node-01
168.7770,-0.320000,S001,S001_BREATH_PACED_12_02,1,BREATH_PACED_12,14.00,0.8036,,MR60BHA2_breath_phase,safenest-node-01
168.8770,-0.340000,S001,S001_BREATH_PACED_12_02,1,BREATH_PACED_12,14.00,0.8036,,MR60BHA2_breath_phase,safenest-node-01
168.9770,-0.360000,S001,S001_BREATH_PACED_12_02,1,BREATH_PACED_12,14.00,0.8036,,MR60BHA2_breath_phase,safenest-node-01
169.0770,-0.370000,S001,S001_BREATH_PACED_12_02,1,BREATH_PACED_12,14.00,0.8036,,MR60BHA2_breath_phase,safenest-node-01
169.1780,-0.360000,S001,S001_BREATH_PACED_12_02,1,BREATH_PACED_12,14.00,0.8036,,MR60BHA2_breath_phase,safenest-node-01
169.2780,-0.350000,S001,S001_BREATH_PACED_12_02,1,BREATH_PACED_12,14.00,0.8036,,MR60BHA2_breath_phase,safenest-node-01
169.3780,-0.320000,S001,S001_BREATH_PACED_12_02,1,BREATH_PACED_12,14.00,0.8036,,MR60BHA2_breath_phase,safenest-node-01
169.4780,-0.290000,S001,S001_BREATH_PACED_12_02,1,BREATH_PACED_12,14.00,0.8036,,MR60BHA2_breath_phase,safenest-node-01
169.5780,-0.240000,S001,S001_BREATH_PACED_12_02,1,BREATH_PACED_12,14.00,0.8036,,MR60BHA2_breath_phase,safenest-node-01
169.6780,-0.160000,S001,S001_BREATH_PACED_12_02,1,BREATH_PACED_12,14.00,0.8036,,MR60BHA2_breath_phase,safenest-node-01
169.7780,-0.130000,S001,S001_BREATH_PACED_12_02,1,BREATH_PACED_12,14.00,0.8036,,MR60BHA2_breath_phase,safenest-node-01
169.8780,-0.040000,S001,S001_BREATH_PACED_12_02,1,BREATH_PACED_12,14.00,0.8036,,MR60BHA2_breath_phase,safenest-node-01
169.9780,0.000000,S001,S001_BREATH_PACED_12_02,1,BREATH_PACED_12,14.00,0.8036,,MR60BHA2_breath_phase,safenest-node-01
170.0780,0.090000,S001,S001_BREATH_PACED_12_02,1,BREATH_PACED_12,14.00,0.8036,,MR60BHA2_breath_phase,safenest-node-01
170.1780,0.170000,S001,S001_BREATH_PACED_12_02,1,BREATH_PACED_12,14.00,0.8036,,MR60BHA2_breath_phase,safenest-node-01
170.2780,0.210000,S001,S001_BREATH_PACED_12_02,1,BREATH_PACED_12,14.00,0.8036,,MR60BHA2_breath_phase,safenest-node-01
170.3780,0.280000,S001,S001_BREATH_PACED_12_02,1,BREATH_PACED_12,14.00,0.8036,,MR60BHA2_breath_phase,safenest-node-01
170.4780,0.310000,S001,S001_BREATH_PACED_12_02,1,BREATH_PACED_12,14.00,0.8036,,MR60BHA2_breath_phase,safenest-node-01
170.5780,0.360000,S001,S001_BREATH_PACED_12_02,1,BREATH_PACED_12,14.00,0.8610,,MR60BHA2_breath_phase,safenest-node-01
170.6780,0.390000,S001,S001_BREATH_PACED_12_02,1,BREATH_PACED_12,14.00,0.8610,,MR60BHA2_breath_phase,safenest-node-01
170.7780,0.400000,S001,S001_BREATH_PACED_12_02,1,BREATH_PACED_12,14.00,0.8610,,MR60BHA2_breath_phase,safenest-node-01
170.8780,0.410000,S001,S001_BREATH_PACED_12_02,1,BREATH_PACED_12,14.00,0.8610,,MR60BHA2_breath_phase,safenest-node-01
170.9780,0.410000,S001,S001_BREATH_PACED_12_02,1,BREATH_PACED_12,14.00,0.8610,,MR60BHA2_breath_phase,safenest-node-01
171.0780,0.410000,S001,S001_BREATH_PACED_12_02,1,BREATH_PACED_12,14.00,0.8610,,MR60BHA2_breath_phase,safenest-node-01
171.1780,0.400000,S001,S001_BREATH_PACED_12_02,1,BREATH_PACED_12,14.00,0.8610,,MR60BHA2_breath_phase,safenest-node-01
171.2780,0.390000,S001,S001_BREATH_PACED_12_02,1,BREATH_PACED_12,14.00,0.8610,,MR60BHA2_breath_phase,safenest-node-01
171.3780,0.370000,S001,S001_BREATH_PACED_12_02,1,BREATH_PACED_12,14.00,0.8610,,MR60BHA2_breath_phase,safenest-node-01
171.4780,0.340000,S001,S001_BREATH_PACED_12_02,1,BREATH_PACED_12,14.00,0.8610,,MR60BHA2_breath_phase,safenest-node-01
171.5780,0.330000,S001,S001_BREATH_PACED_12_02,1,BREATH_PACED_12,14.00,0.8610,,MR60BHA2_breath_phase,safenest-node-01
171.6780,0.280000,S001,S001_BREATH_PACED_12_02,1,BREATH_PACED_12,14.00,0.8610,,MR60BHA2_breath_phase,safenest-node-01
171.7780,0.230000,S001,S001_BREATH_PACED_12_02,1,BREATH_PACED_12,14.00,0.8610,,MR60BHA2_breath_phase,safenest-node-01
171.8780,0.210000,S001,S001_BREATH_PACED_12_02,1,BREATH_PACED_12,14.00,0.8610,,MR60BHA2_breath_phase,safenest-node-01
171.9780,0.150000,S001,S001_BREATH_PACED_12_02,1,BREATH_PACED_12,14.00,0.8610,,MR60BHA2_breath_phase,safenest-node-01
172.0780,0.120000,S001,S001_BREATH_PACED_12_02,1,BREATH_PACED_12,14.00,0.8610,,MR60BHA2_breath_phase,safenest-node-01
172.1780,0.050000,S001,S001_BREATH_PACED_12_02,1,BREATH_PACED_12,14.00,0.8610,,MR60BHA2_breath_phase,safenest-node-01
172.2780,-0.020000,S001,S001_BREATH_PACED_12_02,1,BREATH_PACED_12,14.00,0.8610,,MR60BHA2_breath_phase,safenest-node-01
172.3780,-0.060000,S001,S001_BREATH_PACED_12_02,1,BREATH_PACED_12,14.00,0.8610,,MR60BHA2_breath_phase,safenest-node-01
172.4780,-0.150000,S001,S001_BREATH_PACED_12_02,1,BREATH_PACED_12,14.00,0.8610,,MR60BHA2_breath_phase,safenest-node-01
172.5780,-0.190000,S001,S001_BREATH_PACED_12_02,1,BREATH_PACED_12,14.00,0.8610,,MR60BHA2_breath_phase,safenest-node-01
172.6780,-0.270000,S001,S001_BREATH_PACED_12_02,1,BREATH_PACED_12,14.00,0.8610,,MR60BHA2_breath_phase,safenest-node-01
172.7780,-0.360000,S001,S001_BREATH_PACED_12_02,1,BREATH_PACED_12,14.00,0.8610,,MR60BHA2_breath_phase,safenest-node-01
172.8780,-0.400000,S001,S001_BREATH_PACED_12_02,1,BREATH_PACED_12,14.00,0.8610,,MR60BHA2_breath_phase,safenest-node-01
172.9780,-0.480000,S001,S001_BREATH_PACED_12_02,1,BREATH_PACED_12,14.00,0.8610,,MR60BHA2_breath_phase,safenest-node-01
173.0780,-0.510000,S001,S001_BREATH_PACED_12_02,1,BREATH_PACED_12,14.00,0.8610,,MR60BHA2_breath_phase,safenest-node-01
173.1780,-0.580000,S001,S001_BREATH_PACED_12_02,1,BREATH_PACED_12,14.00,0.8610,,MR60BHA2_breath_phase,safenest-node-01
173.2780,-0.630000,S001,S001_BREATH_PACED_12_02,1,BREATH_PACED_12,14.00,0.8610,,MR60BHA2_breath_phase,safenest-node-01
173.3790,-0.670000,S001,S001_BREATH_PACED_12_02,1,BREATH_PACED_12,14.00,0.8610,,MR60BHA2_breath_phase,safenest-node-01
173.4790,-0.680000,S001,S001_BREATH_PACED_12_02,1,BREATH_PACED_12,14.00,0.8610,,MR60BHA2_breath_phase,safenest-node-01
173.5800,-0.700000,S001,S001_BREATH_PACED_12_02,1,BREATH_PACED_12,14.00,0.8610,,MR60BHA2_breath_phase,safenest-node-01
173.6800,-0.690000,S001,S001_BREATH_PACED_12_02,1,BREATH_PACED_12,14.00,0.8610,,MR60BHA2_breath_phase,safenest-node-01
173.7800,-0.680000,S001,S001_BREATH_PACED_12_02,1,BREATH_PACED_12,14.00,0.8610,,MR60BHA2_breath_phase,safenest-node-01
173.8800,-0.640000,S001,S001_BREATH_PACED_12_02,1,BREATH_PACED_12,14.00,0.8610,,MR60BHA2_breath_phase,safenest-node-01
173.9800,-0.620000,S001,S001_BREATH_PACED_12_02,1,BREATH_PACED_12,14.00,0.8610,,MR60BHA2_breath_phase,safenest-node-01
174.0800,-0.560000,S001,S001_BREATH_PACED_12_02,1,BREATH_PACED_12,14.00,0.8610,,MR60BHA2_breath_phase,safenest-node-01
174.1800,-0.520000,S001,S001_BREATH_PACED_12_02,1,BREATH_PACED_12,15.00,0.8610,,MR60BHA2_breath_phase,safenest-node-01
174.2800,-0.440000,S001,S001_BREATH_PACED_12_02,1,BREATH_PACED_12,14.00,0.8610,,MR60BHA2_breath_phase,safenest-node-01
174.3800,-0.340000,S001,S001_BREATH_PACED_12_02,1,BREATH_PACED_12,14.00,0.8610,,MR60BHA2_breath_phase,safenest-node-01
174.4800,-0.290000,S001,S001_BREATH_PACED_12_02,1,BREATH_PACED_12,14.00,0.8610,,MR60BHA2_breath_phase,safenest-node-01
174.5800,-0.190000,S001,S001_BREATH_PACED_12_02,1,BREATH_PACED_12,14.00,0.8610,,MR60BHA2_breath_phase,safenest-node-01
174.6800,-0.140000,S001,S001_BREATH_PACED_12_02,1,BREATH_PACED_12,14.00,0.8610,,MR60BHA2_breath_phase,safenest-node-01
174.7800,-0.030000,S001,S001_BREATH_PACED_12_02,1,BREATH_PACED_12,14.00,0.8610,,MR60BHA2_breath_phase,safenest-node-01
174.8800,0.070000,S001,S001_BREATH_PACED_12_02,1,BREATH_PACED_12,14.00,0.8610,,MR60BHA2_breath_phase,safenest-node-01
174.9810,0.120000,S001,S001_BREATH_PACED_12_02,1,BREATH_PACED_12,14.00,0.8610,,MR60BHA2_breath_phase,safenest-node-01
175.0810,0.230000,S001,S001_BREATH_PACED_12_02,1,BREATH_PACED_12,14.00,0.8610,,MR60BHA2_breath_phase,safenest-node-01
175.1810,0.280000,S001,S001_BREATH_PACED_12_02,1,BREATH_PACED_12,14.00,0.8610,,MR60BHA2_breath_phase,safenest-node-01
175.2810,0.380000,S001,S001_BREATH_PACED_12_02,1,BREATH_PACED_12,14.00,0.8610,,MR60BHA2_breath_phase,safenest-node-01
175.3810,0.470000,S001,S001_BREATH_PACED_12_02,1,BREATH_PACED_12,14.00,0.8610,,MR60BHA2_breath_phase,safenest-node-01
175.4810,0.510000,S001,S001_BREATH_PACED_12_02,1,BREATH_PACED_12,14.00,0.8610,,MR60BHA2_breath_phase,safenest-node-01
175.5810,0.580000,S001,S001_BREATH_PACED_12_02,1,BREATH_PACED_12,14.00,0.8610,,MR60BHA2_breath_phase,safenest-node-01
175.6810,0.610000,S001,S001_BREATH_PACED_12_02,1,BREATH_PACED_12,14.00,0.8610,,MR60BHA2_breath_phase,safenest-node-01
175.7810,0.630000,S001,S001_BREATH_PACED_12_02,1,BREATH_PACED_12,14.00,0.8610,,MR60BHA2_breath_phase,safenest-node-01
175.8810,0.620000,S001,S001_BREATH_PACED_12_02,1,BREATH_PACED_12,14.00,0.8610,,MR60BHA2_breath_phase,safenest-node-01
175.9810,0.580000,S001,S001_BREATH_PACED_12_02,1,BREATH_PACED_12,14.00,0.8610,,MR60BHA2_breath_phase,safenest-node-01
176.0810,0.540000,S001,S001_BREATH_PACED_12_02,1,BREATH_PACED_12,14.00,0.8610,,MR60BHA2_breath_phase,safenest-node-01
176.1810,0.440000,S001,S001_BREATH_PACED_12_02,1,BREATH_PACED_12,14.00,0.8610,,MR60BHA2_breath_phase,safenest-node-01
176.2810,0.390000,S001,S001_BREATH_PACED_12_02,1,BREATH_PACED_12,14.00,0.8610,,MR60BHA2_breath_phase,safenest-node-01
176.3810,0.260000,S001,S001_BREATH_PACED_12_02,1,BREATH_PACED_12,14.00,0.8610,,MR60BHA2_breath_phase,safenest-node-01
176.4810,0.130000,S001,S001_BREATH_PACED_12_02,1,BREATH_PACED_12,14.00,0.8610,,MR60BHA2_breath_phase,safenest-node-01
176.5810,0.060000,S001,S001_BREATH_PACED_12_02,1,BREATH_PACED_12,14.00,0.8610,,MR60BHA2_breath_phase,safenest-node-01
176.6810,-0.050000,S001,S001_BREATH_PACED_12_02,1,BREATH_PACED_12,14.00,0.8610,,MR60BHA2_breath_phase,safenest-node-01
176.7810,-0.090000,S001,S001_BREATH_PACED_12_02,1,BREATH_PACED_12,14.00,0.8610,,MR60BHA2_breath_phase,safenest-node-01
176.8810,-0.150000,S001,S001_BREATH_PACED_12_02,1,BREATH_PACED_12,14.00,0.8610,,MR60BHA2_breath_phase,safenest-node-01
176.9810,-0.180000,S001,S001_BREATH_PACED_12_02,1,BREATH_PACED_12,14.00,0.8610,,MR60BHA2_breath_phase,safenest-node-01
177.0810,-0.180000,S001,S001_BREATH_PACED_12_02,1,BREATH_PACED_12,14.00,0.8610,,MR60BHA2_breath_phase,safenest-node-01
177.1810,-0.140000,S001,S001_BREATH_PACED_12_02,1,BREATH_PACED_12,14.00,0.8610,,MR60BHA2_breath_phase,safenest-node-01
177.2810,-0.120000,S001,S001_BREATH_PACED_12_02,1,BREATH_PACED_12,14.00,0.8610,,MR60BHA2_breath_phase,safenest-node-01
177.3810,-0.050000,S001,S001_BREATH_PACED_12_02,1,BREATH_PACED_12,14.00,0.8610,,MR60BHA2_breath_phase,safenest-node-01
